Using pip 26.1.2 from /workspace/venv/lib/python3.11/site-packages/pip (python 3.11)
Obtaining file:///workspace/SuperGrok1.5
  Checking if build backend supports build_editable: started
  Running command Checking if build backend supports build_editable
  Checking if build backend supports build_editable: finished with status 'done'
  Preparing editable metadata (pyproject.toml): started
  Running command Preparing editable metadata (pyproject.toml)
  /workspace/venv/lib/python3.11/site-packages/setuptools/config/_apply_pyprojecttoml.py:103: _WouldIgnoreField: 'authors' defined outside of `pyproject.toml` would be ignored.
      !!


      ##########################################################################
      # configuration would be ignored/result in error due to `pyproject.toml` #
      ##########################################################################

      The following seems to be defined outside of `pyproject.toml`:

      `authors = 'Peter C.'`

      According to the spec (see the link below), however, setuptools CANNOT
      consider this value unless 'authors' is listed as `dynamic`.

      https://packaging.python.org/en/latest/specifications/declaring-project-metadata/

      For the time being, `setuptools` will still consider the given value (as a
      **transitional** measure), but please note that future releases of setuptools will
      follow strictly the standard.

      To prevent this warning, you can list 'authors' under `dynamic` or alternatively
      remove the `[project]` table from your file and rely entirely on other means of
      configuration.


  !!

    warnings.warn(msg, _WouldIgnoreField)
  /workspace/venv/lib/python3.11/site-packages/setuptools/config/_apply_pyprojecttoml.py:103: _WouldIgnoreField: 'classifiers' defined outside of `pyproject.toml` would be ignored.
      !!


      ##########################################################################
      # configuration would be ignored/result in error due to `pyproject.toml` #
      ##########################################################################

      The following seems to be defined outside of `pyproject.toml`:

      `classifiers = ['Development Status :: 4 - Beta', 'Intended Audience :: Science/Research', 'License :: OSI Approved :: MIT License', 'Topic :: Scientific/Engineering :: Artificial Intelligence', 'Programming Language :: Python :: 3', 'Programming Language :: Python :: 3.10', 'Programming Language :: C++']`

      According to the spec (see the link below), however, setuptools CANNOT
      consider this value unless 'classifiers' is listed as `dynamic`.

      https://packaging.python.org/en/latest/specifications/declaring-project-metadata/

      For the time being, `setuptools` will still consider the given value (as a
      **transitional** measure), but please note that future releases of setuptools will
      follow strictly the standard.

      To prevent this warning, you can list 'classifiers' under `dynamic` or alternatively
      remove the `[project]` table from your file and rely entirely on other means of
      configuration.


  !!

    warnings.warn(msg, _WouldIgnoreField)
  /workspace/venv/lib/python3.11/site-packages/setuptools/config/_apply_pyprojecttoml.py:196: UserWarning: `install_requires` overwritten in `pyproject.toml` (dependencies)
    warnings.warn(msg)
    (compile.py flag tables unavailable: No module named 'grokking_optimizers'; using setup.py-local fallback flags)
    CUTLASS: auto-enabled (CUDA>=12 toolkit + cutlass headers present); set WITH_CUTLASS=0 to force cuBLAS fallback
    Compiler launcher: ccache -> /usr/bin/ccache
    Preflight: nvcc CUDA 12.x matches torch.version.cuda 12.4
  Building Grokking Optimizers C++/CUDA extension
    CUDA version: 12.4
    CUDA gencode archs (toolchain-probed): ['90a'] (+PTX 90)
    NVCC base flags: setup.py-local fallback (compile.py unavailable)
    CUTLASS enabled for archs: ['90a']
  running dist_info
  creating /dev/shm/tmp/pip-modern-metadata-mwwg8qo6/grokking_optimizers.egg-info
  writing /dev/shm/tmp/pip-modern-metadata-mwwg8qo6/grokking_optimizers.egg-info/PKG-INFO
  writing dependency_links to /dev/shm/tmp/pip-modern-metadata-mwwg8qo6/grokking_optimizers.egg-info/dependency_links.txt
  writing requirements to /dev/shm/tmp/pip-modern-metadata-mwwg8qo6/grokking_optimizers.egg-info/requires.txt
  writing top-level names to /dev/shm/tmp/pip-modern-metadata-mwwg8qo6/grokking_optimizers.egg-info/top_level.txt
  writing manifest file '/dev/shm/tmp/pip-modern-metadata-mwwg8qo6/grokking_optimizers.egg-info/SOURCES.txt'
  reading manifest file '/dev/shm/tmp/pip-modern-metadata-mwwg8qo6/grokking_optimizers.egg-info/SOURCES.txt'
  reading manifest template 'MANIFEST.in'
  warning: no previously-included files matching '*.pyc' found anywhere in distribution
  warning: no previously-included files matching '*.pyo' found anywhere in distribution
  warning: no previously-included files matching '__pycache__/*' found anywhere in distribution
  no previously-included directories found matching 'build'
  no previously-included directories found matching 'dist'
  no previously-included directories found matching '.git'
  no previously-included directories found matching 'tests'
  adding license file 'LICENSE'
  writing manifest file '/dev/shm/tmp/pip-modern-metadata-mwwg8qo6/grokking_optimizers.egg-info/SOURCES.txt'
  creating '/dev/shm/tmp/pip-modern-metadata-mwwg8qo6/grokking_optimizers-3.0.0.dist-info'
  Preparing editable metadata (pyproject.toml): finished with status 'done'
Requirement already satisfied: torch>=2.0.0 in /usr/local/lib/python3.11/dist-packages (from grokking-optimizers==3.0.0) (2.4.1+cu124)
Requirement already satisfied: filelock in /usr/local/lib/python3.11/dist-packages (from torch>=2.0.0->grokking-optimizers==3.0.0) (3.13.1)
Requirement already satisfied: typing-extensions>=4.8.0 in /usr/local/lib/python3.11/dist-packages (from torch>=2.0.0->grokking-optimizers==3.0.0) (4.15.0)
Requirement already satisfied: sympy in /usr/local/lib/python3.11/dist-packages (from torch>=2.0.0->grokking-optimizers==3.0.0) (1.12)
Requirement already satisfied: networkx in /usr/local/lib/python3.11/dist-packages (from torch>=2.0.0->grokking-optimizers==3.0.0) (3.2.1)
Requirement already satisfied: jinja2 in /usr/local/lib/python3.11/dist-packages (from torch>=2.0.0->grokking-optimizers==3.0.0) (3.1.3)
Requirement already satisfied: fsspec in /usr/local/lib/python3.11/dist-packages (from torch>=2.0.0->grokking-optimizers==3.0.0) (2024.2.0)
Requirement already satisfied: nvidia-cuda-nvrtc-cu12==12.4.99 in /usr/local/lib/python3.11/dist-packages (from torch>=2.0.0->grokking-optimizers==3.0.0) (12.4.99)
Requirement already satisfied: nvidia-cuda-runtime-cu12==12.4.99 in /usr/local/lib/python3.11/dist-packages (from torch>=2.0.0->grokking-optimizers==3.0.0) (12.4.99)
Requirement already satisfied: nvidia-cuda-cupti-cu12==12.4.99 in /usr/local/lib/python3.11/dist-packages (from torch>=2.0.0->grokking-optimizers==3.0.0) (12.4.99)
Requirement already satisfied: nvidia-cudnn-cu12==9.1.0.70 in /usr/local/lib/python3.11/dist-packages (from torch>=2.0.0->grokking-optimizers==3.0.0) (9.1.0.70)
Requirement already satisfied: nvidia-cublas-cu12==12.4.2.65 in /usr/local/lib/python3.11/dist-packages (from torch>=2.0.0->grokking-optimizers==3.0.0) (12.4.2.65)
Requirement already satisfied: nvidia-cufft-cu12==11.2.0.44 in /usr/local/lib/python3.11/dist-packages (from torch>=2.0.0->grokking-optimizers==3.0.0) (11.2.0.44)
Requirement already satisfied: nvidia-curand-cu12==10.3.5.119 in /usr/local/lib/python3.11/dist-packages (from torch>=2.0.0->grokking-optimizers==3.0.0) (10.3.5.119)
Requirement already satisfied: nvidia-cusolver-cu12==11.6.0.99 in /usr/local/lib/python3.11/dist-packages (from torch>=2.0.0->grokking-optimizers==3.0.0) (11.6.0.99)
Requirement already satisfied: nvidia-cusparse-cu12==12.3.0.142 in /usr/local/lib/python3.11/dist-packages (from torch>=2.0.0->grokking-optimizers==3.0.0) (12.3.0.142)
Requirement already satisfied: nvidia-nccl-cu12==2.20.5 in /usr/local/lib/python3.11/dist-packages (from torch>=2.0.0->grokking-optimizers==3.0.0) (2.20.5)
Requirement already satisfied: nvidia-nvtx-cu12==12.4.99 in /usr/local/lib/python3.11/dist-packages (from torch>=2.0.0->grokking-optimizers==3.0.0) (12.4.99)
Requirement already satisfied: nvidia-nvjitlink-cu12==12.4.99 in /usr/local/lib/python3.11/dist-packages (from torch>=2.0.0->grokking-optimizers==3.0.0) (12.4.99)
Requirement already satisfied: triton==3.0.0 in /usr/local/lib/python3.11/dist-packages (from torch>=2.0.0->grokking-optimizers==3.0.0) (3.0.0)
Requirement already satisfied: MarkupSafe>=2.0 in /usr/local/lib/python3.11/dist-packages (from jinja2->torch>=2.0.0->grokking-optimizers==3.0.0) (2.1.5)
Requirement already satisfied: mpmath>=0.19 in /usr/local/lib/python3.11/dist-packages (from sympy->torch>=2.0.0->grokking-optimizers==3.0.0) (1.3.0)
Building wheels for collected packages: grokking-optimizers
  Building editable for grokking-optimizers (pyproject.toml): started
  Running command Building editable for grokking-optimizers (pyproject.toml)
  /workspace/venv/lib/python3.11/site-packages/setuptools/config/_apply_pyprojecttoml.py:103: _WouldIgnoreField: 'authors' defined outside of `pyproject.toml` would be ignored.
      !!


      ##########################################################################
      # configuration would be ignored/result in error due to `pyproject.toml` #
      ##########################################################################

      The following seems to be defined outside of `pyproject.toml`:

      `authors = 'Peter C.'`

      According to the spec (see the link below), however, setuptools CANNOT
      consider this value unless 'authors' is listed as `dynamic`.

      https://packaging.python.org/en/latest/specifications/declaring-project-metadata/

      For the time being, `setuptools` will still consider the given value (as a
      **transitional** measure), but please note that future releases of setuptools will
      follow strictly the standard.

      To prevent this warning, you can list 'authors' under `dynamic` or alternatively
      remove the `[project]` table from your file and rely entirely on other means of
      configuration.


  !!

    warnings.warn(msg, _WouldIgnoreField)
  /workspace/venv/lib/python3.11/site-packages/setuptools/config/_apply_pyprojecttoml.py:103: _WouldIgnoreField: 'classifiers' defined outside of `pyproject.toml` would be ignored.
      !!


      ##########################################################################
      # configuration would be ignored/result in error due to `pyproject.toml` #
      ##########################################################################

      The following seems to be defined outside of `pyproject.toml`:

      `classifiers = ['Development Status :: 4 - Beta', 'Intended Audience :: Science/Research', 'License :: OSI Approved :: MIT License', 'Topic :: Scientific/Engineering :: Artificial Intelligence', 'Programming Language :: Python :: 3', 'Programming Language :: Python :: 3.10', 'Programming Language :: C++']`

      According to the spec (see the link below), however, setuptools CANNOT
      consider this value unless 'classifiers' is listed as `dynamic`.

      https://packaging.python.org/en/latest/specifications/declaring-project-metadata/

      For the time being, `setuptools` will still consider the given value (as a
      **transitional** measure), but please note that future releases of setuptools will
      follow strictly the standard.

      To prevent this warning, you can list 'classifiers' under `dynamic` or alternatively
      remove the `[project]` table from your file and rely entirely on other means of
      configuration.


  !!

    warnings.warn(msg, _WouldIgnoreField)
  /workspace/venv/lib/python3.11/site-packages/setuptools/config/_apply_pyprojecttoml.py:196: UserWarning: `install_requires` overwritten in `pyproject.toml` (dependencies)
    warnings.warn(msg)
    (compile.py flag tables unavailable: No module named 'grokking_optimizers'; using setup.py-local fallback flags)
    CUTLASS: auto-enabled (CUDA>=12 toolkit + cutlass headers present); set WITH_CUTLASS=0 to force cuBLAS fallback
    Compiler launcher: ccache -> /usr/bin/ccache
    Preflight: nvcc CUDA 12.x matches torch.version.cuda 12.4
  Building Grokking Optimizers C++/CUDA extension
    CUDA version: 12.4
    CUDA gencode archs (toolchain-probed): ['90a'] (+PTX 90)
    NVCC base flags: setup.py-local fallback (compile.py unavailable)
    CUTLASS enabled for archs: ['90a']
  running editable_wheel
  creating /dev/shm/tmp/pip-ephem-wheel-cache-2satved8/wheels/05/84/a2/cc4100fa1b99cd58ff32e0df6e549e4591c3289b6e96ce9626/tmp_vaqo6r9/tmpcnm44t8s/grokking_optimizers.egg-info
  writing /dev/shm/tmp/pip-ephem-wheel-cache-2satved8/wheels/05/84/a2/cc4100fa1b99cd58ff32e0df6e549e4591c3289b6e96ce9626/tmp_vaqo6r9/tmpcnm44t8s/grokking_optimizers.egg-info/PKG-INFO
  writing dependency_links to /dev/shm/tmp/pip-ephem-wheel-cache-2satved8/wheels/05/84/a2/cc4100fa1b99cd58ff32e0df6e549e4591c3289b6e96ce9626/tmp_vaqo6r9/tmpcnm44t8s/grokking_optimizers.egg-info/dependency_links.txt
  writing requirements to /dev/shm/tmp/pip-ephem-wheel-cache-2satved8/wheels/05/84/a2/cc4100fa1b99cd58ff32e0df6e549e4591c3289b6e96ce9626/tmp_vaqo6r9/tmpcnm44t8s/grokking_optimizers.egg-info/requires.txt
  writing top-level names to /dev/shm/tmp/pip-ephem-wheel-cache-2satved8/wheels/05/84/a2/cc4100fa1b99cd58ff32e0df6e549e4591c3289b6e96ce9626/tmp_vaqo6r9/tmpcnm44t8s/grokking_optimizers.egg-info/top_level.txt
  writing manifest file '/dev/shm/tmp/pip-ephem-wheel-cache-2satved8/wheels/05/84/a2/cc4100fa1b99cd58ff32e0df6e549e4591c3289b6e96ce9626/tmp_vaqo6r9/tmpcnm44t8s/grokking_optimizers.egg-info/SOURCES.txt'
  reading manifest file '/dev/shm/tmp/pip-ephem-wheel-cache-2satved8/wheels/05/84/a2/cc4100fa1b99cd58ff32e0df6e549e4591c3289b6e96ce9626/tmp_vaqo6r9/tmpcnm44t8s/grokking_optimizers.egg-info/SOURCES.txt'
  reading manifest template 'MANIFEST.in'
  warning: no previously-included files matching '*.pyc' found anywhere in distribution
  warning: no previously-included files matching '*.pyo' found anywhere in distribution
  warning: no previously-included files matching '__pycache__/*' found anywhere in distribution
  no previously-included directories found matching 'build'
  no previously-included directories found matching 'dist'
  no previously-included directories found matching '.git'
  no previously-included directories found matching 'tests'
  adding license file 'LICENSE'
  writing manifest file '/dev/shm/tmp/pip-ephem-wheel-cache-2satved8/wheels/05/84/a2/cc4100fa1b99cd58ff32e0df6e549e4591c3289b6e96ce9626/tmp_vaqo6r9/tmpcnm44t8s/grokking_optimizers.egg-info/SOURCES.txt'
  creating '/dev/shm/tmp/pip-ephem-wheel-cache-2satved8/wheels/05/84/a2/cc4100fa1b99cd58ff32e0df6e549e4591c3289b6e96ce9626/tmp_vaqo6r9/tmpcnm44t8s/grokking_optimizers-3.0.0.dist-info'
  creating /dev/shm/tmp/pip-ephem-wheel-cache-2satved8/wheels/05/84/a2/cc4100fa1b99cd58ff32e0df6e549e4591c3289b6e96ce9626/tmp_vaqo6r9/tmpcnm44t8s/grokking_optimizers-3.0.0.dist-info/WHEEL
  running build_py
  running build_ext
  /usr/local/lib/python3.11/dist-packages/torch/utils/cpp_extension.py:424: UserWarning: There are no x86_64-linux-gnu-g++ version bounds defined for CUDA version 12.4
    warnings.warn(f'There are no {compiler_name} version bounds defined for CUDA version {cuda_str_version}')
    [tuned-inject] no _kernel_tuned.json found; building with in-header kernel defaults. Run `python -m grokking_optimizers.compile ... --jit-only` to produce winners (see AUTOTUNE_LINKAGE.md).
  building 'grokking_optimizers._ops' extension
  creating /dev/shm/tmp/tmp4glokf2q.build-temp/csrc
  creating /dev/shm/tmp/tmp4glokf2q.build-temp/csrc/backends
  creating /dev/shm/tmp/tmp4glokf2q.build-temp/csrc/backends/cuda
  creating /dev/shm/tmp/tmp4glokf2q.build-temp/csrc/backends/cuda/sm_90
  creating /dev/shm/tmp/tmp4glokf2q.build-temp/csrc/backends/cuda/sm_90/models
  creating /dev/shm/tmp/tmp4glokf2q.build-temp/csrc/bindings
  creating /dev/shm/tmp/tmp4glokf2q.build-temp/csrc/fused
  creating /dev/shm/tmp/tmp4glokf2q.build-temp/csrc/fused/sm_90
  Emitting ninja build file /dev/shm/tmp/tmp4glokf2q.build-temp/build.ninja...
  Compiling objects...
  Using envvar MAX_JOBS (224) as the number of workers...
  [1/56] c++ -MMD -MF /dev/shm/tmp/tmp4glokf2q.build-temp/csrc/bindings/dispatch.o.d -Wsign-compare -DNDEBUG -g -fwrapv -O2 -Wall -g -fstack-protector-strong -Wformat -Werror=format-security -g -fwrapv -O2 -fPIC -DWITH_CUDA -DWITH_CUTLASS -I/workspace/SuperGrok1.5/. -I/workspace/SuperGrok1.5/csrc/bindings -I/workspace/SuperGrok1.5/csrc -I/workspace/SuperGrok1.5/third_party/cutlass/include -I/workspace/SuperGrok1.5/third_party/cutlass/tools/util/include -I/usr/local/lib/python3.11/dist-packages/torch/include -I/usr/local/lib/python3.11/dist-packages/torch/include/torch/csrc/api/include -I/usr/local/lib/python3.11/dist-packages/torch/include/TH -I/usr/local/lib/python3.11/dist-packages/torch/include/THC -I/usr/local/cuda/include -I/workspace/venv/include -I/usr/include/python3.11 -c -c /workspace/SuperGrok1.5/csrc/bindings/dispatch.cpp -o /dev/shm/tmp/tmp4glokf2q.build-temp/csrc/bindings/dispatch.o -O3 -std=c++17 -DWITH_CUDA -DNDEBUG -ffast-math -funroll-loops -fPIC -DWITH_CUTLASS -DTORCH_API_INCLUDE_EXTENSION_H '-DPYBIND11_COMPILER_TYPE="_gcc"' '-DPYBIND11_STDLIB="_libstdcpp"' '-DPYBIND11_BUILD_ABI="_cxxabi1011"' -DTORCH_EXTENSION_NAME=_ops -D_GLIBCXX_USE_CXX11_ABI=0
  /workspace/SuperGrok1.5/csrc/bindings/dispatch.cpp:434:1: warning: multi-line comment [-Wcomment]
    434 | //   python -m grokking_optimizers.megakernel_codegen --dispatch-table > \
        | ^
  [2/56] c++ -MMD -MF /dev/shm/tmp/tmp4glokf2q.build-temp/csrc/bindings/bindings.o.d -Wsign-compare -DNDEBUG -g -fwrapv -O2 -Wall -g -fstack-protector-strong -Wformat -Werror=format-security -g -fwrapv -O2 -fPIC -DWITH_CUDA -DWITH_CUTLASS -I/workspace/SuperGrok1.5/. -I/workspace/SuperGrok1.5/csrc/bindings -I/workspace/SuperGrok1.5/csrc -I/workspace/SuperGrok1.5/third_party/cutlass/include -I/workspace/SuperGrok1.5/third_party/cutlass/tools/util/include -I/usr/local/lib/python3.11/dist-packages/torch/include -I/usr/local/lib/python3.11/dist-packages/torch/include/torch/csrc/api/include -I/usr/local/lib/python3.11/dist-packages/torch/include/TH -I/usr/local/lib/python3.11/dist-packages/torch/include/THC -I/usr/local/cuda/include -I/workspace/venv/include -I/usr/include/python3.11 -c -c /workspace/SuperGrok1.5/csrc/bindings/bindings.cpp -o /dev/shm/tmp/tmp4glokf2q.build-temp/csrc/bindings/bindings.o -O3 -std=c++17 -DWITH_CUDA -DNDEBUG -ffast-math -funroll-loops -fPIC -DWITH_CUTLASS -DTORCH_API_INCLUDE_EXTENSION_H '-DPYBIND11_COMPILER_TYPE="_gcc"' '-DPYBIND11_STDLIB="_libstdcpp"' '-DPYBIND11_BUILD_ABI="_cxxabi1011"' -DTORCH_EXTENSION_NAME=_ops -D_GLIBCXX_USE_CXX11_ABI=0
  [3/56] /usr/local/cuda/bin/nvcc --generate-dependencies-with-compile --dependency-output /dev/shm/tmp/tmp4glokf2q.build-temp/csrc/fused/sm_90/mega_transformer_decoder_grokfast.o.d -DWITH_CUDA -DWITH_CUTLASS -I/workspace/SuperGrok1.5/. -I/workspace/SuperGrok1.5/csrc/bindings -I/workspace/SuperGrok1.5/csrc -I/workspace/SuperGrok1.5/third_party/cutlass/include -I/workspace/SuperGrok1.5/third_party/cutlass/tools/util/include -I/usr/local/lib/python3.11/dist-packages/torch/include -I/usr/local/lib/python3.11/dist-packages/torch/include/torch/csrc/api/include -I/usr/local/lib/python3.11/dist-packages/torch/include/TH -I/usr/local/lib/python3.11/dist-packages/torch/include/THC -I/usr/local/cuda/include -I/workspace/venv/include -I/usr/include/python3.11 -c -c /workspace/SuperGrok1.5/csrc/fused/sm_90/mega_transformer_decoder_grokfast.cu -o /dev/shm/tmp/tmp4glokf2q.build-temp/csrc/fused/sm_90/mega_transformer_decoder_grokfast.o -D__CUDA_NO_HALF_OPERATORS__ -D__CUDA_NO_HALF_CONVERSIONS__ -D__CUDA_NO_BFLOAT16_CONVERSIONS__ -D__CUDA_NO_HALF2_OPERATORS__ --expt-relaxed-constexpr --compiler-options ''"'"'-fPIC'"'"'' -O3 --use_fast_math -std=c++17 -DWITH_CUDA --expt-relaxed-constexpr -lineinfo -Xptxas -O3 -Xptxas --warn-on-spills -Xcompiler -fPIC -gencode=arch=compute_90a,code=sm_90a -gencode=arch=compute_90,code=compute_90 -DWITH_CUTLASS -DCUTLASS_NVCC_ARCHS=90a -DTORCH_API_INCLUDE_EXTENSION_H '-DPYBIND11_COMPILER_TYPE="_gcc"' '-DPYBIND11_STDLIB="_libstdcpp"' '-DPYBIND11_BUILD_ABI="_cxxabi1011"' -DTORCH_EXTENSION_NAME=_ops -D_GLIBCXX_USE_CXX11_ABI=0
  /workspace/SuperGrok1.5/./csrc/algorithms/muon.h(76): warning #737-D: using-declaration ignored -- it refers to the current namespace
    using sg::algorithms::adamw_step;
          ^

  Remark: The warnings can be suppressed with "-diag-suppress <warning-number>"

  /workspace/SuperGrok1.5/./csrc/algorithms/muon.h(76): warning #737-D: using-declaration ignored -- it refers to the current namespace
    using sg::algorithms::adamw_step;
          ^

  Remark: The warnings can be suppressed with "-diag-suppress <warning-number>"

  ptxas info    : (C7508) Potential Performance Loss: 'setmaxnreg' ignored; unable to determine register count at entry.
  ptxas info    : (C7508) Potential Performance Loss: 'setmaxnreg' ignored; unable to determine register count at entry.
  /workspace/SuperGrok1.5/./csrc/algorithms/muon.h(76): warning #737-D: using-declaration ignored -- it refers to the current namespace
    using sg::algorithms::adamw_step;
          ^

  Remark: The warnings can be suppressed with "-diag-suppress <warning-number>"

  [4/56] /usr/local/cuda/bin/nvcc --generate-dependencies-with-compile --dependency-output /dev/shm/tmp/tmp4glokf2q.build-temp/csrc/fused/sm_90/mega_transformer_decoder_muon.o.d -DWITH_CUDA -DWITH_CUTLASS -I/workspace/SuperGrok1.5/. -I/workspace/SuperGrok1.5/csrc/bindings -I/workspace/SuperGrok1.5/csrc -I/workspace/SuperGrok1.5/third_party/cutlass/include -I/workspace/SuperGrok1.5/third_party/cutlass/tools/util/include -I/usr/local/lib/python3.11/dist-packages/torch/include -I/usr/local/lib/python3.11/dist-packages/torch/include/torch/csrc/api/include -I/usr/local/lib/python3.11/dist-packages/torch/include/TH -I/usr/local/lib/python3.11/dist-packages/torch/include/THC -I/usr/local/cuda/include -I/workspace/venv/include -I/usr/include/python3.11 -c -c /workspace/SuperGrok1.5/csrc/fused/sm_90/mega_transformer_decoder_muon.cu -o /dev/shm/tmp/tmp4glokf2q.build-temp/csrc/fused/sm_90/mega_transformer_decoder_muon.o -D__CUDA_NO_HALF_OPERATORS__ -D__CUDA_NO_HALF_CONVERSIONS__ -D__CUDA_NO_BFLOAT16_CONVERSIONS__ -D__CUDA_NO_HALF2_OPERATORS__ --expt-relaxed-constexpr --compiler-options ''"'"'-fPIC'"'"'' -O3 --use_fast_math -std=c++17 -DWITH_CUDA --expt-relaxed-constexpr -lineinfo -Xptxas -O3 -Xptxas --warn-on-spills -Xcompiler -fPIC -gencode=arch=compute_90a,code=sm_90a -gencode=arch=compute_90,code=compute_90 -DWITH_CUTLASS -DCUTLASS_NVCC_ARCHS=90a -DTORCH_API_INCLUDE_EXTENSION_H '-DPYBIND11_COMPILER_TYPE="_gcc"' '-DPYBIND11_STDLIB="_libstdcpp"' '-DPYBIND11_BUILD_ABI="_cxxabi1011"' -DTORCH_EXTENSION_NAME=_ops -D_GLIBCXX_USE_CXX11_ABI=0
  /workspace/SuperGrok1.5/./csrc/algorithms/muon.h(76): warning #737-D: using-declaration ignored -- it refers to the current namespace
    using sg::algorithms::adamw_step;
          ^

  Remark: The warnings can be suppressed with "-diag-suppress <warning-number>"

  /workspace/SuperGrok1.5/./csrc/algorithms/muon.h(76): warning #737-D: using-declaration ignored -- it refers to the current namespace
    using sg::algorithms::adamw_step;
          ^

  Remark: The warnings can be suppressed with "-diag-suppress <warning-number>"

  ptxas info    : (C7508) Potential Performance Loss: 'setmaxnreg' ignored; unable to determine register count at entry.
  ptxas info    : (C7508) Potential Performance Loss: 'setmaxnreg' ignored; unable to determine register count at entry.
  /workspace/SuperGrok1.5/./csrc/algorithms/muon.h(76): warning #737-D: using-declaration ignored -- it refers to the current namespace
    using sg::algorithms::adamw_step;
          ^

  Remark: The warnings can be suppressed with "-diag-suppress <warning-number>"

  [5/56] /usr/local/cuda/bin/nvcc --generate-dependencies-with-compile --dependency-output /dev/shm/tmp/tmp4glokf2q.build-temp/csrc/fused/sm_90/mega_mamba3_muon.o.d -DWITH_CUDA -DWITH_CUTLASS -I/workspace/SuperGrok1.5/. -I/workspace/SuperGrok1.5/csrc/bindings -I/workspace/SuperGrok1.5/csrc -I/workspace/SuperGrok1.5/third_party/cutlass/include -I/workspace/SuperGrok1.5/third_party/cutlass/tools/util/include -I/usr/local/lib/python3.11/dist-packages/torch/include -I/usr/local/lib/python3.11/dist-packages/torch/include/torch/csrc/api/include -I/usr/local/lib/python3.11/dist-packages/torch/include/TH -I/usr/local/lib/python3.11/dist-packages/torch/include/THC -I/usr/local/cuda/include -I/workspace/venv/include -I/usr/include/python3.11 -c -c /workspace/SuperGrok1.5/csrc/fused/sm_90/mega_mamba3_muon.cu -o /dev/shm/tmp/tmp4glokf2q.build-temp/csrc/fused/sm_90/mega_mamba3_muon.o -D__CUDA_NO_HALF_OPERATORS__ -D__CUDA_NO_HALF_CONVERSIONS__ -D__CUDA_NO_BFLOAT16_CONVERSIONS__ -D__CUDA_NO_HALF2_OPERATORS__ --expt-relaxed-constexpr --compiler-options ''"'"'-fPIC'"'"'' -O3 --use_fast_math -std=c++17 -DWITH_CUDA --expt-relaxed-constexpr -lineinfo -Xptxas -O3 -Xptxas --warn-on-spills -Xcompiler -fPIC -gencode=arch=compute_90a,code=sm_90a -gencode=arch=compute_90,code=compute_90 -DWITH_CUTLASS -DCUTLASS_NVCC_ARCHS=90a -DTORCH_API_INCLUDE_EXTENSION_H '-DPYBIND11_COMPILER_TYPE="_gcc"' '-DPYBIND11_STDLIB="_libstdcpp"' '-DPYBIND11_BUILD_ABI="_cxxabi1011"' -DTORCH_EXTENSION_NAME=_ops -D_GLIBCXX_USE_CXX11_ABI=0
  /workspace/SuperGrok1.5/./csrc/algorithms/muon.h(76): warning #737-D: using-declaration ignored -- it refers to the current namespace
    using sg::algorithms::adamw_step;
          ^

  Remark: The warnings can be suppressed with "-diag-suppress <warning-number>"

  /workspace/SuperGrok1.5/./csrc/algorithms/muon.h(76): warning #737-D: using-declaration ignored -- it refers to the current namespace
    using sg::algorithms::adamw_step;
          ^

  Remark: The warnings can be suppressed with "-diag-suppress <warning-number>"

  ptxas info    : (C7508) Potential Performance Loss: 'setmaxnreg' ignored; unable to determine register count at entry.
  ptxas info    : (C7508) Potential Performance Loss: 'setmaxnreg' ignored; unable to determine register count at entry.
  /workspace/SuperGrok1.5/./csrc/algorithms/muon.h(76): warning #737-D: using-declaration ignored -- it refers to the current namespace
    using sg::algorithms::adamw_step;
          ^

  Remark: The warnings can be suppressed with "-diag-suppress <warning-number>"

  [6/56] /usr/local/cuda/bin/nvcc --generate-dependencies-with-compile --dependency-output /dev/shm/tmp/tmp4glokf2q.build-temp/csrc/fused/sm_90/mega_mamba3_looksam.o.d -DWITH_CUDA -DWITH_CUTLASS -I/workspace/SuperGrok1.5/. -I/workspace/SuperGrok1.5/csrc/bindings -I/workspace/SuperGrok1.5/csrc -I/workspace/SuperGrok1.5/third_party/cutlass/include -I/workspace/SuperGrok1.5/third_party/cutlass/tools/util/include -I/usr/local/lib/python3.11/dist-packages/torch/include -I/usr/local/lib/python3.11/dist-packages/torch/include/torch/csrc/api/include -I/usr/local/lib/python3.11/dist-packages/torch/include/TH -I/usr/local/lib/python3.11/dist-packages/torch/include/THC -I/usr/local/cuda/include -I/workspace/venv/include -I/usr/include/python3.11 -c -c /workspace/SuperGrok1.5/csrc/fused/sm_90/mega_mamba3_looksam.cu -o /dev/shm/tmp/tmp4glokf2q.build-temp/csrc/fused/sm_90/mega_mamba3_looksam.o -D__CUDA_NO_HALF_OPERATORS__ -D__CUDA_NO_HALF_CONVERSIONS__ -D__CUDA_NO_BFLOAT16_CONVERSIONS__ -D__CUDA_NO_HALF2_OPERATORS__ --expt-relaxed-constexpr --compiler-options ''"'"'-fPIC'"'"'' -O3 --use_fast_math -std=c++17 -DWITH_CUDA --expt-relaxed-constexpr -lineinfo -Xptxas -O3 -Xptxas --warn-on-spills -Xcompiler -fPIC -gencode=arch=compute_90a,code=sm_90a -gencode=arch=compute_90,code=compute_90 -DWITH_CUTLASS -DCUTLASS_NVCC_ARCHS=90a -DTORCH_API_INCLUDE_EXTENSION_H '-DPYBIND11_COMPILER_TYPE="_gcc"' '-DPYBIND11_STDLIB="_libstdcpp"' '-DPYBIND11_BUILD_ABI="_cxxabi1011"' -DTORCH_EXTENSION_NAME=_ops -D_GLIBCXX_USE_CXX11_ABI=0
  /workspace/SuperGrok1.5/./csrc/algorithms/muon.h(76): warning #737-D: using-declaration ignored -- it refers to the current namespace
    using sg::algorithms::adamw_step;
          ^

  Remark: The warnings can be suppressed with "-diag-suppress <warning-number>"

  /workspace/SuperGrok1.5/./csrc/algorithms/muon.h(76): warning #737-D: using-declaration ignored -- it refers to the current namespace
    using sg::algorithms::adamw_step;
          ^

  Remark: The warnings can be suppressed with "-diag-suppress <warning-number>"

  ptxas info    : (C7508) Potential Performance Loss: 'setmaxnreg' ignored; unable to determine register count at entry.
  ptxas info    : (C7508) Potential Performance Loss: 'setmaxnreg' ignored; unable to determine register count at entry.
  /workspace/SuperGrok1.5/./csrc/algorithms/muon.h(76): warning #737-D: using-declaration ignored -- it refers to the current namespace
    using sg::algorithms::adamw_step;
          ^

  Remark: The warnings can be suppressed with "-diag-suppress <warning-number>"

  [7/56] /usr/local/cuda/bin/nvcc --generate-dependencies-with-compile --dependency-output /dev/shm/tmp/tmp4glokf2q.build-temp/csrc/fused/sm_90/mega_transformer_decoder_supergrok11.o.d -DWITH_CUDA -DWITH_CUTLASS -I/workspace/SuperGrok1.5/. -I/workspace/SuperGrok1.5/csrc/bindings -I/workspace/SuperGrok1.5/csrc -I/workspace/SuperGrok1.5/third_party/cutlass/include -I/workspace/SuperGrok1.5/third_party/cutlass/tools/util/include -I/usr/local/lib/python3.11/dist-packages/torch/include -I/usr/local/lib/python3.11/dist-packages/torch/include/torch/csrc/api/include -I/usr/local/lib/python3.11/dist-packages/torch/include/TH -I/usr/local/lib/python3.11/dist-packages/torch/include/THC -I/usr/local/cuda/include -I/workspace/venv/include -I/usr/include/python3.11 -c -c /workspace/SuperGrok1.5/csrc/fused/sm_90/mega_transformer_decoder_supergrok11.cu -o /dev/shm/tmp/tmp4glokf2q.build-temp/csrc/fused/sm_90/mega_transformer_decoder_supergrok11.o -D__CUDA_NO_HALF_OPERATORS__ -D__CUDA_NO_HALF_CONVERSIONS__ -D__CUDA_NO_BFLOAT16_CONVERSIONS__ -D__CUDA_NO_HALF2_OPERATORS__ --expt-relaxed-constexpr --compiler-options ''"'"'-fPIC'"'"'' -O3 --use_fast_math -std=c++17 -DWITH_CUDA --expt-relaxed-constexpr -lineinfo -Xptxas -O3 -Xptxas --warn-on-spills -Xcompiler -fPIC -gencode=arch=compute_90a,code=sm_90a -gencode=arch=compute_90,code=compute_90 -DWITH_CUTLASS -DCUTLASS_NVCC_ARCHS=90a -DTORCH_API_INCLUDE_EXTENSION_H '-DPYBIND11_COMPILER_TYPE="_gcc"' '-DPYBIND11_STDLIB="_libstdcpp"' '-DPYBIND11_BUILD_ABI="_cxxabi1011"' -DTORCH_EXTENSION_NAME=_ops -D_GLIBCXX_USE_CXX11_ABI=0
  /workspace/SuperGrok1.5/./csrc/algorithms/muon.h(76): warning #737-D: using-declaration ignored -- it refers to the current namespace
    using sg::algorithms::adamw_step;
          ^

  Remark: The warnings can be suppressed with "-diag-suppress <warning-number>"

  /workspace/SuperGrok1.5/./csrc/algorithms/muon.h(76): warning #737-D: using-declaration ignored -- it refers to the current namespace
    using sg::algorithms::adamw_step;
          ^

  Remark: The warnings can be suppressed with "-diag-suppress <warning-number>"

  ptxas info    : (C7508) Potential Performance Loss: 'setmaxnreg' ignored; unable to determine register count at entry.
  ptxas info    : (C7508) Potential Performance Loss: 'setmaxnreg' ignored; unable to determine register count at entry.
  /workspace/SuperGrok1.5/./csrc/algorithms/muon.h(76): warning #737-D: using-declaration ignored -- it refers to the current namespace
    using sg::algorithms::adamw_step;
          ^

  Remark: The warnings can be suppressed with "-diag-suppress <warning-number>"

  [8/56] /usr/local/cuda/bin/nvcc --generate-dependencies-with-compile --dependency-output /dev/shm/tmp/tmp4glokf2q.build-temp/csrc/backends/cuda/sm_90/launch_supergrok15.o.d -DWITH_CUDA -DWITH_CUTLASS -I/workspace/SuperGrok1.5/. -I/workspace/SuperGrok1.5/csrc/bindings -I/workspace/SuperGrok1.5/csrc -I/workspace/SuperGrok1.5/third_party/cutlass/include -I/workspace/SuperGrok1.5/third_party/cutlass/tools/util/include -I/usr/local/lib/python3.11/dist-packages/torch/include -I/usr/local/lib/python3.11/dist-packages/torch/include/torch/csrc/api/include -I/usr/local/lib/python3.11/dist-packages/torch/include/TH -I/usr/local/lib/python3.11/dist-packages/torch/include/THC -I/usr/local/cuda/include -I/workspace/venv/include -I/usr/include/python3.11 -c -c /workspace/SuperGrok1.5/csrc/backends/cuda/sm_90/launch_supergrok15.cu -o /dev/shm/tmp/tmp4glokf2q.build-temp/csrc/backends/cuda/sm_90/launch_supergrok15.o -D__CUDA_NO_HALF_OPERATORS__ -D__CUDA_NO_HALF_CONVERSIONS__ -D__CUDA_NO_BFLOAT16_CONVERSIONS__ -D__CUDA_NO_HALF2_OPERATORS__ --expt-relaxed-constexpr --compiler-options ''"'"'-fPIC'"'"'' -O3 --use_fast_math -std=c++17 -DWITH_CUDA --expt-relaxed-constexpr -lineinfo -Xptxas -O3 -Xptxas --warn-on-spills -Xcompiler -fPIC -gencode=arch=compute_90a,code=sm_90a -gencode=arch=compute_90,code=compute_90 -DWITH_CUTLASS -DCUTLASS_NVCC_ARCHS=90a -DTORCH_API_INCLUDE_EXTENSION_H '-DPYBIND11_COMPILER_TYPE="_gcc"' '-DPYBIND11_STDLIB="_libstdcpp"' '-DPYBIND11_BUILD_ABI="_cxxabi1011"' -DTORCH_EXTENSION_NAME=_ops -D_GLIBCXX_USE_CXX11_ABI=0
  ptxas warning : Registers are spilled to local memory in function '_ZN2sg4sm9019sg15_sweep_a_kernelIN3c108BFloat16EEEvPfPKT_PKfS9_S9_S9_ffS4_l', 320 bytes spill stores, 320 bytes spill loads
  ptxas warning : Registers are spilled to local memory in function '_ZN2sg4sm9019sg15_sweep_a_kernelIN3c104HalfEEEvPfPKT_PKfS9_S9_S9_ffS4_l', 320 bytes spill stores, 320 bytes spill loads
  ptxas warning : Registers are spilled to local memory in function '_ZN2sg4sm9019sg15_sweep_a_kernelIfEEvPfPKT_PKfS7_S7_S7_ffS2_l', 320 bytes spill stores, 320 bytes spill loads
  ptxas warning : Registers are spilled to local memory in function '_ZN2sg4sm9019sg15_sweep_a_kernelIdEEvPfPKT_PKfS7_S7_S7_ffS2_l', 320 bytes spill stores, 320 bytes spill loads
  [9/56] /usr/local/cuda/bin/nvcc --generate-dependencies-with-compile --dependency-output /dev/shm/tmp/tmp4glokf2q.build-temp/csrc/fused/sm_90/mega_mamba3_supergrok15.o.d -DWITH_CUDA -DWITH_CUTLASS -I/workspace/SuperGrok1.5/. -I/workspace/SuperGrok1.5/csrc/bindings -I/workspace/SuperGrok1.5/csrc -I/workspace/SuperGrok1.5/third_party/cutlass/include -I/workspace/SuperGrok1.5/third_party/cutlass/tools/util/include -I/usr/local/lib/python3.11/dist-packages/torch/include -I/usr/local/lib/python3.11/dist-packages/torch/include/torch/csrc/api/include -I/usr/local/lib/python3.11/dist-packages/torch/include/TH -I/usr/local/lib/python3.11/dist-packages/torch/include/THC -I/usr/local/cuda/include -I/workspace/venv/include -I/usr/include/python3.11 -c -c /workspace/SuperGrok1.5/csrc/fused/sm_90/mega_mamba3_supergrok15.cu -o /dev/shm/tmp/tmp4glokf2q.build-temp/csrc/fused/sm_90/mega_mamba3_supergrok15.o -D__CUDA_NO_HALF_OPERATORS__ -D__CUDA_NO_HALF_CONVERSIONS__ -D__CUDA_NO_BFLOAT16_CONVERSIONS__ -D__CUDA_NO_HALF2_OPERATORS__ --expt-relaxed-constexpr --compiler-options ''"'"'-fPIC'"'"'' -O3 --use_fast_math -std=c++17 -DWITH_CUDA --expt-relaxed-constexpr -lineinfo -Xptxas -O3 -Xptxas --warn-on-spills -Xcompiler -fPIC -gencode=arch=compute_90a,code=sm_90a -gencode=arch=compute_90,code=compute_90 -DWITH_CUTLASS -DCUTLASS_NVCC_ARCHS=90a -DTORCH_API_INCLUDE_EXTENSION_H '-DPYBIND11_COMPILER_TYPE="_gcc"' '-DPYBIND11_STDLIB="_libstdcpp"' '-DPYBIND11_BUILD_ABI="_cxxabi1011"' -DTORCH_EXTENSION_NAME=_ops -D_GLIBCXX_USE_CXX11_ABI=0
  /workspace/SuperGrok1.5/./csrc/algorithms/muon.h(76): warning #737-D: using-declaration ignored -- it refers to the current namespace
    using sg::algorithms::adamw_step;
          ^

  Remark: The warnings can be suppressed with "-diag-suppress <warning-number>"

  /workspace/SuperGrok1.5/./csrc/algorithms/muon.h(76): warning #737-D: using-declaration ignored -- it refers to the current namespace
    using sg::algorithms::adamw_step;
          ^

  Remark: The warnings can be suppressed with "-diag-suppress <warning-number>"

  ptxas info    : (C7508) Potential Performance Loss: 'setmaxnreg' ignored; unable to determine register count at entry.
  ptxas info    : (C7508) Potential Performance Loss: 'setmaxnreg' ignored; unable to determine register count at entry.
  /workspace/SuperGrok1.5/./csrc/algorithms/muon.h(76): warning #737-D: using-declaration ignored -- it refers to the current namespace
    using sg::algorithms::adamw_step;
          ^

  Remark: The warnings can be suppressed with "-diag-suppress <warning-number>"

  [10/56] /usr/local/cuda/bin/nvcc --generate-dependencies-with-compile --dependency-output /dev/shm/tmp/tmp4glokf2q.build-temp/csrc/backends/cuda/sm_90/launch_lion.o.d -DWITH_CUDA -DWITH_CUTLASS -I/workspace/SuperGrok1.5/. -I/workspace/SuperGrok1.5/csrc/bindings -I/workspace/SuperGrok1.5/csrc -I/workspace/SuperGrok1.5/third_party/cutlass/include -I/workspace/SuperGrok1.5/third_party/cutlass/tools/util/include -I/usr/local/lib/python3.11/dist-packages/torch/include -I/usr/local/lib/python3.11/dist-packages/torch/include/torch/csrc/api/include -I/usr/local/lib/python3.11/dist-packages/torch/include/TH -I/usr/local/lib/python3.11/dist-packages/torch/include/THC -I/usr/local/cuda/include -I/workspace/venv/include -I/usr/include/python3.11 -c -c /workspace/SuperGrok1.5/csrc/backends/cuda/sm_90/launch_lion.cu -o /dev/shm/tmp/tmp4glokf2q.build-temp/csrc/backends/cuda/sm_90/launch_lion.o -D__CUDA_NO_HALF_OPERATORS__ -D__CUDA_NO_HALF_CONVERSIONS__ -D__CUDA_NO_BFLOAT16_CONVERSIONS__ -D__CUDA_NO_HALF2_OPERATORS__ --expt-relaxed-constexpr --compiler-options ''"'"'-fPIC'"'"'' -O3 --use_fast_math -std=c++17 -DWITH_CUDA --expt-relaxed-constexpr -lineinfo -Xptxas -O3 -Xptxas --warn-on-spills -Xcompiler -fPIC -gencode=arch=compute_90a,code=sm_90a -gencode=arch=compute_90,code=compute_90 -DWITH_CUTLASS -DCUTLASS_NVCC_ARCHS=90a -DTORCH_API_INCLUDE_EXTENSION_H '-DPYBIND11_COMPILER_TYPE="_gcc"' '-DPYBIND11_STDLIB="_libstdcpp"' '-DPYBIND11_BUILD_ABI="_cxxabi1011"' -DTORCH_EXTENSION_NAME=_ops -D_GLIBCXX_USE_CXX11_ABI=0
  [11/56] /usr/local/cuda/bin/nvcc --generate-dependencies-with-compile --dependency-output /dev/shm/tmp/tmp4glokf2q.build-temp/csrc/fused/sm_90/mega_transformer_decoder_neuralgrok.o.d -DWITH_CUDA -DWITH_CUTLASS -I/workspace/SuperGrok1.5/. -I/workspace/SuperGrok1.5/csrc/bindings -I/workspace/SuperGrok1.5/csrc -I/workspace/SuperGrok1.5/third_party/cutlass/include -I/workspace/SuperGrok1.5/third_party/cutlass/tools/util/include -I/usr/local/lib/python3.11/dist-packages/torch/include -I/usr/local/lib/python3.11/dist-packages/torch/include/torch/csrc/api/include -I/usr/local/lib/python3.11/dist-packages/torch/include/TH -I/usr/local/lib/python3.11/dist-packages/torch/include/THC -I/usr/local/cuda/include -I/workspace/venv/include -I/usr/include/python3.11 -c -c /workspace/SuperGrok1.5/csrc/fused/sm_90/mega_transformer_decoder_neuralgrok.cu -o /dev/shm/tmp/tmp4glokf2q.build-temp/csrc/fused/sm_90/mega_transformer_decoder_neuralgrok.o -D__CUDA_NO_HALF_OPERATORS__ -D__CUDA_NO_HALF_CONVERSIONS__ -D__CUDA_NO_BFLOAT16_CONVERSIONS__ -D__CUDA_NO_HALF2_OPERATORS__ --expt-relaxed-constexpr --compiler-options ''"'"'-fPIC'"'"'' -O3 --use_fast_math -std=c++17 -DWITH_CUDA --expt-relaxed-constexpr -lineinfo -Xptxas -O3 -Xptxas --warn-on-spills -Xcompiler -fPIC -gencode=arch=compute_90a,code=sm_90a -gencode=arch=compute_90,code=compute_90 -DWITH_CUTLASS -DCUTLASS_NVCC_ARCHS=90a -DTORCH_API_INCLUDE_EXTENSION_H '-DPYBIND11_COMPILER_TYPE="_gcc"' '-DPYBIND11_STDLIB="_libstdcpp"' '-DPYBIND11_BUILD_ABI="_cxxabi1011"' -DTORCH_EXTENSION_NAME=_ops -D_GLIBCXX_USE_CXX11_ABI=0
  /workspace/SuperGrok1.5/./csrc/algorithms/muon.h(76): warning #737-D: using-declaration ignored -- it refers to the current namespace
    using sg::algorithms::adamw_step;
          ^

  Remark: The warnings can be suppressed with "-diag-suppress <warning-number>"

  /workspace/SuperGrok1.5/./csrc/algorithms/muon.h(76): warning #737-D: using-declaration ignored -- it refers to the current namespace
    using sg::algorithms::adamw_step;
          ^

  Remark: The warnings can be suppressed with "-diag-suppress <warning-number>"

  ptxas info    : (C7508) Potential Performance Loss: 'setmaxnreg' ignored; unable to determine register count at entry.
  ptxas info    : (C7508) Potential Performance Loss: 'setmaxnreg' ignored; unable to determine register count at entry.
  /workspace/SuperGrok1.5/./csrc/algorithms/muon.h(76): warning #737-D: using-declaration ignored -- it refers to the current namespace
    using sg::algorithms::adamw_step;
          ^

  Remark: The warnings can be suppressed with "-diag-suppress <warning-number>"

  [12/56] /usr/local/cuda/bin/nvcc --generate-dependencies-with-compile --dependency-output /dev/shm/tmp/tmp4glokf2q.build-temp/csrc/fused/sm_90/mega_transformer_decoder_supergrok15.o.d -DWITH_CUDA -DWITH_CUTLASS -I/workspace/SuperGrok1.5/. -I/workspace/SuperGrok1.5/csrc/bindings -I/workspace/SuperGrok1.5/csrc -I/workspace/SuperGrok1.5/third_party/cutlass/include -I/workspace/SuperGrok1.5/third_party/cutlass/tools/util/include -I/usr/local/lib/python3.11/dist-packages/torch/include -I/usr/local/lib/python3.11/dist-packages/torch/include/torch/csrc/api/include -I/usr/local/lib/python3.11/dist-packages/torch/include/TH -I/usr/local/lib/python3.11/dist-packages/torch/include/THC -I/usr/local/cuda/include -I/workspace/venv/include -I/usr/include/python3.11 -c -c /workspace/SuperGrok1.5/csrc/fused/sm_90/mega_transformer_decoder_supergrok15.cu -o /dev/shm/tmp/tmp4glokf2q.build-temp/csrc/fused/sm_90/mega_transformer_decoder_supergrok15.o -D__CUDA_NO_HALF_OPERATORS__ -D__CUDA_NO_HALF_CONVERSIONS__ -D__CUDA_NO_BFLOAT16_CONVERSIONS__ -D__CUDA_NO_HALF2_OPERATORS__ --expt-relaxed-constexpr --compiler-options ''"'"'-fPIC'"'"'' -O3 --use_fast_math -std=c++17 -DWITH_CUDA --expt-relaxed-constexpr -lineinfo -Xptxas -O3 -Xptxas --warn-on-spills -Xcompiler -fPIC -gencode=arch=compute_90a,code=sm_90a -gencode=arch=compute_90,code=compute_90 -DWITH_CUTLASS -DCUTLASS_NVCC_ARCHS=90a -DTORCH_API_INCLUDE_EXTENSION_H '-DPYBIND11_COMPILER_TYPE="_gcc"' '-DPYBIND11_STDLIB="_libstdcpp"' '-DPYBIND11_BUILD_ABI="_cxxabi1011"' -DTORCH_EXTENSION_NAME=_ops -D_GLIBCXX_USE_CXX11_ABI=0
  /workspace/SuperGrok1.5/./csrc/algorithms/muon.h(76): warning #737-D: using-declaration ignored -- it refers to the current namespace
    using sg::algorithms::adamw_step;
          ^

  Remark: The warnings can be suppressed with "-diag-suppress <warning-number>"

  /workspace/SuperGrok1.5/./csrc/algorithms/muon.h(76): warning #737-D: using-declaration ignored -- it refers to the current namespace
    using sg::algorithms::adamw_step;
          ^

  Remark: The warnings can be suppressed with "-diag-suppress <warning-number>"

  ptxas info    : (C7508) Potential Performance Loss: 'setmaxnreg' ignored; unable to determine register count at entry.
  ptxas info    : (C7508) Potential Performance Loss: 'setmaxnreg' ignored; unable to determine register count at entry.
  /workspace/SuperGrok1.5/./csrc/algorithms/muon.h(76): warning #737-D: using-declaration ignored -- it refers to the current namespace
    using sg::algorithms::adamw_step;
          ^

  Remark: The warnings can be suppressed with "-diag-suppress <warning-number>"

  [13/56] /usr/local/cuda/bin/nvcc --generate-dependencies-with-compile --dependency-output /dev/shm/tmp/tmp4glokf2q.build-temp/csrc/fused/sm_90/mega_vit_adamw.o.d -DWITH_CUDA -DWITH_CUTLASS -I/workspace/SuperGrok1.5/. -I/workspace/SuperGrok1.5/csrc/bindings -I/workspace/SuperGrok1.5/csrc -I/workspace/SuperGrok1.5/third_party/cutlass/include -I/workspace/SuperGrok1.5/third_party/cutlass/tools/util/include -I/usr/local/lib/python3.11/dist-packages/torch/include -I/usr/local/lib/python3.11/dist-packages/torch/include/torch/csrc/api/include -I/usr/local/lib/python3.11/dist-packages/torch/include/TH -I/usr/local/lib/python3.11/dist-packages/torch/include/THC -I/usr/local/cuda/include -I/workspace/venv/include -I/usr/include/python3.11 -c -c /workspace/SuperGrok1.5/csrc/fused/sm_90/mega_vit_adamw.cu -o /dev/shm/tmp/tmp4glokf2q.build-temp/csrc/fused/sm_90/mega_vit_adamw.o -D__CUDA_NO_HALF_OPERATORS__ -D__CUDA_NO_HALF_CONVERSIONS__ -D__CUDA_NO_BFLOAT16_CONVERSIONS__ -D__CUDA_NO_HALF2_OPERATORS__ --expt-relaxed-constexpr --compiler-options ''"'"'-fPIC'"'"'' -O3 --use_fast_math -std=c++17 -DWITH_CUDA --expt-relaxed-constexpr -lineinfo -Xptxas -O3 -Xptxas --warn-on-spills -Xcompiler -fPIC -gencode=arch=compute_90a,code=sm_90a -gencode=arch=compute_90,code=compute_90 -DWITH_CUTLASS -DCUTLASS_NVCC_ARCHS=90a -DTORCH_API_INCLUDE_EXTENSION_H '-DPYBIND11_COMPILER_TYPE="_gcc"' '-DPYBIND11_STDLIB="_libstdcpp"' '-DPYBIND11_BUILD_ABI="_cxxabi1011"' -DTORCH_EXTENSION_NAME=_ops -D_GLIBCXX_USE_CXX11_ABI=0
  /workspace/SuperGrok1.5/./csrc/algorithms/muon.h(76): warning #737-D: using-declaration ignored -- it refers to the current namespace
    using sg::algorithms::adamw_step;
          ^

  Remark: The warnings can be suppressed with "-diag-suppress <warning-number>"

  /workspace/SuperGrok1.5/./csrc/algorithms/muon.h(76): warning #737-D: using-declaration ignored -- it refers to the current namespace
    using sg::algorithms::adamw_step;
          ^

  Remark: The warnings can be suppressed with "-diag-suppress <warning-number>"

  ptxas info    : (C7508) Potential Performance Loss: 'setmaxnreg' ignored; unable to determine register count at entry.
  ptxas info    : (C7508) Potential Performance Loss: 'setmaxnreg' ignored; unable to determine register count at entry.
  /workspace/SuperGrok1.5/./csrc/algorithms/muon.h(76): warning #737-D: using-declaration ignored -- it refers to the current namespace
    using sg::algorithms::adamw_step;
          ^

  Remark: The warnings can be suppressed with "-diag-suppress <warning-number>"

  [14/56] /usr/local/cuda/bin/nvcc --generate-dependencies-with-compile --dependency-output /dev/shm/tmp/tmp4glokf2q.build-temp/csrc/fused/sm_90/mega_transformer_decoder_prodigy.o.d -DWITH_CUDA -DWITH_CUTLASS -I/workspace/SuperGrok1.5/. -I/workspace/SuperGrok1.5/csrc/bindings -I/workspace/SuperGrok1.5/csrc -I/workspace/SuperGrok1.5/third_party/cutlass/include -I/workspace/SuperGrok1.5/third_party/cutlass/tools/util/include -I/usr/local/lib/python3.11/dist-packages/torch/include -I/usr/local/lib/python3.11/dist-packages/torch/include/torch/csrc/api/include -I/usr/local/lib/python3.11/dist-packages/torch/include/TH -I/usr/local/lib/python3.11/dist-packages/torch/include/THC -I/usr/local/cuda/include -I/workspace/venv/include -I/usr/include/python3.11 -c -c /workspace/SuperGrok1.5/csrc/fused/sm_90/mega_transformer_decoder_prodigy.cu -o /dev/shm/tmp/tmp4glokf2q.build-temp/csrc/fused/sm_90/mega_transformer_decoder_prodigy.o -D__CUDA_NO_HALF_OPERATORS__ -D__CUDA_NO_HALF_CONVERSIONS__ -D__CUDA_NO_BFLOAT16_CONVERSIONS__ -D__CUDA_NO_HALF2_OPERATORS__ --expt-relaxed-constexpr --compiler-options ''"'"'-fPIC'"'"'' -O3 --use_fast_math -std=c++17 -DWITH_CUDA --expt-relaxed-constexpr -lineinfo -Xptxas -O3 -Xptxas --warn-on-spills -Xcompiler -fPIC -gencode=arch=compute_90a,code=sm_90a -gencode=arch=compute_90,code=compute_90 -DWITH_CUTLASS -DCUTLASS_NVCC_ARCHS=90a -DTORCH_API_INCLUDE_EXTENSION_H '-DPYBIND11_COMPILER_TYPE="_gcc"' '-DPYBIND11_STDLIB="_libstdcpp"' '-DPYBIND11_BUILD_ABI="_cxxabi1011"' -DTORCH_EXTENSION_NAME=_ops -D_GLIBCXX_USE_CXX11_ABI=0
  /workspace/SuperGrok1.5/./csrc/algorithms/muon.h(76): warning #737-D: using-declaration ignored -- it refers to the current namespace
    using sg::algorithms::adamw_step;
          ^

  Remark: The warnings can be suppressed with "-diag-suppress <warning-number>"

  /workspace/SuperGrok1.5/./csrc/algorithms/muon.h(76): warning #737-D: using-declaration ignored -- it refers to the current namespace
    using sg::algorithms::adamw_step;
          ^

  Remark: The warnings can be suppressed with "-diag-suppress <warning-number>"

  ptxas info    : (C7508) Potential Performance Loss: 'setmaxnreg' ignored; unable to determine register count at entry.
  ptxas info    : (C7508) Potential Performance Loss: 'setmaxnreg' ignored; unable to determine register count at entry.
  /workspace/SuperGrok1.5/./csrc/algorithms/muon.h(76): warning #737-D: using-declaration ignored -- it refers to the current namespace
    using sg::algorithms::adamw_step;
          ^

  Remark: The warnings can be suppressed with "-diag-suppress <warning-number>"

  [15/56] /usr/local/cuda/bin/nvcc --generate-dependencies-with-compile --dependency-output /dev/shm/tmp/tmp4glokf2q.build-temp/csrc/fused/sm_90/mega_mamba3_neuralgrok.o.d -DWITH_CUDA -DWITH_CUTLASS -I/workspace/SuperGrok1.5/. -I/workspace/SuperGrok1.5/csrc/bindings -I/workspace/SuperGrok1.5/csrc -I/workspace/SuperGrok1.5/third_party/cutlass/include -I/workspace/SuperGrok1.5/third_party/cutlass/tools/util/include -I/usr/local/lib/python3.11/dist-packages/torch/include -I/usr/local/lib/python3.11/dist-packages/torch/include/torch/csrc/api/include -I/usr/local/lib/python3.11/dist-packages/torch/include/TH -I/usr/local/lib/python3.11/dist-packages/torch/include/THC -I/usr/local/cuda/include -I/workspace/venv/include -I/usr/include/python3.11 -c -c /workspace/SuperGrok1.5/csrc/fused/sm_90/mega_mamba3_neuralgrok.cu -o /dev/shm/tmp/tmp4glokf2q.build-temp/csrc/fused/sm_90/mega_mamba3_neuralgrok.o -D__CUDA_NO_HALF_OPERATORS__ -D__CUDA_NO_HALF_CONVERSIONS__ -D__CUDA_NO_BFLOAT16_CONVERSIONS__ -D__CUDA_NO_HALF2_OPERATORS__ --expt-relaxed-constexpr --compiler-options ''"'"'-fPIC'"'"'' -O3 --use_fast_math -std=c++17 -DWITH_CUDA --expt-relaxed-constexpr -lineinfo -Xptxas -O3 -Xptxas --warn-on-spills -Xcompiler -fPIC -gencode=arch=compute_90a,code=sm_90a -gencode=arch=compute_90,code=compute_90 -DWITH_CUTLASS -DCUTLASS_NVCC_ARCHS=90a -DTORCH_API_INCLUDE_EXTENSION_H '-DPYBIND11_COMPILER_TYPE="_gcc"' '-DPYBIND11_STDLIB="_libstdcpp"' '-DPYBIND11_BUILD_ABI="_cxxabi1011"' -DTORCH_EXTENSION_NAME=_ops -D_GLIBCXX_USE_CXX11_ABI=0
  /workspace/SuperGrok1.5/./csrc/algorithms/muon.h(76): warning #737-D: using-declaration ignored -- it refers to the current namespace
    using sg::algorithms::adamw_step;
          ^

  Remark: The warnings can be suppressed with "-diag-suppress <warning-number>"

  /workspace/SuperGrok1.5/./csrc/algorithms/muon.h(76): warning #737-D: using-declaration ignored -- it refers to the current namespace
    using sg::algorithms::adamw_step;
          ^

  Remark: The warnings can be suppressed with "-diag-suppress <warning-number>"

  ptxas info    : (C7508) Potential Performance Loss: 'setmaxnreg' ignored; unable to determine register count at entry.
  ptxas info    : (C7508) Potential Performance Loss: 'setmaxnreg' ignored; unable to determine register count at entry.
  /workspace/SuperGrok1.5/./csrc/algorithms/muon.h(76): warning #737-D: using-declaration ignored -- it refers to the current namespace
    using sg::algorithms::adamw_step;
          ^

  Remark: The warnings can be suppressed with "-diag-suppress <warning-number>"

  [16/56] /usr/local/cuda/bin/nvcc --generate-dependencies-with-compile --dependency-output /dev/shm/tmp/tmp4glokf2q.build-temp/csrc/fused/sm_90/mega_transformer_decoder_adamw.o.d -DWITH_CUDA -DWITH_CUTLASS -I/workspace/SuperGrok1.5/. -I/workspace/SuperGrok1.5/csrc/bindings -I/workspace/SuperGrok1.5/csrc -I/workspace/SuperGrok1.5/third_party/cutlass/include -I/workspace/SuperGrok1.5/third_party/cutlass/tools/util/include -I/usr/local/lib/python3.11/dist-packages/torch/include -I/usr/local/lib/python3.11/dist-packages/torch/include/torch/csrc/api/include -I/usr/local/lib/python3.11/dist-packages/torch/include/TH -I/usr/local/lib/python3.11/dist-packages/torch/include/THC -I/usr/local/cuda/include -I/workspace/venv/include -I/usr/include/python3.11 -c -c /workspace/SuperGrok1.5/csrc/fused/sm_90/mega_transformer_decoder_adamw.cu -o /dev/shm/tmp/tmp4glokf2q.build-temp/csrc/fused/sm_90/mega_transformer_decoder_adamw.o -D__CUDA_NO_HALF_OPERATORS__ -D__CUDA_NO_HALF_CONVERSIONS__ -D__CUDA_NO_BFLOAT16_CONVERSIONS__ -D__CUDA_NO_HALF2_OPERATORS__ --expt-relaxed-constexpr --compiler-options ''"'"'-fPIC'"'"'' -O3 --use_fast_math -std=c++17 -DWITH_CUDA --expt-relaxed-constexpr -lineinfo -Xptxas -O3 -Xptxas --warn-on-spills -Xcompiler -fPIC -gencode=arch=compute_90a,code=sm_90a -gencode=arch=compute_90,code=compute_90 -DWITH_CUTLASS -DCUTLASS_NVCC_ARCHS=90a -DTORCH_API_INCLUDE_EXTENSION_H '-DPYBIND11_COMPILER_TYPE="_gcc"' '-DPYBIND11_STDLIB="_libstdcpp"' '-DPYBIND11_BUILD_ABI="_cxxabi1011"' -DTORCH_EXTENSION_NAME=_ops -D_GLIBCXX_USE_CXX11_ABI=0
  /workspace/SuperGrok1.5/./csrc/algorithms/muon.h(76): warning #737-D: using-declaration ignored -- it refers to the current namespace
    using sg::algorithms::adamw_step;
          ^

  Remark: The warnings can be suppressed with "-diag-suppress <warning-number>"

  /workspace/SuperGrok1.5/./csrc/algorithms/muon.h(76): warning #737-D: using-declaration ignored -- it refers to the current namespace
    using sg::algorithms::adamw_step;
          ^

  Remark: The warnings can be suppressed with "-diag-suppress <warning-number>"

  ptxas info    : (C7508) Potential Performance Loss: 'setmaxnreg' ignored; unable to determine register count at entry.
  ptxas info    : (C7508) Potential Performance Loss: 'setmaxnreg' ignored; unable to determine register count at entry.
  /workspace/SuperGrok1.5/./csrc/algorithms/muon.h(76): warning #737-D: using-declaration ignored -- it refers to the current namespace
    using sg::algorithms::adamw_step;
          ^

  Remark: The warnings can be suppressed with "-diag-suppress <warning-number>"

  [17/56] /usr/local/cuda/bin/nvcc --generate-dependencies-with-compile --dependency-output /dev/shm/tmp/tmp4glokf2q.build-temp/csrc/fused/sm_90/mega_vit_prodigy.o.d -DWITH_CUDA -DWITH_CUTLASS -I/workspace/SuperGrok1.5/. -I/workspace/SuperGrok1.5/csrc/bindings -I/workspace/SuperGrok1.5/csrc -I/workspace/SuperGrok1.5/third_party/cutlass/include -I/workspace/SuperGrok1.5/third_party/cutlass/tools/util/include -I/usr/local/lib/python3.11/dist-packages/torch/include -I/usr/local/lib/python3.11/dist-packages/torch/include/torch/csrc/api/include -I/usr/local/lib/python3.11/dist-packages/torch/include/TH -I/usr/local/lib/python3.11/dist-packages/torch/include/THC -I/usr/local/cuda/include -I/workspace/venv/include -I/usr/include/python3.11 -c -c /workspace/SuperGrok1.5/csrc/fused/sm_90/mega_vit_prodigy.cu -o /dev/shm/tmp/tmp4glokf2q.build-temp/csrc/fused/sm_90/mega_vit_prodigy.o -D__CUDA_NO_HALF_OPERATORS__ -D__CUDA_NO_HALF_CONVERSIONS__ -D__CUDA_NO_BFLOAT16_CONVERSIONS__ -D__CUDA_NO_HALF2_OPERATORS__ --expt-relaxed-constexpr --compiler-options ''"'"'-fPIC'"'"'' -O3 --use_fast_math -std=c++17 -DWITH_CUDA --expt-relaxed-constexpr -lineinfo -Xptxas -O3 -Xptxas --warn-on-spills -Xcompiler -fPIC -gencode=arch=compute_90a,code=sm_90a -gencode=arch=compute_90,code=compute_90 -DWITH_CUTLASS -DCUTLASS_NVCC_ARCHS=90a -DTORCH_API_INCLUDE_EXTENSION_H '-DPYBIND11_COMPILER_TYPE="_gcc"' '-DPYBIND11_STDLIB="_libstdcpp"' '-DPYBIND11_BUILD_ABI="_cxxabi1011"' -DTORCH_EXTENSION_NAME=_ops -D_GLIBCXX_USE_CXX11_ABI=0
  /workspace/SuperGrok1.5/./csrc/algorithms/muon.h(76): warning #737-D: using-declaration ignored -- it refers to the current namespace
    using sg::algorithms::adamw_step;
          ^

  Remark: The warnings can be suppressed with "-diag-suppress <warning-number>"

  /workspace/SuperGrok1.5/./csrc/algorithms/muon.h(76): warning #737-D: using-declaration ignored -- it refers to the current namespace
    using sg::algorithms::adamw_step;
          ^

  Remark: The warnings can be suppressed with "-diag-suppress <warning-number>"

  ptxas info    : (C7508) Potential Performance Loss: 'setmaxnreg' ignored; unable to determine register count at entry.
  ptxas info    : (C7508) Potential Performance Loss: 'setmaxnreg' ignored; unable to determine register count at entry.
  /workspace/SuperGrok1.5/./csrc/algorithms/muon.h(76): warning #737-D: using-declaration ignored -- it refers to the current namespace
    using sg::algorithms::adamw_step;
          ^

  Remark: The warnings can be suppressed with "-diag-suppress <warning-number>"

  [18/56] /usr/local/cuda/bin/nvcc --generate-dependencies-with-compile --dependency-output /dev/shm/tmp/tmp4glokf2q.build-temp/csrc/fused/sm_90/mega_transformer_decoder_grokadamw.o.d -DWITH_CUDA -DWITH_CUTLASS -I/workspace/SuperGrok1.5/. -I/workspace/SuperGrok1.5/csrc/bindings -I/workspace/SuperGrok1.5/csrc -I/workspace/SuperGrok1.5/third_party/cutlass/include -I/workspace/SuperGrok1.5/third_party/cutlass/tools/util/include -I/usr/local/lib/python3.11/dist-packages/torch/include -I/usr/local/lib/python3.11/dist-packages/torch/include/torch/csrc/api/include -I/usr/local/lib/python3.11/dist-packages/torch/include/TH -I/usr/local/lib/python3.11/dist-packages/torch/include/THC -I/usr/local/cuda/include -I/workspace/venv/include -I/usr/include/python3.11 -c -c /workspace/SuperGrok1.5/csrc/fused/sm_90/mega_transformer_decoder_grokadamw.cu -o /dev/shm/tmp/tmp4glokf2q.build-temp/csrc/fused/sm_90/mega_transformer_decoder_grokadamw.o -D__CUDA_NO_HALF_OPERATORS__ -D__CUDA_NO_HALF_CONVERSIONS__ -D__CUDA_NO_BFLOAT16_CONVERSIONS__ -D__CUDA_NO_HALF2_OPERATORS__ --expt-relaxed-constexpr --compiler-options ''"'"'-fPIC'"'"'' -O3 --use_fast_math -std=c++17 -DWITH_CUDA --expt-relaxed-constexpr -lineinfo -Xptxas -O3 -Xptxas --warn-on-spills -Xcompiler -fPIC -gencode=arch=compute_90a,code=sm_90a -gencode=arch=compute_90,code=compute_90 -DWITH_CUTLASS -DCUTLASS_NVCC_ARCHS=90a -DTORCH_API_INCLUDE_EXTENSION_H '-DPYBIND11_COMPILER_TYPE="_gcc"' '-DPYBIND11_STDLIB="_libstdcpp"' '-DPYBIND11_BUILD_ABI="_cxxabi1011"' -DTORCH_EXTENSION_NAME=_ops -D_GLIBCXX_USE_CXX11_ABI=0
  /workspace/SuperGrok1.5/./csrc/algorithms/muon.h(76): warning #737-D: using-declaration ignored -- it refers to the current namespace
    using sg::algorithms::adamw_step;
          ^

  Remark: The warnings can be suppressed with "-diag-suppress <warning-number>"

  /workspace/SuperGrok1.5/./csrc/algorithms/muon.h(76): warning #737-D: using-declaration ignored -- it refers to the current namespace
    using sg::algorithms::adamw_step;
          ^

  Remark: The warnings can be suppressed with "-diag-suppress <warning-number>"

  ptxas info    : (C7508) Potential Performance Loss: 'setmaxnreg' ignored; unable to determine register count at entry.
  ptxas info    : (C7508) Potential Performance Loss: 'setmaxnreg' ignored; unable to determine register count at entry.
  /workspace/SuperGrok1.5/./csrc/algorithms/muon.h(76): warning #737-D: using-declaration ignored -- it refers to the current namespace
    using sg::algorithms::adamw_step;
          ^

  Remark: The warnings can be suppressed with "-diag-suppress <warning-number>"

  [19/56] /usr/local/cuda/bin/nvcc --generate-dependencies-with-compile --dependency-output /dev/shm/tmp/tmp4glokf2q.build-temp/csrc/fused/sm_90/mega_vit_muon.o.d -DWITH_CUDA -DWITH_CUTLASS -I/workspace/SuperGrok1.5/. -I/workspace/SuperGrok1.5/csrc/bindings -I/workspace/SuperGrok1.5/csrc -I/workspace/SuperGrok1.5/third_party/cutlass/include -I/workspace/SuperGrok1.5/third_party/cutlass/tools/util/include -I/usr/local/lib/python3.11/dist-packages/torch/include -I/usr/local/lib/python3.11/dist-packages/torch/include/torch/csrc/api/include -I/usr/local/lib/python3.11/dist-packages/torch/include/TH -I/usr/local/lib/python3.11/dist-packages/torch/include/THC -I/usr/local/cuda/include -I/workspace/venv/include -I/usr/include/python3.11 -c -c /workspace/SuperGrok1.5/csrc/fused/sm_90/mega_vit_muon.cu -o /dev/shm/tmp/tmp4glokf2q.build-temp/csrc/fused/sm_90/mega_vit_muon.o -D__CUDA_NO_HALF_OPERATORS__ -D__CUDA_NO_HALF_CONVERSIONS__ -D__CUDA_NO_BFLOAT16_CONVERSIONS__ -D__CUDA_NO_HALF2_OPERATORS__ --expt-relaxed-constexpr --compiler-options ''"'"'-fPIC'"'"'' -O3 --use_fast_math -std=c++17 -DWITH_CUDA --expt-relaxed-constexpr -lineinfo -Xptxas -O3 -Xptxas --warn-on-spills -Xcompiler -fPIC -gencode=arch=compute_90a,code=sm_90a -gencode=arch=compute_90,code=compute_90 -DWITH_CUTLASS -DCUTLASS_NVCC_ARCHS=90a -DTORCH_API_INCLUDE_EXTENSION_H '-DPYBIND11_COMPILER_TYPE="_gcc"' '-DPYBIND11_STDLIB="_libstdcpp"' '-DPYBIND11_BUILD_ABI="_cxxabi1011"' -DTORCH_EXTENSION_NAME=_ops -D_GLIBCXX_USE_CXX11_ABI=0
  /workspace/SuperGrok1.5/./csrc/algorithms/muon.h(76): warning #737-D: using-declaration ignored -- it refers to the current namespace
    using sg::algorithms::adamw_step;
          ^

  Remark: The warnings can be suppressed with "-diag-suppress <warning-number>"

  /workspace/SuperGrok1.5/./csrc/algorithms/muon.h(76): warning #737-D: using-declaration ignored -- it refers to the current namespace
    using sg::algorithms::adamw_step;
          ^

  Remark: The warnings can be suppressed with "-diag-suppress <warning-number>"

  ptxas info    : (C7508) Potential Performance Loss: 'setmaxnreg' ignored; unable to determine register count at entry.
  ptxas info    : (C7508) Potential Performance Loss: 'setmaxnreg' ignored; unable to determine register count at entry.
  /workspace/SuperGrok1.5/./csrc/algorithms/muon.h(76): warning #737-D: using-declaration ignored -- it refers to the current namespace
    using sg::algorithms::adamw_step;
          ^

  Remark: The warnings can be suppressed with "-diag-suppress <warning-number>"

  [20/56] /usr/local/cuda/bin/nvcc --generate-dependencies-with-compile --dependency-output /dev/shm/tmp/tmp4glokf2q.build-temp/csrc/fused/sm_90/mega_mamba3_prodigy.o.d -DWITH_CUDA -DWITH_CUTLASS -I/workspace/SuperGrok1.5/. -I/workspace/SuperGrok1.5/csrc/bindings -I/workspace/SuperGrok1.5/csrc -I/workspace/SuperGrok1.5/third_party/cutlass/include -I/workspace/SuperGrok1.5/third_party/cutlass/tools/util/include -I/usr/local/lib/python3.11/dist-packages/torch/include -I/usr/local/lib/python3.11/dist-packages/torch/include/torch/csrc/api/include -I/usr/local/lib/python3.11/dist-packages/torch/include/TH -I/usr/local/lib/python3.11/dist-packages/torch/include/THC -I/usr/local/cuda/include -I/workspace/venv/include -I/usr/include/python3.11 -c -c /workspace/SuperGrok1.5/csrc/fused/sm_90/mega_mamba3_prodigy.cu -o /dev/shm/tmp/tmp4glokf2q.build-temp/csrc/fused/sm_90/mega_mamba3_prodigy.o -D__CUDA_NO_HALF_OPERATORS__ -D__CUDA_NO_HALF_CONVERSIONS__ -D__CUDA_NO_BFLOAT16_CONVERSIONS__ -D__CUDA_NO_HALF2_OPERATORS__ --expt-relaxed-constexpr --compiler-options ''"'"'-fPIC'"'"'' -O3 --use_fast_math -std=c++17 -DWITH_CUDA --expt-relaxed-constexpr -lineinfo -Xptxas -O3 -Xptxas --warn-on-spills -Xcompiler -fPIC -gencode=arch=compute_90a,code=sm_90a -gencode=arch=compute_90,code=compute_90 -DWITH_CUTLASS -DCUTLASS_NVCC_ARCHS=90a -DTORCH_API_INCLUDE_EXTENSION_H '-DPYBIND11_COMPILER_TYPE="_gcc"' '-DPYBIND11_STDLIB="_libstdcpp"' '-DPYBIND11_BUILD_ABI="_cxxabi1011"' -DTORCH_EXTENSION_NAME=_ops -D_GLIBCXX_USE_CXX11_ABI=0
  /workspace/SuperGrok1.5/./csrc/algorithms/muon.h(76): warning #737-D: using-declaration ignored -- it refers to the current namespace
    using sg::algorithms::adamw_step;
          ^

  Remark: The warnings can be suppressed with "-diag-suppress <warning-number>"

  /workspace/SuperGrok1.5/./csrc/algorithms/muon.h(76): warning #737-D: using-declaration ignored -- it refers to the current namespace
    using sg::algorithms::adamw_step;
          ^

  Remark: The warnings can be suppressed with "-diag-suppress <warning-number>"

  ptxas info    : (C7508) Potential Performance Loss: 'setmaxnreg' ignored; unable to determine register count at entry.
  ptxas info    : (C7508) Potential Performance Loss: 'setmaxnreg' ignored; unable to determine register count at entry.
  /workspace/SuperGrok1.5/./csrc/algorithms/muon.h(76): warning #737-D: using-declaration ignored -- it refers to the current namespace
    using sg::algorithms::adamw_step;
          ^

  Remark: The warnings can be suppressed with "-diag-suppress <warning-number>"

  [21/56] /usr/local/cuda/bin/nvcc --generate-dependencies-with-compile --dependency-output /dev/shm/tmp/tmp4glokf2q.build-temp/csrc/fused/sm_90/mega_transformer_decoder_looksam.o.d -DWITH_CUDA -DWITH_CUTLASS -I/workspace/SuperGrok1.5/. -I/workspace/SuperGrok1.5/csrc/bindings -I/workspace/SuperGrok1.5/csrc -I/workspace/SuperGrok1.5/third_party/cutlass/include -I/workspace/SuperGrok1.5/third_party/cutlass/tools/util/include -I/usr/local/lib/python3.11/dist-packages/torch/include -I/usr/local/lib/python3.11/dist-packages/torch/include/torch/csrc/api/include -I/usr/local/lib/python3.11/dist-packages/torch/include/TH -I/usr/local/lib/python3.11/dist-packages/torch/include/THC -I/usr/local/cuda/include -I/workspace/venv/include -I/usr/include/python3.11 -c -c /workspace/SuperGrok1.5/csrc/fused/sm_90/mega_transformer_decoder_looksam.cu -o /dev/shm/tmp/tmp4glokf2q.build-temp/csrc/fused/sm_90/mega_transformer_decoder_looksam.o -D__CUDA_NO_HALF_OPERATORS__ -D__CUDA_NO_HALF_CONVERSIONS__ -D__CUDA_NO_BFLOAT16_CONVERSIONS__ -D__CUDA_NO_HALF2_OPERATORS__ --expt-relaxed-constexpr --compiler-options ''"'"'-fPIC'"'"'' -O3 --use_fast_math -std=c++17 -DWITH_CUDA --expt-relaxed-constexpr -lineinfo -Xptxas -O3 -Xptxas --warn-on-spills -Xcompiler -fPIC -gencode=arch=compute_90a,code=sm_90a -gencode=arch=compute_90,code=compute_90 -DWITH_CUTLASS -DCUTLASS_NVCC_ARCHS=90a -DTORCH_API_INCLUDE_EXTENSION_H '-DPYBIND11_COMPILER_TYPE="_gcc"' '-DPYBIND11_STDLIB="_libstdcpp"' '-DPYBIND11_BUILD_ABI="_cxxabi1011"' -DTORCH_EXTENSION_NAME=_ops -D_GLIBCXX_USE_CXX11_ABI=0
  /workspace/SuperGrok1.5/./csrc/algorithms/muon.h(76): warning #737-D: using-declaration ignored -- it refers to the current namespace
    using sg::algorithms::adamw_step;
          ^

  Remark: The warnings can be suppressed with "-diag-suppress <warning-number>"

  /workspace/SuperGrok1.5/./csrc/algorithms/muon.h(76): warning #737-D: using-declaration ignored -- it refers to the current namespace
    using sg::algorithms::adamw_step;
          ^

  Remark: The warnings can be suppressed with "-diag-suppress <warning-number>"

  ptxas info    : (C7508) Potential Performance Loss: 'setmaxnreg' ignored; unable to determine register count at entry.
  ptxas info    : (C7508) Potential Performance Loss: 'setmaxnreg' ignored; unable to determine register count at entry.
  /workspace/SuperGrok1.5/./csrc/algorithms/muon.h(76): warning #737-D: using-declaration ignored -- it refers to the current namespace
    using sg::algorithms::adamw_step;
          ^

  Remark: The warnings can be suppressed with "-diag-suppress <warning-number>"

  [22/56] /usr/local/cuda/bin/nvcc --generate-dependencies-with-compile --dependency-output /dev/shm/tmp/tmp4glokf2q.build-temp/csrc/fused/sm_90/mega_vit_neuralgrok.o.d -DWITH_CUDA -DWITH_CUTLASS -I/workspace/SuperGrok1.5/. -I/workspace/SuperGrok1.5/csrc/bindings -I/workspace/SuperGrok1.5/csrc -I/workspace/SuperGrok1.5/third_party/cutlass/include -I/workspace/SuperGrok1.5/third_party/cutlass/tools/util/include -I/usr/local/lib/python3.11/dist-packages/torch/include -I/usr/local/lib/python3.11/dist-packages/torch/include/torch/csrc/api/include -I/usr/local/lib/python3.11/dist-packages/torch/include/TH -I/usr/local/lib/python3.11/dist-packages/torch/include/THC -I/usr/local/cuda/include -I/workspace/venv/include -I/usr/include/python3.11 -c -c /workspace/SuperGrok1.5/csrc/fused/sm_90/mega_vit_neuralgrok.cu -o /dev/shm/tmp/tmp4glokf2q.build-temp/csrc/fused/sm_90/mega_vit_neuralgrok.o -D__CUDA_NO_HALF_OPERATORS__ -D__CUDA_NO_HALF_CONVERSIONS__ -D__CUDA_NO_BFLOAT16_CONVERSIONS__ -D__CUDA_NO_HALF2_OPERATORS__ --expt-relaxed-constexpr --compiler-options ''"'"'-fPIC'"'"'' -O3 --use_fast_math -std=c++17 -DWITH_CUDA --expt-relaxed-constexpr -lineinfo -Xptxas -O3 -Xptxas --warn-on-spills -Xcompiler -fPIC -gencode=arch=compute_90a,code=sm_90a -gencode=arch=compute_90,code=compute_90 -DWITH_CUTLASS -DCUTLASS_NVCC_ARCHS=90a -DTORCH_API_INCLUDE_EXTENSION_H '-DPYBIND11_COMPILER_TYPE="_gcc"' '-DPYBIND11_STDLIB="_libstdcpp"' '-DPYBIND11_BUILD_ABI="_cxxabi1011"' -DTORCH_EXTENSION_NAME=_ops -D_GLIBCXX_USE_CXX11_ABI=0
  /workspace/SuperGrok1.5/./csrc/algorithms/muon.h(76): warning #737-D: using-declaration ignored -- it refers to the current namespace
    using sg::algorithms::adamw_step;
          ^

  Remark: The warnings can be suppressed with "-diag-suppress <warning-number>"

  /workspace/SuperGrok1.5/./csrc/algorithms/muon.h(76): warning #737-D: using-declaration ignored -- it refers to the current namespace
    using sg::algorithms::adamw_step;
          ^

  Remark: The warnings can be suppressed with "-diag-suppress <warning-number>"

  ptxas info    : (C7508) Potential Performance Loss: 'setmaxnreg' ignored; unable to determine register count at entry.
  ptxas info    : (C7508) Potential Performance Loss: 'setmaxnreg' ignored; unable to determine register count at entry.
  /workspace/SuperGrok1.5/./csrc/algorithms/muon.h(76): warning #737-D: using-declaration ignored -- it refers to the current namespace
    using sg::algorithms::adamw_step;
          ^

  Remark: The warnings can be suppressed with "-diag-suppress <warning-number>"

  [23/56] /usr/local/cuda/bin/nvcc --generate-dependencies-with-compile --dependency-output /dev/shm/tmp/tmp4glokf2q.build-temp/csrc/backends/cuda/sm_90/launch_neuralgrok.o.d -DWITH_CUDA -DWITH_CUTLASS -I/workspace/SuperGrok1.5/. -I/workspace/SuperGrok1.5/csrc/bindings -I/workspace/SuperGrok1.5/csrc -I/workspace/SuperGrok1.5/third_party/cutlass/include -I/workspace/SuperGrok1.5/third_party/cutlass/tools/util/include -I/usr/local/lib/python3.11/dist-packages/torch/include -I/usr/local/lib/python3.11/dist-packages/torch/include/torch/csrc/api/include -I/usr/local/lib/python3.11/dist-packages/torch/include/TH -I/usr/local/lib/python3.11/dist-packages/torch/include/THC -I/usr/local/cuda/include -I/workspace/venv/include -I/usr/include/python3.11 -c -c /workspace/SuperGrok1.5/csrc/backends/cuda/sm_90/launch_neuralgrok.cu -o /dev/shm/tmp/tmp4glokf2q.build-temp/csrc/backends/cuda/sm_90/launch_neuralgrok.o -D__CUDA_NO_HALF_OPERATORS__ -D__CUDA_NO_HALF_CONVERSIONS__ -D__CUDA_NO_BFLOAT16_CONVERSIONS__ -D__CUDA_NO_HALF2_OPERATORS__ --expt-relaxed-constexpr --compiler-options ''"'"'-fPIC'"'"'' -O3 --use_fast_math -std=c++17 -DWITH_CUDA --expt-relaxed-constexpr -lineinfo -Xptxas -O3 -Xptxas --warn-on-spills -Xcompiler -fPIC -gencode=arch=compute_90a,code=sm_90a -gencode=arch=compute_90,code=compute_90 -DWITH_CUTLASS -DCUTLASS_NVCC_ARCHS=90a -DTORCH_API_INCLUDE_EXTENSION_H '-DPYBIND11_COMPILER_TYPE="_gcc"' '-DPYBIND11_STDLIB="_libstdcpp"' '-DPYBIND11_BUILD_ABI="_cxxabi1011"' -DTORCH_EXTENSION_NAME=_ops -D_GLIBCXX_USE_CXX11_ABI=0
  ptxas warning : Registers are spilled to local memory in function '_ZN2sg4sm9017neuralgrok_kernelIN3c108BFloat16ES3_Li1EEEvPT_PfS6_PKT0_PKfSB_SB_ffffffffffl', 16 bytes spill stores, 16 bytes spill loads
  ptxas warning : Registers are spilled to local memory in function '_ZN2sg4sm9017neuralgrok_kernelIN3c104HalfES3_Li1EEEvPT_PfS6_PKT0_PKfSB_SB_ffffffffffl', 16 bytes spill stores, 16 bytes spill loads
  ptxas warning : Registers are spilled to local memory in function '_ZN2sg4sm9017neuralgrok_kernelIffLi1EEEvPT_PfS4_PKT0_PKfS9_S9_ffffffffffl', 24 bytes spill stores, 24 bytes spill loads
  ptxas warning : Registers are spilled to local memory in function '_ZN2sg4sm9017neuralgrok_kernelIddLi1EEEvPT_PfS4_PKT0_PKfS9_S9_ffffffffffl', 36 bytes spill stores, 36 bytes spill loads
  [24/56] /usr/local/cuda/bin/nvcc --generate-dependencies-with-compile --dependency-output /dev/shm/tmp/tmp4glokf2q.build-temp/csrc/fused/sm_90/mega_mamba3_grokfast.o.d -DWITH_CUDA -DWITH_CUTLASS -I/workspace/SuperGrok1.5/. -I/workspace/SuperGrok1.5/csrc/bindings -I/workspace/SuperGrok1.5/csrc -I/workspace/SuperGrok1.5/third_party/cutlass/include -I/workspace/SuperGrok1.5/third_party/cutlass/tools/util/include -I/usr/local/lib/python3.11/dist-packages/torch/include -I/usr/local/lib/python3.11/dist-packages/torch/include/torch/csrc/api/include -I/usr/local/lib/python3.11/dist-packages/torch/include/TH -I/usr/local/lib/python3.11/dist-packages/torch/include/THC -I/usr/local/cuda/include -I/workspace/venv/include -I/usr/include/python3.11 -c -c /workspace/SuperGrok1.5/csrc/fused/sm_90/mega_mamba3_grokfast.cu -o /dev/shm/tmp/tmp4glokf2q.build-temp/csrc/fused/sm_90/mega_mamba3_grokfast.o -D__CUDA_NO_HALF_OPERATORS__ -D__CUDA_NO_HALF_CONVERSIONS__ -D__CUDA_NO_BFLOAT16_CONVERSIONS__ -D__CUDA_NO_HALF2_OPERATORS__ --expt-relaxed-constexpr --compiler-options ''"'"'-fPIC'"'"'' -O3 --use_fast_math -std=c++17 -DWITH_CUDA --expt-relaxed-constexpr -lineinfo -Xptxas -O3 -Xptxas --warn-on-spills -Xcompiler -fPIC -gencode=arch=compute_90a,code=sm_90a -gencode=arch=compute_90,code=compute_90 -DWITH_CUTLASS -DCUTLASS_NVCC_ARCHS=90a -DTORCH_API_INCLUDE_EXTENSION_H '-DPYBIND11_COMPILER_TYPE="_gcc"' '-DPYBIND11_STDLIB="_libstdcpp"' '-DPYBIND11_BUILD_ABI="_cxxabi1011"' -DTORCH_EXTENSION_NAME=_ops -D_GLIBCXX_USE_CXX11_ABI=0
  /workspace/SuperGrok1.5/./csrc/algorithms/muon.h(76): warning #737-D: using-declaration ignored -- it refers to the current namespace
    using sg::algorithms::adamw_step;
          ^

  Remark: The warnings can be suppressed with "-diag-suppress <warning-number>"

  /workspace/SuperGrok1.5/./csrc/algorithms/muon.h(76): warning #737-D: using-declaration ignored -- it refers to the current namespace
    using sg::algorithms::adamw_step;
          ^

  Remark: The warnings can be suppressed with "-diag-suppress <warning-number>"

  ptxas info    : (C7508) Potential Performance Loss: 'setmaxnreg' ignored; unable to determine register count at entry.
  ptxas info    : (C7508) Potential Performance Loss: 'setmaxnreg' ignored; unable to determine register count at entry.
  /workspace/SuperGrok1.5/./csrc/algorithms/muon.h(76): warning #737-D: using-declaration ignored -- it refers to the current namespace
    using sg::algorithms::adamw_step;
          ^

  Remark: The warnings can be suppressed with "-diag-suppress <warning-number>"

  [25/56] /usr/local/cuda/bin/nvcc --generate-dependencies-with-compile --dependency-output /dev/shm/tmp/tmp4glokf2q.build-temp/csrc/fused/sm_90/mega_vit_supergrok15.o.d -DWITH_CUDA -DWITH_CUTLASS -I/workspace/SuperGrok1.5/. -I/workspace/SuperGrok1.5/csrc/bindings -I/workspace/SuperGrok1.5/csrc -I/workspace/SuperGrok1.5/third_party/cutlass/include -I/workspace/SuperGrok1.5/third_party/cutlass/tools/util/include -I/usr/local/lib/python3.11/dist-packages/torch/include -I/usr/local/lib/python3.11/dist-packages/torch/include/torch/csrc/api/include -I/usr/local/lib/python3.11/dist-packages/torch/include/TH -I/usr/local/lib/python3.11/dist-packages/torch/include/THC -I/usr/local/cuda/include -I/workspace/venv/include -I/usr/include/python3.11 -c -c /workspace/SuperGrok1.5/csrc/fused/sm_90/mega_vit_supergrok15.cu -o /dev/shm/tmp/tmp4glokf2q.build-temp/csrc/fused/sm_90/mega_vit_supergrok15.o -D__CUDA_NO_HALF_OPERATORS__ -D__CUDA_NO_HALF_CONVERSIONS__ -D__CUDA_NO_BFLOAT16_CONVERSIONS__ -D__CUDA_NO_HALF2_OPERATORS__ --expt-relaxed-constexpr --compiler-options ''"'"'-fPIC'"'"'' -O3 --use_fast_math -std=c++17 -DWITH_CUDA --expt-relaxed-constexpr -lineinfo -Xptxas -O3 -Xptxas --warn-on-spills -Xcompiler -fPIC -gencode=arch=compute_90a,code=sm_90a -gencode=arch=compute_90,code=compute_90 -DWITH_CUTLASS -DCUTLASS_NVCC_ARCHS=90a -DTORCH_API_INCLUDE_EXTENSION_H '-DPYBIND11_COMPILER_TYPE="_gcc"' '-DPYBIND11_STDLIB="_libstdcpp"' '-DPYBIND11_BUILD_ABI="_cxxabi1011"' -DTORCH_EXTENSION_NAME=_ops -D_GLIBCXX_USE_CXX11_ABI=0
  /workspace/SuperGrok1.5/./csrc/algorithms/muon.h(76): warning #737-D: using-declaration ignored -- it refers to the current namespace
    using sg::algorithms::adamw_step;
          ^

  Remark: The warnings can be suppressed with "-diag-suppress <warning-number>"

  /workspace/SuperGrok1.5/./csrc/algorithms/muon.h(76): warning #737-D: using-declaration ignored -- it refers to the current namespace
    using sg::algorithms::adamw_step;
          ^

  Remark: The warnings can be suppressed with "-diag-suppress <warning-number>"

  ptxas info    : (C7508) Potential Performance Loss: 'setmaxnreg' ignored; unable to determine register count at entry.
  ptxas info    : (C7508) Potential Performance Loss: 'setmaxnreg' ignored; unable to determine register count at entry.
  /workspace/SuperGrok1.5/./csrc/algorithms/muon.h(76): warning #737-D: using-declaration ignored -- it refers to the current namespace
    using sg::algorithms::adamw_step;
          ^

  Remark: The warnings can be suppressed with "-diag-suppress <warning-number>"

  [26/56] /usr/local/cuda/bin/nvcc --generate-dependencies-with-compile --dependency-output /dev/shm/tmp/tmp4glokf2q.build-temp/csrc/backends/cuda/sm_90/launch_grokadamw.o.d -DWITH_CUDA -DWITH_CUTLASS -I/workspace/SuperGrok1.5/. -I/workspace/SuperGrok1.5/csrc/bindings -I/workspace/SuperGrok1.5/csrc -I/workspace/SuperGrok1.5/third_party/cutlass/include -I/workspace/SuperGrok1.5/third_party/cutlass/tools/util/include -I/usr/local/lib/python3.11/dist-packages/torch/include -I/usr/local/lib/python3.11/dist-packages/torch/include/torch/csrc/api/include -I/usr/local/lib/python3.11/dist-packages/torch/include/TH -I/usr/local/lib/python3.11/dist-packages/torch/include/THC -I/usr/local/cuda/include -I/workspace/venv/include -I/usr/include/python3.11 -c -c /workspace/SuperGrok1.5/csrc/backends/cuda/sm_90/launch_grokadamw.cu -o /dev/shm/tmp/tmp4glokf2q.build-temp/csrc/backends/cuda/sm_90/launch_grokadamw.o -D__CUDA_NO_HALF_OPERATORS__ -D__CUDA_NO_HALF_CONVERSIONS__ -D__CUDA_NO_BFLOAT16_CONVERSIONS__ -D__CUDA_NO_HALF2_OPERATORS__ --expt-relaxed-constexpr --compiler-options ''"'"'-fPIC'"'"'' -O3 --use_fast_math -std=c++17 -DWITH_CUDA --expt-relaxed-constexpr -lineinfo -Xptxas -O3 -Xptxas --warn-on-spills -Xcompiler -fPIC -gencode=arch=compute_90a,code=sm_90a -gencode=arch=compute_90,code=compute_90 -DWITH_CUTLASS -DCUTLASS_NVCC_ARCHS=90a -DTORCH_API_INCLUDE_EXTENSION_H '-DPYBIND11_COMPILER_TYPE="_gcc"' '-DPYBIND11_STDLIB="_libstdcpp"' '-DPYBIND11_BUILD_ABI="_cxxabi1011"' -DTORCH_EXTENSION_NAME=_ops -D_GLIBCXX_USE_CXX11_ABI=0
  [27/56] /usr/local/cuda/bin/nvcc --generate-dependencies-with-compile --dependency-output /dev/shm/tmp/tmp4glokf2q.build-temp/csrc/backends/cuda/sm_90/launch_looksam.o.d -DWITH_CUDA -DWITH_CUTLASS -I/workspace/SuperGrok1.5/. -I/workspace/SuperGrok1.5/csrc/bindings -I/workspace/SuperGrok1.5/csrc -I/workspace/SuperGrok1.5/third_party/cutlass/include -I/workspace/SuperGrok1.5/third_party/cutlass/tools/util/include -I/usr/local/lib/python3.11/dist-packages/torch/include -I/usr/local/lib/python3.11/dist-packages/torch/include/torch/csrc/api/include -I/usr/local/lib/python3.11/dist-packages/torch/include/TH -I/usr/local/lib/python3.11/dist-packages/torch/include/THC -I/usr/local/cuda/include -I/workspace/venv/include -I/usr/include/python3.11 -c -c /workspace/SuperGrok1.5/csrc/backends/cuda/sm_90/launch_looksam.cu -o /dev/shm/tmp/tmp4glokf2q.build-temp/csrc/backends/cuda/sm_90/launch_looksam.o -D__CUDA_NO_HALF_OPERATORS__ -D__CUDA_NO_HALF_CONVERSIONS__ -D__CUDA_NO_BFLOAT16_CONVERSIONS__ -D__CUDA_NO_HALF2_OPERATORS__ --expt-relaxed-constexpr --compiler-options ''"'"'-fPIC'"'"'' -O3 --use_fast_math -std=c++17 -DWITH_CUDA --expt-relaxed-constexpr -lineinfo -Xptxas -O3 -Xptxas --warn-on-spills -Xcompiler -fPIC -gencode=arch=compute_90a,code=sm_90a -gencode=arch=compute_90,code=compute_90 -DWITH_CUTLASS -DCUTLASS_NVCC_ARCHS=90a -DTORCH_API_INCLUDE_EXTENSION_H '-DPYBIND11_COMPILER_TYPE="_gcc"' '-DPYBIND11_STDLIB="_libstdcpp"' '-DPYBIND11_BUILD_ABI="_cxxabi1011"' -DTORCH_EXTENSION_NAME=_ops -D_GLIBCXX_USE_CXX11_ABI=0
  [28/56] /usr/local/cuda/bin/nvcc --generate-dependencies-with-compile --dependency-output /dev/shm/tmp/tmp4glokf2q.build-temp/csrc/fused/sm_90/sg2_meta_tail.o.d -DWITH_CUDA -DWITH_CUTLASS -I/workspace/SuperGrok1.5/. -I/workspace/SuperGrok1.5/csrc/bindings -I/workspace/SuperGrok1.5/csrc -I/workspace/SuperGrok1.5/third_party/cutlass/include -I/workspace/SuperGrok1.5/third_party/cutlass/tools/util/include -I/usr/local/lib/python3.11/dist-packages/torch/include -I/usr/local/lib/python3.11/dist-packages/torch/include/torch/csrc/api/include -I/usr/local/lib/python3.11/dist-packages/torch/include/TH -I/usr/local/lib/python3.11/dist-packages/torch/include/THC -I/usr/local/cuda/include -I/workspace/venv/include -I/usr/include/python3.11 -c -c /workspace/SuperGrok1.5/csrc/fused/sm_90/sg2_meta_tail.cu -o /dev/shm/tmp/tmp4glokf2q.build-temp/csrc/fused/sm_90/sg2_meta_tail.o -D__CUDA_NO_HALF_OPERATORS__ -D__CUDA_NO_HALF_CONVERSIONS__ -D__CUDA_NO_BFLOAT16_CONVERSIONS__ -D__CUDA_NO_HALF2_OPERATORS__ --expt-relaxed-constexpr --compiler-options ''"'"'-fPIC'"'"'' -O3 --use_fast_math -std=c++17 -DWITH_CUDA --expt-relaxed-constexpr -lineinfo -Xptxas -O3 -Xptxas --warn-on-spills -Xcompiler -fPIC -gencode=arch=compute_90a,code=sm_90a -gencode=arch=compute_90,code=compute_90 -DWITH_CUTLASS -DCUTLASS_NVCC_ARCHS=90a -DTORCH_API_INCLUDE_EXTENSION_H '-DPYBIND11_COMPILER_TYPE="_gcc"' '-DPYBIND11_STDLIB="_libstdcpp"' '-DPYBIND11_BUILD_ABI="_cxxabi1011"' -DTORCH_EXTENSION_NAME=_ops -D_GLIBCXX_USE_CXX11_ABI=0
  ptxas warning : Registers are spilled to local memory in function '_ZN2sg5fused4sm9029sg2_meta_optimizer_megakernelINS1_7SG2DimsILi8ELi2ELi4ELi144ELi16ELi4ELi4ELi4ELi8ELi16ELi128ELi4EEEffEEvNS0_17PersistentContextENS1_10SG2WeightsENS1_8SG2StateENS1_10SG2ScalarsEPT0_PKT1_PKf', 912 bytes spill stores, 908 bytes spill loads
  [29/56] /usr/local/cuda/bin/nvcc --generate-dependencies-with-compile --dependency-output /dev/shm/tmp/tmp4glokf2q.build-temp/csrc/backends/cuda/sm_90/launch_muon.o.d -DWITH_CUDA -DWITH_CUTLASS -I/workspace/SuperGrok1.5/. -I/workspace/SuperGrok1.5/csrc/bindings -I/workspace/SuperGrok1.5/csrc -I/workspace/SuperGrok1.5/third_party/cutlass/include -I/workspace/SuperGrok1.5/third_party/cutlass/tools/util/include -I/usr/local/lib/python3.11/dist-packages/torch/include -I/usr/local/lib/python3.11/dist-packages/torch/include/torch/csrc/api/include -I/usr/local/lib/python3.11/dist-packages/torch/include/TH -I/usr/local/lib/python3.11/dist-packages/torch/include/THC -I/usr/local/cuda/include -I/workspace/venv/include -I/usr/include/python3.11 -c -c /workspace/SuperGrok1.5/csrc/backends/cuda/sm_90/launch_muon.cu -o /dev/shm/tmp/tmp4glokf2q.build-temp/csrc/backends/cuda/sm_90/launch_muon.o -D__CUDA_NO_HALF_OPERATORS__ -D__CUDA_NO_HALF_CONVERSIONS__ -D__CUDA_NO_BFLOAT16_CONVERSIONS__ -D__CUDA_NO_HALF2_OPERATORS__ --expt-relaxed-constexpr --compiler-options ''"'"'-fPIC'"'"'' -O3 --use_fast_math -std=c++17 -DWITH_CUDA --expt-relaxed-constexpr -lineinfo -Xptxas -O3 -Xptxas --warn-on-spills -Xcompiler -fPIC -gencode=arch=compute_90a,code=sm_90a -gencode=arch=compute_90,code=compute_90 -DWITH_CUTLASS -DCUTLASS_NVCC_ARCHS=90a -DTORCH_API_INCLUDE_EXTENSION_H '-DPYBIND11_COMPILER_TYPE="_gcc"' '-DPYBIND11_STDLIB="_libstdcpp"' '-DPYBIND11_BUILD_ABI="_cxxabi1011"' -DTORCH_EXTENSION_NAME=_ops -D_GLIBCXX_USE_CXX11_ABI=0
  /workspace/SuperGrok1.5/./csrc/algorithms/muon.h(76): warning #737-D: using-declaration ignored -- it refers to the current namespace
    using sg::algorithms::adamw_step;
          ^

  Remark: The warnings can be suppressed with "-diag-suppress <warning-number>"

  /workspace/SuperGrok1.5/./csrc/algorithms/muon.h(76): warning #737-D: using-declaration ignored -- it refers to the current namespace
    using sg::algorithms::adamw_step;
          ^

  Remark: The warnings can be suppressed with "-diag-suppress <warning-number>"

  /workspace/SuperGrok1.5/./csrc/algorithms/muon.h(76): warning #737-D: using-declaration ignored -- it refers to the current namespace
    using sg::algorithms::adamw_step;
          ^

  Remark: The warnings can be suppressed with "-diag-suppress <warning-number>"

  [30/56] /usr/local/cuda/bin/nvcc --generate-dependencies-with-compile --dependency-output /dev/shm/tmp/tmp4glokf2q.build-temp/csrc/fused/sm_90/mega_vit_looksam.o.d -DWITH_CUDA -DWITH_CUTLASS -I/workspace/SuperGrok1.5/. -I/workspace/SuperGrok1.5/csrc/bindings -I/workspace/SuperGrok1.5/csrc -I/workspace/SuperGrok1.5/third_party/cutlass/include -I/workspace/SuperGrok1.5/third_party/cutlass/tools/util/include -I/usr/local/lib/python3.11/dist-packages/torch/include -I/usr/local/lib/python3.11/dist-packages/torch/include/torch/csrc/api/include -I/usr/local/lib/python3.11/dist-packages/torch/include/TH -I/usr/local/lib/python3.11/dist-packages/torch/include/THC -I/usr/local/cuda/include -I/workspace/venv/include -I/usr/include/python3.11 -c -c /workspace/SuperGrok1.5/csrc/fused/sm_90/mega_vit_looksam.cu -o /dev/shm/tmp/tmp4glokf2q.build-temp/csrc/fused/sm_90/mega_vit_looksam.o -D__CUDA_NO_HALF_OPERATORS__ -D__CUDA_NO_HALF_CONVERSIONS__ -D__CUDA_NO_BFLOAT16_CONVERSIONS__ -D__CUDA_NO_HALF2_OPERATORS__ --expt-relaxed-constexpr --compiler-options ''"'"'-fPIC'"'"'' -O3 --use_fast_math -std=c++17 -DWITH_CUDA --expt-relaxed-constexpr -lineinfo -Xptxas -O3 -Xptxas --warn-on-spills -Xcompiler -fPIC -gencode=arch=compute_90a,code=sm_90a -gencode=arch=compute_90,code=compute_90 -DWITH_CUTLASS -DCUTLASS_NVCC_ARCHS=90a -DTORCH_API_INCLUDE_EXTENSION_H '-DPYBIND11_COMPILER_TYPE="_gcc"' '-DPYBIND11_STDLIB="_libstdcpp"' '-DPYBIND11_BUILD_ABI="_cxxabi1011"' -DTORCH_EXTENSION_NAME=_ops -D_GLIBCXX_USE_CXX11_ABI=0
  /workspace/SuperGrok1.5/./csrc/algorithms/muon.h(76): warning #737-D: using-declaration ignored -- it refers to the current namespace
    using sg::algorithms::adamw_step;
          ^

  Remark: The warnings can be suppressed with "-diag-suppress <warning-number>"

  /workspace/SuperGrok1.5/./csrc/algorithms/muon.h(76): warning #737-D: using-declaration ignored -- it refers to the current namespace
    using sg::algorithms::adamw_step;
          ^

  Remark: The warnings can be suppressed with "-diag-suppress <warning-number>"

  ptxas info    : (C7508) Potential Performance Loss: 'setmaxnreg' ignored; unable to determine register count at entry.
  ptxas info    : (C7508) Potential Performance Loss: 'setmaxnreg' ignored; unable to determine register count at entry.
  /workspace/SuperGrok1.5/./csrc/algorithms/muon.h(76): warning #737-D: using-declaration ignored -- it refers to the current namespace
    using sg::algorithms::adamw_step;
          ^

  Remark: The warnings can be suppressed with "-diag-suppress <warning-number>"

  [31/56] /usr/local/cuda/bin/nvcc --generate-dependencies-with-compile --dependency-output /dev/shm/tmp/tmp4glokf2q.build-temp/csrc/fused/sm_90/mega_mamba3_supergrok2.o.d -DWITH_CUDA -DWITH_CUTLASS -I/workspace/SuperGrok1.5/. -I/workspace/SuperGrok1.5/csrc/bindings -I/workspace/SuperGrok1.5/csrc -I/workspace/SuperGrok1.5/third_party/cutlass/include -I/workspace/SuperGrok1.5/third_party/cutlass/tools/util/include -I/usr/local/lib/python3.11/dist-packages/torch/include -I/usr/local/lib/python3.11/dist-packages/torch/include/torch/csrc/api/include -I/usr/local/lib/python3.11/dist-packages/torch/include/TH -I/usr/local/lib/python3.11/dist-packages/torch/include/THC -I/usr/local/cuda/include -I/workspace/venv/include -I/usr/include/python3.11 -c -c /workspace/SuperGrok1.5/csrc/fused/sm_90/mega_mamba3_supergrok2.cu -o /dev/shm/tmp/tmp4glokf2q.build-temp/csrc/fused/sm_90/mega_mamba3_supergrok2.o -D__CUDA_NO_HALF_OPERATORS__ -D__CUDA_NO_HALF_CONVERSIONS__ -D__CUDA_NO_BFLOAT16_CONVERSIONS__ -D__CUDA_NO_HALF2_OPERATORS__ --expt-relaxed-constexpr --compiler-options ''"'"'-fPIC'"'"'' -O3 --use_fast_math -std=c++17 -DWITH_CUDA --expt-relaxed-constexpr -lineinfo -Xptxas -O3 -Xptxas --warn-on-spills -Xcompiler -fPIC -gencode=arch=compute_90a,code=sm_90a -gencode=arch=compute_90,code=compute_90 -DWITH_CUTLASS -DCUTLASS_NVCC_ARCHS=90a -DTORCH_API_INCLUDE_EXTENSION_H '-DPYBIND11_COMPILER_TYPE="_gcc"' '-DPYBIND11_STDLIB="_libstdcpp"' '-DPYBIND11_BUILD_ABI="_cxxabi1011"' -DTORCH_EXTENSION_NAME=_ops -D_GLIBCXX_USE_CXX11_ABI=0
  /workspace/SuperGrok1.5/./csrc/algorithms/muon.h(76): warning #737-D: using-declaration ignored -- it refers to the current namespace
    using sg::algorithms::adamw_step;
          ^

  Remark: The warnings can be suppressed with "-diag-suppress <warning-number>"

  /workspace/SuperGrok1.5/./csrc/algorithms/muon.h(76): warning #737-D: using-declaration ignored -- it refers to the current namespace
    using sg::algorithms::adamw_step;
          ^

  Remark: The warnings can be suppressed with "-diag-suppress <warning-number>"

  ptxas info    : (C7508) Potential Performance Loss: 'setmaxnreg' ignored; unable to determine register count at entry.
  ptxas info    : (C7508) Potential Performance Loss: 'setmaxnreg' ignored; unable to determine register count at entry.
  /workspace/SuperGrok1.5/./csrc/algorithms/muon.h(76): warning #737-D: using-declaration ignored -- it refers to the current namespace
    using sg::algorithms::adamw_step;
          ^

  Remark: The warnings can be suppressed with "-diag-suppress <warning-number>"

  [32/56] /usr/local/cuda/bin/nvcc --generate-dependencies-with-compile --dependency-output /dev/shm/tmp/tmp4glokf2q.build-temp/csrc/fused/sm_90/mega_vit_real_adamw.o.d -DWITH_CUDA -DWITH_CUTLASS -I/workspace/SuperGrok1.5/. -I/workspace/SuperGrok1.5/csrc/bindings -I/workspace/SuperGrok1.5/csrc -I/workspace/SuperGrok1.5/third_party/cutlass/include -I/workspace/SuperGrok1.5/third_party/cutlass/tools/util/include -I/usr/local/lib/python3.11/dist-packages/torch/include -I/usr/local/lib/python3.11/dist-packages/torch/include/torch/csrc/api/include -I/usr/local/lib/python3.11/dist-packages/torch/include/TH -I/usr/local/lib/python3.11/dist-packages/torch/include/THC -I/usr/local/cuda/include -I/workspace/venv/include -I/usr/include/python3.11 -c -c /workspace/SuperGrok1.5/csrc/fused/sm_90/mega_vit_real_adamw.cu -o /dev/shm/tmp/tmp4glokf2q.build-temp/csrc/fused/sm_90/mega_vit_real_adamw.o -D__CUDA_NO_HALF_OPERATORS__ -D__CUDA_NO_HALF_CONVERSIONS__ -D__CUDA_NO_BFLOAT16_CONVERSIONS__ -D__CUDA_NO_HALF2_OPERATORS__ --expt-relaxed-constexpr --compiler-options ''"'"'-fPIC'"'"'' -O3 --use_fast_math -std=c++17 -DWITH_CUDA --expt-relaxed-constexpr -lineinfo -Xptxas -O3 -Xptxas --warn-on-spills -Xcompiler -fPIC -gencode=arch=compute_90a,code=sm_90a -gencode=arch=compute_90,code=compute_90 -DWITH_CUTLASS -DCUTLASS_NVCC_ARCHS=90a -DTORCH_API_INCLUDE_EXTENSION_H '-DPYBIND11_COMPILER_TYPE="_gcc"' '-DPYBIND11_STDLIB="_libstdcpp"' '-DPYBIND11_BUILD_ABI="_cxxabi1011"' -DTORCH_EXTENSION_NAME=_ops -D_GLIBCXX_USE_CXX11_ABI=0
  /workspace/SuperGrok1.5/./csrc/algorithms/muon.h(76): warning #737-D: using-declaration ignored -- it refers to the current namespace
    using sg::algorithms::adamw_step;
          ^

  Remark: The warnings can be suppressed with "-diag-suppress <warning-number>"

  /workspace/SuperGrok1.5/./csrc/algorithms/muon.h(76): warning #737-D: using-declaration ignored -- it refers to the current namespace
    using sg::algorithms::adamw_step;
          ^

  Remark: The warnings can be suppressed with "-diag-suppress <warning-number>"

  ptxas info    : (C7508) Potential Performance Loss: 'setmaxnreg' ignored; unable to determine register count at entry.
  /workspace/SuperGrok1.5/./csrc/algorithms/muon.h(76): warning #737-D: using-declaration ignored -- it refers to the current namespace
    using sg::algorithms::adamw_step;
          ^

  Remark: The warnings can be suppressed with "-diag-suppress <warning-number>"

  [33/56] /usr/local/cuda/bin/nvcc --generate-dependencies-with-compile --dependency-output /dev/shm/tmp/tmp4glokf2q.build-temp/csrc/backends/cuda/sm_90/launch_supergrok11.o.d -DWITH_CUDA -DWITH_CUTLASS -I/workspace/SuperGrok1.5/. -I/workspace/SuperGrok1.5/csrc/bindings -I/workspace/SuperGrok1.5/csrc -I/workspace/SuperGrok1.5/third_party/cutlass/include -I/workspace/SuperGrok1.5/third_party/cutlass/tools/util/include -I/usr/local/lib/python3.11/dist-packages/torch/include -I/usr/local/lib/python3.11/dist-packages/torch/include/torch/csrc/api/include -I/usr/local/lib/python3.11/dist-packages/torch/include/TH -I/usr/local/lib/python3.11/dist-packages/torch/include/THC -I/usr/local/cuda/include -I/workspace/venv/include -I/usr/include/python3.11 -c -c /workspace/SuperGrok1.5/csrc/backends/cuda/sm_90/launch_supergrok11.cu -o /dev/shm/tmp/tmp4glokf2q.build-temp/csrc/backends/cuda/sm_90/launch_supergrok11.o -D__CUDA_NO_HALF_OPERATORS__ -D__CUDA_NO_HALF_CONVERSIONS__ -D__CUDA_NO_BFLOAT16_CONVERSIONS__ -D__CUDA_NO_HALF2_OPERATORS__ --expt-relaxed-constexpr --compiler-options ''"'"'-fPIC'"'"'' -O3 --use_fast_math -std=c++17 -DWITH_CUDA --expt-relaxed-constexpr -lineinfo -Xptxas -O3 -Xptxas --warn-on-spills -Xcompiler -fPIC -gencode=arch=compute_90a,code=sm_90a -gencode=arch=compute_90,code=compute_90 -DWITH_CUTLASS -DCUTLASS_NVCC_ARCHS=90a -DTORCH_API_INCLUDE_EXTENSION_H '-DPYBIND11_COMPILER_TYPE="_gcc"' '-DPYBIND11_STDLIB="_libstdcpp"' '-DPYBIND11_BUILD_ABI="_cxxabi1011"' -DTORCH_EXTENSION_NAME=_ops -D_GLIBCXX_USE_CXX11_ABI=0
  ptxas warning : Registers are spilled to local memory in function '_ZN2sg4sm9022sg11_mu_metanet_kernelIN3c108BFloat16EEEvPfPKT_PKfS4_fS9_S9_S9_ffl', 108 bytes spill stores, 108 bytes spill loads
  ptxas warning : Registers are spilled to local memory in function '_ZN2sg4sm9022sg11_mu_metanet_kernelIN3c104HalfEEEvPfPKT_PKfS4_fS9_S9_S9_ffl', 108 bytes spill stores, 108 bytes spill loads
  ptxas warning : Registers are spilled to local memory in function '_ZN2sg4sm9022sg11_mu_metanet_kernelIfEEvPfPKT_PKfS2_fS7_S7_S7_ffl', 108 bytes spill stores, 108 bytes spill loads
  ptxas warning : Registers are spilled to local memory in function '_ZN2sg4sm9022sg11_mu_metanet_kernelIdEEvPfPKT_PKfS2_fS7_S7_S7_ffl', 108 bytes spill stores, 108 bytes spill loads
  [34/56] /usr/local/cuda/bin/nvcc --generate-dependencies-with-compile --dependency-output /dev/shm/tmp/tmp4glokf2q.build-temp/csrc/backends/cuda/sm_90/launch_adamw.o.d -DWITH_CUDA -DWITH_CUTLASS -I/workspace/SuperGrok1.5/. -I/workspace/SuperGrok1.5/csrc/bindings -I/workspace/SuperGrok1.5/csrc -I/workspace/SuperGrok1.5/third_party/cutlass/include -I/workspace/SuperGrok1.5/third_party/cutlass/tools/util/include -I/usr/local/lib/python3.11/dist-packages/torch/include -I/usr/local/lib/python3.11/dist-packages/torch/include/torch/csrc/api/include -I/usr/local/lib/python3.11/dist-packages/torch/include/TH -I/usr/local/lib/python3.11/dist-packages/torch/include/THC -I/usr/local/cuda/include -I/workspace/venv/include -I/usr/include/python3.11 -c -c /workspace/SuperGrok1.5/csrc/backends/cuda/sm_90/launch_adamw.cu -o /dev/shm/tmp/tmp4glokf2q.build-temp/csrc/backends/cuda/sm_90/launch_adamw.o -D__CUDA_NO_HALF_OPERATORS__ -D__CUDA_NO_HALF_CONVERSIONS__ -D__CUDA_NO_BFLOAT16_CONVERSIONS__ -D__CUDA_NO_HALF2_OPERATORS__ --expt-relaxed-constexpr --compiler-options ''"'"'-fPIC'"'"'' -O3 --use_fast_math -std=c++17 -DWITH_CUDA --expt-relaxed-constexpr -lineinfo -Xptxas -O3 -Xptxas --warn-on-spills -Xcompiler -fPIC -gencode=arch=compute_90a,code=sm_90a -gencode=arch=compute_90,code=compute_90 -DWITH_CUTLASS -DCUTLASS_NVCC_ARCHS=90a -DTORCH_API_INCLUDE_EXTENSION_H '-DPYBIND11_COMPILER_TYPE="_gcc"' '-DPYBIND11_STDLIB="_libstdcpp"' '-DPYBIND11_BUILD_ABI="_cxxabi1011"' -DTORCH_EXTENSION_NAME=_ops -D_GLIBCXX_USE_CXX11_ABI=0
  [35/56] /usr/local/cuda/bin/nvcc --generate-dependencies-with-compile --dependency-output /dev/shm/tmp/tmp4glokf2q.build-temp/csrc/backends/cuda/sm_90/launch_prodigy.o.d -DWITH_CUDA -DWITH_CUTLASS -I/workspace/SuperGrok1.5/. -I/workspace/SuperGrok1.5/csrc/bindings -I/workspace/SuperGrok1.5/csrc -I/workspace/SuperGrok1.5/third_party/cutlass/include -I/workspace/SuperGrok1.5/third_party/cutlass/tools/util/include -I/usr/local/lib/python3.11/dist-packages/torch/include -I/usr/local/lib/python3.11/dist-packages/torch/include/torch/csrc/api/include -I/usr/local/lib/python3.11/dist-packages/torch/include/TH -I/usr/local/lib/python3.11/dist-packages/torch/include/THC -I/usr/local/cuda/include -I/workspace/venv/include -I/usr/include/python3.11 -c -c /workspace/SuperGrok1.5/csrc/backends/cuda/sm_90/launch_prodigy.cu -o /dev/shm/tmp/tmp4glokf2q.build-temp/csrc/backends/cuda/sm_90/launch_prodigy.o -D__CUDA_NO_HALF_OPERATORS__ -D__CUDA_NO_HALF_CONVERSIONS__ -D__CUDA_NO_BFLOAT16_CONVERSIONS__ -D__CUDA_NO_HALF2_OPERATORS__ --expt-relaxed-constexpr --compiler-options ''"'"'-fPIC'"'"'' -O3 --use_fast_math -std=c++17 -DWITH_CUDA --expt-relaxed-constexpr -lineinfo -Xptxas -O3 -Xptxas --warn-on-spills -Xcompiler -fPIC -gencode=arch=compute_90a,code=sm_90a -gencode=arch=compute_90,code=compute_90 -DWITH_CUTLASS -DCUTLASS_NVCC_ARCHS=90a -DTORCH_API_INCLUDE_EXTENSION_H '-DPYBIND11_COMPILER_TYPE="_gcc"' '-DPYBIND11_STDLIB="_libstdcpp"' '-DPYBIND11_BUILD_ABI="_cxxabi1011"' -DTORCH_EXTENSION_NAME=_ops -D_GLIBCXX_USE_CXX11_ABI=0
  [36/56] /usr/local/cuda/bin/nvcc --generate-dependencies-with-compile --dependency-output /dev/shm/tmp/tmp4glokf2q.build-temp/csrc/fused/sm_90/mega_vit_supergrok2.o.d -DWITH_CUDA -DWITH_CUTLASS -I/workspace/SuperGrok1.5/. -I/workspace/SuperGrok1.5/csrc/bindings -I/workspace/SuperGrok1.5/csrc -I/workspace/SuperGrok1.5/third_party/cutlass/include -I/workspace/SuperGrok1.5/third_party/cutlass/tools/util/include -I/usr/local/lib/python3.11/dist-packages/torch/include -I/usr/local/lib/python3.11/dist-packages/torch/include/torch/csrc/api/include -I/usr/local/lib/python3.11/dist-packages/torch/include/TH -I/usr/local/lib/python3.11/dist-packages/torch/include/THC -I/usr/local/cuda/include -I/workspace/venv/include -I/usr/include/python3.11 -c -c /workspace/SuperGrok1.5/csrc/fused/sm_90/mega_vit_supergrok2.cu -o /dev/shm/tmp/tmp4glokf2q.build-temp/csrc/fused/sm_90/mega_vit_supergrok2.o -D__CUDA_NO_HALF_OPERATORS__ -D__CUDA_NO_HALF_CONVERSIONS__ -D__CUDA_NO_BFLOAT16_CONVERSIONS__ -D__CUDA_NO_HALF2_OPERATORS__ --expt-relaxed-constexpr --compiler-options ''"'"'-fPIC'"'"'' -O3 --use_fast_math -std=c++17 -DWITH_CUDA --expt-relaxed-constexpr -lineinfo -Xptxas -O3 -Xptxas --warn-on-spills -Xcompiler -fPIC -gencode=arch=compute_90a,code=sm_90a -gencode=arch=compute_90,code=compute_90 -DWITH_CUTLASS -DCUTLASS_NVCC_ARCHS=90a -DTORCH_API_INCLUDE_EXTENSION_H '-DPYBIND11_COMPILER_TYPE="_gcc"' '-DPYBIND11_STDLIB="_libstdcpp"' '-DPYBIND11_BUILD_ABI="_cxxabi1011"' -DTORCH_EXTENSION_NAME=_ops -D_GLIBCXX_USE_CXX11_ABI=0
  /workspace/SuperGrok1.5/./csrc/algorithms/muon.h(76): warning #737-D: using-declaration ignored -- it refers to the current namespace
    using sg::algorithms::adamw_step;
          ^

  Remark: The warnings can be suppressed with "-diag-suppress <warning-number>"

  /workspace/SuperGrok1.5/./csrc/algorithms/muon.h(76): warning #737-D: using-declaration ignored -- it refers to the current namespace
    using sg::algorithms::adamw_step;
          ^

  Remark: The warnings can be suppressed with "-diag-suppress <warning-number>"

  ptxas info    : (C7508) Potential Performance Loss: 'setmaxnreg' ignored; unable to determine register count at entry.
  ptxas info    : (C7508) Potential Performance Loss: 'setmaxnreg' ignored; unable to determine register count at entry.
  /workspace/SuperGrok1.5/./csrc/algorithms/muon.h(76): warning #737-D: using-declaration ignored -- it refers to the current namespace
    using sg::algorithms::adamw_step;
          ^

  Remark: The warnings can be suppressed with "-diag-suppress <warning-number>"

  [37/56] /usr/local/cuda/bin/nvcc --generate-dependencies-with-compile --dependency-output /dev/shm/tmp/tmp4glokf2q.build-temp/csrc/fused/sm_90/mega_transformer_decoder_lion.o.d -DWITH_CUDA -DWITH_CUTLASS -I/workspace/SuperGrok1.5/. -I/workspace/SuperGrok1.5/csrc/bindings -I/workspace/SuperGrok1.5/csrc -I/workspace/SuperGrok1.5/third_party/cutlass/include -I/workspace/SuperGrok1.5/third_party/cutlass/tools/util/include -I/usr/local/lib/python3.11/dist-packages/torch/include -I/usr/local/lib/python3.11/dist-packages/torch/include/torch/csrc/api/include -I/usr/local/lib/python3.11/dist-packages/torch/include/TH -I/usr/local/lib/python3.11/dist-packages/torch/include/THC -I/usr/local/cuda/include -I/workspace/venv/include -I/usr/include/python3.11 -c -c /workspace/SuperGrok1.5/csrc/fused/sm_90/mega_transformer_decoder_lion.cu -o /dev/shm/tmp/tmp4glokf2q.build-temp/csrc/fused/sm_90/mega_transformer_decoder_lion.o -D__CUDA_NO_HALF_OPERATORS__ -D__CUDA_NO_HALF_CONVERSIONS__ -D__CUDA_NO_BFLOAT16_CONVERSIONS__ -D__CUDA_NO_HALF2_OPERATORS__ --expt-relaxed-constexpr --compiler-options ''"'"'-fPIC'"'"'' -O3 --use_fast_math -std=c++17 -DWITH_CUDA --expt-relaxed-constexpr -lineinfo -Xptxas -O3 -Xptxas --warn-on-spills -Xcompiler -fPIC -gencode=arch=compute_90a,code=sm_90a -gencode=arch=compute_90,code=compute_90 -DWITH_CUTLASS -DCUTLASS_NVCC_ARCHS=90a -DTORCH_API_INCLUDE_EXTENSION_H '-DPYBIND11_COMPILER_TYPE="_gcc"' '-DPYBIND11_STDLIB="_libstdcpp"' '-DPYBIND11_BUILD_ABI="_cxxabi1011"' -DTORCH_EXTENSION_NAME=_ops -D_GLIBCXX_USE_CXX11_ABI=0
  /workspace/SuperGrok1.5/./csrc/algorithms/muon.h(76): warning #737-D: using-declaration ignored -- it refers to the current namespace
    using sg::algorithms::adamw_step;
          ^

  Remark: The warnings can be suppressed with "-diag-suppress <warning-number>"

  /workspace/SuperGrok1.5/./csrc/algorithms/muon.h(76): warning #737-D: using-declaration ignored -- it refers to the current namespace
    using sg::algorithms::adamw_step;
          ^

  Remark: The warnings can be suppressed with "-diag-suppress <warning-number>"

  ptxas info    : (C7508) Potential Performance Loss: 'setmaxnreg' ignored; unable to determine register count at entry.
  ptxas info    : (C7508) Potential Performance Loss: 'setmaxnreg' ignored; unable to determine register count at entry.
  /workspace/SuperGrok1.5/./csrc/algorithms/muon.h(76): warning #737-D: using-declaration ignored -- it refers to the current namespace
    using sg::algorithms::adamw_step;
          ^

  Remark: The warnings can be suppressed with "-diag-suppress <warning-number>"

  [38/56] /usr/local/cuda/bin/nvcc --generate-dependencies-with-compile --dependency-output /dev/shm/tmp/tmp4glokf2q.build-temp/csrc/fused/sm_90/mega_vit_grokadamw.o.d -DWITH_CUDA -DWITH_CUTLASS -I/workspace/SuperGrok1.5/. -I/workspace/SuperGrok1.5/csrc/bindings -I/workspace/SuperGrok1.5/csrc -I/workspace/SuperGrok1.5/third_party/cutlass/include -I/workspace/SuperGrok1.5/third_party/cutlass/tools/util/include -I/usr/local/lib/python3.11/dist-packages/torch/include -I/usr/local/lib/python3.11/dist-packages/torch/include/torch/csrc/api/include -I/usr/local/lib/python3.11/dist-packages/torch/include/TH -I/usr/local/lib/python3.11/dist-packages/torch/include/THC -I/usr/local/cuda/include -I/workspace/venv/include -I/usr/include/python3.11 -c -c /workspace/SuperGrok1.5/csrc/fused/sm_90/mega_vit_grokadamw.cu -o /dev/shm/tmp/tmp4glokf2q.build-temp/csrc/fused/sm_90/mega_vit_grokadamw.o -D__CUDA_NO_HALF_OPERATORS__ -D__CUDA_NO_HALF_CONVERSIONS__ -D__CUDA_NO_BFLOAT16_CONVERSIONS__ -D__CUDA_NO_HALF2_OPERATORS__ --expt-relaxed-constexpr --compiler-options ''"'"'-fPIC'"'"'' -O3 --use_fast_math -std=c++17 -DWITH_CUDA --expt-relaxed-constexpr -lineinfo -Xptxas -O3 -Xptxas --warn-on-spills -Xcompiler -fPIC -gencode=arch=compute_90a,code=sm_90a -gencode=arch=compute_90,code=compute_90 -DWITH_CUTLASS -DCUTLASS_NVCC_ARCHS=90a -DTORCH_API_INCLUDE_EXTENSION_H '-DPYBIND11_COMPILER_TYPE="_gcc"' '-DPYBIND11_STDLIB="_libstdcpp"' '-DPYBIND11_BUILD_ABI="_cxxabi1011"' -DTORCH_EXTENSION_NAME=_ops -D_GLIBCXX_USE_CXX11_ABI=0
  /workspace/SuperGrok1.5/./csrc/algorithms/muon.h(76): warning #737-D: using-declaration ignored -- it refers to the current namespace
    using sg::algorithms::adamw_step;
          ^

  Remark: The warnings can be suppressed with "-diag-suppress <warning-number>"

  /workspace/SuperGrok1.5/./csrc/algorithms/muon.h(76): warning #737-D: using-declaration ignored -- it refers to the current namespace
    using sg::algorithms::adamw_step;
          ^

  Remark: The warnings can be suppressed with "-diag-suppress <warning-number>"

  ptxas info    : (C7508) Potential Performance Loss: 'setmaxnreg' ignored; unable to determine register count at entry.
  ptxas info    : (C7508) Potential Performance Loss: 'setmaxnreg' ignored; unable to determine register count at entry.
  /workspace/SuperGrok1.5/./csrc/algorithms/muon.h(76): warning #737-D: using-declaration ignored -- it refers to the current namespace
    using sg::algorithms::adamw_step;
          ^

  Remark: The warnings can be suppressed with "-diag-suppress <warning-number>"

  [39/56] /usr/local/cuda/bin/nvcc --generate-dependencies-with-compile --dependency-output /dev/shm/tmp/tmp4glokf2q.build-temp/csrc/fused/sm_90/mega_mamba3_grokadamw.o.d -DWITH_CUDA -DWITH_CUTLASS -I/workspace/SuperGrok1.5/. -I/workspace/SuperGrok1.5/csrc/bindings -I/workspace/SuperGrok1.5/csrc -I/workspace/SuperGrok1.5/third_party/cutlass/include -I/workspace/SuperGrok1.5/third_party/cutlass/tools/util/include -I/usr/local/lib/python3.11/dist-packages/torch/include -I/usr/local/lib/python3.11/dist-packages/torch/include/torch/csrc/api/include -I/usr/local/lib/python3.11/dist-packages/torch/include/TH -I/usr/local/lib/python3.11/dist-packages/torch/include/THC -I/usr/local/cuda/include -I/workspace/venv/include -I/usr/include/python3.11 -c -c /workspace/SuperGrok1.5/csrc/fused/sm_90/mega_mamba3_grokadamw.cu -o /dev/shm/tmp/tmp4glokf2q.build-temp/csrc/fused/sm_90/mega_mamba3_grokadamw.o -D__CUDA_NO_HALF_OPERATORS__ -D__CUDA_NO_HALF_CONVERSIONS__ -D__CUDA_NO_BFLOAT16_CONVERSIONS__ -D__CUDA_NO_HALF2_OPERATORS__ --expt-relaxed-constexpr --compiler-options ''"'"'-fPIC'"'"'' -O3 --use_fast_math -std=c++17 -DWITH_CUDA --expt-relaxed-constexpr -lineinfo -Xptxas -O3 -Xptxas --warn-on-spills -Xcompiler -fPIC -gencode=arch=compute_90a,code=sm_90a -gencode=arch=compute_90,code=compute_90 -DWITH_CUTLASS -DCUTLASS_NVCC_ARCHS=90a -DTORCH_API_INCLUDE_EXTENSION_H '-DPYBIND11_COMPILER_TYPE="_gcc"' '-DPYBIND11_STDLIB="_libstdcpp"' '-DPYBIND11_BUILD_ABI="_cxxabi1011"' -DTORCH_EXTENSION_NAME=_ops -D_GLIBCXX_USE_CXX11_ABI=0
  /workspace/SuperGrok1.5/./csrc/algorithms/muon.h(76): warning #737-D: using-declaration ignored -- it refers to the current namespace
    using sg::algorithms::adamw_step;
          ^

  Remark: The warnings can be suppressed with "-diag-suppress <warning-number>"

  /workspace/SuperGrok1.5/./csrc/algorithms/muon.h(76): warning #737-D: using-declaration ignored -- it refers to the current namespace
    using sg::algorithms::adamw_step;
          ^

  Remark: The warnings can be suppressed with "-diag-suppress <warning-number>"

  ptxas info    : (C7508) Potential Performance Loss: 'setmaxnreg' ignored; unable to determine register count at entry.
  ptxas info    : (C7508) Potential Performance Loss: 'setmaxnreg' ignored; unable to determine register count at entry.
  /workspace/SuperGrok1.5/./csrc/algorithms/muon.h(76): warning #737-D: using-declaration ignored -- it refers to the current namespace
    using sg::algorithms::adamw_step;
          ^

  Remark: The warnings can be suppressed with "-diag-suppress <warning-number>"

  [40/56] /usr/local/cuda/bin/nvcc --generate-dependencies-with-compile --dependency-output /dev/shm/tmp/tmp4glokf2q.build-temp/csrc/fused/sm_90/mega_mamba_real_adamw.o.d -DWITH_CUDA -DWITH_CUTLASS -I/workspace/SuperGrok1.5/. -I/workspace/SuperGrok1.5/csrc/bindings -I/workspace/SuperGrok1.5/csrc -I/workspace/SuperGrok1.5/third_party/cutlass/include -I/workspace/SuperGrok1.5/third_party/cutlass/tools/util/include -I/usr/local/lib/python3.11/dist-packages/torch/include -I/usr/local/lib/python3.11/dist-packages/torch/include/torch/csrc/api/include -I/usr/local/lib/python3.11/dist-packages/torch/include/TH -I/usr/local/lib/python3.11/dist-packages/torch/include/THC -I/usr/local/cuda/include -I/workspace/venv/include -I/usr/include/python3.11 -c -c /workspace/SuperGrok1.5/csrc/fused/sm_90/mega_mamba_real_adamw.cu -o /dev/shm/tmp/tmp4glokf2q.build-temp/csrc/fused/sm_90/mega_mamba_real_adamw.o -D__CUDA_NO_HALF_OPERATORS__ -D__CUDA_NO_HALF_CONVERSIONS__ -D__CUDA_NO_BFLOAT16_CONVERSIONS__ -D__CUDA_NO_HALF2_OPERATORS__ --expt-relaxed-constexpr --compiler-options ''"'"'-fPIC'"'"'' -O3 --use_fast_math -std=c++17 -DWITH_CUDA --expt-relaxed-constexpr -lineinfo -Xptxas -O3 -Xptxas --warn-on-spills -Xcompiler -fPIC -gencode=arch=compute_90a,code=sm_90a -gencode=arch=compute_90,code=compute_90 -DWITH_CUTLASS -DCUTLASS_NVCC_ARCHS=90a -DTORCH_API_INCLUDE_EXTENSION_H '-DPYBIND11_COMPILER_TYPE="_gcc"' '-DPYBIND11_STDLIB="_libstdcpp"' '-DPYBIND11_BUILD_ABI="_cxxabi1011"' -DTORCH_EXTENSION_NAME=_ops -D_GLIBCXX_USE_CXX11_ABI=0
  /workspace/SuperGrok1.5/./csrc/algorithms/muon.h(76): warning #737-D: using-declaration ignored -- it refers to the current namespace
    using sg::algorithms::adamw_step;
          ^

  Remark: The warnings can be suppressed with "-diag-suppress <warning-number>"

  /workspace/SuperGrok1.5/./csrc/algorithms/muon.h(76): warning #737-D: using-declaration ignored -- it refers to the current namespace
    using sg::algorithms::adamw_step;
          ^

  Remark: The warnings can be suppressed with "-diag-suppress <warning-number>"

  ptxas warning : Registers are spilled to local memory in function '_ZN2sg5fused4sm9022fused_mamba_megakernelILNS1_5OptIdE0EEEvNS0_17PersistentContextEPfNS1_13MambaTokenCtxES5_fiNS1_13FusedOptStateE', 20 bytes spill stores, 16 bytes spill loads
  /workspace/SuperGrok1.5/./csrc/algorithms/muon.h(76): warning #737-D: using-declaration ignored -- it refers to the current namespace
    using sg::algorithms::adamw_step;
          ^

  Remark: The warnings can be suppressed with "-diag-suppress <warning-number>"

  [41/56] /usr/local/cuda/bin/nvcc --generate-dependencies-with-compile --dependency-output /dev/shm/tmp/tmp4glokf2q.build-temp/csrc/fused/sm_90/mega_vit_supergrok11.o.d -DWITH_CUDA -DWITH_CUTLASS -I/workspace/SuperGrok1.5/. -I/workspace/SuperGrok1.5/csrc/bindings -I/workspace/SuperGrok1.5/csrc -I/workspace/SuperGrok1.5/third_party/cutlass/include -I/workspace/SuperGrok1.5/third_party/cutlass/tools/util/include -I/usr/local/lib/python3.11/dist-packages/torch/include -I/usr/local/lib/python3.11/dist-packages/torch/include/torch/csrc/api/include -I/usr/local/lib/python3.11/dist-packages/torch/include/TH -I/usr/local/lib/python3.11/dist-packages/torch/include/THC -I/usr/local/cuda/include -I/workspace/venv/include -I/usr/include/python3.11 -c -c /workspace/SuperGrok1.5/csrc/fused/sm_90/mega_vit_supergrok11.cu -o /dev/shm/tmp/tmp4glokf2q.build-temp/csrc/fused/sm_90/mega_vit_supergrok11.o -D__CUDA_NO_HALF_OPERATORS__ -D__CUDA_NO_HALF_CONVERSIONS__ -D__CUDA_NO_BFLOAT16_CONVERSIONS__ -D__CUDA_NO_HALF2_OPERATORS__ --expt-relaxed-constexpr --compiler-options ''"'"'-fPIC'"'"'' -O3 --use_fast_math -std=c++17 -DWITH_CUDA --expt-relaxed-constexpr -lineinfo -Xptxas -O3 -Xptxas --warn-on-spills -Xcompiler -fPIC -gencode=arch=compute_90a,code=sm_90a -gencode=arch=compute_90,code=compute_90 -DWITH_CUTLASS -DCUTLASS_NVCC_ARCHS=90a -DTORCH_API_INCLUDE_EXTENSION_H '-DPYBIND11_COMPILER_TYPE="_gcc"' '-DPYBIND11_STDLIB="_libstdcpp"' '-DPYBIND11_BUILD_ABI="_cxxabi1011"' -DTORCH_EXTENSION_NAME=_ops -D_GLIBCXX_USE_CXX11_ABI=0
  /workspace/SuperGrok1.5/./csrc/algorithms/muon.h(76): warning #737-D: using-declaration ignored -- it refers to the current namespace
    using sg::algorithms::adamw_step;
          ^

  Remark: The warnings can be suppressed with "-diag-suppress <warning-number>"

  /workspace/SuperGrok1.5/./csrc/algorithms/muon.h(76): warning #737-D: using-declaration ignored -- it refers to the current namespace
    using sg::algorithms::adamw_step;
          ^

  Remark: The warnings can be suppressed with "-diag-suppress <warning-number>"

  ptxas info    : (C7508) Potential Performance Loss: 'setmaxnreg' ignored; unable to determine register count at entry.
  ptxas info    : (C7508) Potential Performance Loss: 'setmaxnreg' ignored; unable to determine register count at entry.
  /workspace/SuperGrok1.5/./csrc/algorithms/muon.h(76): warning #737-D: using-declaration ignored -- it refers to the current namespace
    using sg::algorithms::adamw_step;
          ^

  Remark: The warnings can be suppressed with "-diag-suppress <warning-number>"

  [42/56] /usr/local/cuda/bin/nvcc --generate-dependencies-with-compile --dependency-output /dev/shm/tmp/tmp4glokf2q.build-temp/csrc/fused/sm_90/mega_vit_lion.o.d -DWITH_CUDA -DWITH_CUTLASS -I/workspace/SuperGrok1.5/. -I/workspace/SuperGrok1.5/csrc/bindings -I/workspace/SuperGrok1.5/csrc -I/workspace/SuperGrok1.5/third_party/cutlass/include -I/workspace/SuperGrok1.5/third_party/cutlass/tools/util/include -I/usr/local/lib/python3.11/dist-packages/torch/include -I/usr/local/lib/python3.11/dist-packages/torch/include/torch/csrc/api/include -I/usr/local/lib/python3.11/dist-packages/torch/include/TH -I/usr/local/lib/python3.11/dist-packages/torch/include/THC -I/usr/local/cuda/include -I/workspace/venv/include -I/usr/include/python3.11 -c -c /workspace/SuperGrok1.5/csrc/fused/sm_90/mega_vit_lion.cu -o /dev/shm/tmp/tmp4glokf2q.build-temp/csrc/fused/sm_90/mega_vit_lion.o -D__CUDA_NO_HALF_OPERATORS__ -D__CUDA_NO_HALF_CONVERSIONS__ -D__CUDA_NO_BFLOAT16_CONVERSIONS__ -D__CUDA_NO_HALF2_OPERATORS__ --expt-relaxed-constexpr --compiler-options ''"'"'-fPIC'"'"'' -O3 --use_fast_math -std=c++17 -DWITH_CUDA --expt-relaxed-constexpr -lineinfo -Xptxas -O3 -Xptxas --warn-on-spills -Xcompiler -fPIC -gencode=arch=compute_90a,code=sm_90a -gencode=arch=compute_90,code=compute_90 -DWITH_CUTLASS -DCUTLASS_NVCC_ARCHS=90a -DTORCH_API_INCLUDE_EXTENSION_H '-DPYBIND11_COMPILER_TYPE="_gcc"' '-DPYBIND11_STDLIB="_libstdcpp"' '-DPYBIND11_BUILD_ABI="_cxxabi1011"' -DTORCH_EXTENSION_NAME=_ops -D_GLIBCXX_USE_CXX11_ABI=0
  /workspace/SuperGrok1.5/./csrc/algorithms/muon.h(76): warning #737-D: using-declaration ignored -- it refers to the current namespace
    using sg::algorithms::adamw_step;
          ^

  Remark: The warnings can be suppressed with "-diag-suppress <warning-number>"

  /workspace/SuperGrok1.5/./csrc/algorithms/muon.h(76): warning #737-D: using-declaration ignored -- it refers to the current namespace
    using sg::algorithms::adamw_step;
          ^

  Remark: The warnings can be suppressed with "-diag-suppress <warning-number>"

  ptxas info    : (C7508) Potential Performance Loss: 'setmaxnreg' ignored; unable to determine register count at entry.
  ptxas info    : (C7508) Potential Performance Loss: 'setmaxnreg' ignored; unable to determine register count at entry.
  /workspace/SuperGrok1.5/./csrc/algorithms/muon.h(76): warning #737-D: using-declaration ignored -- it refers to the current namespace
    using sg::algorithms::adamw_step;
          ^

  Remark: The warnings can be suppressed with "-diag-suppress <warning-number>"

  [43/56] /usr/local/cuda/bin/nvcc --generate-dependencies-with-compile --dependency-output /dev/shm/tmp/tmp4glokf2q.build-temp/csrc/fused/sm_90/mega_transformer_decoder_supergrok2.o.d -DWITH_CUDA -DWITH_CUTLASS -I/workspace/SuperGrok1.5/. -I/workspace/SuperGrok1.5/csrc/bindings -I/workspace/SuperGrok1.5/csrc -I/workspace/SuperGrok1.5/third_party/cutlass/include -I/workspace/SuperGrok1.5/third_party/cutlass/tools/util/include -I/usr/local/lib/python3.11/dist-packages/torch/include -I/usr/local/lib/python3.11/dist-packages/torch/include/torch/csrc/api/include -I/usr/local/lib/python3.11/dist-packages/torch/include/TH -I/usr/local/lib/python3.11/dist-packages/torch/include/THC -I/usr/local/cuda/include -I/workspace/venv/include -I/usr/include/python3.11 -c -c /workspace/SuperGrok1.5/csrc/fused/sm_90/mega_transformer_decoder_supergrok2.cu -o /dev/shm/tmp/tmp4glokf2q.build-temp/csrc/fused/sm_90/mega_transformer_decoder_supergrok2.o -D__CUDA_NO_HALF_OPERATORS__ -D__CUDA_NO_HALF_CONVERSIONS__ -D__CUDA_NO_BFLOAT16_CONVERSIONS__ -D__CUDA_NO_HALF2_OPERATORS__ --expt-relaxed-constexpr --compiler-options ''"'"'-fPIC'"'"'' -O3 --use_fast_math -std=c++17 -DWITH_CUDA --expt-relaxed-constexpr -lineinfo -Xptxas -O3 -Xptxas --warn-on-spills -Xcompiler -fPIC -gencode=arch=compute_90a,code=sm_90a -gencode=arch=compute_90,code=compute_90 -DWITH_CUTLASS -DCUTLASS_NVCC_ARCHS=90a -DTORCH_API_INCLUDE_EXTENSION_H '-DPYBIND11_COMPILER_TYPE="_gcc"' '-DPYBIND11_STDLIB="_libstdcpp"' '-DPYBIND11_BUILD_ABI="_cxxabi1011"' -DTORCH_EXTENSION_NAME=_ops -D_GLIBCXX_USE_CXX11_ABI=0
  /workspace/SuperGrok1.5/./csrc/algorithms/muon.h(76): warning #737-D: using-declaration ignored -- it refers to the current namespace
    using sg::algorithms::adamw_step;
          ^

  Remark: The warnings can be suppressed with "-diag-suppress <warning-number>"

  /workspace/SuperGrok1.5/./csrc/algorithms/muon.h(76): warning #737-D: using-declaration ignored -- it refers to the current namespace
    using sg::algorithms::adamw_step;
          ^

  Remark: The warnings can be suppressed with "-diag-suppress <warning-number>"

  ptxas info    : (C7508) Potential Performance Loss: 'setmaxnreg' ignored; unable to determine register count at entry.
  ptxas info    : (C7508) Potential Performance Loss: 'setmaxnreg' ignored; unable to determine register count at entry.
  /workspace/SuperGrok1.5/./csrc/algorithms/muon.h(76): warning #737-D: using-declaration ignored -- it refers to the current namespace
    using sg::algorithms::adamw_step;
          ^

  Remark: The warnings can be suppressed with "-diag-suppress <warning-number>"

  [44/56] /usr/local/cuda/bin/nvcc --generate-dependencies-with-compile --dependency-output /dev/shm/tmp/tmp4glokf2q.build-temp/csrc/fused/sm_90/mega_decoder_real_adamw.o.d -DWITH_CUDA -DWITH_CUTLASS -I/workspace/SuperGrok1.5/. -I/workspace/SuperGrok1.5/csrc/bindings -I/workspace/SuperGrok1.5/csrc -I/workspace/SuperGrok1.5/third_party/cutlass/include -I/workspace/SuperGrok1.5/third_party/cutlass/tools/util/include -I/usr/local/lib/python3.11/dist-packages/torch/include -I/usr/local/lib/python3.11/dist-packages/torch/include/torch/csrc/api/include -I/usr/local/lib/python3.11/dist-packages/torch/include/TH -I/usr/local/lib/python3.11/dist-packages/torch/include/THC -I/usr/local/cuda/include -I/workspace/venv/include -I/usr/include/python3.11 -c -c /workspace/SuperGrok1.5/csrc/fused/sm_90/mega_decoder_real_adamw.cu -o /dev/shm/tmp/tmp4glokf2q.build-temp/csrc/fused/sm_90/mega_decoder_real_adamw.o -D__CUDA_NO_HALF_OPERATORS__ -D__CUDA_NO_HALF_CONVERSIONS__ -D__CUDA_NO_BFLOAT16_CONVERSIONS__ -D__CUDA_NO_HALF2_OPERATORS__ --expt-relaxed-constexpr --compiler-options ''"'"'-fPIC'"'"'' -O3 --use_fast_math -std=c++17 -DWITH_CUDA --expt-relaxed-constexpr -lineinfo -Xptxas -O3 -Xptxas --warn-on-spills -Xcompiler -fPIC -gencode=arch=compute_90a,code=sm_90a -gencode=arch=compute_90,code=compute_90 -DWITH_CUTLASS -DCUTLASS_NVCC_ARCHS=90a -DTORCH_API_INCLUDE_EXTENSION_H '-DPYBIND11_COMPILER_TYPE="_gcc"' '-DPYBIND11_STDLIB="_libstdcpp"' '-DPYBIND11_BUILD_ABI="_cxxabi1011"' -DTORCH_EXTENSION_NAME=_ops -D_GLIBCXX_USE_CXX11_ABI=0
  /workspace/SuperGrok1.5/./csrc/algorithms/muon.h(76): warning #737-D: using-declaration ignored -- it refers to the current namespace
    using sg::algorithms::adamw_step;
          ^

  Remark: The warnings can be suppressed with "-diag-suppress <warning-number>"

  /workspace/SuperGrok1.5/./csrc/algorithms/muon.h(76): warning #737-D: using-declaration ignored -- it refers to the current namespace
    using sg::algorithms::adamw_step;
          ^

  Remark: The warnings can be suppressed with "-diag-suppress <warning-number>"

  ptxas info    : (C7508) Potential Performance Loss: 'setmaxnreg' ignored; unable to determine register count at entry.
  ptxas warning : Registers are spilled to local memory in function '_ZN2sg5fused4sm9024fused_decoder_megakernelILNS1_5OptIdE0EEEvNS0_17PersistentContextEPfNS1_15DecoderTokenCtxES5_fiNS1_13FusedOptStateE', 80 bytes spill stores, 68 bytes spill loads
  /workspace/SuperGrok1.5/./csrc/algorithms/muon.h(76): warning #737-D: using-declaration ignored -- it refers to the current namespace
    using sg::algorithms::adamw_step;
          ^

  Remark: The warnings can be suppressed with "-diag-suppress <warning-number>"

  [45/56] /usr/local/cuda/bin/nvcc --generate-dependencies-with-compile --dependency-output /dev/shm/tmp/tmp4glokf2q.build-temp/csrc/fused/sm_90/mega_mamba3_lion.o.d -DWITH_CUDA -DWITH_CUTLASS -I/workspace/SuperGrok1.5/. -I/workspace/SuperGrok1.5/csrc/bindings -I/workspace/SuperGrok1.5/csrc -I/workspace/SuperGrok1.5/third_party/cutlass/include -I/workspace/SuperGrok1.5/third_party/cutlass/tools/util/include -I/usr/local/lib/python3.11/dist-packages/torch/include -I/usr/local/lib/python3.11/dist-packages/torch/include/torch/csrc/api/include -I/usr/local/lib/python3.11/dist-packages/torch/include/TH -I/usr/local/lib/python3.11/dist-packages/torch/include/THC -I/usr/local/cuda/include -I/workspace/venv/include -I/usr/include/python3.11 -c -c /workspace/SuperGrok1.5/csrc/fused/sm_90/mega_mamba3_lion.cu -o /dev/shm/tmp/tmp4glokf2q.build-temp/csrc/fused/sm_90/mega_mamba3_lion.o -D__CUDA_NO_HALF_OPERATORS__ -D__CUDA_NO_HALF_CONVERSIONS__ -D__CUDA_NO_BFLOAT16_CONVERSIONS__ -D__CUDA_NO_HALF2_OPERATORS__ --expt-relaxed-constexpr --compiler-options ''"'"'-fPIC'"'"'' -O3 --use_fast_math -std=c++17 -DWITH_CUDA --expt-relaxed-constexpr -lineinfo -Xptxas -O3 -Xptxas --warn-on-spills -Xcompiler -fPIC -gencode=arch=compute_90a,code=sm_90a -gencode=arch=compute_90,code=compute_90 -DWITH_CUTLASS -DCUTLASS_NVCC_ARCHS=90a -DTORCH_API_INCLUDE_EXTENSION_H '-DPYBIND11_COMPILER_TYPE="_gcc"' '-DPYBIND11_STDLIB="_libstdcpp"' '-DPYBIND11_BUILD_ABI="_cxxabi1011"' -DTORCH_EXTENSION_NAME=_ops -D_GLIBCXX_USE_CXX11_ABI=0
  /workspace/SuperGrok1.5/./csrc/algorithms/muon.h(76): warning #737-D: using-declaration ignored -- it refers to the current namespace
    using sg::algorithms::adamw_step;
          ^

  Remark: The warnings can be suppressed with "-diag-suppress <warning-number>"

  /workspace/SuperGrok1.5/./csrc/algorithms/muon.h(76): warning #737-D: using-declaration ignored -- it refers to the current namespace
    using sg::algorithms::adamw_step;
          ^

  Remark: The warnings can be suppressed with "-diag-suppress <warning-number>"

  ptxas info    : (C7508) Potential Performance Loss: 'setmaxnreg' ignored; unable to determine register count at entry.
  ptxas info    : (C7508) Potential Performance Loss: 'setmaxnreg' ignored; unable to determine register count at entry.
  /workspace/SuperGrok1.5/./csrc/algorithms/muon.h(76): warning #737-D: using-declaration ignored -- it refers to the current namespace
    using sg::algorithms::adamw_step;
          ^

  Remark: The warnings can be suppressed with "-diag-suppress <warning-number>"

  [46/56] /usr/local/cuda/bin/nvcc --generate-dependencies-with-compile --dependency-output /dev/shm/tmp/tmp4glokf2q.build-temp/csrc/backends/cuda/sm_90/launch_grokfast.o.d -DWITH_CUDA -DWITH_CUTLASS -I/workspace/SuperGrok1.5/. -I/workspace/SuperGrok1.5/csrc/bindings -I/workspace/SuperGrok1.5/csrc -I/workspace/SuperGrok1.5/third_party/cutlass/include -I/workspace/SuperGrok1.5/third_party/cutlass/tools/util/include -I/usr/local/lib/python3.11/dist-packages/torch/include -I/usr/local/lib/python3.11/dist-packages/torch/include/torch/csrc/api/include -I/usr/local/lib/python3.11/dist-packages/torch/include/TH -I/usr/local/lib/python3.11/dist-packages/torch/include/THC -I/usr/local/cuda/include -I/workspace/venv/include -I/usr/include/python3.11 -c -c /workspace/SuperGrok1.5/csrc/backends/cuda/sm_90/launch_grokfast.cu -o /dev/shm/tmp/tmp4glokf2q.build-temp/csrc/backends/cuda/sm_90/launch_grokfast.o -D__CUDA_NO_HALF_OPERATORS__ -D__CUDA_NO_HALF_CONVERSIONS__ -D__CUDA_NO_BFLOAT16_CONVERSIONS__ -D__CUDA_NO_HALF2_OPERATORS__ --expt-relaxed-constexpr --compiler-options ''"'"'-fPIC'"'"'' -O3 --use_fast_math -std=c++17 -DWITH_CUDA --expt-relaxed-constexpr -lineinfo -Xptxas -O3 -Xptxas --warn-on-spills -Xcompiler -fPIC -gencode=arch=compute_90a,code=sm_90a -gencode=arch=compute_90,code=compute_90 -DWITH_CUTLASS -DCUTLASS_NVCC_ARCHS=90a -DTORCH_API_INCLUDE_EXTENSION_H '-DPYBIND11_COMPILER_TYPE="_gcc"' '-DPYBIND11_STDLIB="_libstdcpp"' '-DPYBIND11_BUILD_ABI="_cxxabi1011"' -DTORCH_EXTENSION_NAME=_ops -D_GLIBCXX_USE_CXX11_ABI=0
  [47/56] /usr/local/cuda/bin/nvcc --generate-dependencies-with-compile --dependency-output /dev/shm/tmp/tmp4glokf2q.build-temp/csrc/fused/sm_90/mega_vit_grokfast.o.d -DWITH_CUDA -DWITH_CUTLASS -I/workspace/SuperGrok1.5/. -I/workspace/SuperGrok1.5/csrc/bindings -I/workspace/SuperGrok1.5/csrc -I/workspace/SuperGrok1.5/third_party/cutlass/include -I/workspace/SuperGrok1.5/third_party/cutlass/tools/util/include -I/usr/local/lib/python3.11/dist-packages/torch/include -I/usr/local/lib/python3.11/dist-packages/torch/include/torch/csrc/api/include -I/usr/local/lib/python3.11/dist-packages/torch/include/TH -I/usr/local/lib/python3.11/dist-packages/torch/include/THC -I/usr/local/cuda/include -I/workspace/venv/include -I/usr/include/python3.11 -c -c /workspace/SuperGrok1.5/csrc/fused/sm_90/mega_vit_grokfast.cu -o /dev/shm/tmp/tmp4glokf2q.build-temp/csrc/fused/sm_90/mega_vit_grokfast.o -D__CUDA_NO_HALF_OPERATORS__ -D__CUDA_NO_HALF_CONVERSIONS__ -D__CUDA_NO_BFLOAT16_CONVERSIONS__ -D__CUDA_NO_HALF2_OPERATORS__ --expt-relaxed-constexpr --compiler-options ''"'"'-fPIC'"'"'' -O3 --use_fast_math -std=c++17 -DWITH_CUDA --expt-relaxed-constexpr -lineinfo -Xptxas -O3 -Xptxas --warn-on-spills -Xcompiler -fPIC -gencode=arch=compute_90a,code=sm_90a -gencode=arch=compute_90,code=compute_90 -DWITH_CUTLASS -DCUTLASS_NVCC_ARCHS=90a -DTORCH_API_INCLUDE_EXTENSION_H '-DPYBIND11_COMPILER_TYPE="_gcc"' '-DPYBIND11_STDLIB="_libstdcpp"' '-DPYBIND11_BUILD_ABI="_cxxabi1011"' -DTORCH_EXTENSION_NAME=_ops -D_GLIBCXX_USE_CXX11_ABI=0
  /workspace/SuperGrok1.5/./csrc/algorithms/muon.h(76): warning #737-D: using-declaration ignored -- it refers to the current namespace
    using sg::algorithms::adamw_step;
          ^

  Remark: The warnings can be suppressed with "-diag-suppress <warning-number>"

  /workspace/SuperGrok1.5/./csrc/algorithms/muon.h(76): warning #737-D: using-declaration ignored -- it refers to the current namespace
    using sg::algorithms::adamw_step;
          ^

  Remark: The warnings can be suppressed with "-diag-suppress <warning-number>"

  ptxas info    : (C7508) Potential Performance Loss: 'setmaxnreg' ignored; unable to determine register count at entry.
  ptxas info    : (C7508) Potential Performance Loss: 'setmaxnreg' ignored; unable to determine register count at entry.
  /workspace/SuperGrok1.5/./csrc/algorithms/muon.h(76): warning #737-D: using-declaration ignored -- it refers to the current namespace
    using sg::algorithms::adamw_step;
          ^

  Remark: The warnings can be suppressed with "-diag-suppress <warning-number>"

  [48/56] /usr/local/cuda/bin/nvcc --generate-dependencies-with-compile --dependency-output /dev/shm/tmp/tmp4glokf2q.build-temp/csrc/fused/sm_90/mega_mamba3_adamw.o.d -DWITH_CUDA -DWITH_CUTLASS -I/workspace/SuperGrok1.5/. -I/workspace/SuperGrok1.5/csrc/bindings -I/workspace/SuperGrok1.5/csrc -I/workspace/SuperGrok1.5/third_party/cutlass/include -I/workspace/SuperGrok1.5/third_party/cutlass/tools/util/include -I/usr/local/lib/python3.11/dist-packages/torch/include -I/usr/local/lib/python3.11/dist-packages/torch/include/torch/csrc/api/include -I/usr/local/lib/python3.11/dist-packages/torch/include/TH -I/usr/local/lib/python3.11/dist-packages/torch/include/THC -I/usr/local/cuda/include -I/workspace/venv/include -I/usr/include/python3.11 -c -c /workspace/SuperGrok1.5/csrc/fused/sm_90/mega_mamba3_adamw.cu -o /dev/shm/tmp/tmp4glokf2q.build-temp/csrc/fused/sm_90/mega_mamba3_adamw.o -D__CUDA_NO_HALF_OPERATORS__ -D__CUDA_NO_HALF_CONVERSIONS__ -D__CUDA_NO_BFLOAT16_CONVERSIONS__ -D__CUDA_NO_HALF2_OPERATORS__ --expt-relaxed-constexpr --compiler-options ''"'"'-fPIC'"'"'' -O3 --use_fast_math -std=c++17 -DWITH_CUDA --expt-relaxed-constexpr -lineinfo -Xptxas -O3 -Xptxas --warn-on-spills -Xcompiler -fPIC -gencode=arch=compute_90a,code=sm_90a -gencode=arch=compute_90,code=compute_90 -DWITH_CUTLASS -DCUTLASS_NVCC_ARCHS=90a -DTORCH_API_INCLUDE_EXTENSION_H '-DPYBIND11_COMPILER_TYPE="_gcc"' '-DPYBIND11_STDLIB="_libstdcpp"' '-DPYBIND11_BUILD_ABI="_cxxabi1011"' -DTORCH_EXTENSION_NAME=_ops -D_GLIBCXX_USE_CXX11_ABI=0
  /workspace/SuperGrok1.5/./csrc/algorithms/muon.h(76): warning #737-D: using-declaration ignored -- it refers to the current namespace
    using sg::algorithms::adamw_step;
          ^

  Remark: The warnings can be suppressed with "-diag-suppress <warning-number>"

  /workspace/SuperGrok1.5/./csrc/algorithms/muon.h(76): warning #737-D: using-declaration ignored -- it refers to the current namespace
    using sg::algorithms::adamw_step;
          ^

  Remark: The warnings can be suppressed with "-diag-suppress <warning-number>"

  ptxas info    : (C7508) Potential Performance Loss: 'setmaxnreg' ignored; unable to determine register count at entry.
  ptxas info    : (C7508) Potential Performance Loss: 'setmaxnreg' ignored; unable to determine register count at entry.
  /workspace/SuperGrok1.5/./csrc/algorithms/muon.h(76): warning #737-D: using-declaration ignored -- it refers to the current namespace
    using sg::algorithms::adamw_step;
          ^

  Remark: The warnings can be suppressed with "-diag-suppress <warning-number>"

  [49/56] /usr/local/cuda/bin/nvcc --generate-dependencies-with-compile --dependency-output /dev/shm/tmp/tmp4glokf2q.build-temp/csrc/fused/sm_90/mega_mamba3_supergrok11.o.d -DWITH_CUDA -DWITH_CUTLASS -I/workspace/SuperGrok1.5/. -I/workspace/SuperGrok1.5/csrc/bindings -I/workspace/SuperGrok1.5/csrc -I/workspace/SuperGrok1.5/third_party/cutlass/include -I/workspace/SuperGrok1.5/third_party/cutlass/tools/util/include -I/usr/local/lib/python3.11/dist-packages/torch/include -I/usr/local/lib/python3.11/dist-packages/torch/include/torch/csrc/api/include -I/usr/local/lib/python3.11/dist-packages/torch/include/TH -I/usr/local/lib/python3.11/dist-packages/torch/include/THC -I/usr/local/cuda/include -I/workspace/venv/include -I/usr/include/python3.11 -c -c /workspace/SuperGrok1.5/csrc/fused/sm_90/mega_mamba3_supergrok11.cu -o /dev/shm/tmp/tmp4glokf2q.build-temp/csrc/fused/sm_90/mega_mamba3_supergrok11.o -D__CUDA_NO_HALF_OPERATORS__ -D__CUDA_NO_HALF_CONVERSIONS__ -D__CUDA_NO_BFLOAT16_CONVERSIONS__ -D__CUDA_NO_HALF2_OPERATORS__ --expt-relaxed-constexpr --compiler-options ''"'"'-fPIC'"'"'' -O3 --use_fast_math -std=c++17 -DWITH_CUDA --expt-relaxed-constexpr -lineinfo -Xptxas -O3 -Xptxas --warn-on-spills -Xcompiler -fPIC -gencode=arch=compute_90a,code=sm_90a -gencode=arch=compute_90,code=compute_90 -DWITH_CUTLASS -DCUTLASS_NVCC_ARCHS=90a -DTORCH_API_INCLUDE_EXTENSION_H '-DPYBIND11_COMPILER_TYPE="_gcc"' '-DPYBIND11_STDLIB="_libstdcpp"' '-DPYBIND11_BUILD_ABI="_cxxabi1011"' -DTORCH_EXTENSION_NAME=_ops -D_GLIBCXX_USE_CXX11_ABI=0
  /workspace/SuperGrok1.5/./csrc/algorithms/muon.h(76): warning #737-D: using-declaration ignored -- it refers to the current namespace
    using sg::algorithms::adamw_step;
          ^

  Remark: The warnings can be suppressed with "-diag-suppress <warning-number>"

  /workspace/SuperGrok1.5/./csrc/algorithms/muon.h(76): warning #737-D: using-declaration ignored -- it refers to the current namespace
    using sg::algorithms::adamw_step;
          ^

  Remark: The warnings can be suppressed with "-diag-suppress <warning-number>"

  ptxas info    : (C7508) Potential Performance Loss: 'setmaxnreg' ignored; unable to determine register count at entry.
  ptxas info    : (C7508) Potential Performance Loss: 'setmaxnreg' ignored; unable to determine register count at entry.
  /workspace/SuperGrok1.5/./csrc/algorithms/muon.h(76): warning #737-D: using-declaration ignored -- it refers to the current namespace
    using sg::algorithms::adamw_step;
          ^

  Remark: The warnings can be suppressed with "-diag-suppress <warning-number>"

  [50/56] /usr/local/cuda/bin/nvcc --generate-dependencies-with-compile --dependency-output /dev/shm/tmp/tmp4glokf2q.build-temp/csrc/backends/cuda/sm_90/models/decoder.o.d -DWITH_CUDA -DWITH_CUTLASS -I/workspace/SuperGrok1.5/. -I/workspace/SuperGrok1.5/csrc/bindings -I/workspace/SuperGrok1.5/csrc -I/workspace/SuperGrok1.5/third_party/cutlass/include -I/workspace/SuperGrok1.5/third_party/cutlass/tools/util/include -I/usr/local/lib/python3.11/dist-packages/torch/include -I/usr/local/lib/python3.11/dist-packages/torch/include/torch/csrc/api/include -I/usr/local/lib/python3.11/dist-packages/torch/include/TH -I/usr/local/lib/python3.11/dist-packages/torch/include/THC -I/usr/local/cuda/include -I/workspace/venv/include -I/usr/include/python3.11 -c -c /workspace/SuperGrok1.5/csrc/backends/cuda/sm_90/models/decoder.cu -o /dev/shm/tmp/tmp4glokf2q.build-temp/csrc/backends/cuda/sm_90/models/decoder.o -D__CUDA_NO_HALF_OPERATORS__ -D__CUDA_NO_HALF_CONVERSIONS__ -D__CUDA_NO_BFLOAT16_CONVERSIONS__ -D__CUDA_NO_HALF2_OPERATORS__ --expt-relaxed-constexpr --compiler-options ''"'"'-fPIC'"'"'' -O3 --use_fast_math -std=c++17 -DWITH_CUDA --expt-relaxed-constexpr -lineinfo -Xptxas -O3 -Xptxas --warn-on-spills -Xcompiler -fPIC -gencode=arch=compute_90a,code=sm_90a -gencode=arch=compute_90,code=compute_90 -DWITH_CUTLASS -DCUTLASS_NVCC_ARCHS=90a -DTORCH_API_INCLUDE_EXTENSION_H '-DPYBIND11_COMPILER_TYPE="_gcc"' '-DPYBIND11_STDLIB="_libstdcpp"' '-DPYBIND11_BUILD_ABI="_cxxabi1011"' -DTORCH_EXTENSION_NAME=_ops -D_GLIBCXX_USE_CXX11_ABI=0
  ptxas info    : (C7510) Potential Performance Loss: wgmma.mma_async instructions are serialized due to wgmma pipeline crossing function boundary at a function call in the function '_ZN7cutlass13device_kernelINS_4gemm6kernel13GemmUniversalIN4cute5tupleIJiiiiEEENS1_10collective13CollectiveMmaINS1_34MainloopSm90TmaGmmaWarpSpecializedILi7ENS5_IJNS4_1CILi1EEESB_SB_EEENS1_35KernelTmaWarpSpecializedCooperativeEEENS5_IJNSA_ILi128EEESF_NSA_ILi64EEEEEENS_6half_tENS5_IJlSB_lEEESI_SJ_NS4_8TiledMMAINS4_8MMA_AtomIJNS4_4SM904GMMA26MMA_64x128x16_F32F16F16_SSILNSN_5MajorE0ELSP_0ELNSN_7ScaleInE1ELSQ_1EEEEEENS4_6LayoutINS5_IJNSA_ILi2EEESB_SB_EEENS5_IJSB_NSA_ILi0EEESW_EEEEENS5_IJNS4_10UnderscoreESZ_SZ_EEEEENS4_13SM90_TMA_LOADENS4_14ComposedLayoutINS4_7SwizzleILi3ELi4ELi3EEENS4_18smem_ptr_flag_bitsILi16EEENST_INS5_IJNSA_ILi8EEESG_EEENS5_IJSG_SB_EEEEEEEvNS4_8identityES12_S1C_vS1D_EENS_8epilogue10collective6detail29Sm90TmaWarpSpecializedAdapterINS1G_15DefaultEpilogueISJ_SJ_NS1F_6thread17LinearCombinationIfLi1EffLNS1K_9ScaleType4KindE0ELNS_15FloatRoundStyleE2EfEENS1_15EpilogueDefaultEEEEEvvEEEEvNT_6ParamsE'
  ptxas info    : (C7510) Potential Performance Loss: wgmma.mma_async instructions are serialized due to wgmma pipeline crossing function boundary at a function call in the function '_ZN7cutlass13device_kernelINS_4gemm6kernel13GemmUniversalIN4cute5tupleIJiiiiEEENS1_10collective13CollectiveMmaINS1_34MainloopSm90TmaGmmaWarpSpecializedILi7ENS5_IJNS4_1CILi1EEESB_SB_EEENS1_35KernelTmaWarpSpecializedCooperativeEEENS5_IJNSA_ILi128EEESF_NSA_ILi64EEEEEENS_10bfloat16_tENS5_IJlSB_lEEESI_SJ_NS4_8TiledMMAINS4_8MMA_AtomIJNS4_4SM904GMMA28MMA_64x128x16_F32BF16BF16_SSILNSN_5MajorE0ELSP_0ELNSN_7ScaleInE1ELSQ_1EEEEEENS4_6LayoutINS5_IJNSA_ILi2EEESB_SB_EEENS5_IJSB_NSA_ILi0EEESW_EEEEENS5_IJNS4_10UnderscoreESZ_SZ_EEEEENS4_13SM90_TMA_LOADENS4_14ComposedLayoutINS4_7SwizzleILi3ELi4ELi3EEENS4_18smem_ptr_flag_bitsILi16EEENST_INS5_IJNSA_ILi8EEESG_EEENS5_IJSG_SB_EEEEEEEvNS4_8identityES12_S1C_vS1D_EENS_8epilogue10collective6detail29Sm90TmaWarpSpecializedAdapterINS1G_15DefaultEpilogueISJ_SJ_NS1F_6thread17LinearCombinationIfLi1EffLNS1K_9ScaleType4KindE0ELNS_15FloatRoundStyleE2EfEENS1_15EpilogueDefaultEEEEEvvEEEEvNT_6ParamsE'
  ptxas info    : (C7510) Potential Performance Loss: wgmma.mma_async instructions are serialized due to wgmma pipeline crossing function boundary at a function call in the function '_ZN7cutlass13device_kernelINS_4gemm6kernel13GemmUniversalIN4cute5tupleIJiiiiEEENS1_10collective13CollectiveMmaINS1_34MainloopSm90TmaGmmaWarpSpecializedILi3ENS5_IJNS4_1CILi1EEESB_SB_EEENS1_35KernelTmaWarpSpecializedCooperativeEEENS5_IJNSA_ILi128EEESF_NSA_ILi64EEEEEENS_10tfloat32_tENS5_IJlSB_lEEESI_SJ_NS4_8TiledMMAINS4_8MMA_AtomIJNS4_4SM904GMMA30MMA_64x128x8_F32TF32TF32_SS_TNILNSN_7ScaleInE1ELSP_1EEEEEENS4_6LayoutINS5_IJNSA_ILi2EEESB_SB_EEENS5_IJSB_NSA_ILi0EEESV_EEEEENS5_IJNS4_10UnderscoreESY_SY_EEEEENS4_13SM90_TMA_LOADENS4_14ComposedLayoutINS4_7SwizzleILi3ELi4ELi3EEENS4_18smem_ptr_flag_bitsILi32EEENSS_INS5_IJNSA_ILi8EEENSA_ILi32EEEEEENS5_IJS18_SB_EEEEEEEvNS4_8identityES11_S1C_vS1D_EENS_8epilogue10collective6detail29Sm90TmaWarpSpecializedAdapterINS1G_15DefaultEpilogueISJ_SJ_NS1F_6thread17LinearCombinationIfLi1EffLNS1K_9ScaleType4KindE0ELNS_15FloatRoundStyleE2EfEENS1_15EpilogueDefaultEEEEEvvEEEEvNT_6ParamsE'
  ptxas info    : (C7510) Potential Performance Loss: wgmma.mma_async instructions are serialized due to wgmma pipeline crossing function boundary at a function call in the function '_ZN7cutlass13device_kernelINS_4gemm6kernel13GemmUniversalIN4cute5tupleIJiiiiEEENS1_10collective13CollectiveMmaINS1_39MainloopSm90TmaGmmaRmemAWarpSpecializedILi3ENS5_IJNS4_1CILi1EEESB_SB_EEENS1_35KernelTmaWarpSpecializedCooperativeEEENS5_IJNSA_ILi128EEESF_NSA_ILi64EEEEEENS_10tfloat32_tENS5_IJlSB_lEEESI_NS5_IJSB_llEEENS4_8TiledMMAINS4_8MMA_AtomIJNS4_4SM904GMMA30MMA_64x128x8_F32TF32TF32_RS_TNILNSO_7ScaleInE1ELSQ_1EEEEEENS4_6LayoutINS5_IJNSA_ILi2EEESB_SB_EEENS5_IJSB_NSA_ILi0EEESW_EEEEENS5_IJNS4_10UnderscoreESZ_SZ_EEEEENS4_13SM90_TMA_LOADENS4_14ComposedLayoutINS4_7SwizzleILi3ELi4ELi3EEENS4_18smem_ptr_flag_bitsILi32EEENST_INS5_IJNSA_ILi8EEENSA_ILi32EEEEEENS5_IJS19_SB_EEEEEEEvNS4_8identityES12_NS13_INS14_ILi1ELi4ELi3EEES17_NST_INS5_IJS18_S18_EEENS5_IJSB_S18_EEEEEEENS4_9Copy_AtomIJNS4_39AutoVectorizingCopyWithAssumedAlignmentILi128EEESI_EEES1E_EENS_8epilogue10collective6detail29Sm90TmaWarpSpecializedAdapterINS1Q_15DefaultEpilogueISJ_SJ_NS1P_6thread17LinearCombinationIfLi1EffLNS1U_9ScaleType4KindE0ELNS_15FloatRoundStyleE2EfEENS1_15EpilogueDefaultEEEEEvvEEEEvNT_6ParamsE'
  ptxas info    : (C7510) Potential Performance Loss: wgmma.mma_async instructions are serialized due to wgmma pipeline crossing function boundary at a function call in the function '_ZN7cutlass13device_kernelINS_4gemm6kernel13GemmUniversalIN4cute5tupleIJiiiiEEENS1_10collective13CollectiveMmaINS1_34MainloopSm90TmaGmmaWarpSpecializedILi7ENS5_IJNS4_1CILi1EEESB_SB_EEENS1_35KernelTmaWarpSpecializedCooperativeEEENS5_IJNSA_ILi128EEESF_NSA_ILi64EEEEEENS_10bfloat16_tENS5_IJlSB_lEEESI_NS5_IJSB_llEEENS4_8TiledMMAINS4_8MMA_AtomIJNS4_4SM904GMMA28MMA_64x128x16_F32BF16BF16_SSILNSO_5MajorE0ELSQ_1ELNSO_7ScaleInE1ELSR_1EEEEEENS4_6LayoutINS5_IJNSA_ILi2EEESB_SB_EEENS5_IJSB_NSA_ILi0EEESX_EEEEENS5_IJNS4_10UnderscoreES10_S10_EEEEENS4_13SM90_TMA_LOADENS4_14ComposedLayoutINS4_7SwizzleILi3ELi4ELi3EEENS4_18smem_ptr_flag_bitsILi16EEENSU_INS5_IJNSA_ILi8EEESG_EEENS5_IJSG_SB_EEEEEEEvNS4_8identityES13_NS14_IS16_S18_NSU_INS5_IJSG_S19_EEENS5_IJSB_SG_EEEEEEEvS1E_EENS_8epilogue10collective6detail29Sm90TmaWarpSpecializedAdapterINS1L_15DefaultEpilogueISJ_SJ_NS1K_6thread17LinearCombinationIfLi1EffLNS1P_9ScaleType4KindE0ELNS_15FloatRoundStyleE2EfEENS1_15EpilogueDefaultEEEEEvvEEEEvNT_6ParamsE'
  ptxas info    : (C7510) Potential Performance Loss: wgmma.mma_async instructions are serialized due to wgmma pipeline crossing function boundary at a function call in the function '_ZN7cutlass13device_kernelINS_4gemm6kernel13GemmUniversalIN4cute5tupleIJiiiiEEENS1_10collective13CollectiveMmaINS1_34MainloopSm90TmaGmmaWarpSpecializedILi7ENS5_IJNS4_1CILi1EEESB_SB_EEENS1_35KernelTmaWarpSpecializedCooperativeEEENS5_IJNSA_ILi128EEESF_NSA_ILi64EEEEEENS_6half_tENS5_IJlSB_lEEESI_NS5_IJSB_llEEENS4_8TiledMMAINS4_8MMA_AtomIJNS4_4SM904GMMA26MMA_64x128x16_F32F16F16_SSILNSO_5MajorE0ELSQ_1ELNSO_7ScaleInE1ELSR_1EEEEEENS4_6LayoutINS5_IJNSA_ILi2EEESB_SB_EEENS5_IJSB_NSA_ILi0EEESX_EEEEENS5_IJNS4_10UnderscoreES10_S10_EEEEENS4_13SM90_TMA_LOADENS4_14ComposedLayoutINS4_7SwizzleILi3ELi4ELi3EEENS4_18smem_ptr_flag_bitsILi16EEENSU_INS5_IJNSA_ILi8EEESG_EEENS5_IJSG_SB_EEEEEEEvNS4_8identityES13_NS14_IS16_S18_NSU_INS5_IJSG_S19_EEENS5_IJSB_SG_EEEEEEEvS1E_EENS_8epilogue10collective6detail29Sm90TmaWarpSpecializedAdapterINS1L_15DefaultEpilogueISJ_SJ_NS1K_6thread17LinearCombinationIfLi1EffLNS1P_9ScaleType4KindE0ELNS_15FloatRoundStyleE2EfEENS1_15EpilogueDefaultEEEEEvvEEEEvNT_6ParamsE'
  [51/56] /usr/local/cuda/bin/nvcc --generate-dependencies-with-compile --dependency-output /dev/shm/tmp/tmp4glokf2q.build-temp/csrc/backends/cuda/sm_90/models/mamba.o.d -DWITH_CUDA -DWITH_CUTLASS -I/workspace/SuperGrok1.5/. -I/workspace/SuperGrok1.5/csrc/bindings -I/workspace/SuperGrok1.5/csrc -I/workspace/SuperGrok1.5/third_party/cutlass/include -I/workspace/SuperGrok1.5/third_party/cutlass/tools/util/include -I/usr/local/lib/python3.11/dist-packages/torch/include -I/usr/local/lib/python3.11/dist-packages/torch/include/torch/csrc/api/include -I/usr/local/lib/python3.11/dist-packages/torch/include/TH -I/usr/local/lib/python3.11/dist-packages/torch/include/THC -I/usr/local/cuda/include -I/workspace/venv/include -I/usr/include/python3.11 -c -c /workspace/SuperGrok1.5/csrc/backends/cuda/sm_90/models/mamba.cu -o /dev/shm/tmp/tmp4glokf2q.build-temp/csrc/backends/cuda/sm_90/models/mamba.o -D__CUDA_NO_HALF_OPERATORS__ -D__CUDA_NO_HALF_CONVERSIONS__ -D__CUDA_NO_BFLOAT16_CONVERSIONS__ -D__CUDA_NO_HALF2_OPERATORS__ --expt-relaxed-constexpr --compiler-options ''"'"'-fPIC'"'"'' -O3 --use_fast_math -std=c++17 -DWITH_CUDA --expt-relaxed-constexpr -lineinfo -Xptxas -O3 -Xptxas --warn-on-spills -Xcompiler -fPIC -gencode=arch=compute_90a,code=sm_90a -gencode=arch=compute_90,code=compute_90 -DWITH_CUTLASS -DCUTLASS_NVCC_ARCHS=90a -DTORCH_API_INCLUDE_EXTENSION_H '-DPYBIND11_COMPILER_TYPE="_gcc"' '-DPYBIND11_STDLIB="_libstdcpp"' '-DPYBIND11_BUILD_ABI="_cxxabi1011"' -DTORCH_EXTENSION_NAME=_ops -D_GLIBCXX_USE_CXX11_ABI=0
  ptxas info    : (C7510) Potential Performance Loss: wgmma.mma_async instructions are serialized due to wgmma pipeline crossing function boundary at a function call in the function '_ZN7cutlass13device_kernelINS_4gemm6kernel13GemmUniversalIN4cute5tupleIJiiiiEEENS1_10collective13CollectiveMmaINS1_34MainloopSm90TmaGmmaWarpSpecializedILi3ENS5_IJNS4_1CILi1EEESB_SB_EEENS1_35KernelTmaWarpSpecializedCooperativeEEENS5_IJNSA_ILi128EEESF_NSA_ILi64EEEEEENS_10tfloat32_tENS5_IJlSB_lEEESI_SJ_NS4_8TiledMMAINS4_8MMA_AtomIJNS4_4SM904GMMA30MMA_64x128x8_F32TF32TF32_SS_TNILNSN_7ScaleInE1ELSP_1EEEEEENS4_6LayoutINS5_IJNSA_ILi2EEESB_SB_EEENS5_IJSB_NSA_ILi0EEESV_EEEEENS5_IJNS4_10UnderscoreESY_SY_EEEEENS4_13SM90_TMA_LOADENS4_14ComposedLayoutINS4_7SwizzleILi3ELi4ELi3EEENS4_18smem_ptr_flag_bitsILi32EEENSS_INS5_IJNSA_ILi8EEENSA_ILi32EEEEEENS5_IJS18_SB_EEEEEEEvNS4_8identityES11_S1C_vS1D_EENS_8epilogue10collective6detail29Sm90TmaWarpSpecializedAdapterINS1G_15DefaultEpilogueISJ_SJ_NS1F_6thread17LinearCombinationIfLi1EffLNS1K_9ScaleType4KindE0ELNS_15FloatRoundStyleE2EfEENS1_15EpilogueDefaultEEEEEvvEEEEvNT_6ParamsE'
  ptxas info    : (C7510) Potential Performance Loss: wgmma.mma_async instructions are serialized due to wgmma pipeline crossing function boundary at a function call in the function '_ZN7cutlass13device_kernelINS_4gemm6kernel13GemmUniversalIN4cute5tupleIJiiiiEEENS1_10collective13CollectiveMmaINS1_39MainloopSm90TmaGmmaRmemAWarpSpecializedILi3ENS5_IJNS4_1CILi1EEESB_SB_EEENS1_35KernelTmaWarpSpecializedCooperativeEEENS5_IJNSA_ILi128EEESF_NSA_ILi64EEEEEENS_10tfloat32_tENS5_IJlSB_lEEESI_NS5_IJSB_llEEENS4_8TiledMMAINS4_8MMA_AtomIJNS4_4SM904GMMA30MMA_64x128x8_F32TF32TF32_RS_TNILNSO_7ScaleInE1ELSQ_1EEEEEENS4_6LayoutINS5_IJNSA_ILi2EEESB_SB_EEENS5_IJSB_NSA_ILi0EEESW_EEEEENS5_IJNS4_10UnderscoreESZ_SZ_EEEEENS4_13SM90_TMA_LOADENS4_14ComposedLayoutINS4_7SwizzleILi3ELi4ELi3EEENS4_18smem_ptr_flag_bitsILi32EEENST_INS5_IJNSA_ILi8EEENSA_ILi32EEEEEENS5_IJS19_SB_EEEEEEEvNS4_8identityES12_NS13_INS14_ILi1ELi4ELi3EEES17_NST_INS5_IJS18_S18_EEENS5_IJSB_S18_EEEEEEENS4_9Copy_AtomIJNS4_39AutoVectorizingCopyWithAssumedAlignmentILi128EEESI_EEES1E_EENS_8epilogue10collective6detail29Sm90TmaWarpSpecializedAdapterINS1Q_15DefaultEpilogueISJ_SJ_NS1P_6thread17LinearCombinationIfLi1EffLNS1U_9ScaleType4KindE0ELNS_15FloatRoundStyleE2EfEENS1_15EpilogueDefaultEEEEEvvEEEEvNT_6ParamsE'
  ptxas info    : (C7510) Potential Performance Loss: wgmma.mma_async instructions are serialized due to wgmma pipeline crossing function boundary at a function call in the function '_ZN7cutlass13device_kernelINS_4gemm6kernel13GemmUniversalIN4cute5tupleIJiiiiEEENS1_10collective13CollectiveMmaINS1_34MainloopSm90TmaGmmaWarpSpecializedILi7ENS5_IJNS4_1CILi1EEESB_SB_EEENS1_35KernelTmaWarpSpecializedCooperativeEEENS5_IJNSA_ILi128EEESF_NSA_ILi64EEEEEENS_10bfloat16_tENS5_IJlSB_lEEESI_NS5_IJSB_llEEENS4_8TiledMMAINS4_8MMA_AtomIJNS4_4SM904GMMA28MMA_64x128x16_F32BF16BF16_SSILNSO_5MajorE0ELSQ_1ELNSO_7ScaleInE1ELSR_1EEEEEENS4_6LayoutINS5_IJNSA_ILi2EEESB_SB_EEENS5_IJSB_NSA_ILi0EEESX_EEEEENS5_IJNS4_10UnderscoreES10_S10_EEEEENS4_13SM90_TMA_LOADENS4_14ComposedLayoutINS4_7SwizzleILi3ELi4ELi3EEENS4_18smem_ptr_flag_bitsILi16EEENSU_INS5_IJNSA_ILi8EEESG_EEENS5_IJSG_SB_EEEEEEEvNS4_8identityES13_NS14_IS16_S18_NSU_INS5_IJSG_S19_EEENS5_IJSB_SG_EEEEEEEvS1E_EENS_8epilogue10collective6detail29Sm90TmaWarpSpecializedAdapterINS1L_15DefaultEpilogueISJ_SJ_NS1K_6thread17LinearCombinationIfLi1EffLNS1P_9ScaleType4KindE0ELNS_15FloatRoundStyleE2EfEENS1_15EpilogueDefaultEEEEEvvEEEEvNT_6ParamsE'
  ptxas info    : (C7510) Potential Performance Loss: wgmma.mma_async instructions are serialized due to wgmma pipeline crossing function boundary at a function call in the function '_ZN7cutlass13device_kernelINS_4gemm6kernel13GemmUniversalIN4cute5tupleIJiiiiEEENS1_10collective13CollectiveMmaINS1_34MainloopSm90TmaGmmaWarpSpecializedILi7ENS5_IJNS4_1CILi1EEESB_SB_EEENS1_35KernelTmaWarpSpecializedCooperativeEEENS5_IJNSA_ILi128EEESF_NSA_ILi64EEEEEENS_6half_tENS5_IJlSB_lEEESI_NS5_IJSB_llEEENS4_8TiledMMAINS4_8MMA_AtomIJNS4_4SM904GMMA26MMA_64x128x16_F32F16F16_SSILNSO_5MajorE0ELSQ_1ELNSO_7ScaleInE1ELSR_1EEEEEENS4_6LayoutINS5_IJNSA_ILi2EEESB_SB_EEENS5_IJSB_NSA_ILi0EEESX_EEEEENS5_IJNS4_10UnderscoreES10_S10_EEEEENS4_13SM90_TMA_LOADENS4_14ComposedLayoutINS4_7SwizzleILi3ELi4ELi3EEENS4_18smem_ptr_flag_bitsILi16EEENSU_INS5_IJNSA_ILi8EEESG_EEENS5_IJSG_SB_EEEEEEEvNS4_8identityES13_NS14_IS16_S18_NSU_INS5_IJSG_S19_EEENS5_IJSB_SG_EEEEEEEvS1E_EENS_8epilogue10collective6detail29Sm90TmaWarpSpecializedAdapterINS1L_15DefaultEpilogueISJ_SJ_NS1K_6thread17LinearCombinationIfLi1EffLNS1P_9ScaleType4KindE0ELNS_15FloatRoundStyleE2EfEENS1_15EpilogueDefaultEEEEEvvEEEEvNT_6ParamsE'
  [52/56] /usr/local/cuda/bin/nvcc --generate-dependencies-with-compile --dependency-output /dev/shm/tmp/tmp4glokf2q.build-temp/csrc/backends/cuda/sm_90/models/vit.o.d -DWITH_CUDA -DWITH_CUTLASS -I/workspace/SuperGrok1.5/. -I/workspace/SuperGrok1.5/csrc/bindings -I/workspace/SuperGrok1.5/csrc -I/workspace/SuperGrok1.5/third_party/cutlass/include -I/workspace/SuperGrok1.5/third_party/cutlass/tools/util/include -I/usr/local/lib/python3.11/dist-packages/torch/include -I/usr/local/lib/python3.11/dist-packages/torch/include/torch/csrc/api/include -I/usr/local/lib/python3.11/dist-packages/torch/include/TH -I/usr/local/lib/python3.11/dist-packages/torch/include/THC -I/usr/local/cuda/include -I/workspace/venv/include -I/usr/include/python3.11 -c -c /workspace/SuperGrok1.5/csrc/backends/cuda/sm_90/models/vit.cu -o /dev/shm/tmp/tmp4glokf2q.build-temp/csrc/backends/cuda/sm_90/models/vit.o -D__CUDA_NO_HALF_OPERATORS__ -D__CUDA_NO_HALF_CONVERSIONS__ -D__CUDA_NO_BFLOAT16_CONVERSIONS__ -D__CUDA_NO_HALF2_OPERATORS__ --expt-relaxed-constexpr --compiler-options ''"'"'-fPIC'"'"'' -O3 --use_fast_math -std=c++17 -DWITH_CUDA --expt-relaxed-constexpr -lineinfo -Xptxas -O3 -Xptxas --warn-on-spills -Xcompiler -fPIC -gencode=arch=compute_90a,code=sm_90a -gencode=arch=compute_90,code=compute_90 -DWITH_CUTLASS -DCUTLASS_NVCC_ARCHS=90a -DTORCH_API_INCLUDE_EXTENSION_H '-DPYBIND11_COMPILER_TYPE="_gcc"' '-DPYBIND11_STDLIB="_libstdcpp"' '-DPYBIND11_BUILD_ABI="_cxxabi1011"' -DTORCH_EXTENSION_NAME=_ops -D_GLIBCXX_USE_CXX11_ABI=0
  ptxas info    : (C7510) Potential Performance Loss: wgmma.mma_async instructions are serialized due to wgmma pipeline crossing function boundary at a function call in the function '_ZN7cutlass13device_kernelINS_4gemm6kernel13GemmUniversalIN4cute5tupleIJiiiiEEENS1_10collective13CollectiveMmaINS1_34MainloopSm90TmaGmmaWarpSpecializedILi7ENS5_IJNS4_1CILi1EEESB_SB_EEENS1_35KernelTmaWarpSpecializedCooperativeEEENS5_IJNSA_ILi128EEESF_NSA_ILi64EEEEEENS_6half_tENS5_IJSB_llEEESI_SJ_NS4_8TiledMMAINS4_8MMA_AtomIJNS4_4SM904GMMA26MMA_64x128x16_F32F16F16_SSILNSN_5MajorE1ELSP_1ELNSN_7ScaleInE1ELSQ_1EEEEEENS4_6LayoutINS5_IJNSA_ILi2EEESB_SB_EEENS5_IJSB_NSA_ILi0EEESW_EEEEENS5_IJNS4_10UnderscoreESZ_SZ_EEEEENS4_13SM90_TMA_LOADENS4_14ComposedLayoutINS4_7SwizzleILi3ELi4ELi3EEENS4_18smem_ptr_flag_bitsILi16EEENST_INS5_IJSG_NSA_ILi8EEEEEENS5_IJSB_SG_EEEEEEEvNS4_8identityES12_S1C_vS1D_EENS_8epilogue10collective6detail29Sm90TmaWarpSpecializedAdapterINS1G_15DefaultEpilogueINS5_IJlSB_lEEES1K_NS1F_6thread17LinearCombinationIfLi1EffLNS1L_9ScaleType4KindE0ELNS_15FloatRoundStyleE2EfEENS1_15EpilogueDefaultEEEEEvvEEEEvNT_6ParamsE'
  ptxas info    : (C7510) Potential Performance Loss: wgmma.mma_async instructions are serialized due to wgmma pipeline crossing function boundary at a function call in the function '_ZN7cutlass13device_kernelINS_4gemm6kernel13GemmUniversalIN4cute5tupleIJiiiiEEENS1_10collective13CollectiveMmaINS1_34MainloopSm90TmaGmmaWarpSpecializedILi7ENS5_IJNS4_1CILi1EEESB_SB_EEENS1_35KernelTmaWarpSpecializedCooperativeEEENS5_IJNSA_ILi128EEESF_NSA_ILi64EEEEEENS_6half_tENS5_IJlSB_lEEESI_SJ_NS4_8TiledMMAINS4_8MMA_AtomIJNS4_4SM904GMMA26MMA_64x128x16_F32F16F16_SSILNSN_5MajorE0ELSP_0ELNSN_7ScaleInE1ELSQ_1EEEEEENS4_6LayoutINS5_IJNSA_ILi2EEESB_SB_EEENS5_IJSB_NSA_ILi0EEESW_EEEEENS5_IJNS4_10UnderscoreESZ_SZ_EEEEENS4_13SM90_TMA_LOADENS4_14ComposedLayoutINS4_7SwizzleILi3ELi4ELi3EEENS4_18smem_ptr_flag_bitsILi16EEENST_INS5_IJNSA_ILi8EEESG_EEENS5_IJSG_SB_EEEEEEEvNS4_8identityES12_S1C_vS1D_EENS_8epilogue10collective6detail29Sm90TmaWarpSpecializedAdapterINS1G_15DefaultEpilogueISJ_SJ_NS1F_6thread17LinearCombinationIfLi1EffLNS1K_9ScaleType4KindE0ELNS_15FloatRoundStyleE2EfEENS1_15EpilogueDefaultEEEEEvvEEEEvNT_6ParamsE'
  ptxas info    : (C7510) Potential Performance Loss: wgmma.mma_async instructions are serialized due to wgmma pipeline crossing function boundary at a function call in the function '_ZN7cutlass13device_kernelINS_4gemm6kernel13GemmUniversalIN4cute5tupleIJiiiiEEENS1_10collective13CollectiveMmaINS1_34MainloopSm90TmaGmmaWarpSpecializedILi7ENS5_IJNS4_1CILi1EEESB_SB_EEENS1_35KernelTmaWarpSpecializedCooperativeEEENS5_IJNSA_ILi128EEESF_NSA_ILi64EEEEEENS_10bfloat16_tENS5_IJSB_llEEESI_SJ_NS4_8TiledMMAINS4_8MMA_AtomIJNS4_4SM904GMMA28MMA_64x128x16_F32BF16BF16_SSILNSN_5MajorE1ELSP_1ELNSN_7ScaleInE1ELSQ_1EEEEEENS4_6LayoutINS5_IJNSA_ILi2EEESB_SB_EEENS5_IJSB_NSA_ILi0EEESW_EEEEENS5_IJNS4_10UnderscoreESZ_SZ_EEEEENS4_13SM90_TMA_LOADENS4_14ComposedLayoutINS4_7SwizzleILi3ELi4ELi3EEENS4_18smem_ptr_flag_bitsILi16EEENST_INS5_IJSG_NSA_ILi8EEEEEENS5_IJSB_SG_EEEEEEEvNS4_8identityES12_S1C_vS1D_EENS_8epilogue10collective6detail29Sm90TmaWarpSpecializedAdapterINS1G_15DefaultEpilogueINS5_IJlSB_lEEES1K_NS1F_6thread17LinearCombinationIfLi1EffLNS1L_9ScaleType4KindE0ELNS_15FloatRoundStyleE2EfEENS1_15EpilogueDefaultEEEEEvvEEEEvNT_6ParamsE'
  ptxas info    : (C7510) Potential Performance Loss: wgmma.mma_async instructions are serialized due to wgmma pipeline crossing function boundary at a function call in the function '_ZN7cutlass13device_kernelINS_4gemm6kernel13GemmUniversalIN4cute5tupleIJiiiiEEENS1_10collective13CollectiveMmaINS1_34MainloopSm90TmaGmmaWarpSpecializedILi7ENS5_IJNS4_1CILi1EEESB_SB_EEENS1_35KernelTmaWarpSpecializedCooperativeEEENS5_IJNSA_ILi128EEESF_NSA_ILi64EEEEEENS_10bfloat16_tENS5_IJlSB_lEEESI_SJ_NS4_8TiledMMAINS4_8MMA_AtomIJNS4_4SM904GMMA28MMA_64x128x16_F32BF16BF16_SSILNSN_5MajorE0ELSP_0ELNSN_7ScaleInE1ELSQ_1EEEEEENS4_6LayoutINS5_IJNSA_ILi2EEESB_SB_EEENS5_IJSB_NSA_ILi0EEESW_EEEEENS5_IJNS4_10UnderscoreESZ_SZ_EEEEENS4_13SM90_TMA_LOADENS4_14ComposedLayoutINS4_7SwizzleILi3ELi4ELi3EEENS4_18smem_ptr_flag_bitsILi16EEENST_INS5_IJNSA_ILi8EEESG_EEENS5_IJSG_SB_EEEEEEEvNS4_8identityES12_S1C_vS1D_EENS_8epilogue10collective6detail29Sm90TmaWarpSpecializedAdapterINS1G_15DefaultEpilogueISJ_SJ_NS1F_6thread17LinearCombinationIfLi1EffLNS1K_9ScaleType4KindE0ELNS_15FloatRoundStyleE2EfEENS1_15EpilogueDefaultEEEEEvvEEEEvNT_6ParamsE'
  ptxas info    : (C7510) Potential Performance Loss: wgmma.mma_async instructions are serialized due to wgmma pipeline crossing function boundary at a function call in the function '_ZN7cutlass13device_kernelINS_4gemm6kernel13GemmUniversalIN4cute5tupleIJiiiiEEENS1_10collective13CollectiveMmaINS1_34MainloopSm90TmaGmmaWarpSpecializedILi3ENS5_IJNS4_1CILi1EEESB_SB_EEENS1_35KernelTmaWarpSpecializedCooperativeEEENS5_IJNSA_ILi128EEESF_NSA_ILi64EEEEEENS_10tfloat32_tENS5_IJlSB_lEEESI_SJ_NS4_8TiledMMAINS4_8MMA_AtomIJNS4_4SM904GMMA30MMA_64x128x8_F32TF32TF32_SS_TNILNSN_7ScaleInE1ELSP_1EEEEEENS4_6LayoutINS5_IJNSA_ILi2EEESB_SB_EEENS5_IJSB_NSA_ILi0EEESV_EEEEENS5_IJNS4_10UnderscoreESY_SY_EEEEENS4_13SM90_TMA_LOADENS4_14ComposedLayoutINS4_7SwizzleILi3ELi4ELi3EEENS4_18smem_ptr_flag_bitsILi32EEENSS_INS5_IJNSA_ILi8EEENSA_ILi32EEEEEENS5_IJS18_SB_EEEEEEEvNS4_8identityES11_S1C_vS1D_EENS_8epilogue10collective6detail29Sm90TmaWarpSpecializedAdapterINS1G_15DefaultEpilogueISJ_SJ_NS1F_6thread17LinearCombinationIfLi1EffLNS1K_9ScaleType4KindE0ELNS_15FloatRoundStyleE2EfEENS1_15EpilogueDefaultEEEEEvvEEEEvNT_6ParamsE'
  ptxas info    : (C7510) Potential Performance Loss: wgmma.mma_async instructions are serialized due to wgmma pipeline crossing function boundary at a function call in the function '_ZN7cutlass13device_kernelINS_4gemm6kernel13GemmUniversalIN4cute5tupleIJiiiiEEENS1_10collective13CollectiveMmaINS1_39MainloopSm90TmaGmmaRmemAWarpSpecializedILi3ENS5_IJNS4_1CILi1EEESB_SB_EEENS1_35KernelTmaWarpSpecializedCooperativeEEENS5_IJNSA_ILi128EEESF_NSA_ILi64EEEEEENS_10tfloat32_tENS5_IJlSB_lEEESI_NS5_IJSB_llEEENS4_8TiledMMAINS4_8MMA_AtomIJNS4_4SM904GMMA30MMA_64x128x8_F32TF32TF32_RS_TNILNSO_7ScaleInE1ELSQ_1EEEEEENS4_6LayoutINS5_IJNSA_ILi2EEESB_SB_EEENS5_IJSB_NSA_ILi0EEESW_EEEEENS5_IJNS4_10UnderscoreESZ_SZ_EEEEENS4_13SM90_TMA_LOADENS4_14ComposedLayoutINS4_7SwizzleILi3ELi4ELi3EEENS4_18smem_ptr_flag_bitsILi32EEENST_INS5_IJNSA_ILi8EEENSA_ILi32EEEEEENS5_IJS19_SB_EEEEEEEvNS4_8identityES12_NS13_INS14_ILi1ELi4ELi3EEES17_NST_INS5_IJS18_S18_EEENS5_IJSB_S18_EEEEEEENS4_9Copy_AtomIJNS4_39AutoVectorizingCopyWithAssumedAlignmentILi128EEESI_EEES1E_EENS_8epilogue10collective6detail29Sm90TmaWarpSpecializedAdapterINS1Q_15DefaultEpilogueISJ_SJ_NS1P_6thread17LinearCombinationIfLi1EffLNS1U_9ScaleType4KindE0ELNS_15FloatRoundStyleE2EfEENS1_15EpilogueDefaultEEEEEvvEEEEvNT_6ParamsE'
  ptxas info    : (C7510) Potential Performance Loss: wgmma.mma_async instructions are serialized due to wgmma pipeline crossing function boundary at a function call in the function '_ZN7cutlass13device_kernelINS_4gemm6kernel13GemmUniversalIN4cute5tupleIJiiiiEEENS1_10collective13CollectiveMmaINS1_34MainloopSm90TmaGmmaWarpSpecializedILi7ENS5_IJNS4_1CILi1EEESB_SB_EEENS1_35KernelTmaWarpSpecializedCooperativeEEENS5_IJNSA_ILi128EEESF_NSA_ILi64EEEEEENS_10bfloat16_tENS5_IJlSB_lEEESI_NS5_IJSB_llEEENS4_8TiledMMAINS4_8MMA_AtomIJNS4_4SM904GMMA28MMA_64x128x16_F32BF16BF16_SSILNSO_5MajorE0ELSQ_1ELNSO_7ScaleInE1ELSR_1EEEEEENS4_6LayoutINS5_IJNSA_ILi2EEESB_SB_EEENS5_IJSB_NSA_ILi0EEESX_EEEEENS5_IJNS4_10UnderscoreES10_S10_EEEEENS4_13SM90_TMA_LOADENS4_14ComposedLayoutINS4_7SwizzleILi3ELi4ELi3EEENS4_18smem_ptr_flag_bitsILi16EEENSU_INS5_IJNSA_ILi8EEESG_EEENS5_IJSG_SB_EEEEEEEvNS4_8identityES13_NS14_IS16_S18_NSU_INS5_IJSG_S19_EEENS5_IJSB_SG_EEEEEEEvS1E_EENS_8epilogue10collective6detail29Sm90TmaWarpSpecializedAdapterINS1L_15DefaultEpilogueISJ_SJ_NS1K_6thread17LinearCombinationIfLi1EffLNS1P_9ScaleType4KindE0ELNS_15FloatRoundStyleE2EfEENS1_15EpilogueDefaultEEEEEvvEEEEvNT_6ParamsE'
  ptxas info    : (C7510) Potential Performance Loss: wgmma.mma_async instructions are serialized due to wgmma pipeline crossing function boundary at a function call in the function '_ZN7cutlass13device_kernelINS_4gemm6kernel13GemmUniversalIN4cute5tupleIJiiiiEEENS1_10collective13CollectiveMmaINS1_34MainloopSm90TmaGmmaWarpSpecializedILi7ENS5_IJNS4_1CILi1EEESB_SB_EEENS1_35KernelTmaWarpSpecializedCooperativeEEENS5_IJNSA_ILi128EEESF_NSA_ILi64EEEEEENS_6half_tENS5_IJlSB_lEEESI_NS5_IJSB_llEEENS4_8TiledMMAINS4_8MMA_AtomIJNS4_4SM904GMMA26MMA_64x128x16_F32F16F16_SSILNSO_5MajorE0ELSQ_1ELNSO_7ScaleInE1ELSR_1EEEEEENS4_6LayoutINS5_IJNSA_ILi2EEESB_SB_EEENS5_IJSB_NSA_ILi0EEESX_EEEEENS5_IJNS4_10UnderscoreES10_S10_EEEEENS4_13SM90_TMA_LOADENS4_14ComposedLayoutINS4_7SwizzleILi3ELi4ELi3EEENS4_18smem_ptr_flag_bitsILi16EEENSU_INS5_IJNSA_ILi8EEESG_EEENS5_IJSG_SB_EEEEEEEvNS4_8identityES13_NS14_IS16_S18_NSU_INS5_IJSG_S19_EEENS5_IJSB_SG_EEEEEEEvS1E_EENS_8epilogue10collective6detail29Sm90TmaWarpSpecializedAdapterINS1L_15DefaultEpilogueISJ_SJ_NS1K_6thread17LinearCombinationIfLi1EffLNS1P_9ScaleType4KindE0ELNS_15FloatRoundStyleE2EfEENS1_15EpilogueDefaultEEEEEvvEEEEvNT_6ParamsE'
  [53/56] /usr/local/cuda/bin/nvcc --generate-dependencies-with-compile --dependency-output /dev/shm/tmp/tmp4glokf2q.build-temp/csrc/backends/cuda/sm_90/launch_supergrok2.o.d -DWITH_CUDA -DWITH_CUTLASS -I/workspace/SuperGrok1.5/. -I/workspace/SuperGrok1.5/csrc/bindings -I/workspace/SuperGrok1.5/csrc -I/workspace/SuperGrok1.5/third_party/cutlass/include -I/workspace/SuperGrok1.5/third_party/cutlass/tools/util/include -I/usr/local/lib/python3.11/dist-packages/torch/include -I/usr/local/lib/python3.11/dist-packages/torch/include/torch/csrc/api/include -I/usr/local/lib/python3.11/dist-packages/torch/include/TH -I/usr/local/lib/python3.11/dist-packages/torch/include/THC -I/usr/local/cuda/include -I/workspace/venv/include -I/usr/include/python3.11 -c -c /workspace/SuperGrok1.5/csrc/backends/cuda/sm_90/launch_supergrok2.cu -o /dev/shm/tmp/tmp4glokf2q.build-temp/csrc/backends/cuda/sm_90/launch_supergrok2.o -D__CUDA_NO_HALF_OPERATORS__ -D__CUDA_NO_HALF_CONVERSIONS__ -D__CUDA_NO_BFLOAT16_CONVERSIONS__ -D__CUDA_NO_HALF2_OPERATORS__ --expt-relaxed-constexpr --compiler-options ''"'"'-fPIC'"'"'' -O3 --use_fast_math -std=c++17 -DWITH_CUDA --expt-relaxed-constexpr -lineinfo -Xptxas -O3 -Xptxas --warn-on-spills -Xcompiler -fPIC -gencode=arch=compute_90a,code=sm_90a -gencode=arch=compute_90,code=compute_90 -DWITH_CUTLASS -DCUTLASS_NVCC_ARCHS=90a -DTORCH_API_INCLUDE_EXTENSION_H '-DPYBIND11_COMPILER_TYPE="_gcc"' '-DPYBIND11_STDLIB="_libstdcpp"' '-DPYBIND11_BUILD_ABI="_cxxabi1011"' -DTORCH_EXTENSION_NAME=_ops -D_GLIBCXX_USE_CXX11_ABI=0
  ptxas info    : (C7510) Potential Performance Loss: wgmma.mma_async instructions are serialized due to wgmma pipeline crossing function boundary at a function call in the function '_ZN7cutlass13device_kernelINS_4gemm6kernel13GemmUniversalIN4cute5tupleIJiiiiEEENS1_10collective13CollectiveMmaINS1_39MainloopSm90TmaGmmaRmemAWarpSpecializedILi3ENS5_IJNS4_1CILi1EEESB_SB_EEENS1_35KernelTmaWarpSpecializedCooperativeEEENS5_IJNSA_ILi128EEESF_NSA_ILi64EEEEEENS_10tfloat32_tENS5_IJlSB_lEEESI_NS5_IJSB_llEEENS4_8TiledMMAINS4_8MMA_AtomIJNS4_4SM904GMMA30MMA_64x128x8_F32TF32TF32_RS_TNILNSO_7ScaleInE1ELSQ_1EEEEEENS4_6LayoutINS5_IJNSA_ILi2EEESB_SB_EEENS5_IJSB_NSA_ILi0EEESW_EEEEENS5_IJNS4_10UnderscoreESZ_SZ_EEEEENS4_13SM90_TMA_LOADENS4_14ComposedLayoutINS4_7SwizzleILi3ELi4ELi3EEENS4_18smem_ptr_flag_bitsILi32EEENST_INS5_IJNSA_ILi8EEENSA_ILi32EEEEEENS5_IJS19_SB_EEEEEEEvNS4_8identityES12_NS13_INS14_ILi1ELi4ELi3EEES17_NST_INS5_IJS18_S18_EEENS5_IJSB_S18_EEEEEEENS4_9Copy_AtomIJNS4_39AutoVectorizingCopyWithAssumedAlignmentILi128EEESI_EEES1E_EENS_8epilogue10collective6detail29Sm90TmaWarpSpecializedAdapterINS1Q_15DefaultEpilogueISJ_SJ_NS1P_6thread17LinearCombinationIfLi1EffLNS1U_9ScaleType4KindE0ELNS_15FloatRoundStyleE2EfEENS1_15EpilogueDefaultEEEEEvvEEEEvNT_6ParamsE'
  ptxas info    : (C7510) Potential Performance Loss: wgmma.mma_async instructions are serialized due to wgmma pipeline crossing function boundary at a function call in the function '_ZN7cutlass13device_kernelINS_4gemm6kernel13GemmUniversalIN4cute5tupleIJiiiiEEENS1_10collective13CollectiveMmaINS1_34MainloopSm90TmaGmmaWarpSpecializedILi7ENS5_IJNS4_1CILi1EEESB_SB_EEENS1_35KernelTmaWarpSpecializedCooperativeEEENS5_IJNSA_ILi128EEESF_NSA_ILi64EEEEEENS_10bfloat16_tENS5_IJlSB_lEEESI_NS5_IJSB_llEEENS4_8TiledMMAINS4_8MMA_AtomIJNS4_4SM904GMMA28MMA_64x128x16_F32BF16BF16_SSILNSO_5MajorE0ELSQ_1ELNSO_7ScaleInE1ELSR_1EEEEEENS4_6LayoutINS5_IJNSA_ILi2EEESB_SB_EEENS5_IJSB_NSA_ILi0EEESX_EEEEENS5_IJNS4_10UnderscoreES10_S10_EEEEENS4_13SM90_TMA_LOADENS4_14ComposedLayoutINS4_7SwizzleILi3ELi4ELi3EEENS4_18smem_ptr_flag_bitsILi16EEENSU_INS5_IJNSA_ILi8EEESG_EEENS5_IJSG_SB_EEEEEEEvNS4_8identityES13_NS14_IS16_S18_NSU_INS5_IJSG_S19_EEENS5_IJSB_SG_EEEEEEEvS1E_EENS_8epilogue10collective6detail29Sm90TmaWarpSpecializedAdapterINS1L_15DefaultEpilogueISJ_SJ_NS1K_6thread17LinearCombinationIfLi1EffLNS1P_9ScaleType4KindE0ELNS_15FloatRoundStyleE2EfEENS1_15EpilogueDefaultEEEEEvvEEEEvNT_6ParamsE'
  ptxas info    : (C7510) Potential Performance Loss: wgmma.mma_async instructions are serialized due to wgmma pipeline crossing function boundary at a function call in the function '_ZN7cutlass13device_kernelINS_4gemm6kernel13GemmUniversalIN4cute5tupleIJiiiiEEENS1_10collective13CollectiveMmaINS1_34MainloopSm90TmaGmmaWarpSpecializedILi7ENS5_IJNS4_1CILi1EEESB_SB_EEENS1_35KernelTmaWarpSpecializedCooperativeEEENS5_IJNSA_ILi128EEESF_NSA_ILi64EEEEEENS_6half_tENS5_IJlSB_lEEESI_NS5_IJSB_llEEENS4_8TiledMMAINS4_8MMA_AtomIJNS4_4SM904GMMA26MMA_64x128x16_F32F16F16_SSILNSO_5MajorE0ELSQ_1ELNSO_7ScaleInE1ELSR_1EEEEEENS4_6LayoutINS5_IJNSA_ILi2EEESB_SB_EEENS5_IJSB_NSA_ILi0EEESX_EEEEENS5_IJNS4_10UnderscoreES10_S10_EEEEENS4_13SM90_TMA_LOADENS4_14ComposedLayoutINS4_7SwizzleILi3ELi4ELi3EEENS4_18smem_ptr_flag_bitsILi16EEENSU_INS5_IJNSA_ILi8EEESG_EEENS5_IJSG_SB_EEEEEEEvNS4_8identityES13_NS14_IS16_S18_NSU_INS5_IJSG_S19_EEENS5_IJSB_SG_EEEEEEEvS1E_EENS_8epilogue10collective6detail29Sm90TmaWarpSpecializedAdapterINS1L_15DefaultEpilogueISJ_SJ_NS1K_6thread17LinearCombinationIfLi1EffLNS1P_9ScaleType4KindE0ELNS_15FloatRoundStyleE2EfEENS1_15EpilogueDefaultEEEEEvvEEEEvNT_6ParamsE'
  [54/56] /usr/local/cuda/bin/nvcc --generate-dependencies-with-compile --dependency-output /dev/shm/tmp/tmp4glokf2q.build-temp/csrc/fused/sm_90/mega_mamba_real_adamw_tc_launcher.o.d -DWITH_CUDA -DWITH_CUTLASS -I/workspace/SuperGrok1.5/. -I/workspace/SuperGrok1.5/csrc/bindings -I/workspace/SuperGrok1.5/csrc -I/workspace/SuperGrok1.5/third_party/cutlass/include -I/workspace/SuperGrok1.5/third_party/cutlass/tools/util/include -I/usr/local/lib/python3.11/dist-packages/torch/include -I/usr/local/lib/python3.11/dist-packages/torch/include/torch/csrc/api/include -I/usr/local/lib/python3.11/dist-packages/torch/include/TH -I/usr/local/lib/python3.11/dist-packages/torch/include/THC -I/usr/local/cuda/include -I/workspace/venv/include -I/usr/include/python3.11 -c -c /workspace/SuperGrok1.5/csrc/fused/sm_90/mega_mamba_real_adamw_tc_launcher.cu -o /dev/shm/tmp/tmp4glokf2q.build-temp/csrc/fused/sm_90/mega_mamba_real_adamw_tc_launcher.o -D__CUDA_NO_HALF_OPERATORS__ -D__CUDA_NO_HALF_CONVERSIONS__ -D__CUDA_NO_BFLOAT16_CONVERSIONS__ -D__CUDA_NO_HALF2_OPERATORS__ --expt-relaxed-constexpr --compiler-options ''"'"'-fPIC'"'"'' -O3 --use_fast_math -std=c++17 -DWITH_CUDA --expt-relaxed-constexpr -lineinfo -Xptxas -O3 -Xptxas --warn-on-spills -Xcompiler -fPIC -gencode=arch=compute_90a,code=sm_90a -gencode=arch=compute_90,code=compute_90 -DWITH_CUTLASS -DCUTLASS_NVCC_ARCHS=90a -DTORCH_API_INCLUDE_EXTENSION_H '-DPYBIND11_COMPILER_TYPE="_gcc"' '-DPYBIND11_STDLIB="_libstdcpp"' '-DPYBIND11_BUILD_ABI="_cxxabi1011"' -DTORCH_EXTENSION_NAME=_ops -D_GLIBCXX_USE_CXX11_ABI=0
  /workspace/SuperGrok1.5/./csrc/algorithms/muon.h(76): warning #737-D: using-declaration ignored -- it refers to the current namespace
    using sg::algorithms::adamw_step;
          ^

  Remark: The warnings can be suppressed with "-diag-suppress <warning-number>"

  /workspace/SuperGrok1.5/./csrc/algorithms/muon.h(76): warning #737-D: using-declaration ignored -- it refers to the current namespace
    using sg::algorithms::adamw_step;
          ^

  Remark: The warnings can be suppressed with "-diag-suppress <warning-number>"

  ptxas info    : (C7515) Potential Performance Loss: wgmma.mma_async instructions are serialized due to non wgmma instructions defining accumulator registers of a wgmma between start and end of the pipeline stage in the function '_ZN2sg5fused4sm904mbtc18mbtc_backward_tileERKNS1_12MambaWeightsEiiiRKNS2_6MbActsERKNS2_13MbTileScratchERKNS2_9MbPartialEPKiSG_P13__nv_bfloat16SI_PfSJ_SJ_'
  ptxas warning : Registers are spilled to local memory in function '_ZN2sg5fused4sm9025fused_mamba_megakernel_tcILNS1_5OptIdE10EEEvNS0_17PersistentContextEPfNS1_13MambaTokenCtxES5_fiNS1_13FusedOptStateE', 3648 bytes spill stores, 4384 bytes spill loads
  ptxas warning : Registers are spilled to local memory in function '_ZN2sg5fused4sm904mbtc17mbtc_forward_tileERKNS1_12MambaWeightsEiiRKNS2_6MbActsERKNS2_13MbTileScratchEPKiSD_P13__nv_bfloat16SF_Pf', 3612 bytes spill stores, 3884 bytes spill loads
  ptxas warning : Registers are spilled to local memory in function '_ZN2sg5fused4sm904mbtc18mbtc_backward_tileERKNS1_12MambaWeightsEiiiRKNS2_6MbActsERKNS2_13MbTileScratchERKNS2_9MbPartialEPKiSG_P13__nv_bfloat16SI_PfSJ_SJ_', 2920 bytes spill stores, 4392 bytes spill loads
  ptxas info    : (C7515) Potential Performance Loss: wgmma.mma_async instructions are serialized due to non wgmma instructions defining accumulator registers of a wgmma between start and end of the pipeline stage in the function '_ZN2sg5fused4sm904mbtc18mbtc_backward_tileERKNS1_12MambaWeightsEiiiRKNS2_6MbActsERKNS2_13MbTileScratchERKNS2_9MbPartialEPKiSG_P13__nv_bfloat16SI_PfSJ_SJ_'
  ptxas warning : Registers are spilled to local memory in function '_ZN2sg5fused4sm9025fused_mamba_megakernel_tcILNS1_5OptIdE9EEEvNS0_17PersistentContextEPfNS1_13MambaTokenCtxES5_fiNS1_13FusedOptStateE', 3396 bytes spill stores, 4096 bytes spill loads
  ptxas warning : Registers are spilled to local memory in function '_ZN2sg5fused4sm904mbtc17mbtc_forward_tileERKNS1_12MambaWeightsEiiRKNS2_6MbActsERKNS2_13MbTileScratchEPKiSD_P13__nv_bfloat16SF_Pf', 3556 bytes spill stores, 3600 bytes spill loads
  ptxas warning : Registers are spilled to local memory in function '_ZN2sg5fused4sm904mbtc18mbtc_backward_tileERKNS1_12MambaWeightsEiiiRKNS2_6MbActsERKNS2_13MbTileScratchERKNS2_9MbPartialEPKiSG_P13__nv_bfloat16SI_PfSJ_SJ_', 2500 bytes spill stores, 4068 bytes spill loads
  ptxas info    : (C7515) Potential Performance Loss: wgmma.mma_async instructions are serialized due to non wgmma instructions defining accumulator registers of a wgmma between start and end of the pipeline stage in the function '_ZN2sg5fused4sm904mbtc18mbtc_backward_tileERKNS1_12MambaWeightsEiiiRKNS2_6MbActsERKNS2_13MbTileScratchERKNS2_9MbPartialEPKiSG_P13__nv_bfloat16SI_PfSJ_SJ_'
  ptxas warning : Registers are spilled to local memory in function '_ZN2sg5fused4sm9025fused_mamba_megakernel_tcILNS1_5OptIdE8EEEvNS0_17PersistentContextEPfNS1_13MambaTokenCtxES5_fiNS1_13FusedOptStateE', 3396 bytes spill stores, 4112 bytes spill loads
  ptxas warning : Registers are spilled to local memory in function '_ZN2sg5fused4sm904mbtc17mbtc_forward_tileERKNS1_12MambaWeightsEiiRKNS2_6MbActsERKNS2_13MbTileScratchEPKiSD_P13__nv_bfloat16SF_Pf', 3556 bytes spill stores, 3600 bytes spill loads
  ptxas warning : Registers are spilled to local memory in function '_ZN2sg5fused4sm904mbtc18mbtc_backward_tileERKNS1_12MambaWeightsEiiiRKNS2_6MbActsERKNS2_13MbTileScratchERKNS2_9MbPartialEPKiSG_P13__nv_bfloat16SI_PfSJ_SJ_', 2500 bytes spill stores, 4068 bytes spill loads
  ptxas info    : (C7515) Potential Performance Loss: wgmma.mma_async instructions are serialized due to non wgmma instructions defining accumulator registers of a wgmma between start and end of the pipeline stage in the function '_ZN2sg5fused4sm904mbtc18mbtc_backward_tileERKNS1_12MambaWeightsEiiiRKNS2_6MbActsERKNS2_13MbTileScratchERKNS2_9MbPartialEPKiSG_P13__nv_bfloat16SI_PfSJ_SJ_'
  ptxas warning : Registers are spilled to local memory in function '_ZN2sg5fused4sm9025fused_mamba_megakernel_tcILNS1_5OptIdE7EEEvNS0_17PersistentContextEPfNS1_13MambaTokenCtxES5_fiNS1_13FusedOptStateE', 48 bytes spill stores, 108 bytes spill loads
  ptxas warning : Registers are spilled to local memory in function '_ZN2sg5fused4sm904mbtc17mbtc_forward_tileERKNS1_12MambaWeightsEiiRKNS2_6MbActsERKNS2_13MbTileScratchEPKiSD_P13__nv_bfloat16SF_Pf', 3552 bytes spill stores, 3532 bytes spill loads
  ptxas warning : Registers are spilled to local memory in function '_ZN2sg5fused4sm904mbtc18mbtc_backward_tileERKNS1_12MambaWeightsEiiiRKNS2_6MbActsERKNS2_13MbTileScratchERKNS2_9MbPartialEPKiSG_P13__nv_bfloat16SI_PfSJ_SJ_', 2252 bytes spill stores, 3804 bytes spill loads
  ptxas info    : (C7515) Potential Performance Loss: wgmma.mma_async instructions are serialized due to non wgmma instructions defining accumulator registers of a wgmma between start and end of the pipeline stage in the function '_ZN2sg5fused4sm904mbtc18mbtc_backward_tileERKNS1_12MambaWeightsEiiiRKNS2_6MbActsERKNS2_13MbTileScratchERKNS2_9MbPartialEPKiSG_P13__nv_bfloat16SI_PfSJ_SJ_'
  ptxas warning : Registers are spilled to local memory in function '_ZN2sg5fused4sm9025fused_mamba_megakernel_tcILNS1_5OptIdE4EEEvNS0_17PersistentContextEPfNS1_13MambaTokenCtxES5_fiNS1_13FusedOptStateE', 3396 bytes spill stores, 4072 bytes spill loads
  ptxas warning : Registers are spilled to local memory in function '_ZN2sg5fused4sm904mbtc17mbtc_forward_tileERKNS1_12MambaWeightsEiiRKNS2_6MbActsERKNS2_13MbTileScratchEPKiSD_P13__nv_bfloat16SF_Pf', 3556 bytes spill stores, 3600 bytes spill loads
  ptxas warning : Registers are spilled to local memory in function '_ZN2sg5fused4sm904mbtc18mbtc_backward_tileERKNS1_12MambaWeightsEiiiRKNS2_6MbActsERKNS2_13MbTileScratchERKNS2_9MbPartialEPKiSG_P13__nv_bfloat16SI_PfSJ_SJ_', 2500 bytes spill stores, 4068 bytes spill loads
  ptxas info    : (C7515) Potential Performance Loss: wgmma.mma_async instructions are serialized due to non wgmma instructions defining accumulator registers of a wgmma between start and end of the pipeline stage in the function '_ZN2sg5fused4sm904mbtc18mbtc_backward_tileERKNS1_12MambaWeightsEiiiRKNS2_6MbActsERKNS2_13MbTileScratchERKNS2_9MbPartialEPKiSG_P13__nv_bfloat16SI_PfSJ_SJ_'
  ptxas warning : Registers are spilled to local memory in function '_ZN2sg5fused4sm9025fused_mamba_megakernel_tcILNS1_5OptIdE5EEEvNS0_17PersistentContextEPfNS1_13MambaTokenCtxES5_fiNS1_13FusedOptStateE', 20 bytes spill stores, 28 bytes spill loads
  ptxas warning : Registers are spilled to local memory in function '_ZN2sg5fused4sm904mbtc17mbtc_forward_tileERKNS1_12MambaWeightsEiiRKNS2_6MbActsERKNS2_13MbTileScratchEPKiSD_P13__nv_bfloat16SF_Pf', 3536 bytes spill stores, 3516 bytes spill loads
  ptxas warning : Registers are spilled to local memory in function '_ZN2sg5fused4sm904mbtc18mbtc_backward_tileERKNS1_12MambaWeightsEiiiRKNS2_6MbActsERKNS2_13MbTileScratchERKNS2_9MbPartialEPKiSG_P13__nv_bfloat16SI_PfSJ_SJ_', 2148 bytes spill stores, 3692 bytes spill loads
  ptxas info    : (C7515) Potential Performance Loss: wgmma.mma_async instructions are serialized due to non wgmma instructions defining accumulator registers of a wgmma between start and end of the pipeline stage in the function '_ZN2sg5fused4sm904mbtc18mbtc_backward_tileERKNS1_12MambaWeightsEiiiRKNS2_6MbActsERKNS2_13MbTileScratchERKNS2_9MbPartialEPKiSG_P13__nv_bfloat16SI_PfSJ_SJ_'
  ptxas warning : Registers are spilled to local memory in function '_ZN2sg5fused4sm9025fused_mamba_megakernel_tcILNS1_5OptIdE6EEEvNS0_17PersistentContextEPfNS1_13MambaTokenCtxES5_fiNS1_13FusedOptStateE', 8 bytes spill stores, 12 bytes spill loads
  ptxas warning : Registers are spilled to local memory in function '_ZN2sg5fused4sm904mbtc17mbtc_forward_tileERKNS1_12MambaWeightsEiiRKNS2_6MbActsERKNS2_13MbTileScratchEPKiSD_P13__nv_bfloat16SF_Pf', 3536 bytes spill stores, 3516 bytes spill loads
  ptxas warning : Registers are spilled to local memory in function '_ZN2sg5fused4sm904mbtc18mbtc_backward_tileERKNS1_12MambaWeightsEiiiRKNS2_6MbActsERKNS2_13MbTileScratchERKNS2_9MbPartialEPKiSG_P13__nv_bfloat16SI_PfSJ_SJ_', 2148 bytes spill stores, 3692 bytes spill loads
  ptxas info    : (C7515) Potential Performance Loss: wgmma.mma_async instructions are serialized due to non wgmma instructions defining accumulator registers of a wgmma between start and end of the pipeline stage in the function '_ZN2sg5fused4sm904mbtc18mbtc_backward_tileERKNS1_12MambaWeightsEiiiRKNS2_6MbActsERKNS2_13MbTileScratchERKNS2_9MbPartialEPKiSG_P13__nv_bfloat16SI_PfSJ_SJ_'
  ptxas warning : Registers are spilled to local memory in function '_ZN2sg5fused4sm9025fused_mamba_megakernel_tcILNS1_5OptIdE3EEEvNS0_17PersistentContextEPfNS1_13MambaTokenCtxES5_fiNS1_13FusedOptStateE', 8 bytes spill stores, 12 bytes spill loads
  ptxas warning : Registers are spilled to local memory in function '_ZN2sg5fused4sm904mbtc17mbtc_forward_tileERKNS1_12MambaWeightsEiiRKNS2_6MbActsERKNS2_13MbTileScratchEPKiSD_P13__nv_bfloat16SF_Pf', 3536 bytes spill stores, 3516 bytes spill loads
  ptxas warning : Registers are spilled to local memory in function '_ZN2sg5fused4sm904mbtc18mbtc_backward_tileERKNS1_12MambaWeightsEiiiRKNS2_6MbActsERKNS2_13MbTileScratchERKNS2_9MbPartialEPKiSG_P13__nv_bfloat16SI_PfSJ_SJ_', 2148 bytes spill stores, 3692 bytes spill loads
  ptxas info    : (C7515) Potential Performance Loss: wgmma.mma_async instructions are serialized due to non wgmma instructions defining accumulator registers of a wgmma between start and end of the pipeline stage in the function '_ZN2sg5fused4sm904mbtc18mbtc_backward_tileERKNS1_12MambaWeightsEiiiRKNS2_6MbActsERKNS2_13MbTileScratchERKNS2_9MbPartialEPKiSG_P13__nv_bfloat16SI_PfSJ_SJ_'
  ptxas warning : Registers are spilled to local memory in function '_ZN2sg5fused4sm9025fused_mamba_megakernel_tcILNS1_5OptIdE2EEEvNS0_17PersistentContextEPfNS1_13MambaTokenCtxES5_fiNS1_13FusedOptStateE', 44 bytes spill stores, 100 bytes spill loads
  ptxas warning : Registers are spilled to local memory in function '_ZN2sg5fused4sm904mbtc17mbtc_forward_tileERKNS1_12MambaWeightsEiiRKNS2_6MbActsERKNS2_13MbTileScratchEPKiSD_P13__nv_bfloat16SF_Pf', 3552 bytes spill stores, 3532 bytes spill loads
  ptxas warning : Registers are spilled to local memory in function '_ZN2sg5fused4sm904mbtc18mbtc_backward_tileERKNS1_12MambaWeightsEiiiRKNS2_6MbActsERKNS2_13MbTileScratchERKNS2_9MbPartialEPKiSG_P13__nv_bfloat16SI_PfSJ_SJ_', 2252 bytes spill stores, 3804 bytes spill loads
  ptxas info    : (C7515) Potential Performance Loss: wgmma.mma_async instructions are serialized due to non wgmma instructions defining accumulator registers of a wgmma between start and end of the pipeline stage in the function '_ZN2sg5fused4sm904mbtc18mbtc_backward_tileERKNS1_12MambaWeightsEiiiRKNS2_6MbActsERKNS2_13MbTileScratchERKNS2_9MbPartialEPKiSG_P13__nv_bfloat16SI_PfSJ_SJ_'
  ptxas warning : Registers are spilled to local memory in function '_ZN2sg5fused4sm9025fused_mamba_megakernel_tcILNS1_5OptIdE1EEEvNS0_17PersistentContextEPfNS1_13MambaTokenCtxES5_fiNS1_13FusedOptStateE', 44 bytes spill stores, 100 bytes spill loads
  ptxas warning : Registers are spilled to local memory in function '_ZN2sg5fused4sm904mbtc17mbtc_forward_tileERKNS1_12MambaWeightsEiiRKNS2_6MbActsERKNS2_13MbTileScratchEPKiSD_P13__nv_bfloat16SF_Pf', 3552 bytes spill stores, 3532 bytes spill loads
  ptxas warning : Registers are spilled to local memory in function '_ZN2sg5fused4sm904mbtc18mbtc_backward_tileERKNS1_12MambaWeightsEiiiRKNS2_6MbActsERKNS2_13MbTileScratchERKNS2_9MbPartialEPKiSG_P13__nv_bfloat16SI_PfSJ_SJ_', 2252 bytes spill stores, 3804 bytes spill loads
  ptxas info    : (C7515) Potential Performance Loss: wgmma.mma_async instructions are serialized due to non wgmma instructions defining accumulator registers of a wgmma between start and end of the pipeline stage in the function '_ZN2sg5fused4sm904mbtc18mbtc_backward_tileERKNS1_12MambaWeightsEiiiRKNS2_6MbActsERKNS2_13MbTileScratchERKNS2_9MbPartialEPKiSG_P13__nv_bfloat16SI_PfSJ_SJ_'
  ptxas warning : Registers are spilled to local memory in function '_ZN2sg5fused4sm9025fused_mamba_megakernel_tcILNS1_5OptIdE0EEEvNS0_17PersistentContextEPfNS1_13MambaTokenCtxES5_fiNS1_13FusedOptStateE', 44 bytes spill stores, 100 bytes spill loads
  ptxas warning : Registers are spilled to local memory in function '_ZN2sg5fused4sm904mbtc17mbtc_forward_tileERKNS1_12MambaWeightsEiiRKNS2_6MbActsERKNS2_13MbTileScratchEPKiSD_P13__nv_bfloat16SF_Pf', 3552 bytes spill stores, 3532 bytes spill loads
  ptxas warning : Registers are spilled to local memory in function '_ZN2sg5fused4sm904mbtc18mbtc_backward_tileERKNS1_12MambaWeightsEiiiRKNS2_6MbActsERKNS2_13MbTileScratchERKNS2_9MbPartialEPKiSG_P13__nv_bfloat16SI_PfSJ_SJ_', 2252 bytes spill stores, 3804 bytes spill loads
  /workspace/SuperGrok1.5/./csrc/algorithms/muon.h(76): warning #737-D: using-declaration ignored -- it refers to the current namespace
    using sg::algorithms::adamw_step;
          ^

  Remark: The warnings can be suppressed with "-diag-suppress <warning-number>"

  [55/56] /usr/local/cuda/bin/nvcc --generate-dependencies-with-compile --dependency-output /dev/shm/tmp/tmp4glokf2q.build-temp/csrc/fused/sm_90/mega_decoder_real_adamw_tc_launcher.o.d -DWITH_CUDA -DWITH_CUTLASS -I/workspace/SuperGrok1.5/. -I/workspace/SuperGrok1.5/csrc/bindings -I/workspace/SuperGrok1.5/csrc -I/workspace/SuperGrok1.5/third_party/cutlass/include -I/workspace/SuperGrok1.5/third_party/cutlass/tools/util/include -I/usr/local/lib/python3.11/dist-packages/torch/include -I/usr/local/lib/python3.11/dist-packages/torch/include/torch/csrc/api/include -I/usr/local/lib/python3.11/dist-packages/torch/include/TH -I/usr/local/lib/python3.11/dist-packages/torch/include/THC -I/usr/local/cuda/include -I/workspace/venv/include -I/usr/include/python3.11 -c -c /workspace/SuperGrok1.5/csrc/fused/sm_90/mega_decoder_real_adamw_tc_launcher.cu -o /dev/shm/tmp/tmp4glokf2q.build-temp/csrc/fused/sm_90/mega_decoder_real_adamw_tc_launcher.o -D__CUDA_NO_HALF_OPERATORS__ -D__CUDA_NO_HALF_CONVERSIONS__ -D__CUDA_NO_BFLOAT16_CONVERSIONS__ -D__CUDA_NO_HALF2_OPERATORS__ --expt-relaxed-constexpr --compiler-options ''"'"'-fPIC'"'"'' -O3 --use_fast_math -std=c++17 -DWITH_CUDA --expt-relaxed-constexpr -lineinfo -Xptxas -O3 -Xptxas --warn-on-spills -Xcompiler -fPIC -gencode=arch=compute_90a,code=sm_90a -gencode=arch=compute_90,code=compute_90 -DWITH_CUTLASS -DCUTLASS_NVCC_ARCHS=90a -DTORCH_API_INCLUDE_EXTENSION_H '-DPYBIND11_COMPILER_TYPE="_gcc"' '-DPYBIND11_STDLIB="_libstdcpp"' '-DPYBIND11_BUILD_ABI="_cxxabi1011"' -DTORCH_EXTENSION_NAME=_ops -D_GLIBCXX_USE_CXX11_ABI=0
  /workspace/SuperGrok1.5/./csrc/algorithms/muon.h(76): warning #737-D: using-declaration ignored -- it refers to the current namespace
    using sg::algorithms::adamw_step;
          ^

  Remark: The warnings can be suppressed with "-diag-suppress <warning-number>"

  /workspace/SuperGrok1.5/./csrc/algorithms/muon.h(76): warning #737-D: using-declaration ignored -- it refers to the current namespace
    using sg::algorithms::adamw_step;
          ^

  Remark: The warnings can be suppressed with "-diag-suppress <warning-number>"

  ptxas info    : (C7515) Potential Performance Loss: wgmma.mma_async instructions are serialized due to non wgmma instructions defining accumulator registers of a wgmma between start and end of the pipeline stage in the function '_ZN2sg5fused4sm905dectc28dectc_backward_tile_outlinedERKNS1_10DecWeightsERKNS2_6DecWBfEiiiRKNS2_7DecActsERKNS2_14DecTileScratchEPKiPfSH_P13__nv_bfloat16SJ_SH_'
  ptxas warning : Registers are spilled to local memory in function '_ZN2sg5fused4sm9027fused_decoder_megakernel_tcILNS1_5OptIdE10EEEvNS0_17PersistentContextEPfNS1_15DecoderTokenCtxES5_fiNS1_13FusedOptStateE', 3740 bytes spill stores, 4660 bytes spill loads
  ptxas warning : Registers are spilled to local memory in function '_ZN2sg5fused4sm905dectc27dectc_forward_tile_outlinedERKNS1_10DecWeightsERKNS2_6DecWBfEiiRKNS2_7DecActsERKNS2_14DecTileScratchEPKiSG_P13__nv_bfloat16SI_Pf', 4672 bytes spill stores, 4900 bytes spill loads
  ptxas warning : Registers are spilled to local memory in function '_ZN2sg5fused4sm905dectc28dectc_backward_tile_outlinedERKNS1_10DecWeightsERKNS2_6DecWBfEiiiRKNS2_7DecActsERKNS2_14DecTileScratchEPKiPfSH_P13__nv_bfloat16SJ_SH_', 176 bytes spill stores, 472 bytes spill loads
  ptxas info    : (C7515) Potential Performance Loss: wgmma.mma_async instructions are serialized due to non wgmma instructions defining accumulator registers of a wgmma between start and end of the pipeline stage in the function '_ZN2sg5fused4sm905dectc28dectc_backward_tile_outlinedERKNS1_10DecWeightsERKNS2_6DecWBfEiiiRKNS2_7DecActsERKNS2_14DecTileScratchEPKiPfSH_P13__nv_bfloat16SJ_SH_'
  ptxas warning : Registers are spilled to local memory in function '_ZN2sg5fused4sm9027fused_decoder_megakernel_tcILNS1_5OptIdE9EEEvNS0_17PersistentContextEPfNS1_15DecoderTokenCtxES5_fiNS1_13FusedOptStateE', 3380 bytes spill stores, 3784 bytes spill loads
  ptxas warning : Registers are spilled to local memory in function '_ZN2sg5fused4sm905dectc27dectc_forward_tile_outlinedERKNS1_10DecWeightsERKNS2_6DecWBfEiiRKNS2_7DecActsERKNS2_14DecTileScratchEPKiSG_P13__nv_bfloat16SI_Pf', 4624 bytes spill stores, 4620 bytes spill loads
  ptxas info    : (C7515) Potential Performance Loss: wgmma.mma_async instructions are serialized due to non wgmma instructions defining accumulator registers of a wgmma between start and end of the pipeline stage in the function '_ZN2sg5fused4sm905dectc28dectc_backward_tile_outlinedERKNS1_10DecWeightsERKNS2_6DecWBfEiiiRKNS2_7DecActsERKNS2_14DecTileScratchEPKiPfSH_P13__nv_bfloat16SJ_SH_'
  ptxas warning : Registers are spilled to local memory in function '_ZN2sg5fused4sm9027fused_decoder_megakernel_tcILNS1_5OptIdE8EEEvNS0_17PersistentContextEPfNS1_15DecoderTokenCtxES5_fiNS1_13FusedOptStateE', 3416 bytes spill stores, 3752 bytes spill loads
  ptxas warning : Registers are spilled to local memory in function '_ZN2sg5fused4sm905dectc27dectc_forward_tile_outlinedERKNS1_10DecWeightsERKNS2_6DecWBfEiiRKNS2_7DecActsERKNS2_14DecTileScratchEPKiSG_P13__nv_bfloat16SI_Pf', 4516 bytes spill stores, 4520 bytes spill loads
  ptxas info    : (C7515) Potential Performance Loss: wgmma.mma_async instructions are serialized due to non wgmma instructions defining accumulator registers of a wgmma between start and end of the pipeline stage in the function '_ZN2sg5fused4sm905dectc28dectc_backward_tile_outlinedERKNS1_10DecWeightsERKNS2_6DecWBfEiiiRKNS2_7DecActsERKNS2_14DecTileScratchEPKiPfSH_P13__nv_bfloat16SJ_SH_'
  ptxas warning : Registers are spilled to local memory in function '_ZN2sg5fused4sm9027fused_decoder_megakernel_tcILNS1_5OptIdE4EEEvNS0_17PersistentContextEPfNS1_15DecoderTokenCtxES5_fiNS1_13FusedOptStateE', 3380 bytes spill stores, 3784 bytes spill loads
  ptxas warning : Registers are spilled to local memory in function '_ZN2sg5fused4sm905dectc27dectc_forward_tile_outlinedERKNS1_10DecWeightsERKNS2_6DecWBfEiiRKNS2_7DecActsERKNS2_14DecTileScratchEPKiSG_P13__nv_bfloat16SI_Pf', 4624 bytes spill stores, 4620 bytes spill loads
  ptxas info    : (C7515) Potential Performance Loss: wgmma.mma_async instructions are serialized due to non wgmma instructions defining accumulator registers of a wgmma between start and end of the pipeline stage in the function '_ZN2sg5fused4sm9027fused_decoder_megakernel_tcILNS1_5OptIdE7EEEvNS0_17PersistentContextEPfNS1_15DecoderTokenCtxES5_fiNS1_13FusedOptStateE'
  ptxas info    : (C7515) Potential Performance Loss: wgmma.mma_async instructions are serialized due to non wgmma instructions defining accumulator registers of a wgmma between start and end of the pipeline stage in the function '_ZN2sg5fused4sm9027fused_decoder_megakernel_tcILNS1_5OptIdE5EEEvNS0_17PersistentContextEPfNS1_15DecoderTokenCtxES5_fiNS1_13FusedOptStateE'
  ptxas info    : (C7515) Potential Performance Loss: wgmma.mma_async instructions are serialized due to non wgmma instructions defining accumulator registers of a wgmma between start and end of the pipeline stage in the function '_ZN2sg5fused4sm9027fused_decoder_megakernel_tcILNS1_5OptIdE6EEEvNS0_17PersistentContextEPfNS1_15DecoderTokenCtxES5_fiNS1_13FusedOptStateE'
  ptxas info    : (C7515) Potential Performance Loss: wgmma.mma_async instructions are serialized due to non wgmma instructions defining accumulator registers of a wgmma between start and end of the pipeline stage in the function '_ZN2sg5fused4sm9027fused_decoder_megakernel_tcILNS1_5OptIdE3EEEvNS0_17PersistentContextEPfNS1_15DecoderTokenCtxES5_fiNS1_13FusedOptStateE'
  ptxas info    : (C7515) Potential Performance Loss: wgmma.mma_async instructions are serialized due to non wgmma instructions defining accumulator registers of a wgmma between start and end of the pipeline stage in the function '_ZN2sg5fused4sm9027fused_decoder_megakernel_tcILNS1_5OptIdE2EEEvNS0_17PersistentContextEPfNS1_15DecoderTokenCtxES5_fiNS1_13FusedOptStateE'
  ptxas info    : (C7515) Potential Performance Loss: wgmma.mma_async instructions are serialized due to non wgmma instructions defining accumulator registers of a wgmma between start and end of the pipeline stage in the function '_ZN2sg5fused4sm9027fused_decoder_megakernel_tcILNS1_5OptIdE1EEEvNS0_17PersistentContextEPfNS1_15DecoderTokenCtxES5_fiNS1_13FusedOptStateE'
  ptxas info    : (C7515) Potential Performance Loss: wgmma.mma_async instructions are serialized due to non wgmma instructions defining accumulator registers of a wgmma between start and end of the pipeline stage in the function '_ZN2sg5fused4sm9027fused_decoder_megakernel_tcILNS1_5OptIdE0EEEvNS0_17PersistentContextEPfNS1_15DecoderTokenCtxES5_fiNS1_13FusedOptStateE'
  /workspace/SuperGrok1.5/./csrc/algorithms/muon.h(76): warning #737-D: using-declaration ignored -- it refers to the current namespace
    using sg::algorithms::adamw_step;
          ^

  Remark: The warnings can be suppressed with "-diag-suppress <warning-number>"

  [56/56] /usr/local/cuda/bin/nvcc --generate-dependencies-with-compile --dependency-output /dev/shm/tmp/tmp4glokf2q.build-temp/csrc/fused/sm_90/mega_vit_real_adamw_tc_launcher.o.d -DWITH_CUDA -DWITH_CUTLASS -I/workspace/SuperGrok1.5/. -I/workspace/SuperGrok1.5/csrc/bindings -I/workspace/SuperGrok1.5/csrc -I/workspace/SuperGrok1.5/third_party/cutlass/include -I/workspace/SuperGrok1.5/third_party/cutlass/tools/util/include -I/usr/local/lib/python3.11/dist-packages/torch/include -I/usr/local/lib/python3.11/dist-packages/torch/include/torch/csrc/api/include -I/usr/local/lib/python3.11/dist-packages/torch/include/TH -I/usr/local/lib/python3.11/dist-packages/torch/include/THC -I/usr/local/cuda/include -I/workspace/venv/include -I/usr/include/python3.11 -c -c /workspace/SuperGrok1.5/csrc/fused/sm_90/mega_vit_real_adamw_tc_launcher.cu -o /dev/shm/tmp/tmp4glokf2q.build-temp/csrc/fused/sm_90/mega_vit_real_adamw_tc_launcher.o -D__CUDA_NO_HALF_OPERATORS__ -D__CUDA_NO_HALF_CONVERSIONS__ -D__CUDA_NO_BFLOAT16_CONVERSIONS__ -D__CUDA_NO_HALF2_OPERATORS__ --expt-relaxed-constexpr --compiler-options ''"'"'-fPIC'"'"'' -O3 --use_fast_math -std=c++17 -DWITH_CUDA --expt-relaxed-constexpr -lineinfo -Xptxas -O3 -Xptxas --warn-on-spills -Xcompiler -fPIC -gencode=arch=compute_90a,code=sm_90a -gencode=arch=compute_90,code=compute_90 -DWITH_CUTLASS -DCUTLASS_NVCC_ARCHS=90a -DTORCH_API_INCLUDE_EXTENSION_H '-DPYBIND11_COMPILER_TYPE="_gcc"' '-DPYBIND11_STDLIB="_libstdcpp"' '-DPYBIND11_BUILD_ABI="_cxxabi1011"' -DTORCH_EXTENSION_NAME=_ops -D_GLIBCXX_USE_CXX11_ABI=0
  /workspace/SuperGrok1.5/./csrc/algorithms/muon.h(76): warning #737-D: using-declaration ignored -- it refers to the current namespace
    using sg::algorithms::adamw_step;
          ^

  Remark: The warnings can be suppressed with "-diag-suppress <warning-number>"

  /workspace/SuperGrok1.5/./csrc/algorithms/muon.h(76): warning #737-D: using-declaration ignored -- it refers to the current namespace
    using sg::algorithms::adamw_step;
          ^

  Remark: The warnings can be suppressed with "-diag-suppress <warning-number>"

  ptxas info    : (C7515) Potential Performance Loss: wgmma.mma_async instructions are serialized due to non wgmma instructions defining accumulator registers of a wgmma between start and end of the pipeline stage in the function '_ZN2sg5fused4sm905vittc18vittc_forward_tileERKNS1_10VitWeightsEiiRKNS2_7VitActsERKNS2_14VitTileScratchEPKfPKiP13__nv_bfloat16SH_Pf'
  ptxas warning : Registers are spilled to local memory in function '_ZN2sg5fused4sm9023fused_vit_megakernel_tcILNS1_5OptIdE10EEEvNS0_17PersistentContextEPfNS1_11ViTInputCtxES5_fiNS1_13FusedOptStateE', 18240 bytes spill stores, 18980 bytes spill loads
  ptxas warning : Registers are spilled to local memory in function '_ZN2sg5fused4sm905vittc18vittc_forward_tileERKNS1_10VitWeightsEiiRKNS2_7VitActsERKNS2_14VitTileScratchEPKfPKiP13__nv_bfloat16SH_Pf', 48 bytes spill stores, 116 bytes spill loads
  ptxas info    : (C7515) Potential Performance Loss: wgmma.mma_async instructions are serialized due to non wgmma instructions defining accumulator registers of a wgmma between start and end of the pipeline stage in the function '_ZN2sg5fused4sm9023fused_vit_megakernel_tcILNS1_5OptIdE9EEEvNS0_17PersistentContextEPfNS1_11ViTInputCtxES5_fiNS1_13FusedOptStateE'
  ptxas warning : Registers are spilled to local memory in function '_ZN2sg5fused4sm9023fused_vit_megakernel_tcILNS1_5OptIdE9EEEvNS0_17PersistentContextEPfNS1_11ViTInputCtxES5_fiNS1_13FusedOptStateE', 15020 bytes spill stores, 15900 bytes spill loads
  ptxas info    : (C7515) Potential Performance Loss: wgmma.mma_async instructions are serialized due to non wgmma instructions defining accumulator registers of a wgmma between start and end of the pipeline stage in the function '_ZN2sg5fused4sm9023fused_vit_megakernel_tcILNS1_5OptIdE8EEEvNS0_17PersistentContextEPfNS1_11ViTInputCtxES5_fiNS1_13FusedOptStateE'
  ptxas warning : Registers are spilled to local memory in function '_ZN2sg5fused4sm9023fused_vit_megakernel_tcILNS1_5OptIdE8EEEvNS0_17PersistentContextEPfNS1_11ViTInputCtxES5_fiNS1_13FusedOptStateE', 15020 bytes spill stores, 15908 bytes spill loads
  ptxas info    : (C7515) Potential Performance Loss: wgmma.mma_async instructions are serialized due to non wgmma instructions defining accumulator registers of a wgmma between start and end of the pipeline stage in the function '_ZN2sg5fused4sm9023fused_vit_megakernel_tcILNS1_5OptIdE4EEEvNS0_17PersistentContextEPfNS1_11ViTInputCtxES5_fiNS1_13FusedOptStateE'
  ptxas warning : Registers are spilled to local memory in function '_ZN2sg5fused4sm9023fused_vit_megakernel_tcILNS1_5OptIdE4EEEvNS0_17PersistentContextEPfNS1_11ViTInputCtxES5_fiNS1_13FusedOptStateE', 15020 bytes spill stores, 15900 bytes spill loads
  ptxas info    : (C7515) Potential Performance Loss: wgmma.mma_async instructions are serialized due to non wgmma instructions defining accumulator registers of a wgmma between start and end of the pipeline stage in the function '_ZN2sg5fused4sm9023fused_vit_megakernel_tcILNS1_5OptIdE7EEEvNS0_17PersistentContextEPfNS1_11ViTInputCtxES5_fiNS1_13FusedOptStateE'
  ptxas warning : Registers are spilled to local memory in function '_ZN2sg5fused4sm9023fused_vit_megakernel_tcILNS1_5OptIdE7EEEvNS0_17PersistentContextEPfNS1_11ViTInputCtxES5_fiNS1_13FusedOptStateE', 8 bytes spill stores, 4 bytes spill loads
  ptxas info    : (C7515) Potential Performance Loss: wgmma.mma_async instructions are serialized due to non wgmma instructions defining accumulator registers of a wgmma between start and end of the pipeline stage in the function '_ZN2sg5fused4sm9023fused_vit_megakernel_tcILNS1_5OptIdE5EEEvNS0_17PersistentContextEPfNS1_11ViTInputCtxES5_fiNS1_13FusedOptStateE'
  ptxas info    : (C7515) Potential Performance Loss: wgmma.mma_async instructions are serialized due to non wgmma instructions defining accumulator registers of a wgmma between start and end of the pipeline stage in the function '_ZN2sg5fused4sm9023fused_vit_megakernel_tcILNS1_5OptIdE6EEEvNS0_17PersistentContextEPfNS1_11ViTInputCtxES5_fiNS1_13FusedOptStateE'
  ptxas warning : Registers are spilled to local memory in function '_ZN2sg5fused4sm9023fused_vit_megakernel_tcILNS1_5OptIdE6EEEvNS0_17PersistentContextEPfNS1_11ViTInputCtxES5_fiNS1_13FusedOptStateE', 8 bytes spill stores, 16 bytes spill loads
  ptxas info    : (C7515) Potential Performance Loss: wgmma.mma_async instructions are serialized due to non wgmma instructions defining accumulator registers of a wgmma between start and end of the pipeline stage in the function '_ZN2sg5fused4sm9023fused_vit_megakernel_tcILNS1_5OptIdE3EEEvNS0_17PersistentContextEPfNS1_11ViTInputCtxES5_fiNS1_13FusedOptStateE'
  ptxas warning : Registers are spilled to local memory in function '_ZN2sg5fused4sm9023fused_vit_megakernel_tcILNS1_5OptIdE3EEEvNS0_17PersistentContextEPfNS1_11ViTInputCtxES5_fiNS1_13FusedOptStateE', 8 bytes spill stores, 16 bytes spill loads
  ptxas info    : (C7515) Potential Performance Loss: wgmma.mma_async instructions are serialized due to non wgmma instructions defining accumulator registers of a wgmma between start and end of the pipeline stage in the function '_ZN2sg5fused4sm9023fused_vit_megakernel_tcILNS1_5OptIdE2EEEvNS0_17PersistentContextEPfNS1_11ViTInputCtxES5_fiNS1_13FusedOptStateE'
  ptxas info    : (C7515) Potential Performance Loss: wgmma.mma_async instructions are serialized due to non wgmma instructions defining accumulator registers of a wgmma between start and end of the pipeline stage in the function '_ZN2sg5fused4sm9023fused_vit_megakernel_tcILNS1_5OptIdE1EEEvNS0_17PersistentContextEPfNS1_11ViTInputCtxES5_fiNS1_13FusedOptStateE'
  ptxas info    : (C7515) Potential Performance Loss: wgmma.mma_async instructions are serialized due to non wgmma instructions defining accumulator registers of a wgmma between start and end of the pipeline stage in the function '_ZN2sg5fused4sm9023fused_vit_megakernel_tcILNS1_5OptIdE0EEEvNS0_17PersistentContextEPfNS1_11ViTInputCtxES5_fiNS1_13FusedOptStateE'
  /workspace/SuperGrok1.5/./csrc/algorithms/muon.h(76): warning #737-D: using-declaration ignored -- it refers to the current namespace
    using sg::algorithms::adamw_step;
          ^

  Remark: The warnings can be suppressed with "-diag-suppress <warning-number>"

  creating /dev/shm/tmp/tmpno03s4s1.build-lib/grokking_optimizers
  x86_64-linux-gnu-g++ -shared -Wl,-O1 -Wl,-Bsymbolic-functions -Wl,-Bsymbolic-functions -g -fwrapv -O2 /dev/shm/tmp/tmp4glokf2q.build-temp/csrc/backends/cuda/sm_90/launch_adamw.o /dev/shm/tmp/tmp4glokf2q.build-temp/csrc/backends/cuda/sm_90/launch_grokadamw.o /dev/shm/tmp/tmp4glokf2q.build-temp/csrc/backends/cuda/sm_90/launch_grokfast.o /dev/shm/tmp/tmp4glokf2q.build-temp/csrc/backends/cuda/sm_90/launch_lion.o /dev/shm/tmp/tmp4glokf2q.build-temp/csrc/backends/cuda/sm_90/launch_looksam.o /dev/shm/tmp/tmp4glokf2q.build-temp/csrc/backends/cuda/sm_90/launch_muon.o /dev/shm/tmp/tmp4glokf2q.build-temp/csrc/backends/cuda/sm_90/launch_neuralgrok.o /dev/shm/tmp/tmp4glokf2q.build-temp/csrc/backends/cuda/sm_90/launch_prodigy.o /dev/shm/tmp/tmp4glokf2q.build-temp/csrc/backends/cuda/sm_90/launch_supergrok11.o /dev/shm/tmp/tmp4glokf2q.build-temp/csrc/backends/cuda/sm_90/launch_supergrok15.o /dev/shm/tmp/tmp4glokf2q.build-temp/csrc/backends/cuda/sm_90/launch_supergrok2.o /dev/shm/tmp/tmp4glokf2q.build-temp/csrc/backends/cuda/sm_90/models/decoder.o /dev/shm/tmp/tmp4glokf2q.build-temp/csrc/backends/cuda/sm_90/models/mamba.o /dev/shm/tmp/tmp4glokf2q.build-temp/csrc/backends/cuda/sm_90/models/vit.o /dev/shm/tmp/tmp4glokf2q.build-temp/csrc/bindings/bindings.o /dev/shm/tmp/tmp4glokf2q.build-temp/csrc/bindings/dispatch.o /dev/shm/tmp/tmp4glokf2q.build-temp/csrc/fused/sm_90/mega_decoder_real_adamw.o /dev/shm/tmp/tmp4glokf2q.build-temp/csrc/fused/sm_90/mega_decoder_real_adamw_tc_launcher.o /dev/shm/tmp/tmp4glokf2q.build-temp/csrc/fused/sm_90/mega_mamba3_adamw.o /dev/shm/tmp/tmp4glokf2q.build-temp/csrc/fused/sm_90/mega_mamba3_grokadamw.o /dev/shm/tmp/tmp4glokf2q.build-temp/csrc/fused/sm_90/mega_mamba3_grokfast.o /dev/shm/tmp/tmp4glokf2q.build-temp/csrc/fused/sm_90/mega_mamba3_lion.o /dev/shm/tmp/tmp4glokf2q.build-temp/csrc/fused/sm_90/mega_mamba3_looksam.o /dev/shm/tmp/tmp4glokf2q.build-temp/csrc/fused/sm_90/mega_mamba3_muon.o /dev/shm/tmp/tmp4glokf2q.build-temp/csrc/fused/sm_90/mega_mamba3_neuralgrok.o /dev/shm/tmp/tmp4glokf2q.build-temp/csrc/fused/sm_90/mega_mamba3_prodigy.o /dev/shm/tmp/tmp4glokf2q.build-temp/csrc/fused/sm_90/mega_mamba3_supergrok11.o /dev/shm/tmp/tmp4glokf2q.build-temp/csrc/fused/sm_90/mega_mamba3_supergrok15.o /dev/shm/tmp/tmp4glokf2q.build-temp/csrc/fused/sm_90/mega_mamba3_supergrok2.o /dev/shm/tmp/tmp4glokf2q.build-temp/csrc/fused/sm_90/mega_mamba_real_adamw.o /dev/shm/tmp/tmp4glokf2q.build-temp/csrc/fused/sm_90/mega_mamba_real_adamw_tc_launcher.o /dev/shm/tmp/tmp4glokf2q.build-temp/csrc/fused/sm_90/mega_transformer_decoder_adamw.o /dev/shm/tmp/tmp4glokf2q.build-temp/csrc/fused/sm_90/mega_transformer_decoder_grokadamw.o /dev/shm/tmp/tmp4glokf2q.build-temp/csrc/fused/sm_90/mega_transformer_decoder_grokfast.o /dev/shm/tmp/tmp4glokf2q.build-temp/csrc/fused/sm_90/mega_transformer_decoder_lion.o /dev/shm/tmp/tmp4glokf2q.build-temp/csrc/fused/sm_90/mega_transformer_decoder_looksam.o /dev/shm/tmp/tmp4glokf2q.build-temp/csrc/fused/sm_90/mega_transformer_decoder_muon.o /dev/shm/tmp/tmp4glokf2q.build-temp/csrc/fused/sm_90/mega_transformer_decoder_neuralgrok.o /dev/shm/tmp/tmp4glokf2q.build-temp/csrc/fused/sm_90/mega_transformer_decoder_prodigy.o /dev/shm/tmp/tmp4glokf2q.build-temp/csrc/fused/sm_90/mega_transformer_decoder_supergrok11.o /dev/shm/tmp/tmp4glokf2q.build-temp/csrc/fused/sm_90/mega_transformer_decoder_supergrok15.o /dev/shm/tmp/tmp4glokf2q.build-temp/csrc/fused/sm_90/mega_transformer_decoder_supergrok2.o /dev/shm/tmp/tmp4glokf2q.build-temp/csrc/fused/sm_90/mega_vit_adamw.o /dev/shm/tmp/tmp4glokf2q.build-temp/csrc/fused/sm_90/mega_vit_grokadamw.o /dev/shm/tmp/tmp4glokf2q.build-temp/csrc/fused/sm_90/mega_vit_grokfast.o /dev/shm/tmp/tmp4glokf2q.build-temp/csrc/fused/sm_90/mega_vit_lion.o /dev/shm/tmp/tmp4glokf2q.build-temp/csrc/fused/sm_90/mega_vit_looksam.o /dev/shm/tmp/tmp4glokf2q.build-temp/csrc/fused/sm_90/mega_vit_muon.o /dev/shm/tmp/tmp4glokf2q.build-temp/csrc/fused/sm_90/mega_vit_neuralgrok.o /dev/shm/tmp/tmp4glokf2q.build-temp/csrc/fused/sm_90/mega_vit_prodigy.o /dev/shm/tmp/tmp4glokf2q.build-temp/csrc/fused/sm_90/mega_vit_real_adamw.o /dev/shm/tmp/tmp4glokf2q.build-temp/csrc/fused/sm_90/mega_vit_real_adamw_tc_launcher.o /dev/shm/tmp/tmp4glokf2q.build-temp/csrc/fused/sm_90/mega_vit_supergrok11.o /dev/shm/tmp/tmp4glokf2q.build-temp/csrc/fused/sm_90/mega_vit_supergrok15.o /dev/shm/tmp/tmp4glokf2q.build-temp/csrc/fused/sm_90/mega_vit_supergrok2.o /dev/shm/tmp/tmp4glokf2q.build-temp/csrc/fused/sm_90/sg2_meta_tail.o -L/usr/local/lib/python3.11/dist-packages/torch/lib -L/usr/local/cuda/lib64 -L/usr/lib/x86_64-linux-gnu -lc10 -ltorch -ltorch_cpu -ltorch_python -lcudart -lc10_cuda -ltorch_cuda -o /dev/shm/tmp/tmpno03s4s1.build-lib/grokking_optimizers/_ops.cpython-311-x86_64-linux-gnu.so
  copying /dev/shm/tmp/tmpno03s4s1.build-lib/grokking_optimizers/_ops.cpython-311-x86_64-linux-gnu.so -> grokking_optimizers
  running egg_info
  creating /dev/shm/tmp/tmp4glokf2q.build-temp/grokking_optimizers.egg-info
  writing /dev/shm/tmp/tmp4glokf2q.build-temp/grokking_optimizers.egg-info/PKG-INFO
  writing dependency_links to /dev/shm/tmp/tmp4glokf2q.build-temp/grokking_optimizers.egg-info/dependency_links.txt
  writing requirements to /dev/shm/tmp/tmp4glokf2q.build-temp/grokking_optimizers.egg-info/requires.txt
  writing top-level names to /dev/shm/tmp/tmp4glokf2q.build-temp/grokking_optimizers.egg-info/top_level.txt
  writing manifest file '/dev/shm/tmp/tmp4glokf2q.build-temp/grokking_optimizers.egg-info/SOURCES.txt'
  reading manifest file '/dev/shm/tmp/tmp4glokf2q.build-temp/grokking_optimizers.egg-info/SOURCES.txt'
  reading manifest template 'MANIFEST.in'
  warning: no previously-included files matching '*.pyc' found anywhere in distribution
  warning: no previously-included files matching '*.pyo' found anywhere in distribution
  warning: no previously-included files matching '__pycache__/*' found anywhere in distribution
  no previously-included directories found matching 'build'
  no previously-included directories found matching 'dist'
  no previously-included directories found matching '.git'
  no previously-included directories found matching 'tests'
  adding license file 'LICENSE'
  writing manifest file '/dev/shm/tmp/tmp4glokf2q.build-temp/grokking_optimizers.egg-info/SOURCES.txt'
  Editable install will be performed using a meta path finder.

  Options like `package-data`, `include/exclude-package-data` or
  `packages.find.exclude/include` may have no effect.

  adding '__editable___grokking_optimizers_3_0_0_finder.py'
  adding '__editable__.grokking_optimizers-3.0.0.pth'
  creating '/dev/shm/tmp/pip-ephem-wheel-cache-2satved8/wheels/05/84/a2/cc4100fa1b99cd58ff32e0df6e549e4591c3289b6e96ce9626/tmp_vaqo6r9/tmpcnm44t8s/grokking_optimizers-3.0.0-0.editable-cp311-cp311-linux_x86_64.whl' and adding '/dev/shm/tmp/tmp1rhyhagygrokking_optimizers-3.0.0-0.editable-cp311-cp311-linux_x86_64.whl' to it
  adding 'grokking_optimizers-3.0.0.dist-info/LICENSE'
  adding 'grokking_optimizers-3.0.0.dist-info/METADATA'
  adding 'grokking_optimizers-3.0.0.dist-info/WHEEL'
  adding 'grokking_optimizers-3.0.0.dist-info/top_level.txt'
  adding 'grokking_optimizers-3.0.0.dist-info/RECORD'
  /workspace/venv/lib/python3.11/site-packages/setuptools/command/editable_wheel.py:510: InformationOnly:

          Please be careful with folders in your working directory with the same
          name as your package as they may take precedence during imports.

    warnings.warn(msg, InformationOnly)
  Building editable for grokking-optimizers (pyproject.toml): finished with status 'done'
  Created wheel for grokking-optimizers: filename=grokking_optimizers-3.0.0-0.editable-cp311-cp311-linux_x86_64.whl size=12393 sha256=648e1ffdeaf4dcb5e18216e1c995fb854b85563e853ebb0562adf95bdd8ac173
  Stored in directory: /dev/shm/tmp/pip-ephem-wheel-cache-2satved8/wheels/05/84/a2/cc4100fa1b99cd58ff32e0df6e549e4591c3289b6e96ce9626
Successfully built grokking-optimizers
Installing collected packages: grokking-optimizers
Successfully installed grokking-optimizers-3.0.0
