Using pip 24.2 from /usr/local/lib/python3.11/dist-packages/pip (python 3.11)
Obtaining file:///workspace/SuperGrok1.5
  Checking if build backend supports build_editable: started
  Running command Checking if build backend supports build_editable
  Checking if build backend supports build_editable: finished with status 'done'
  Preparing editable metadata (pyproject.toml): started
  Running command Preparing editable metadata (pyproject.toml)
  /usr/local/lib/python3.11/dist-packages/torch/cuda/__init__.py:58: FutureWarning: The pynvml package is deprecated. Please install nvidia-ml-py instead. If you did not install pynvml directly, please report this to the maintainers of the package that installed pynvml for you.
    import pynvml  # type: ignore[import]
  /usr/local/lib/python3.11/dist-packages/setuptools/config/_apply_pyprojecttoml.py:71: _MissingDynamic: `authors` defined outside of `pyproject.toml` is ignored.
  !!

          ********************************************************************************
          The following seems to be defined outside of `pyproject.toml`:

          `authors = 'Peter C.'`

          According to the spec (see the link below), however, setuptools CANNOT
          consider this value unless `authors` is listed as `dynamic`.

          https://packaging.python.org/en/latest/specifications/pyproject-toml/#declaring-project-metadata-the-project-table

          To prevent this problem, you can list `authors` under `dynamic` or alternatively
          remove the `[project]` table from your file and rely entirely on other means of
          configuration.
          ********************************************************************************

  !!
    _handle_missing_dynamic(dist, project_table)
  /usr/local/lib/python3.11/dist-packages/setuptools/config/_apply_pyprojecttoml.py:71: _MissingDynamic: `classifiers` defined outside of `pyproject.toml` is ignored.
  !!

          ********************************************************************************
          The following seems to be defined outside of `pyproject.toml`:

          `classifiers = ['Development Status :: 4 - Beta', 'Intended Audience :: Science/Research', 'License :: OSI Approved :: MIT License', 'Topic :: Scientific/Engineering :: Artificial Intelligence', 'Programming Language :: Python :: 3', 'Programming Language :: Python :: 3.10', 'Programming Language :: C++']`

          According to the spec (see the link below), however, setuptools CANNOT
          consider this value unless `classifiers` is listed as `dynamic`.

          https://packaging.python.org/en/latest/specifications/pyproject-toml/#declaring-project-metadata-the-project-table

          To prevent this problem, you can list `classifiers` under `dynamic` or alternatively
          remove the `[project]` table from your file and rely entirely on other means of
          configuration.
          ********************************************************************************

  !!
    _handle_missing_dynamic(dist, project_table)
  /usr/local/lib/python3.11/dist-packages/setuptools/config/_apply_pyprojecttoml.py:78: SetuptoolsWarning: `install_requires` overwritten in `pyproject.toml` (dependencies)
    corresp(dist, value, root_dir)
    CUTLASS: auto-enabled (CUDA>=12 toolkit + cutlass headers present); set WITH_CUTLASS=0 to force cuBLAS fallback
    Compiler launcher: ccache -> /usr/bin/ccache
    Preflight: nvcc CUDA 12.x matches torch.version.cuda 12.4
  Building Grokking Optimizers C++/CUDA extension
    CUDA version: 12.4
    CUDA gencode archs (toolchain-probed): ['90a'] (+PTX 90)
    NVCC base flags: compile.NVCC_DEVICE_BASE (strict) + grokking project flags (--use_fast_math, -DNDEBUG)
    CUTLASS enabled for archs: ['90a']
  running dist_info
  creating /dev/shm/tmp/pip-modern-metadata-xkwzupej/grokking_optimizers.egg-info
  writing /dev/shm/tmp/pip-modern-metadata-xkwzupej/grokking_optimizers.egg-info/PKG-INFO
  writing dependency_links to /dev/shm/tmp/pip-modern-metadata-xkwzupej/grokking_optimizers.egg-info/dependency_links.txt
  writing requirements to /dev/shm/tmp/pip-modern-metadata-xkwzupej/grokking_optimizers.egg-info/requires.txt
  writing top-level names to /dev/shm/tmp/pip-modern-metadata-xkwzupej/grokking_optimizers.egg-info/top_level.txt
  writing manifest file '/dev/shm/tmp/pip-modern-metadata-xkwzupej/grokking_optimizers.egg-info/SOURCES.txt'
  reading manifest file '/dev/shm/tmp/pip-modern-metadata-xkwzupej/grokking_optimizers.egg-info/SOURCES.txt'
  reading manifest template 'MANIFEST.in'
  warning: no previously-included files matching '*.pyc' found anywhere in distribution
  warning: no previously-included files matching '*.pyo' found anywhere in distribution
  warning: no previously-included files matching '__pycache__/*' found anywhere in distribution
  no previously-included directories found matching 'build'
  no previously-included directories found matching 'dist'
  no previously-included directories found matching '.git'
  adding license file 'LICENSE'
  writing manifest file '/dev/shm/tmp/pip-modern-metadata-xkwzupej/grokking_optimizers.egg-info/SOURCES.txt'
  creating '/dev/shm/tmp/pip-modern-metadata-xkwzupej/grokking_optimizers-3.0.0.dist-info'
  Preparing editable metadata (pyproject.toml): finished with status 'done'
Requirement already satisfied: torch>=2.0.0 in /usr/local/lib/python3.11/dist-packages (from grokking-optimizers==3.0.0) (2.4.1+cu124)
Requirement already satisfied: filelock in /usr/local/lib/python3.11/dist-packages (from torch>=2.0.0->grokking-optimizers==3.0.0) (3.13.1)
Requirement already satisfied: typing-extensions>=4.8.0 in /usr/local/lib/python3.11/dist-packages (from torch>=2.0.0->grokking-optimizers==3.0.0) (4.15.0)
Requirement already satisfied: sympy in /usr/local/lib/python3.11/dist-packages (from torch>=2.0.0->grokking-optimizers==3.0.0) (1.12)
Requirement already satisfied: networkx in /usr/local/lib/python3.11/dist-packages (from torch>=2.0.0->grokking-optimizers==3.0.0) (3.2.1)
Requirement already satisfied: jinja2 in /usr/local/lib/python3.11/dist-packages (from torch>=2.0.0->grokking-optimizers==3.0.0) (3.1.3)
Requirement already satisfied: fsspec in /usr/local/lib/python3.11/dist-packages (from torch>=2.0.0->grokking-optimizers==3.0.0) (2024.2.0)
Requirement already satisfied: nvidia-cuda-nvrtc-cu12==12.4.99 in /usr/local/lib/python3.11/dist-packages (from torch>=2.0.0->grokking-optimizers==3.0.0) (12.4.99)
Requirement already satisfied: nvidia-cuda-runtime-cu12==12.4.99 in /usr/local/lib/python3.11/dist-packages (from torch>=2.0.0->grokking-optimizers==3.0.0) (12.4.99)
Requirement already satisfied: nvidia-cuda-cupti-cu12==12.4.99 in /usr/local/lib/python3.11/dist-packages (from torch>=2.0.0->grokking-optimizers==3.0.0) (12.4.99)
Requirement already satisfied: nvidia-cudnn-cu12==9.1.0.70 in /usr/local/lib/python3.11/dist-packages (from torch>=2.0.0->grokking-optimizers==3.0.0) (9.1.0.70)
Requirement already satisfied: nvidia-cublas-cu12==12.4.2.65 in /usr/local/lib/python3.11/dist-packages (from torch>=2.0.0->grokking-optimizers==3.0.0) (12.4.2.65)
Requirement already satisfied: nvidia-cufft-cu12==11.2.0.44 in /usr/local/lib/python3.11/dist-packages (from torch>=2.0.0->grokking-optimizers==3.0.0) (11.2.0.44)
Requirement already satisfied: nvidia-curand-cu12==10.3.5.119 in /usr/local/lib/python3.11/dist-packages (from torch>=2.0.0->grokking-optimizers==3.0.0) (10.3.5.119)
Requirement already satisfied: nvidia-cusolver-cu12==11.6.0.99 in /usr/local/lib/python3.11/dist-packages (from torch>=2.0.0->grokking-optimizers==3.0.0) (11.6.0.99)
Requirement already satisfied: nvidia-cusparse-cu12==12.3.0.142 in /usr/local/lib/python3.11/dist-packages (from torch>=2.0.0->grokking-optimizers==3.0.0) (12.3.0.142)
Requirement already satisfied: nvidia-nccl-cu12==2.20.5 in /usr/local/lib/python3.11/dist-packages (from torch>=2.0.0->grokking-optimizers==3.0.0) (2.20.5)
Requirement already satisfied: nvidia-nvtx-cu12==12.4.99 in /usr/local/lib/python3.11/dist-packages (from torch>=2.0.0->grokking-optimizers==3.0.0) (12.4.99)
Requirement already satisfied: nvidia-nvjitlink-cu12==12.4.99 in /usr/local/lib/python3.11/dist-packages (from torch>=2.0.0->grokking-optimizers==3.0.0) (12.4.99)
Requirement already satisfied: triton==3.0.0 in /usr/local/lib/python3.11/dist-packages (from torch>=2.0.0->grokking-optimizers==3.0.0) (3.0.0)
Requirement already satisfied: MarkupSafe>=2.0 in /usr/local/lib/python3.11/dist-packages (from jinja2->torch>=2.0.0->grokking-optimizers==3.0.0) (2.1.5)
Requirement already satisfied: mpmath>=0.19 in /usr/local/lib/python3.11/dist-packages (from sympy->torch>=2.0.0->grokking-optimizers==3.0.0) (1.3.0)
Building wheels for collected packages: grokking-optimizers
  Building editable for grokking-optimizers (pyproject.toml): started
  Running command Building editable for grokking-optimizers (pyproject.toml)
  /usr/local/lib/python3.11/dist-packages/torch/cuda/__init__.py:58: FutureWarning: The pynvml package is deprecated. Please install nvidia-ml-py instead. If you did not install pynvml directly, please report this to the maintainers of the package that installed pynvml for you.
    import pynvml  # type: ignore[import]
  /usr/local/lib/python3.11/dist-packages/setuptools/config/_apply_pyprojecttoml.py:71: _MissingDynamic: `authors` defined outside of `pyproject.toml` is ignored.
  !!

          ********************************************************************************
          The following seems to be defined outside of `pyproject.toml`:

          `authors = 'Peter C.'`

          According to the spec (see the link below), however, setuptools CANNOT
          consider this value unless `authors` is listed as `dynamic`.

          https://packaging.python.org/en/latest/specifications/pyproject-toml/#declaring-project-metadata-the-project-table

          To prevent this problem, you can list `authors` under `dynamic` or alternatively
          remove the `[project]` table from your file and rely entirely on other means of
          configuration.
          ********************************************************************************

  !!
    _handle_missing_dynamic(dist, project_table)
  /usr/local/lib/python3.11/dist-packages/setuptools/config/_apply_pyprojecttoml.py:71: _MissingDynamic: `classifiers` defined outside of `pyproject.toml` is ignored.
  !!

          ********************************************************************************
          The following seems to be defined outside of `pyproject.toml`:

          `classifiers = ['Development Status :: 4 - Beta', 'Intended Audience :: Science/Research', 'License :: OSI Approved :: MIT License', 'Topic :: Scientific/Engineering :: Artificial Intelligence', 'Programming Language :: Python :: 3', 'Programming Language :: Python :: 3.10', 'Programming Language :: C++']`

          According to the spec (see the link below), however, setuptools CANNOT
          consider this value unless `classifiers` is listed as `dynamic`.

          https://packaging.python.org/en/latest/specifications/pyproject-toml/#declaring-project-metadata-the-project-table

          To prevent this problem, you can list `classifiers` under `dynamic` or alternatively
          remove the `[project]` table from your file and rely entirely on other means of
          configuration.
          ********************************************************************************

  !!
    _handle_missing_dynamic(dist, project_table)
  /usr/local/lib/python3.11/dist-packages/setuptools/config/_apply_pyprojecttoml.py:78: SetuptoolsWarning: `install_requires` overwritten in `pyproject.toml` (dependencies)
    corresp(dist, value, root_dir)
    CUTLASS: auto-enabled (CUDA>=12 toolkit + cutlass headers present); set WITH_CUTLASS=0 to force cuBLAS fallback
    Compiler launcher: ccache -> /usr/bin/ccache
    Preflight: nvcc CUDA 12.x matches torch.version.cuda 12.4
  Building Grokking Optimizers C++/CUDA extension
    CUDA version: 12.4
    CUDA gencode archs (toolchain-probed): ['90a'] (+PTX 90)
    NVCC base flags: compile.NVCC_DEVICE_BASE (strict) + grokking project flags (--use_fast_math, -DNDEBUG)
    CUTLASS enabled for archs: ['90a']
  running editable_wheel
  creating /dev/shm/tmp/pip-wheel-br26xhj6/.tmp-c5dbmsis/grokking_optimizers.egg-info
  writing /dev/shm/tmp/pip-wheel-br26xhj6/.tmp-c5dbmsis/grokking_optimizers.egg-info/PKG-INFO
  writing dependency_links to /dev/shm/tmp/pip-wheel-br26xhj6/.tmp-c5dbmsis/grokking_optimizers.egg-info/dependency_links.txt
  writing requirements to /dev/shm/tmp/pip-wheel-br26xhj6/.tmp-c5dbmsis/grokking_optimizers.egg-info/requires.txt
  writing top-level names to /dev/shm/tmp/pip-wheel-br26xhj6/.tmp-c5dbmsis/grokking_optimizers.egg-info/top_level.txt
  writing manifest file '/dev/shm/tmp/pip-wheel-br26xhj6/.tmp-c5dbmsis/grokking_optimizers.egg-info/SOURCES.txt'
  reading manifest file '/dev/shm/tmp/pip-wheel-br26xhj6/.tmp-c5dbmsis/grokking_optimizers.egg-info/SOURCES.txt'
  reading manifest template 'MANIFEST.in'
  warning: no previously-included files matching '*.pyc' found anywhere in distribution
  warning: no previously-included files matching '*.pyo' found anywhere in distribution
  warning: no previously-included files matching '__pycache__/*' found anywhere in distribution
  no previously-included directories found matching 'build'
  no previously-included directories found matching 'dist'
  no previously-included directories found matching '.git'
  adding license file 'LICENSE'
  writing manifest file '/dev/shm/tmp/pip-wheel-br26xhj6/.tmp-c5dbmsis/grokking_optimizers.egg-info/SOURCES.txt'
  creating '/dev/shm/tmp/pip-wheel-br26xhj6/.tmp-c5dbmsis/grokking_optimizers-3.0.0.dist-info'
  creating /dev/shm/tmp/pip-wheel-br26xhj6/.tmp-c5dbmsis/grokking_optimizers-3.0.0.dist-info/WHEEL
  running build_py
  running build_ext
  /usr/local/lib/python3.11/dist-packages/torch/utils/cpp_extension.py:424: UserWarning: There are no x86_64-linux-gnu-g++ version bounds defined for CUDA version 12.4
    warnings.warn(f'There are no {compiler_name} version bounds defined for CUDA version {cuda_str_version}')
    [tuned-inject] no _kernel_tuned.json found; building with in-header kernel defaults. Run `python -m grokking_optimizers.compile ... --jit-only` to produce winners (see AUTOTUNE_LINKAGE.md).
  building 'grokking_optimizers._ops' extension
  creating /dev/shm/tmp/tmp9icn1kre.build-temp/csrc/backends/cuda/sm_90
  creating /dev/shm/tmp/tmp9icn1kre.build-temp/csrc/backends/cuda/sm_90/models
  creating /dev/shm/tmp/tmp9icn1kre.build-temp/csrc/bindings
  creating /dev/shm/tmp/tmp9icn1kre.build-temp/csrc/fused/sm_90
  Emitting ninja build file /dev/shm/tmp/tmp9icn1kre.build-temp/build.ninja...
  Compiling objects...
  Using envvar MAX_JOBS (224) as the number of workers...
  [1/56] c++ -MMD -MF /dev/shm/tmp/tmp9icn1kre.build-temp/csrc/bindings/dispatch.o.d -Wsign-compare -DNDEBUG -g -fwrapv -O2 -Wall -g -fstack-protector-strong -Wformat -Werror=format-security -g -fwrapv -O2 -fPIC -DWITH_CUDA -DWITH_CUTLASS -I/workspace/SuperGrok1.5/. -I/workspace/SuperGrok1.5/csrc/bindings -I/workspace/SuperGrok1.5/csrc -I/workspace/SuperGrok1.5/third_party/cutlass/include -I/workspace/SuperGrok1.5/third_party/cutlass/tools/util/include -I/usr/local/lib/python3.11/dist-packages/torch/include -I/usr/local/lib/python3.11/dist-packages/torch/include/torch/csrc/api/include -I/usr/local/lib/python3.11/dist-packages/torch/include/TH -I/usr/local/lib/python3.11/dist-packages/torch/include/THC -I/usr/local/cuda/include -I/usr/include/python3.11 -c -c /workspace/SuperGrok1.5/csrc/bindings/dispatch.cpp -o /dev/shm/tmp/tmp9icn1kre.build-temp/csrc/bindings/dispatch.o -O3 -std=c++17 -DWITH_CUDA -DNDEBUG -ffast-math -funroll-loops -fPIC -DWITH_CUTLASS -DTORCH_API_INCLUDE_EXTENSION_H '-DPYBIND11_COMPILER_TYPE="_gcc"' '-DPYBIND11_STDLIB="_libstdcpp"' '-DPYBIND11_BUILD_ABI="_cxxabi1011"' -DTORCH_EXTENSION_NAME=_ops -D_GLIBCXX_USE_CXX11_ABI=0
  /workspace/SuperGrok1.5/csrc/bindings/dispatch.cpp:434:1: warning: multi-line comment [-Wcomment]
    434 | //   python -m grokking_optimizers.megakernel_codegen --dispatch-table > \
        | ^
  [2/56] c++ -MMD -MF /dev/shm/tmp/tmp9icn1kre.build-temp/csrc/bindings/bindings.o.d -Wsign-compare -DNDEBUG -g -fwrapv -O2 -Wall -g -fstack-protector-strong -Wformat -Werror=format-security -g -fwrapv -O2 -fPIC -DWITH_CUDA -DWITH_CUTLASS -I/workspace/SuperGrok1.5/. -I/workspace/SuperGrok1.5/csrc/bindings -I/workspace/SuperGrok1.5/csrc -I/workspace/SuperGrok1.5/third_party/cutlass/include -I/workspace/SuperGrok1.5/third_party/cutlass/tools/util/include -I/usr/local/lib/python3.11/dist-packages/torch/include -I/usr/local/lib/python3.11/dist-packages/torch/include/torch/csrc/api/include -I/usr/local/lib/python3.11/dist-packages/torch/include/TH -I/usr/local/lib/python3.11/dist-packages/torch/include/THC -I/usr/local/cuda/include -I/usr/include/python3.11 -c -c /workspace/SuperGrok1.5/csrc/bindings/bindings.cpp -o /dev/shm/tmp/tmp9icn1kre.build-temp/csrc/bindings/bindings.o -O3 -std=c++17 -DWITH_CUDA -DNDEBUG -ffast-math -funroll-loops -fPIC -DWITH_CUTLASS -DTORCH_API_INCLUDE_EXTENSION_H '-DPYBIND11_COMPILER_TYPE="_gcc"' '-DPYBIND11_STDLIB="_libstdcpp"' '-DPYBIND11_BUILD_ABI="_cxxabi1011"' -DTORCH_EXTENSION_NAME=_ops -D_GLIBCXX_USE_CXX11_ABI=0
  [3/56] /usr/local/sccache-shim/nvcc --generate-dependencies-with-compile --dependency-output /dev/shm/tmp/tmp9icn1kre.build-temp/csrc/fused/sm_90/mega_mamba3_grokadamw.o.d -DWITH_CUDA -DWITH_CUTLASS -I/workspace/SuperGrok1.5/. -I/workspace/SuperGrok1.5/csrc/bindings -I/workspace/SuperGrok1.5/csrc -I/workspace/SuperGrok1.5/third_party/cutlass/include -I/workspace/SuperGrok1.5/third_party/cutlass/tools/util/include -I/usr/local/lib/python3.11/dist-packages/torch/include -I/usr/local/lib/python3.11/dist-packages/torch/include/torch/csrc/api/include -I/usr/local/lib/python3.11/dist-packages/torch/include/TH -I/usr/local/lib/python3.11/dist-packages/torch/include/THC -I/usr/local/cuda/include -I/usr/include/python3.11 -c -c /workspace/SuperGrok1.5/csrc/fused/sm_90/mega_mamba3_grokadamw.cu -o /dev/shm/tmp/tmp9icn1kre.build-temp/csrc/fused/sm_90/mega_mamba3_grokadamw.o -D__CUDA_NO_HALF_OPERATORS__ -D__CUDA_NO_HALF_CONVERSIONS__ -D__CUDA_NO_BFLOAT16_CONVERSIONS__ -D__CUDA_NO_HALF2_OPERATORS__ --expt-relaxed-constexpr --compiler-options ''"'"'-fPIC'"'"'' -O3 -std=c++17 -DWITH_CUDA --expt-relaxed-constexpr -Xfatbin -compress-all -Xptxas --opt-level=3 -Xptxas -v -Xptxas --warn-on-spills --extra-device-vectorization -Xcompiler -fPIC -Xcompiler -fno-strict-aliasing -Xnvlink --suppress-stack-size-warning --resource-usage --default-stream per-thread --use_fast_math -DNDEBUG -lineinfo -gencode=arch=compute_90a,code=sm_90a -gencode=arch=compute_90,code=compute_90 -DWITH_CUTLASS -DCUTLASS_NVCC_ARCHS=90a -DTORCH_API_INCLUDE_EXTENSION_H '-DPYBIND11_COMPILER_TYPE="_gcc"' '-DPYBIND11_STDLIB="_libstdcpp"' '-DPYBIND11_BUILD_ABI="_cxxabi1011"' -DTORCH_EXTENSION_NAME=_ops -D_GLIBCXX_USE_CXX11_ABI=0
  /workspace/SuperGrok1.5/./csrc/algorithms/muon.h(76): warning #737-D: using-declaration ignored -- it refers to the current namespace
    using sg::algorithms::adamw_step;
          ^

  Remark: The warnings can be suppressed with "-diag-suppress <warning-number>"

  /workspace/SuperGrok1.5/./csrc/algorithms/muon.h(76): warning #737-D: using-declaration ignored -- it refers to the current namespace
    using sg::algorithms::adamw_step;
          ^

  Remark: The warnings can be suppressed with "-diag-suppress <warning-number>"

  ptxas info    : (C7508) Potential Performance Loss: 'setmaxnreg' ignored; unable to determine register count at entry.
  ptxas info    : (C7508) Potential Performance Loss: 'setmaxnreg' ignored; unable to determine register count at entry.
  ptxas info    : 23 bytes gmem
  ptxas info    : Compiling entry function '_ZN2sg5fused4sm9016fused_megakernelILNS1_7ModelIdE2ELNS1_5OptIdE3ELNS1_8FuseTierE3EEEvNS0_17PersistentContextEPfPKfS7_S7_PKiSB_fiNS1_13FusedOptStateE' for 'sm_90a'
  ptxas info    : Function properties for _ZN2sg5fused4sm9016fused_megakernelILNS1_7ModelIdE2ELNS1_5OptIdE3ELNS1_8FuseTierE3EEEvNS0_17PersistentContextEPfPKfS7_S7_PKiSB_fiNS1_13FusedOptStateE
      0 bytes stack frame, 0 bytes spill stores, 0 bytes spill loads
  ptxas info    : Used 32 registers, 4232 bytes smem
  ptxas info    : Compiling entry function '_ZN2sg5fused4sm9016fused_megakernelILNS1_7ModelIdE2ELNS1_5OptIdE3ELNS1_8FuseTierE1EEEvNS0_17PersistentContextEPfPKfS7_S7_PKiSB_fiNS1_13FusedOptStateE' for 'sm_90a'
  ptxas info    : Function properties for _ZN2sg5fused4sm9016fused_megakernelILNS1_7ModelIdE2ELNS1_5OptIdE3ELNS1_8FuseTierE1EEEvNS0_17PersistentContextEPfPKfS7_S7_PKiSB_fiNS1_13FusedOptStateE
      0 bytes stack frame, 0 bytes spill stores, 0 bytes spill loads
  ptxas info    : Used 32 registers, 4 bytes smem
  ptxas info    : Compiling entry function '_ZN3cub17CUB_200302_900_NS11EmptyKernelIvEEvv' for 'sm_90a'
  ptxas info    : Function properties for _ZN3cub17CUB_200302_900_NS11EmptyKernelIvEEvv
      0 bytes stack frame, 0 bytes spill stores, 0 bytes spill loads
  ptxas info    : Used 4 registers
  /workspace/SuperGrok1.5/./csrc/algorithms/muon.h(76): warning #737-D: using-declaration ignored -- it refers to the current namespace
    using sg::algorithms::adamw_step;
          ^

  Remark: The warnings can be suppressed with "-diag-suppress <warning-number>"

  [4/56] /usr/local/sccache-shim/nvcc --generate-dependencies-with-compile --dependency-output /dev/shm/tmp/tmp9icn1kre.build-temp/csrc/fused/sm_90/mega_mamba3_adamw.o.d -DWITH_CUDA -DWITH_CUTLASS -I/workspace/SuperGrok1.5/. -I/workspace/SuperGrok1.5/csrc/bindings -I/workspace/SuperGrok1.5/csrc -I/workspace/SuperGrok1.5/third_party/cutlass/include -I/workspace/SuperGrok1.5/third_party/cutlass/tools/util/include -I/usr/local/lib/python3.11/dist-packages/torch/include -I/usr/local/lib/python3.11/dist-packages/torch/include/torch/csrc/api/include -I/usr/local/lib/python3.11/dist-packages/torch/include/TH -I/usr/local/lib/python3.11/dist-packages/torch/include/THC -I/usr/local/cuda/include -I/usr/include/python3.11 -c -c /workspace/SuperGrok1.5/csrc/fused/sm_90/mega_mamba3_adamw.cu -o /dev/shm/tmp/tmp9icn1kre.build-temp/csrc/fused/sm_90/mega_mamba3_adamw.o -D__CUDA_NO_HALF_OPERATORS__ -D__CUDA_NO_HALF_CONVERSIONS__ -D__CUDA_NO_BFLOAT16_CONVERSIONS__ -D__CUDA_NO_HALF2_OPERATORS__ --expt-relaxed-constexpr --compiler-options ''"'"'-fPIC'"'"'' -O3 -std=c++17 -DWITH_CUDA --expt-relaxed-constexpr -Xfatbin -compress-all -Xptxas --opt-level=3 -Xptxas -v -Xptxas --warn-on-spills --extra-device-vectorization -Xcompiler -fPIC -Xcompiler -fno-strict-aliasing -Xnvlink --suppress-stack-size-warning --resource-usage --default-stream per-thread --use_fast_math -DNDEBUG -lineinfo -gencode=arch=compute_90a,code=sm_90a -gencode=arch=compute_90,code=compute_90 -DWITH_CUTLASS -DCUTLASS_NVCC_ARCHS=90a -DTORCH_API_INCLUDE_EXTENSION_H '-DPYBIND11_COMPILER_TYPE="_gcc"' '-DPYBIND11_STDLIB="_libstdcpp"' '-DPYBIND11_BUILD_ABI="_cxxabi1011"' -DTORCH_EXTENSION_NAME=_ops -D_GLIBCXX_USE_CXX11_ABI=0
  /workspace/SuperGrok1.5/./csrc/algorithms/muon.h(76): warning #737-D: using-declaration ignored -- it refers to the current namespace
    using sg::algorithms::adamw_step;
          ^

  Remark: The warnings can be suppressed with "-diag-suppress <warning-number>"

  /workspace/SuperGrok1.5/./csrc/algorithms/muon.h(76): warning #737-D: using-declaration ignored -- it refers to the current namespace
    using sg::algorithms::adamw_step;
          ^

  Remark: The warnings can be suppressed with "-diag-suppress <warning-number>"

  ptxas info    : (C7508) Potential Performance Loss: 'setmaxnreg' ignored; unable to determine register count at entry.
  ptxas info    : (C7508) Potential Performance Loss: 'setmaxnreg' ignored; unable to determine register count at entry.
  ptxas info    : 23 bytes gmem
  ptxas info    : Compiling entry function '_ZN2sg5fused4sm9016fused_megakernelILNS1_7ModelIdE2ELNS1_5OptIdE0ELNS1_8FuseTierE3EEEvNS0_17PersistentContextEPfPKfS7_S7_PKiSB_fiNS1_13FusedOptStateE' for 'sm_90a'
  ptxas info    : Function properties for _ZN2sg5fused4sm9016fused_megakernelILNS1_7ModelIdE2ELNS1_5OptIdE0ELNS1_8FuseTierE3EEEvNS0_17PersistentContextEPfPKfS7_S7_PKiSB_fiNS1_13FusedOptStateE
      0 bytes stack frame, 0 bytes spill stores, 0 bytes spill loads
  ptxas info    : Used 32 registers, 4232 bytes smem
  ptxas info    : Compiling entry function '_ZN2sg5fused4sm9016fused_megakernelILNS1_7ModelIdE2ELNS1_5OptIdE0ELNS1_8FuseTierE1EEEvNS0_17PersistentContextEPfPKfS7_S7_PKiSB_fiNS1_13FusedOptStateE' for 'sm_90a'
  ptxas info    : Function properties for _ZN2sg5fused4sm9016fused_megakernelILNS1_7ModelIdE2ELNS1_5OptIdE0ELNS1_8FuseTierE1EEEvNS0_17PersistentContextEPfPKfS7_S7_PKiSB_fiNS1_13FusedOptStateE
      0 bytes stack frame, 0 bytes spill stores, 0 bytes spill loads
  ptxas info    : Used 32 registers, 4 bytes smem
  ptxas info    : Compiling entry function '_ZN3cub17CUB_200302_900_NS11EmptyKernelIvEEvv' for 'sm_90a'
  ptxas info    : Function properties for _ZN3cub17CUB_200302_900_NS11EmptyKernelIvEEvv
      0 bytes stack frame, 0 bytes spill stores, 0 bytes spill loads
  ptxas info    : Used 4 registers
  /workspace/SuperGrok1.5/./csrc/algorithms/muon.h(76): warning #737-D: using-declaration ignored -- it refers to the current namespace
    using sg::algorithms::adamw_step;
          ^

  Remark: The warnings can be suppressed with "-diag-suppress <warning-number>"

  [5/56] /usr/local/sccache-shim/nvcc --generate-dependencies-with-compile --dependency-output /dev/shm/tmp/tmp9icn1kre.build-temp/csrc/fused/sm_90/mega_transformer_decoder_lion.o.d -DWITH_CUDA -DWITH_CUTLASS -I/workspace/SuperGrok1.5/. -I/workspace/SuperGrok1.5/csrc/bindings -I/workspace/SuperGrok1.5/csrc -I/workspace/SuperGrok1.5/third_party/cutlass/include -I/workspace/SuperGrok1.5/third_party/cutlass/tools/util/include -I/usr/local/lib/python3.11/dist-packages/torch/include -I/usr/local/lib/python3.11/dist-packages/torch/include/torch/csrc/api/include -I/usr/local/lib/python3.11/dist-packages/torch/include/TH -I/usr/local/lib/python3.11/dist-packages/torch/include/THC -I/usr/local/cuda/include -I/usr/include/python3.11 -c -c /workspace/SuperGrok1.5/csrc/fused/sm_90/mega_transformer_decoder_lion.cu -o /dev/shm/tmp/tmp9icn1kre.build-temp/csrc/fused/sm_90/mega_transformer_decoder_lion.o -D__CUDA_NO_HALF_OPERATORS__ -D__CUDA_NO_HALF_CONVERSIONS__ -D__CUDA_NO_BFLOAT16_CONVERSIONS__ -D__CUDA_NO_HALF2_OPERATORS__ --expt-relaxed-constexpr --compiler-options ''"'"'-fPIC'"'"'' -O3 -std=c++17 -DWITH_CUDA --expt-relaxed-constexpr -Xfatbin -compress-all -Xptxas --opt-level=3 -Xptxas -v -Xptxas --warn-on-spills --extra-device-vectorization -Xcompiler -fPIC -Xcompiler -fno-strict-aliasing -Xnvlink --suppress-stack-size-warning --resource-usage --default-stream per-thread --use_fast_math -DNDEBUG -lineinfo -gencode=arch=compute_90a,code=sm_90a -gencode=arch=compute_90,code=compute_90 -DWITH_CUTLASS -DCUTLASS_NVCC_ARCHS=90a -DTORCH_API_INCLUDE_EXTENSION_H '-DPYBIND11_COMPILER_TYPE="_gcc"' '-DPYBIND11_STDLIB="_libstdcpp"' '-DPYBIND11_BUILD_ABI="_cxxabi1011"' -DTORCH_EXTENSION_NAME=_ops -D_GLIBCXX_USE_CXX11_ABI=0
  /workspace/SuperGrok1.5/./csrc/algorithms/muon.h(76): warning #737-D: using-declaration ignored -- it refers to the current namespace
    using sg::algorithms::adamw_step;
          ^

  Remark: The warnings can be suppressed with "-diag-suppress <warning-number>"

  /workspace/SuperGrok1.5/./csrc/algorithms/muon.h(76): warning #737-D: using-declaration ignored -- it refers to the current namespace
    using sg::algorithms::adamw_step;
          ^

  Remark: The warnings can be suppressed with "-diag-suppress <warning-number>"

  ptxas info    : (C7508) Potential Performance Loss: 'setmaxnreg' ignored; unable to determine register count at entry.
  ptxas info    : (C7508) Potential Performance Loss: 'setmaxnreg' ignored; unable to determine register count at entry.
  ptxas info    : 23 bytes gmem
  ptxas info    : Compiling entry function '_ZN2sg5fused4sm9016fused_megakernelILNS1_7ModelIdE0ELNS1_5OptIdE1ELNS1_8FuseTierE3EEEvNS0_17PersistentContextEPfPKfS7_S7_PKiSB_fiNS1_13FusedOptStateE' for 'sm_90a'
  ptxas info    : Function properties for _ZN2sg5fused4sm9016fused_megakernelILNS1_7ModelIdE0ELNS1_5OptIdE1ELNS1_8FuseTierE3EEEvNS0_17PersistentContextEPfPKfS7_S7_PKiSB_fiNS1_13FusedOptStateE
      0 bytes stack frame, 0 bytes spill stores, 0 bytes spill loads
  ptxas info    : Used 32 registers, 4232 bytes smem
  ptxas info    : Compiling entry function '_ZN2sg5fused4sm9016fused_megakernelILNS1_7ModelIdE0ELNS1_5OptIdE1ELNS1_8FuseTierE1EEEvNS0_17PersistentContextEPfPKfS7_S7_PKiSB_fiNS1_13FusedOptStateE' for 'sm_90a'
  ptxas info    : Function properties for _ZN2sg5fused4sm9016fused_megakernelILNS1_7ModelIdE0ELNS1_5OptIdE1ELNS1_8FuseTierE1EEEvNS0_17PersistentContextEPfPKfS7_S7_PKiSB_fiNS1_13FusedOptStateE
      0 bytes stack frame, 0 bytes spill stores, 0 bytes spill loads
  ptxas info    : Used 32 registers, 4 bytes smem
  ptxas info    : Compiling entry function '_ZN3cub17CUB_200302_900_NS11EmptyKernelIvEEvv' for 'sm_90a'
  ptxas info    : Function properties for _ZN3cub17CUB_200302_900_NS11EmptyKernelIvEEvv
      0 bytes stack frame, 0 bytes spill stores, 0 bytes spill loads
  ptxas info    : Used 4 registers
  /workspace/SuperGrok1.5/./csrc/algorithms/muon.h(76): warning #737-D: using-declaration ignored -- it refers to the current namespace
    using sg::algorithms::adamw_step;
          ^

  Remark: The warnings can be suppressed with "-diag-suppress <warning-number>"

  [6/56] /usr/local/sccache-shim/nvcc --generate-dependencies-with-compile --dependency-output /dev/shm/tmp/tmp9icn1kre.build-temp/csrc/fused/sm_90/mega_vit_adamw.o.d -DWITH_CUDA -DWITH_CUTLASS -I/workspace/SuperGrok1.5/. -I/workspace/SuperGrok1.5/csrc/bindings -I/workspace/SuperGrok1.5/csrc -I/workspace/SuperGrok1.5/third_party/cutlass/include -I/workspace/SuperGrok1.5/third_party/cutlass/tools/util/include -I/usr/local/lib/python3.11/dist-packages/torch/include -I/usr/local/lib/python3.11/dist-packages/torch/include/torch/csrc/api/include -I/usr/local/lib/python3.11/dist-packages/torch/include/TH -I/usr/local/lib/python3.11/dist-packages/torch/include/THC -I/usr/local/cuda/include -I/usr/include/python3.11 -c -c /workspace/SuperGrok1.5/csrc/fused/sm_90/mega_vit_adamw.cu -o /dev/shm/tmp/tmp9icn1kre.build-temp/csrc/fused/sm_90/mega_vit_adamw.o -D__CUDA_NO_HALF_OPERATORS__ -D__CUDA_NO_HALF_CONVERSIONS__ -D__CUDA_NO_BFLOAT16_CONVERSIONS__ -D__CUDA_NO_HALF2_OPERATORS__ --expt-relaxed-constexpr --compiler-options ''"'"'-fPIC'"'"'' -O3 -std=c++17 -DWITH_CUDA --expt-relaxed-constexpr -Xfatbin -compress-all -Xptxas --opt-level=3 -Xptxas -v -Xptxas --warn-on-spills --extra-device-vectorization -Xcompiler -fPIC -Xcompiler -fno-strict-aliasing -Xnvlink --suppress-stack-size-warning --resource-usage --default-stream per-thread --use_fast_math -DNDEBUG -lineinfo -gencode=arch=compute_90a,code=sm_90a -gencode=arch=compute_90,code=compute_90 -DWITH_CUTLASS -DCUTLASS_NVCC_ARCHS=90a -DTORCH_API_INCLUDE_EXTENSION_H '-DPYBIND11_COMPILER_TYPE="_gcc"' '-DPYBIND11_STDLIB="_libstdcpp"' '-DPYBIND11_BUILD_ABI="_cxxabi1011"' -DTORCH_EXTENSION_NAME=_ops -D_GLIBCXX_USE_CXX11_ABI=0
  /workspace/SuperGrok1.5/./csrc/algorithms/muon.h(76): warning #737-D: using-declaration ignored -- it refers to the current namespace
    using sg::algorithms::adamw_step;
          ^

  Remark: The warnings can be suppressed with "-diag-suppress <warning-number>"

  /workspace/SuperGrok1.5/./csrc/algorithms/muon.h(76): warning #737-D: using-declaration ignored -- it refers to the current namespace
    using sg::algorithms::adamw_step;
          ^

  Remark: The warnings can be suppressed with "-diag-suppress <warning-number>"

  ptxas info    : (C7508) Potential Performance Loss: 'setmaxnreg' ignored; unable to determine register count at entry.
  ptxas info    : (C7508) Potential Performance Loss: 'setmaxnreg' ignored; unable to determine register count at entry.
  ptxas info    : 23 bytes gmem
  ptxas info    : Compiling entry function '_ZN2sg5fused4sm9016fused_megakernelILNS1_7ModelIdE1ELNS1_5OptIdE0ELNS1_8FuseTierE3EEEvNS0_17PersistentContextEPfPKfS7_S7_PKiSB_fiNS1_13FusedOptStateE' for 'sm_90a'
  ptxas info    : Function properties for _ZN2sg5fused4sm9016fused_megakernelILNS1_7ModelIdE1ELNS1_5OptIdE0ELNS1_8FuseTierE3EEEvNS0_17PersistentContextEPfPKfS7_S7_PKiSB_fiNS1_13FusedOptStateE
      0 bytes stack frame, 0 bytes spill stores, 0 bytes spill loads
  ptxas info    : Used 32 registers, 4232 bytes smem
  ptxas info    : Compiling entry function '_ZN2sg5fused4sm9016fused_megakernelILNS1_7ModelIdE1ELNS1_5OptIdE0ELNS1_8FuseTierE1EEEvNS0_17PersistentContextEPfPKfS7_S7_PKiSB_fiNS1_13FusedOptStateE' for 'sm_90a'
  ptxas info    : Function properties for _ZN2sg5fused4sm9016fused_megakernelILNS1_7ModelIdE1ELNS1_5OptIdE0ELNS1_8FuseTierE1EEEvNS0_17PersistentContextEPfPKfS7_S7_PKiSB_fiNS1_13FusedOptStateE
      0 bytes stack frame, 0 bytes spill stores, 0 bytes spill loads
  ptxas info    : Used 32 registers, 4 bytes smem
  ptxas info    : Compiling entry function '_ZN3cub17CUB_200302_900_NS11EmptyKernelIvEEvv' for 'sm_90a'
  ptxas info    : Function properties for _ZN3cub17CUB_200302_900_NS11EmptyKernelIvEEvv
      0 bytes stack frame, 0 bytes spill stores, 0 bytes spill loads
  ptxas info    : Used 4 registers
  /workspace/SuperGrok1.5/./csrc/algorithms/muon.h(76): warning #737-D: using-declaration ignored -- it refers to the current namespace
    using sg::algorithms::adamw_step;
          ^

  Remark: The warnings can be suppressed with "-diag-suppress <warning-number>"

  [7/56] /usr/local/sccache-shim/nvcc --generate-dependencies-with-compile --dependency-output /dev/shm/tmp/tmp9icn1kre.build-temp/csrc/fused/sm_90/mega_mamba3_muon.o.d -DWITH_CUDA -DWITH_CUTLASS -I/workspace/SuperGrok1.5/. -I/workspace/SuperGrok1.5/csrc/bindings -I/workspace/SuperGrok1.5/csrc -I/workspace/SuperGrok1.5/third_party/cutlass/include -I/workspace/SuperGrok1.5/third_party/cutlass/tools/util/include -I/usr/local/lib/python3.11/dist-packages/torch/include -I/usr/local/lib/python3.11/dist-packages/torch/include/torch/csrc/api/include -I/usr/local/lib/python3.11/dist-packages/torch/include/TH -I/usr/local/lib/python3.11/dist-packages/torch/include/THC -I/usr/local/cuda/include -I/usr/include/python3.11 -c -c /workspace/SuperGrok1.5/csrc/fused/sm_90/mega_mamba3_muon.cu -o /dev/shm/tmp/tmp9icn1kre.build-temp/csrc/fused/sm_90/mega_mamba3_muon.o -D__CUDA_NO_HALF_OPERATORS__ -D__CUDA_NO_HALF_CONVERSIONS__ -D__CUDA_NO_BFLOAT16_CONVERSIONS__ -D__CUDA_NO_HALF2_OPERATORS__ --expt-relaxed-constexpr --compiler-options ''"'"'-fPIC'"'"'' -O3 -std=c++17 -DWITH_CUDA --expt-relaxed-constexpr -Xfatbin -compress-all -Xptxas --opt-level=3 -Xptxas -v -Xptxas --warn-on-spills --extra-device-vectorization -Xcompiler -fPIC -Xcompiler -fno-strict-aliasing -Xnvlink --suppress-stack-size-warning --resource-usage --default-stream per-thread --use_fast_math -DNDEBUG -lineinfo -gencode=arch=compute_90a,code=sm_90a -gencode=arch=compute_90,code=compute_90 -DWITH_CUTLASS -DCUTLASS_NVCC_ARCHS=90a -DTORCH_API_INCLUDE_EXTENSION_H '-DPYBIND11_COMPILER_TYPE="_gcc"' '-DPYBIND11_STDLIB="_libstdcpp"' '-DPYBIND11_BUILD_ABI="_cxxabi1011"' -DTORCH_EXTENSION_NAME=_ops -D_GLIBCXX_USE_CXX11_ABI=0
  /workspace/SuperGrok1.5/./csrc/algorithms/muon.h(76): warning #737-D: using-declaration ignored -- it refers to the current namespace
    using sg::algorithms::adamw_step;
          ^

  Remark: The warnings can be suppressed with "-diag-suppress <warning-number>"

  /workspace/SuperGrok1.5/./csrc/algorithms/muon.h(76): warning #737-D: using-declaration ignored -- it refers to the current namespace
    using sg::algorithms::adamw_step;
          ^

  Remark: The warnings can be suppressed with "-diag-suppress <warning-number>"

  ptxas info    : (C7508) Potential Performance Loss: 'setmaxnreg' ignored; unable to determine register count at entry.
  ptxas info    : (C7508) Potential Performance Loss: 'setmaxnreg' ignored; unable to determine register count at entry.
  ptxas info    : 23 bytes gmem
  ptxas info    : Compiling entry function '_ZN2sg5fused4sm9016fused_megakernelILNS1_7ModelIdE2ELNS1_5OptIdE7ELNS1_8FuseTierE3EEEvNS0_17PersistentContextEPfPKfS7_S7_PKiSB_fiNS1_13FusedOptStateE' for 'sm_90a'
  ptxas info    : Function properties for _ZN2sg5fused4sm9016fused_megakernelILNS1_7ModelIdE2ELNS1_5OptIdE7ELNS1_8FuseTierE3EEEvNS0_17PersistentContextEPfPKfS7_S7_PKiSB_fiNS1_13FusedOptStateE
      0 bytes stack frame, 0 bytes spill stores, 0 bytes spill loads
  ptxas info    : Used 30 registers, 136 bytes smem
  ptxas info    : Compiling entry function '_ZN2sg5fused4sm9016fused_megakernelILNS1_7ModelIdE2ELNS1_5OptIdE7ELNS1_8FuseTierE1EEEvNS0_17PersistentContextEPfPKfS7_S7_PKiSB_fiNS1_13FusedOptStateE' for 'sm_90a'
  ptxas info    : Function properties for _ZN2sg5fused4sm9016fused_megakernelILNS1_7ModelIdE2ELNS1_5OptIdE7ELNS1_8FuseTierE1EEEvNS0_17PersistentContextEPfPKfS7_S7_PKiSB_fiNS1_13FusedOptStateE
      0 bytes stack frame, 0 bytes spill stores, 0 bytes spill loads
  ptxas info    : Used 26 registers, 4 bytes smem
  ptxas info    : Compiling entry function '_ZN3cub17CUB_200302_900_NS11EmptyKernelIvEEvv' for 'sm_90a'
  ptxas info    : Function properties for _ZN3cub17CUB_200302_900_NS11EmptyKernelIvEEvv
      0 bytes stack frame, 0 bytes spill stores, 0 bytes spill loads
  ptxas info    : Used 4 registers
  /workspace/SuperGrok1.5/./csrc/algorithms/muon.h(76): warning #737-D: using-declaration ignored -- it refers to the current namespace
    using sg::algorithms::adamw_step;
          ^

  Remark: The warnings can be suppressed with "-diag-suppress <warning-number>"

  [8/56] /usr/local/sccache-shim/nvcc --generate-dependencies-with-compile --dependency-output /dev/shm/tmp/tmp9icn1kre.build-temp/csrc/fused/sm_90/mega_transformer_decoder_supergrok11.o.d -DWITH_CUDA -DWITH_CUTLASS -I/workspace/SuperGrok1.5/. -I/workspace/SuperGrok1.5/csrc/bindings -I/workspace/SuperGrok1.5/csrc -I/workspace/SuperGrok1.5/third_party/cutlass/include -I/workspace/SuperGrok1.5/third_party/cutlass/tools/util/include -I/usr/local/lib/python3.11/dist-packages/torch/include -I/usr/local/lib/python3.11/dist-packages/torch/include/torch/csrc/api/include -I/usr/local/lib/python3.11/dist-packages/torch/include/TH -I/usr/local/lib/python3.11/dist-packages/torch/include/THC -I/usr/local/cuda/include -I/usr/include/python3.11 -c -c /workspace/SuperGrok1.5/csrc/fused/sm_90/mega_transformer_decoder_supergrok11.cu -o /dev/shm/tmp/tmp9icn1kre.build-temp/csrc/fused/sm_90/mega_transformer_decoder_supergrok11.o -D__CUDA_NO_HALF_OPERATORS__ -D__CUDA_NO_HALF_CONVERSIONS__ -D__CUDA_NO_BFLOAT16_CONVERSIONS__ -D__CUDA_NO_HALF2_OPERATORS__ --expt-relaxed-constexpr --compiler-options ''"'"'-fPIC'"'"'' -O3 -std=c++17 -DWITH_CUDA --expt-relaxed-constexpr -Xfatbin -compress-all -Xptxas --opt-level=3 -Xptxas -v -Xptxas --warn-on-spills --extra-device-vectorization -Xcompiler -fPIC -Xcompiler -fno-strict-aliasing -Xnvlink --suppress-stack-size-warning --resource-usage --default-stream per-thread --use_fast_math -DNDEBUG -lineinfo -gencode=arch=compute_90a,code=sm_90a -gencode=arch=compute_90,code=compute_90 -DWITH_CUTLASS -DCUTLASS_NVCC_ARCHS=90a -DTORCH_API_INCLUDE_EXTENSION_H '-DPYBIND11_COMPILER_TYPE="_gcc"' '-DPYBIND11_STDLIB="_libstdcpp"' '-DPYBIND11_BUILD_ABI="_cxxabi1011"' -DTORCH_EXTENSION_NAME=_ops -D_GLIBCXX_USE_CXX11_ABI=0
  /workspace/SuperGrok1.5/./csrc/algorithms/muon.h(76): warning #737-D: using-declaration ignored -- it refers to the current namespace
    using sg::algorithms::adamw_step;
          ^

  Remark: The warnings can be suppressed with "-diag-suppress <warning-number>"

  /workspace/SuperGrok1.5/./csrc/algorithms/muon.h(76): warning #737-D: using-declaration ignored -- it refers to the current namespace
    using sg::algorithms::adamw_step;
          ^

  Remark: The warnings can be suppressed with "-diag-suppress <warning-number>"

  ptxas info    : (C7508) Potential Performance Loss: 'setmaxnreg' ignored; unable to determine register count at entry.
  ptxas info    : (C7508) Potential Performance Loss: 'setmaxnreg' ignored; unable to determine register count at entry.
  ptxas info    : 23 bytes gmem
  ptxas info    : Compiling entry function '_ZN2sg5fused4sm9016fused_megakernelILNS1_7ModelIdE0ELNS1_5OptIdE8ELNS1_8FuseTierE3EEEvNS0_17PersistentContextEPfPKfS7_S7_PKiSB_fiNS1_13FusedOptStateE' for 'sm_90a'
  ptxas info    : Function properties for _ZN2sg5fused4sm9016fused_megakernelILNS1_7ModelIdE0ELNS1_5OptIdE8ELNS1_8FuseTierE3EEEvNS0_17PersistentContextEPfPKfS7_S7_PKiSB_fiNS1_13FusedOptStateE
      0 bytes stack frame, 0 bytes spill stores, 0 bytes spill loads
  ptxas info    : Used 40 registers, 4232 bytes smem
  ptxas info    : Compiling entry function '_ZN2sg5fused4sm9016fused_megakernelILNS1_7ModelIdE0ELNS1_5OptIdE8ELNS1_8FuseTierE1EEEvNS0_17PersistentContextEPfPKfS7_S7_PKiSB_fiNS1_13FusedOptStateE' for 'sm_90a'
  ptxas info    : Function properties for _ZN2sg5fused4sm9016fused_megakernelILNS1_7ModelIdE0ELNS1_5OptIdE8ELNS1_8FuseTierE1EEEvNS0_17PersistentContextEPfPKfS7_S7_PKiSB_fiNS1_13FusedOptStateE
      0 bytes stack frame, 0 bytes spill stores, 0 bytes spill loads
  ptxas info    : Used 32 registers, 4 bytes smem
  ptxas info    : Compiling entry function '_ZN3cub17CUB_200302_900_NS11EmptyKernelIvEEvv' for 'sm_90a'
  ptxas info    : Function properties for _ZN3cub17CUB_200302_900_NS11EmptyKernelIvEEvv
      0 bytes stack frame, 0 bytes spill stores, 0 bytes spill loads
  ptxas info    : Used 4 registers
  /workspace/SuperGrok1.5/./csrc/algorithms/muon.h(76): warning #737-D: using-declaration ignored -- it refers to the current namespace
    using sg::algorithms::adamw_step;
          ^

  Remark: The warnings can be suppressed with "-diag-suppress <warning-number>"

  [9/56] /usr/local/sccache-shim/nvcc --generate-dependencies-with-compile --dependency-output /dev/shm/tmp/tmp9icn1kre.build-temp/csrc/fused/sm_90/mega_vit_neuralgrok.o.d -DWITH_CUDA -DWITH_CUTLASS -I/workspace/SuperGrok1.5/. -I/workspace/SuperGrok1.5/csrc/bindings -I/workspace/SuperGrok1.5/csrc -I/workspace/SuperGrok1.5/third_party/cutlass/include -I/workspace/SuperGrok1.5/third_party/cutlass/tools/util/include -I/usr/local/lib/python3.11/dist-packages/torch/include -I/usr/local/lib/python3.11/dist-packages/torch/include/torch/csrc/api/include -I/usr/local/lib/python3.11/dist-packages/torch/include/TH -I/usr/local/lib/python3.11/dist-packages/torch/include/THC -I/usr/local/cuda/include -I/usr/include/python3.11 -c -c /workspace/SuperGrok1.5/csrc/fused/sm_90/mega_vit_neuralgrok.cu -o /dev/shm/tmp/tmp9icn1kre.build-temp/csrc/fused/sm_90/mega_vit_neuralgrok.o -D__CUDA_NO_HALF_OPERATORS__ -D__CUDA_NO_HALF_CONVERSIONS__ -D__CUDA_NO_BFLOAT16_CONVERSIONS__ -D__CUDA_NO_HALF2_OPERATORS__ --expt-relaxed-constexpr --compiler-options ''"'"'-fPIC'"'"'' -O3 -std=c++17 -DWITH_CUDA --expt-relaxed-constexpr -Xfatbin -compress-all -Xptxas --opt-level=3 -Xptxas -v -Xptxas --warn-on-spills --extra-device-vectorization -Xcompiler -fPIC -Xcompiler -fno-strict-aliasing -Xnvlink --suppress-stack-size-warning --resource-usage --default-stream per-thread --use_fast_math -DNDEBUG -lineinfo -gencode=arch=compute_90a,code=sm_90a -gencode=arch=compute_90,code=compute_90 -DWITH_CUTLASS -DCUTLASS_NVCC_ARCHS=90a -DTORCH_API_INCLUDE_EXTENSION_H '-DPYBIND11_COMPILER_TYPE="_gcc"' '-DPYBIND11_STDLIB="_libstdcpp"' '-DPYBIND11_BUILD_ABI="_cxxabi1011"' -DTORCH_EXTENSION_NAME=_ops -D_GLIBCXX_USE_CXX11_ABI=0
  /workspace/SuperGrok1.5/./csrc/algorithms/muon.h(76): warning #737-D: using-declaration ignored -- it refers to the current namespace
    using sg::algorithms::adamw_step;
          ^

  Remark: The warnings can be suppressed with "-diag-suppress <warning-number>"

  /workspace/SuperGrok1.5/./csrc/algorithms/muon.h(76): warning #737-D: using-declaration ignored -- it refers to the current namespace
    using sg::algorithms::adamw_step;
          ^

  Remark: The warnings can be suppressed with "-diag-suppress <warning-number>"

  ptxas info    : (C7508) Potential Performance Loss: 'setmaxnreg' ignored; unable to determine register count at entry.
  ptxas info    : (C7508) Potential Performance Loss: 'setmaxnreg' ignored; unable to determine register count at entry.
  ptxas info    : 23 bytes gmem
  ptxas info    : Compiling entry function '_ZN2sg5fused4sm9016fused_megakernelILNS1_7ModelIdE1ELNS1_5OptIdE6ELNS1_8FuseTierE3EEEvNS0_17PersistentContextEPfPKfS7_S7_PKiSB_fiNS1_13FusedOptStateE' for 'sm_90a'
  ptxas info    : Function properties for _ZN2sg5fused4sm9016fused_megakernelILNS1_7ModelIdE1ELNS1_5OptIdE6ELNS1_8FuseTierE3EEEvNS0_17PersistentContextEPfPKfS7_S7_PKiSB_fiNS1_13FusedOptStateE
      0 bytes stack frame, 0 bytes spill stores, 0 bytes spill loads
  ptxas info    : Used 40 registers, 4232 bytes smem
  ptxas info    : Compiling entry function '_ZN2sg5fused4sm9016fused_megakernelILNS1_7ModelIdE1ELNS1_5OptIdE6ELNS1_8FuseTierE1EEEvNS0_17PersistentContextEPfPKfS7_S7_PKiSB_fiNS1_13FusedOptStateE' for 'sm_90a'
  ptxas info    : Function properties for _ZN2sg5fused4sm9016fused_megakernelILNS1_7ModelIdE1ELNS1_5OptIdE6ELNS1_8FuseTierE1EEEvNS0_17PersistentContextEPfPKfS7_S7_PKiSB_fiNS1_13FusedOptStateE
      0 bytes stack frame, 0 bytes spill stores, 0 bytes spill loads
  ptxas info    : Used 40 registers, 4 bytes smem
  ptxas info    : Compiling entry function '_ZN3cub17CUB_200302_900_NS11EmptyKernelIvEEvv' for 'sm_90a'
  ptxas info    : Function properties for _ZN3cub17CUB_200302_900_NS11EmptyKernelIvEEvv
      0 bytes stack frame, 0 bytes spill stores, 0 bytes spill loads
  ptxas info    : Used 4 registers
  /workspace/SuperGrok1.5/./csrc/algorithms/muon.h(76): warning #737-D: using-declaration ignored -- it refers to the current namespace
    using sg::algorithms::adamw_step;
          ^

  Remark: The warnings can be suppressed with "-diag-suppress <warning-number>"

  [10/56] /usr/local/sccache-shim/nvcc --generate-dependencies-with-compile --dependency-output /dev/shm/tmp/tmp9icn1kre.build-temp/csrc/backends/cuda/sm_90/launch_muon.o.d -DWITH_CUDA -DWITH_CUTLASS -I/workspace/SuperGrok1.5/. -I/workspace/SuperGrok1.5/csrc/bindings -I/workspace/SuperGrok1.5/csrc -I/workspace/SuperGrok1.5/third_party/cutlass/include -I/workspace/SuperGrok1.5/third_party/cutlass/tools/util/include -I/usr/local/lib/python3.11/dist-packages/torch/include -I/usr/local/lib/python3.11/dist-packages/torch/include/torch/csrc/api/include -I/usr/local/lib/python3.11/dist-packages/torch/include/TH -I/usr/local/lib/python3.11/dist-packages/torch/include/THC -I/usr/local/cuda/include -I/usr/include/python3.11 -c -c /workspace/SuperGrok1.5/csrc/backends/cuda/sm_90/launch_muon.cu -o /dev/shm/tmp/tmp9icn1kre.build-temp/csrc/backends/cuda/sm_90/launch_muon.o -D__CUDA_NO_HALF_OPERATORS__ -D__CUDA_NO_HALF_CONVERSIONS__ -D__CUDA_NO_BFLOAT16_CONVERSIONS__ -D__CUDA_NO_HALF2_OPERATORS__ --expt-relaxed-constexpr --compiler-options ''"'"'-fPIC'"'"'' -O3 -std=c++17 -DWITH_CUDA --expt-relaxed-constexpr -Xfatbin -compress-all -Xptxas --opt-level=3 -Xptxas -v -Xptxas --warn-on-spills --extra-device-vectorization -Xcompiler -fPIC -Xcompiler -fno-strict-aliasing -Xnvlink --suppress-stack-size-warning --resource-usage --default-stream per-thread --use_fast_math -DNDEBUG -lineinfo -gencode=arch=compute_90a,code=sm_90a -gencode=arch=compute_90,code=compute_90 -DWITH_CUTLASS -DCUTLASS_NVCC_ARCHS=90a -DTORCH_API_INCLUDE_EXTENSION_H '-DPYBIND11_COMPILER_TYPE="_gcc"' '-DPYBIND11_STDLIB="_libstdcpp"' '-DPYBIND11_BUILD_ABI="_cxxabi1011"' -DTORCH_EXTENSION_NAME=_ops -D_GLIBCXX_USE_CXX11_ABI=0
  /workspace/SuperGrok1.5/./csrc/algorithms/muon.h(76): warning #737-D: using-declaration ignored -- it refers to the current namespace
    using sg::algorithms::adamw_step;
          ^

  Remark: The warnings can be suppressed with "-diag-suppress <warning-number>"

  /workspace/SuperGrok1.5/./csrc/algorithms/muon.h(76): warning #737-D: using-declaration ignored -- it refers to the current namespace
    using sg::algorithms::adamw_step;
          ^

  Remark: The warnings can be suppressed with "-diag-suppress <warning-number>"

  ptxas info    : 23 bytes gmem
  ptxas info    : Compiling entry function '_ZN2sg4sm9029muon_ns_combine_update_kernelIN3c108BFloat16EEEvPT_PKfS7_S7_fffffl' for 'sm_90a'
  ptxas info    : Function properties for _ZN2sg4sm9029muon_ns_combine_update_kernelIN3c108BFloat16EEEvPT_PKfS7_S7_fffffl
      0 bytes stack frame, 0 bytes spill stores, 0 bytes spill loads
  ptxas info    : Used 16 registers
  ptxas info    : Compiling entry function '_ZN2sg4sm9029muon_ns_combine_update_kernelIN3c104HalfEEEvPT_PKfS7_S7_fffffl' for 'sm_90a'
  ptxas info    : Function properties for _ZN2sg4sm9029muon_ns_combine_update_kernelIN3c104HalfEEEvPT_PKfS7_S7_fffffl
      0 bytes stack frame, 0 bytes spill stores, 0 bytes spill loads
  ptxas info    : Used 16 registers
  ptxas info    : Compiling entry function '_ZN2sg4sm9029muon_ns_combine_update_kernelIfEEvPT_PKfS5_S5_fffffl' for 'sm_90a'
  ptxas info    : Function properties for _ZN2sg4sm9029muon_ns_combine_update_kernelIfEEvPT_PKfS5_S5_fffffl
      0 bytes stack frame, 0 bytes spill stores, 0 bytes spill loads
  ptxas info    : Used 28 registers
  ptxas info    : Compiling entry function '_ZN2sg4sm9029muon_ns_combine_update_kernelIdEEvPT_PKfS5_S5_fffffl' for 'sm_90a'
  ptxas info    : Function properties for _ZN2sg4sm9029muon_ns_combine_update_kernelIdEEvPT_PKfS5_S5_fffffl
      0 bytes stack frame, 0 bytes spill stores, 0 bytes spill loads
  ptxas info    : Used 30 registers
  ptxas info    : Compiling entry function '_ZN2sg4sm9018muon_update_kernelIN3c108BFloat16ELi1EEEvPT_PKfffl' for 'sm_90a'
  ptxas info    : Function properties for _ZN2sg4sm9018muon_update_kernelIN3c108BFloat16ELi1EEEvPT_PKfffl
      0 bytes stack frame, 0 bytes spill stores, 0 bytes spill loads
  ptxas info    : Used 12 registers
  ptxas info    : Compiling entry function '_ZN2sg4sm9018muon_update_kernelIN3c104HalfELi1EEEvPT_PKfffl' for 'sm_90a'
  ptxas info    : Function properties for _ZN2sg4sm9018muon_update_kernelIN3c104HalfELi1EEEvPT_PKfffl
      0 bytes stack frame, 0 bytes spill stores, 0 bytes spill loads
  ptxas info    : Used 12 registers
  ptxas info    : Compiling entry function '_ZN2sg4sm9018muon_update_kernelIfLi1EEEvPT_PKfffl' for 'sm_90a'
  ptxas info    : Function properties for _ZN2sg4sm9018muon_update_kernelIfLi1EEEvPT_PKfffl
      0 bytes stack frame, 0 bytes spill stores, 0 bytes spill loads
  ptxas info    : Used 26 registers
  ptxas info    : Compiling entry function '_ZN2sg4sm9018muon_update_kernelIdLi1EEEvPT_PKfffl' for 'sm_90a'
  ptxas info    : Function properties for _ZN2sg4sm9018muon_update_kernelIdLi1EEEvPT_PKfffl
      0 bytes stack frame, 0 bytes spill stores, 0 bytes spill loads
  ptxas info    : Used 24 registers
  ptxas info    : Compiling entry function '_ZN2sg4sm9030muon_momentum_normalize_kernelIN3c108BFloat16ELi1EEEvPfS4_PKT_ffl' for 'sm_90a'
  ptxas info    : Function properties for _ZN2sg4sm9030muon_momentum_normalize_kernelIN3c108BFloat16ELi1EEEvPfS4_PKT_ffl
      0 bytes stack frame, 0 bytes spill stores, 0 bytes spill loads
  ptxas info    : Used 16 registers
  ptxas info    : Compiling entry function '_ZN2sg4sm9030muon_momentum_normalize_kernelIN3c104HalfELi1EEEvPfS4_PKT_ffl' for 'sm_90a'
  ptxas info    : Function properties for _ZN2sg4sm9030muon_momentum_normalize_kernelIN3c104HalfELi1EEEvPfS4_PKT_ffl
      0 bytes stack frame, 0 bytes spill stores, 0 bytes spill loads
  ptxas info    : Used 16 registers
  ptxas info    : Compiling entry function '_ZN2sg4sm9030muon_momentum_normalize_kernelIfLi1EEEvPfS2_PKT_ffl' for 'sm_90a'
  ptxas info    : Function properties for _ZN2sg4sm9030muon_momentum_normalize_kernelIfLi1EEEvPfS2_PKT_ffl
      0 bytes stack frame, 0 bytes spill stores, 0 bytes spill loads
  ptxas info    : Used 26 registers
  ptxas info    : Compiling entry function '_ZN2sg4sm9030muon_momentum_normalize_kernelIdLi1EEEvPfS2_PKT_ffl' for 'sm_90a'
  ptxas info    : Function properties for _ZN2sg4sm9030muon_momentum_normalize_kernelIdLi1EEEvPfS2_PKT_ffl
      0 bytes stack frame, 0 bytes spill stores, 0 bytes spill loads
  ptxas info    : Used 26 registers
  ptxas info    : Compiling entry function '_ZN2sg4sm9028muon_update_kernel_vec4_fp32EP6float4PKS1_ffl' for 'sm_90a'
  ptxas info    : Function properties for _ZN2sg4sm9028muon_update_kernel_vec4_fp32EP6float4PKS1_ffl
      0 bytes stack frame, 0 bytes spill stores, 0 bytes spill loads
  ptxas info    : Used 18 registers
  ptxas info    : Compiling entry function '_ZN2sg4sm9022muon_ns_combine_kernelEPfPKfS3_S3_fffl' for 'sm_90a'
  ptxas info    : Function properties for _ZN2sg4sm9022muon_ns_combine_kernelEPfPKfS3_S3_fffl
      0 bytes stack frame, 0 bytes spill stores, 0 bytes spill loads
  ptxas info    : Used 32 registers
  ptxas info    : Compiling entry function '_ZN2sg4sm9040muon_momentum_normalize_kernel_vec4_fp32EP6float4S2_PKS1_ffl' for 'sm_90a'
  ptxas info    : Function properties for _ZN2sg4sm9040muon_momentum_normalize_kernel_vec4_fp32EP6float4S2_PKS1_ffl
      0 bytes stack frame, 0 bytes spill stores, 0 bytes spill loads
  ptxas info    : Used 22 registers
  ptxas info    : Compiling entry function '_ZN3cub17CUB_200302_900_NS11EmptyKernelIvEEvv' for 'sm_90a'
  ptxas info    : Function properties for _ZN3cub17CUB_200302_900_NS11EmptyKernelIvEEvv
      0 bytes stack frame, 0 bytes spill stores, 0 bytes spill loads
  ptxas info    : Used 4 registers
  /workspace/SuperGrok1.5/./csrc/algorithms/muon.h(76): warning #737-D: using-declaration ignored -- it refers to the current namespace
    using sg::algorithms::adamw_step;
          ^

  Remark: The warnings can be suppressed with "-diag-suppress <warning-number>"

  [11/56] /usr/local/sccache-shim/nvcc --generate-dependencies-with-compile --dependency-output /dev/shm/tmp/tmp9icn1kre.build-temp/csrc/fused/sm_90/mega_mamba3_supergrok2.o.d -DWITH_CUDA -DWITH_CUTLASS -I/workspace/SuperGrok1.5/. -I/workspace/SuperGrok1.5/csrc/bindings -I/workspace/SuperGrok1.5/csrc -I/workspace/SuperGrok1.5/third_party/cutlass/include -I/workspace/SuperGrok1.5/third_party/cutlass/tools/util/include -I/usr/local/lib/python3.11/dist-packages/torch/include -I/usr/local/lib/python3.11/dist-packages/torch/include/torch/csrc/api/include -I/usr/local/lib/python3.11/dist-packages/torch/include/TH -I/usr/local/lib/python3.11/dist-packages/torch/include/THC -I/usr/local/cuda/include -I/usr/include/python3.11 -c -c /workspace/SuperGrok1.5/csrc/fused/sm_90/mega_mamba3_supergrok2.cu -o /dev/shm/tmp/tmp9icn1kre.build-temp/csrc/fused/sm_90/mega_mamba3_supergrok2.o -D__CUDA_NO_HALF_OPERATORS__ -D__CUDA_NO_HALF_CONVERSIONS__ -D__CUDA_NO_BFLOAT16_CONVERSIONS__ -D__CUDA_NO_HALF2_OPERATORS__ --expt-relaxed-constexpr --compiler-options ''"'"'-fPIC'"'"'' -O3 -std=c++17 -DWITH_CUDA --expt-relaxed-constexpr -Xfatbin -compress-all -Xptxas --opt-level=3 -Xptxas -v -Xptxas --warn-on-spills --extra-device-vectorization -Xcompiler -fPIC -Xcompiler -fno-strict-aliasing -Xnvlink --suppress-stack-size-warning --resource-usage --default-stream per-thread --use_fast_math -DNDEBUG -lineinfo -gencode=arch=compute_90a,code=sm_90a -gencode=arch=compute_90,code=compute_90 -DWITH_CUTLASS -DCUTLASS_NVCC_ARCHS=90a -DTORCH_API_INCLUDE_EXTENSION_H '-DPYBIND11_COMPILER_TYPE="_gcc"' '-DPYBIND11_STDLIB="_libstdcpp"' '-DPYBIND11_BUILD_ABI="_cxxabi1011"' -DTORCH_EXTENSION_NAME=_ops -D_GLIBCXX_USE_CXX11_ABI=0
  /workspace/SuperGrok1.5/./csrc/algorithms/muon.h(76): warning #737-D: using-declaration ignored -- it refers to the current namespace
    using sg::algorithms::adamw_step;
          ^

  Remark: The warnings can be suppressed with "-diag-suppress <warning-number>"

  /workspace/SuperGrok1.5/./csrc/algorithms/muon.h(76): warning #737-D: using-declaration ignored -- it refers to the current namespace
    using sg::algorithms::adamw_step;
          ^

  Remark: The warnings can be suppressed with "-diag-suppress <warning-number>"

  ptxas info    : (C7508) Potential Performance Loss: 'setmaxnreg' ignored; unable to determine register count at entry.
  ptxas info    : (C7508) Potential Performance Loss: 'setmaxnreg' ignored; unable to determine register count at entry.
  ptxas info    : 23 bytes gmem
  ptxas info    : Compiling entry function '_ZN2sg5fused4sm9016fused_megakernelILNS1_7ModelIdE2ELNS1_5OptIdE10ELNS1_8FuseTierE3EEEvNS0_17PersistentContextEPfPKfS7_S7_PKiSB_fiNS1_13FusedOptStateE' for 'sm_90a'
  ptxas info    : Function properties for _ZN2sg5fused4sm9016fused_megakernelILNS1_7ModelIdE2ELNS1_5OptIdE10ELNS1_8FuseTierE3EEEvNS0_17PersistentContextEPfPKfS7_S7_PKiSB_fiNS1_13FusedOptStateE
      0 bytes stack frame, 0 bytes spill stores, 0 bytes spill loads
  ptxas info    : Used 40 registers, 4232 bytes smem
  ptxas info    : Compiling entry function '_ZN2sg5fused4sm9016fused_megakernelILNS1_7ModelIdE2ELNS1_5OptIdE10ELNS1_8FuseTierE1EEEvNS0_17PersistentContextEPfPKfS7_S7_PKiSB_fiNS1_13FusedOptStateE' for 'sm_90a'
  ptxas info    : Function properties for _ZN2sg5fused4sm9016fused_megakernelILNS1_7ModelIdE2ELNS1_5OptIdE10ELNS1_8FuseTierE1EEEvNS0_17PersistentContextEPfPKfS7_S7_PKiSB_fiNS1_13FusedOptStateE
      0 bytes stack frame, 0 bytes spill stores, 0 bytes spill loads
  ptxas info    : Used 32 registers, 4 bytes smem
  ptxas info    : Compiling entry function '_ZN3cub17CUB_200302_900_NS11EmptyKernelIvEEvv' for 'sm_90a'
  ptxas info    : Function properties for _ZN3cub17CUB_200302_900_NS11EmptyKernelIvEEvv
      0 bytes stack frame, 0 bytes spill stores, 0 bytes spill loads
  ptxas info    : Used 4 registers
  /workspace/SuperGrok1.5/./csrc/algorithms/muon.h(76): warning #737-D: using-declaration ignored -- it refers to the current namespace
    using sg::algorithms::adamw_step;
          ^

  Remark: The warnings can be suppressed with "-diag-suppress <warning-number>"

  [12/56] /usr/local/sccache-shim/nvcc --generate-dependencies-with-compile --dependency-output /dev/shm/tmp/tmp9icn1kre.build-temp/csrc/backends/cuda/sm_90/launch_grokfast.o.d -DWITH_CUDA -DWITH_CUTLASS -I/workspace/SuperGrok1.5/. -I/workspace/SuperGrok1.5/csrc/bindings -I/workspace/SuperGrok1.5/csrc -I/workspace/SuperGrok1.5/third_party/cutlass/include -I/workspace/SuperGrok1.5/third_party/cutlass/tools/util/include -I/usr/local/lib/python3.11/dist-packages/torch/include -I/usr/local/lib/python3.11/dist-packages/torch/include/torch/csrc/api/include -I/usr/local/lib/python3.11/dist-packages/torch/include/TH -I/usr/local/lib/python3.11/dist-packages/torch/include/THC -I/usr/local/cuda/include -I/usr/include/python3.11 -c -c /workspace/SuperGrok1.5/csrc/backends/cuda/sm_90/launch_grokfast.cu -o /dev/shm/tmp/tmp9icn1kre.build-temp/csrc/backends/cuda/sm_90/launch_grokfast.o -D__CUDA_NO_HALF_OPERATORS__ -D__CUDA_NO_HALF_CONVERSIONS__ -D__CUDA_NO_BFLOAT16_CONVERSIONS__ -D__CUDA_NO_HALF2_OPERATORS__ --expt-relaxed-constexpr --compiler-options ''"'"'-fPIC'"'"'' -O3 -std=c++17 -DWITH_CUDA --expt-relaxed-constexpr -Xfatbin -compress-all -Xptxas --opt-level=3 -Xptxas -v -Xptxas --warn-on-spills --extra-device-vectorization -Xcompiler -fPIC -Xcompiler -fno-strict-aliasing -Xnvlink --suppress-stack-size-warning --resource-usage --default-stream per-thread --use_fast_math -DNDEBUG -lineinfo -gencode=arch=compute_90a,code=sm_90a -gencode=arch=compute_90,code=compute_90 -DWITH_CUTLASS -DCUTLASS_NVCC_ARCHS=90a -DTORCH_API_INCLUDE_EXTENSION_H '-DPYBIND11_COMPILER_TYPE="_gcc"' '-DPYBIND11_STDLIB="_libstdcpp"' '-DPYBIND11_BUILD_ABI="_cxxabi1011"' -DTORCH_EXTENSION_NAME=_ops -D_GLIBCXX_USE_CXX11_ABI=0
  ptxas info    : 23 bytes gmem
  ptxas info    : Compiling entry function '_ZN2sg4sm9019grokfast_ema_kernelEPfS1_ffl' for 'sm_90a'
  ptxas info    : Function properties for _ZN2sg4sm9019grokfast_ema_kernelEPfS1_ffl
      0 bytes stack frame, 0 bytes spill stores, 0 bytes spill loads
  ptxas info    : Used 26 registers
  ptxas info    : Compiling entry function '_ZN2sg4sm9015grokfast_kernelIN3c108BFloat16ES3_Li1EEEvPT_PfS6_S6_PKT0_fffffffffl' for 'sm_90a'
  ptxas info    : Function properties for _ZN2sg4sm9015grokfast_kernelIN3c108BFloat16ES3_Li1EEEvPT_PfS6_S6_PKT0_fffffffffl
      0 bytes stack frame, 0 bytes spill stores, 0 bytes spill loads
  ptxas info    : Used 26 registers
  ptxas info    : Compiling entry function '_ZN2sg4sm9015grokfast_kernelIN3c104HalfES3_Li1EEEvPT_PfS6_S6_PKT0_fffffffffl' for 'sm_90a'
  ptxas info    : Function properties for _ZN2sg4sm9015grokfast_kernelIN3c104HalfES3_Li1EEEvPT_PfS6_S6_PKT0_fffffffffl
      0 bytes stack frame, 0 bytes spill stores, 0 bytes spill loads
  ptxas info    : Used 26 registers
  ptxas info    : Compiling entry function '_ZN2sg4sm9015grokfast_kernelIffLi1EEEvPT_PfS4_S4_PKT0_fffffffffl' for 'sm_90a'
  ptxas info    : Function properties for _ZN2sg4sm9015grokfast_kernelIffLi1EEEvPT_PfS4_S4_PKT0_fffffffffl
      0 bytes stack frame, 0 bytes spill stores, 0 bytes spill loads
  ptxas info    : Used 40 registers
  ptxas info    : Compiling entry function '_ZN2sg4sm9015grokfast_kernelIddLi1EEEvPT_PfS4_S4_PKT0_fffffffffl' for 'sm_90a'
  ptxas info    : Function properties for _ZN2sg4sm9015grokfast_kernelIddLi1EEEvPT_PfS4_S4_PKT0_fffffffffl
      0 bytes stack frame, 0 bytes spill stores, 0 bytes spill loads
  ptxas info    : Used 44 registers
  ptxas info    : Compiling entry function '_ZN2sg4sm9025grokfast_kernel_vec4_fp32EP6float4S2_S2_S2_PKS1_fffffffffl' for 'sm_90a'
  ptxas info    : Function properties for _ZN2sg4sm9025grokfast_kernel_vec4_fp32EP6float4S2_S2_S2_PKS1_fffffffffl
      0 bytes stack frame, 0 bytes spill stores, 0 bytes spill loads
  ptxas info    : Used 48 registers
  ptxas info    : Compiling entry function '_ZN3cub17CUB_200302_900_NS11EmptyKernelIvEEvv' for 'sm_90a'
  ptxas info    : Function properties for _ZN3cub17CUB_200302_900_NS11EmptyKernelIvEEvv
      0 bytes stack frame, 0 bytes spill stores, 0 bytes spill loads
  ptxas info    : Used 4 registers
  [13/56] /usr/local/sccache-shim/nvcc --generate-dependencies-with-compile --dependency-output /dev/shm/tmp/tmp9icn1kre.build-temp/csrc/fused/sm_90/mega_vit_looksam.o.d -DWITH_CUDA -DWITH_CUTLASS -I/workspace/SuperGrok1.5/. -I/workspace/SuperGrok1.5/csrc/bindings -I/workspace/SuperGrok1.5/csrc -I/workspace/SuperGrok1.5/third_party/cutlass/include -I/workspace/SuperGrok1.5/third_party/cutlass/tools/util/include -I/usr/local/lib/python3.11/dist-packages/torch/include -I/usr/local/lib/python3.11/dist-packages/torch/include/torch/csrc/api/include -I/usr/local/lib/python3.11/dist-packages/torch/include/TH -I/usr/local/lib/python3.11/dist-packages/torch/include/THC -I/usr/local/cuda/include -I/usr/include/python3.11 -c -c /workspace/SuperGrok1.5/csrc/fused/sm_90/mega_vit_looksam.cu -o /dev/shm/tmp/tmp9icn1kre.build-temp/csrc/fused/sm_90/mega_vit_looksam.o -D__CUDA_NO_HALF_OPERATORS__ -D__CUDA_NO_HALF_CONVERSIONS__ -D__CUDA_NO_BFLOAT16_CONVERSIONS__ -D__CUDA_NO_HALF2_OPERATORS__ --expt-relaxed-constexpr --compiler-options ''"'"'-fPIC'"'"'' -O3 -std=c++17 -DWITH_CUDA --expt-relaxed-constexpr -Xfatbin -compress-all -Xptxas --opt-level=3 -Xptxas -v -Xptxas --warn-on-spills --extra-device-vectorization -Xcompiler -fPIC -Xcompiler -fno-strict-aliasing -Xnvlink --suppress-stack-size-warning --resource-usage --default-stream per-thread --use_fast_math -DNDEBUG -lineinfo -gencode=arch=compute_90a,code=sm_90a -gencode=arch=compute_90,code=compute_90 -DWITH_CUTLASS -DCUTLASS_NVCC_ARCHS=90a -DTORCH_API_INCLUDE_EXTENSION_H '-DPYBIND11_COMPILER_TYPE="_gcc"' '-DPYBIND11_STDLIB="_libstdcpp"' '-DPYBIND11_BUILD_ABI="_cxxabi1011"' -DTORCH_EXTENSION_NAME=_ops -D_GLIBCXX_USE_CXX11_ABI=0
  /workspace/SuperGrok1.5/./csrc/algorithms/muon.h(76): warning #737-D: using-declaration ignored -- it refers to the current namespace
    using sg::algorithms::adamw_step;
          ^

  Remark: The warnings can be suppressed with "-diag-suppress <warning-number>"

  /workspace/SuperGrok1.5/./csrc/algorithms/muon.h(76): warning #737-D: using-declaration ignored -- it refers to the current namespace
    using sg::algorithms::adamw_step;
          ^

  Remark: The warnings can be suppressed with "-diag-suppress <warning-number>"

  ptxas info    : (C7508) Potential Performance Loss: 'setmaxnreg' ignored; unable to determine register count at entry.
  ptxas info    : (C7508) Potential Performance Loss: 'setmaxnreg' ignored; unable to determine register count at entry.
  ptxas info    : 23 bytes gmem
  ptxas info    : Compiling entry function '_ZN2sg5fused4sm9016fused_megakernelILNS1_7ModelIdE1ELNS1_5OptIdE4ELNS1_8FuseTierE3EEEvNS0_17PersistentContextEPfPKfS7_S7_PKiSB_fiNS1_13FusedOptStateE' for 'sm_90a'
  ptxas info    : Function properties for _ZN2sg5fused4sm9016fused_megakernelILNS1_7ModelIdE1ELNS1_5OptIdE4ELNS1_8FuseTierE3EEEvNS0_17PersistentContextEPfPKfS7_S7_PKiSB_fiNS1_13FusedOptStateE
      0 bytes stack frame, 0 bytes spill stores, 0 bytes spill loads
  ptxas info    : Used 40 registers, 4232 bytes smem
  ptxas info    : Compiling entry function '_ZN2sg5fused4sm9016fused_megakernelILNS1_7ModelIdE1ELNS1_5OptIdE4ELNS1_8FuseTierE1EEEvNS0_17PersistentContextEPfPKfS7_S7_PKiSB_fiNS1_13FusedOptStateE' for 'sm_90a'
  ptxas info    : Function properties for _ZN2sg5fused4sm9016fused_megakernelILNS1_7ModelIdE1ELNS1_5OptIdE4ELNS1_8FuseTierE1EEEvNS0_17PersistentContextEPfPKfS7_S7_PKiSB_fiNS1_13FusedOptStateE
      0 bytes stack frame, 0 bytes spill stores, 0 bytes spill loads
  ptxas info    : Used 32 registers, 4 bytes smem
  ptxas info    : Compiling entry function '_ZN3cub17CUB_200302_900_NS11EmptyKernelIvEEvv' for 'sm_90a'
  ptxas info    : Function properties for _ZN3cub17CUB_200302_900_NS11EmptyKernelIvEEvv
      0 bytes stack frame, 0 bytes spill stores, 0 bytes spill loads
  ptxas info    : Used 4 registers
  /workspace/SuperGrok1.5/./csrc/algorithms/muon.h(76): warning #737-D: using-declaration ignored -- it refers to the current namespace
    using sg::algorithms::adamw_step;
          ^

  Remark: The warnings can be suppressed with "-diag-suppress <warning-number>"

  [14/56] /usr/local/sccache-shim/nvcc --generate-dependencies-with-compile --dependency-output /dev/shm/tmp/tmp9icn1kre.build-temp/csrc/fused/sm_90/mega_mamba3_supergrok15.o.d -DWITH_CUDA -DWITH_CUTLASS -I/workspace/SuperGrok1.5/. -I/workspace/SuperGrok1.5/csrc/bindings -I/workspace/SuperGrok1.5/csrc -I/workspace/SuperGrok1.5/third_party/cutlass/include -I/workspace/SuperGrok1.5/third_party/cutlass/tools/util/include -I/usr/local/lib/python3.11/dist-packages/torch/include -I/usr/local/lib/python3.11/dist-packages/torch/include/torch/csrc/api/include -I/usr/local/lib/python3.11/dist-packages/torch/include/TH -I/usr/local/lib/python3.11/dist-packages/torch/include/THC -I/usr/local/cuda/include -I/usr/include/python3.11 -c -c /workspace/SuperGrok1.5/csrc/fused/sm_90/mega_mamba3_supergrok15.cu -o /dev/shm/tmp/tmp9icn1kre.build-temp/csrc/fused/sm_90/mega_mamba3_supergrok15.o -D__CUDA_NO_HALF_OPERATORS__ -D__CUDA_NO_HALF_CONVERSIONS__ -D__CUDA_NO_BFLOAT16_CONVERSIONS__ -D__CUDA_NO_HALF2_OPERATORS__ --expt-relaxed-constexpr --compiler-options ''"'"'-fPIC'"'"'' -O3 -std=c++17 -DWITH_CUDA --expt-relaxed-constexpr -Xfatbin -compress-all -Xptxas --opt-level=3 -Xptxas -v -Xptxas --warn-on-spills --extra-device-vectorization -Xcompiler -fPIC -Xcompiler -fno-strict-aliasing -Xnvlink --suppress-stack-size-warning --resource-usage --default-stream per-thread --use_fast_math -DNDEBUG -lineinfo -gencode=arch=compute_90a,code=sm_90a -gencode=arch=compute_90,code=compute_90 -DWITH_CUTLASS -DCUTLASS_NVCC_ARCHS=90a -DTORCH_API_INCLUDE_EXTENSION_H '-DPYBIND11_COMPILER_TYPE="_gcc"' '-DPYBIND11_STDLIB="_libstdcpp"' '-DPYBIND11_BUILD_ABI="_cxxabi1011"' -DTORCH_EXTENSION_NAME=_ops -D_GLIBCXX_USE_CXX11_ABI=0
  /workspace/SuperGrok1.5/./csrc/algorithms/muon.h(76): warning #737-D: using-declaration ignored -- it refers to the current namespace
    using sg::algorithms::adamw_step;
          ^

  Remark: The warnings can be suppressed with "-diag-suppress <warning-number>"

  /workspace/SuperGrok1.5/./csrc/algorithms/muon.h(76): warning #737-D: using-declaration ignored -- it refers to the current namespace
    using sg::algorithms::adamw_step;
          ^

  Remark: The warnings can be suppressed with "-diag-suppress <warning-number>"

  ptxas info    : (C7508) Potential Performance Loss: 'setmaxnreg' ignored; unable to determine register count at entry.
  ptxas info    : (C7508) Potential Performance Loss: 'setmaxnreg' ignored; unable to determine register count at entry.
  ptxas info    : 23 bytes gmem
  ptxas info    : Compiling entry function '_ZN2sg5fused4sm9016fused_megakernelILNS1_7ModelIdE2ELNS1_5OptIdE9ELNS1_8FuseTierE3EEEvNS0_17PersistentContextEPfPKfS7_S7_PKiSB_fiNS1_13FusedOptStateE' for 'sm_90a'
  ptxas info    : Function properties for _ZN2sg5fused4sm9016fused_megakernelILNS1_7ModelIdE2ELNS1_5OptIdE9ELNS1_8FuseTierE3EEEvNS0_17PersistentContextEPfPKfS7_S7_PKiSB_fiNS1_13FusedOptStateE
      0 bytes stack frame, 0 bytes spill stores, 0 bytes spill loads
  ptxas info    : Used 32 registers, 4232 bytes smem
  ptxas info    : Compiling entry function '_ZN2sg5fused4sm9016fused_megakernelILNS1_7ModelIdE2ELNS1_5OptIdE9ELNS1_8FuseTierE1EEEvNS0_17PersistentContextEPfPKfS7_S7_PKiSB_fiNS1_13FusedOptStateE' for 'sm_90a'
  ptxas info    : Function properties for _ZN2sg5fused4sm9016fused_megakernelILNS1_7ModelIdE2ELNS1_5OptIdE9ELNS1_8FuseTierE1EEEvNS0_17PersistentContextEPfPKfS7_S7_PKiSB_fiNS1_13FusedOptStateE
      0 bytes stack frame, 0 bytes spill stores, 0 bytes spill loads
  ptxas info    : Used 30 registers, 4 bytes smem
  ptxas info    : Compiling entry function '_ZN3cub17CUB_200302_900_NS11EmptyKernelIvEEvv' for 'sm_90a'
  ptxas info    : Function properties for _ZN3cub17CUB_200302_900_NS11EmptyKernelIvEEvv
      0 bytes stack frame, 0 bytes spill stores, 0 bytes spill loads
  ptxas info    : Used 4 registers
  /workspace/SuperGrok1.5/./csrc/algorithms/muon.h(76): warning #737-D: using-declaration ignored -- it refers to the current namespace
    using sg::algorithms::adamw_step;
          ^

  Remark: The warnings can be suppressed with "-diag-suppress <warning-number>"

  [15/56] /usr/local/sccache-shim/nvcc --generate-dependencies-with-compile --dependency-output /dev/shm/tmp/tmp9icn1kre.build-temp/csrc/fused/sm_90/mega_mamba3_supergrok11.o.d -DWITH_CUDA -DWITH_CUTLASS -I/workspace/SuperGrok1.5/. -I/workspace/SuperGrok1.5/csrc/bindings -I/workspace/SuperGrok1.5/csrc -I/workspace/SuperGrok1.5/third_party/cutlass/include -I/workspace/SuperGrok1.5/third_party/cutlass/tools/util/include -I/usr/local/lib/python3.11/dist-packages/torch/include -I/usr/local/lib/python3.11/dist-packages/torch/include/torch/csrc/api/include -I/usr/local/lib/python3.11/dist-packages/torch/include/TH -I/usr/local/lib/python3.11/dist-packages/torch/include/THC -I/usr/local/cuda/include -I/usr/include/python3.11 -c -c /workspace/SuperGrok1.5/csrc/fused/sm_90/mega_mamba3_supergrok11.cu -o /dev/shm/tmp/tmp9icn1kre.build-temp/csrc/fused/sm_90/mega_mamba3_supergrok11.o -D__CUDA_NO_HALF_OPERATORS__ -D__CUDA_NO_HALF_CONVERSIONS__ -D__CUDA_NO_BFLOAT16_CONVERSIONS__ -D__CUDA_NO_HALF2_OPERATORS__ --expt-relaxed-constexpr --compiler-options ''"'"'-fPIC'"'"'' -O3 -std=c++17 -DWITH_CUDA --expt-relaxed-constexpr -Xfatbin -compress-all -Xptxas --opt-level=3 -Xptxas -v -Xptxas --warn-on-spills --extra-device-vectorization -Xcompiler -fPIC -Xcompiler -fno-strict-aliasing -Xnvlink --suppress-stack-size-warning --resource-usage --default-stream per-thread --use_fast_math -DNDEBUG -lineinfo -gencode=arch=compute_90a,code=sm_90a -gencode=arch=compute_90,code=compute_90 -DWITH_CUTLASS -DCUTLASS_NVCC_ARCHS=90a -DTORCH_API_INCLUDE_EXTENSION_H '-DPYBIND11_COMPILER_TYPE="_gcc"' '-DPYBIND11_STDLIB="_libstdcpp"' '-DPYBIND11_BUILD_ABI="_cxxabi1011"' -DTORCH_EXTENSION_NAME=_ops -D_GLIBCXX_USE_CXX11_ABI=0
  /workspace/SuperGrok1.5/./csrc/algorithms/muon.h(76): warning #737-D: using-declaration ignored -- it refers to the current namespace
    using sg::algorithms::adamw_step;
          ^

  Remark: The warnings can be suppressed with "-diag-suppress <warning-number>"

  /workspace/SuperGrok1.5/./csrc/algorithms/muon.h(76): warning #737-D: using-declaration ignored -- it refers to the current namespace
    using sg::algorithms::adamw_step;
          ^

  Remark: The warnings can be suppressed with "-diag-suppress <warning-number>"

  ptxas info    : (C7508) Potential Performance Loss: 'setmaxnreg' ignored; unable to determine register count at entry.
  ptxas info    : (C7508) Potential Performance Loss: 'setmaxnreg' ignored; unable to determine register count at entry.
  ptxas info    : 23 bytes gmem
  ptxas info    : Compiling entry function '_ZN2sg5fused4sm9016fused_megakernelILNS1_7ModelIdE2ELNS1_5OptIdE8ELNS1_8FuseTierE3EEEvNS0_17PersistentContextEPfPKfS7_S7_PKiSB_fiNS1_13FusedOptStateE' for 'sm_90a'
  ptxas info    : Function properties for _ZN2sg5fused4sm9016fused_megakernelILNS1_7ModelIdE2ELNS1_5OptIdE8ELNS1_8FuseTierE3EEEvNS0_17PersistentContextEPfPKfS7_S7_PKiSB_fiNS1_13FusedOptStateE
      0 bytes stack frame, 0 bytes spill stores, 0 bytes spill loads
  ptxas info    : Used 40 registers, 4232 bytes smem
  ptxas info    : Compiling entry function '_ZN2sg5fused4sm9016fused_megakernelILNS1_7ModelIdE2ELNS1_5OptIdE8ELNS1_8FuseTierE1EEEvNS0_17PersistentContextEPfPKfS7_S7_PKiSB_fiNS1_13FusedOptStateE' for 'sm_90a'
  ptxas info    : Function properties for _ZN2sg5fused4sm9016fused_megakernelILNS1_7ModelIdE2ELNS1_5OptIdE8ELNS1_8FuseTierE1EEEvNS0_17PersistentContextEPfPKfS7_S7_PKiSB_fiNS1_13FusedOptStateE
      0 bytes stack frame, 0 bytes spill stores, 0 bytes spill loads
  ptxas info    : Used 32 registers, 4 bytes smem
  ptxas info    : Compiling entry function '_ZN3cub17CUB_200302_900_NS11EmptyKernelIvEEvv' for 'sm_90a'
  ptxas info    : Function properties for _ZN3cub17CUB_200302_900_NS11EmptyKernelIvEEvv
      0 bytes stack frame, 0 bytes spill stores, 0 bytes spill loads
  ptxas info    : Used 4 registers
  /workspace/SuperGrok1.5/./csrc/algorithms/muon.h(76): warning #737-D: using-declaration ignored -- it refers to the current namespace
    using sg::algorithms::adamw_step;
          ^

  Remark: The warnings can be suppressed with "-diag-suppress <warning-number>"

  [16/56] /usr/local/sccache-shim/nvcc --generate-dependencies-with-compile --dependency-output /dev/shm/tmp/tmp9icn1kre.build-temp/csrc/fused/sm_90/mega_transformer_decoder_supergrok15.o.d -DWITH_CUDA -DWITH_CUTLASS -I/workspace/SuperGrok1.5/. -I/workspace/SuperGrok1.5/csrc/bindings -I/workspace/SuperGrok1.5/csrc -I/workspace/SuperGrok1.5/third_party/cutlass/include -I/workspace/SuperGrok1.5/third_party/cutlass/tools/util/include -I/usr/local/lib/python3.11/dist-packages/torch/include -I/usr/local/lib/python3.11/dist-packages/torch/include/torch/csrc/api/include -I/usr/local/lib/python3.11/dist-packages/torch/include/TH -I/usr/local/lib/python3.11/dist-packages/torch/include/THC -I/usr/local/cuda/include -I/usr/include/python3.11 -c -c /workspace/SuperGrok1.5/csrc/fused/sm_90/mega_transformer_decoder_supergrok15.cu -o /dev/shm/tmp/tmp9icn1kre.build-temp/csrc/fused/sm_90/mega_transformer_decoder_supergrok15.o -D__CUDA_NO_HALF_OPERATORS__ -D__CUDA_NO_HALF_CONVERSIONS__ -D__CUDA_NO_BFLOAT16_CONVERSIONS__ -D__CUDA_NO_HALF2_OPERATORS__ --expt-relaxed-constexpr --compiler-options ''"'"'-fPIC'"'"'' -O3 -std=c++17 -DWITH_CUDA --expt-relaxed-constexpr -Xfatbin -compress-all -Xptxas --opt-level=3 -Xptxas -v -Xptxas --warn-on-spills --extra-device-vectorization -Xcompiler -fPIC -Xcompiler -fno-strict-aliasing -Xnvlink --suppress-stack-size-warning --resource-usage --default-stream per-thread --use_fast_math -DNDEBUG -lineinfo -gencode=arch=compute_90a,code=sm_90a -gencode=arch=compute_90,code=compute_90 -DWITH_CUTLASS -DCUTLASS_NVCC_ARCHS=90a -DTORCH_API_INCLUDE_EXTENSION_H '-DPYBIND11_COMPILER_TYPE="_gcc"' '-DPYBIND11_STDLIB="_libstdcpp"' '-DPYBIND11_BUILD_ABI="_cxxabi1011"' -DTORCH_EXTENSION_NAME=_ops -D_GLIBCXX_USE_CXX11_ABI=0
  /workspace/SuperGrok1.5/./csrc/algorithms/muon.h(76): warning #737-D: using-declaration ignored -- it refers to the current namespace
    using sg::algorithms::adamw_step;
          ^

  Remark: The warnings can be suppressed with "-diag-suppress <warning-number>"

  /workspace/SuperGrok1.5/./csrc/algorithms/muon.h(76): warning #737-D: using-declaration ignored -- it refers to the current namespace
    using sg::algorithms::adamw_step;
          ^

  Remark: The warnings can be suppressed with "-diag-suppress <warning-number>"

  ptxas info    : (C7508) Potential Performance Loss: 'setmaxnreg' ignored; unable to determine register count at entry.
  ptxas info    : (C7508) Potential Performance Loss: 'setmaxnreg' ignored; unable to determine register count at entry.
  ptxas info    : 23 bytes gmem
  ptxas info    : Compiling entry function '_ZN2sg5fused4sm9016fused_megakernelILNS1_7ModelIdE0ELNS1_5OptIdE9ELNS1_8FuseTierE3EEEvNS0_17PersistentContextEPfPKfS7_S7_PKiSB_fiNS1_13FusedOptStateE' for 'sm_90a'
  ptxas info    : Function properties for _ZN2sg5fused4sm9016fused_megakernelILNS1_7ModelIdE0ELNS1_5OptIdE9ELNS1_8FuseTierE3EEEvNS0_17PersistentContextEPfPKfS7_S7_PKiSB_fiNS1_13FusedOptStateE
      0 bytes stack frame, 0 bytes spill stores, 0 bytes spill loads
  ptxas info    : Used 32 registers, 4232 bytes smem
  ptxas info    : Compiling entry function '_ZN2sg5fused4sm9016fused_megakernelILNS1_7ModelIdE0ELNS1_5OptIdE9ELNS1_8FuseTierE1EEEvNS0_17PersistentContextEPfPKfS7_S7_PKiSB_fiNS1_13FusedOptStateE' for 'sm_90a'
  ptxas info    : Function properties for _ZN2sg5fused4sm9016fused_megakernelILNS1_7ModelIdE0ELNS1_5OptIdE9ELNS1_8FuseTierE1EEEvNS0_17PersistentContextEPfPKfS7_S7_PKiSB_fiNS1_13FusedOptStateE
      0 bytes stack frame, 0 bytes spill stores, 0 bytes spill loads
  ptxas info    : Used 30 registers, 4 bytes smem
  ptxas info    : Compiling entry function '_ZN3cub17CUB_200302_900_NS11EmptyKernelIvEEvv' for 'sm_90a'
  ptxas info    : Function properties for _ZN3cub17CUB_200302_900_NS11EmptyKernelIvEEvv
      0 bytes stack frame, 0 bytes spill stores, 0 bytes spill loads
  ptxas info    : Used 4 registers
  /workspace/SuperGrok1.5/./csrc/algorithms/muon.h(76): warning #737-D: using-declaration ignored -- it refers to the current namespace
    using sg::algorithms::adamw_step;
          ^

  Remark: The warnings can be suppressed with "-diag-suppress <warning-number>"

  [17/56] /usr/local/sccache-shim/nvcc --generate-dependencies-with-compile --dependency-output /dev/shm/tmp/tmp9icn1kre.build-temp/csrc/fused/sm_90/mega_vit_prodigy.o.d -DWITH_CUDA -DWITH_CUTLASS -I/workspace/SuperGrok1.5/. -I/workspace/SuperGrok1.5/csrc/bindings -I/workspace/SuperGrok1.5/csrc -I/workspace/SuperGrok1.5/third_party/cutlass/include -I/workspace/SuperGrok1.5/third_party/cutlass/tools/util/include -I/usr/local/lib/python3.11/dist-packages/torch/include -I/usr/local/lib/python3.11/dist-packages/torch/include/torch/csrc/api/include -I/usr/local/lib/python3.11/dist-packages/torch/include/TH -I/usr/local/lib/python3.11/dist-packages/torch/include/THC -I/usr/local/cuda/include -I/usr/include/python3.11 -c -c /workspace/SuperGrok1.5/csrc/fused/sm_90/mega_vit_prodigy.cu -o /dev/shm/tmp/tmp9icn1kre.build-temp/csrc/fused/sm_90/mega_vit_prodigy.o -D__CUDA_NO_HALF_OPERATORS__ -D__CUDA_NO_HALF_CONVERSIONS__ -D__CUDA_NO_BFLOAT16_CONVERSIONS__ -D__CUDA_NO_HALF2_OPERATORS__ --expt-relaxed-constexpr --compiler-options ''"'"'-fPIC'"'"'' -O3 -std=c++17 -DWITH_CUDA --expt-relaxed-constexpr -Xfatbin -compress-all -Xptxas --opt-level=3 -Xptxas -v -Xptxas --warn-on-spills --extra-device-vectorization -Xcompiler -fPIC -Xcompiler -fno-strict-aliasing -Xnvlink --suppress-stack-size-warning --resource-usage --default-stream per-thread --use_fast_math -DNDEBUG -lineinfo -gencode=arch=compute_90a,code=sm_90a -gencode=arch=compute_90,code=compute_90 -DWITH_CUTLASS -DCUTLASS_NVCC_ARCHS=90a -DTORCH_API_INCLUDE_EXTENSION_H '-DPYBIND11_COMPILER_TYPE="_gcc"' '-DPYBIND11_STDLIB="_libstdcpp"' '-DPYBIND11_BUILD_ABI="_cxxabi1011"' -DTORCH_EXTENSION_NAME=_ops -D_GLIBCXX_USE_CXX11_ABI=0
  /workspace/SuperGrok1.5/./csrc/algorithms/muon.h(76): warning #737-D: using-declaration ignored -- it refers to the current namespace
    using sg::algorithms::adamw_step;
          ^

  Remark: The warnings can be suppressed with "-diag-suppress <warning-number>"

  /workspace/SuperGrok1.5/./csrc/algorithms/muon.h(76): warning #737-D: using-declaration ignored -- it refers to the current namespace
    using sg::algorithms::adamw_step;
          ^

  Remark: The warnings can be suppressed with "-diag-suppress <warning-number>"

  ptxas info    : (C7508) Potential Performance Loss: 'setmaxnreg' ignored; unable to determine register count at entry.
  ptxas info    : (C7508) Potential Performance Loss: 'setmaxnreg' ignored; unable to determine register count at entry.
  ptxas info    : 23 bytes gmem
  ptxas info    : Compiling entry function '_ZN2sg5fused4sm9016fused_megakernelILNS1_7ModelIdE1ELNS1_5OptIdE5ELNS1_8FuseTierE3EEEvNS0_17PersistentContextEPfPKfS7_S7_PKiSB_fiNS1_13FusedOptStateE' for 'sm_90a'
  ptxas info    : Function properties for _ZN2sg5fused4sm9016fused_megakernelILNS1_7ModelIdE1ELNS1_5OptIdE5ELNS1_8FuseTierE3EEEvNS0_17PersistentContextEPfPKfS7_S7_PKiSB_fiNS1_13FusedOptStateE
      0 bytes stack frame, 0 bytes spill stores, 0 bytes spill loads
  ptxas info    : Used 32 registers, 4232 bytes smem
  ptxas info    : Compiling entry function '_ZN2sg5fused4sm9016fused_megakernelILNS1_7ModelIdE1ELNS1_5OptIdE5ELNS1_8FuseTierE1EEEvNS0_17PersistentContextEPfPKfS7_S7_PKiSB_fiNS1_13FusedOptStateE' for 'sm_90a'
  ptxas info    : Function properties for _ZN2sg5fused4sm9016fused_megakernelILNS1_7ModelIdE1ELNS1_5OptIdE5ELNS1_8FuseTierE1EEEvNS0_17PersistentContextEPfPKfS7_S7_PKiSB_fiNS1_13FusedOptStateE
      0 bytes stack frame, 0 bytes spill stores, 0 bytes spill loads
  ptxas info    : Used 30 registers, 4 bytes smem
  ptxas info    : Compiling entry function '_ZN3cub17CUB_200302_900_NS11EmptyKernelIvEEvv' for 'sm_90a'
  ptxas info    : Function properties for _ZN3cub17CUB_200302_900_NS11EmptyKernelIvEEvv
      0 bytes stack frame, 0 bytes spill stores, 0 bytes spill loads
  ptxas info    : Used 4 registers
  /workspace/SuperGrok1.5/./csrc/algorithms/muon.h(76): warning #737-D: using-declaration ignored -- it refers to the current namespace
    using sg::algorithms::adamw_step;
          ^

  Remark: The warnings can be suppressed with "-diag-suppress <warning-number>"

  [18/56] /usr/local/sccache-shim/nvcc --generate-dependencies-with-compile --dependency-output /dev/shm/tmp/tmp9icn1kre.build-temp/csrc/fused/sm_90/mega_vit_grokfast.o.d -DWITH_CUDA -DWITH_CUTLASS -I/workspace/SuperGrok1.5/. -I/workspace/SuperGrok1.5/csrc/bindings -I/workspace/SuperGrok1.5/csrc -I/workspace/SuperGrok1.5/third_party/cutlass/include -I/workspace/SuperGrok1.5/third_party/cutlass/tools/util/include -I/usr/local/lib/python3.11/dist-packages/torch/include -I/usr/local/lib/python3.11/dist-packages/torch/include/torch/csrc/api/include -I/usr/local/lib/python3.11/dist-packages/torch/include/TH -I/usr/local/lib/python3.11/dist-packages/torch/include/THC -I/usr/local/cuda/include -I/usr/include/python3.11 -c -c /workspace/SuperGrok1.5/csrc/fused/sm_90/mega_vit_grokfast.cu -o /dev/shm/tmp/tmp9icn1kre.build-temp/csrc/fused/sm_90/mega_vit_grokfast.o -D__CUDA_NO_HALF_OPERATORS__ -D__CUDA_NO_HALF_CONVERSIONS__ -D__CUDA_NO_BFLOAT16_CONVERSIONS__ -D__CUDA_NO_HALF2_OPERATORS__ --expt-relaxed-constexpr --compiler-options ''"'"'-fPIC'"'"'' -O3 -std=c++17 -DWITH_CUDA --expt-relaxed-constexpr -Xfatbin -compress-all -Xptxas --opt-level=3 -Xptxas -v -Xptxas --warn-on-spills --extra-device-vectorization -Xcompiler -fPIC -Xcompiler -fno-strict-aliasing -Xnvlink --suppress-stack-size-warning --resource-usage --default-stream per-thread --use_fast_math -DNDEBUG -lineinfo -gencode=arch=compute_90a,code=sm_90a -gencode=arch=compute_90,code=compute_90 -DWITH_CUTLASS -DCUTLASS_NVCC_ARCHS=90a -DTORCH_API_INCLUDE_EXTENSION_H '-DPYBIND11_COMPILER_TYPE="_gcc"' '-DPYBIND11_STDLIB="_libstdcpp"' '-DPYBIND11_BUILD_ABI="_cxxabi1011"' -DTORCH_EXTENSION_NAME=_ops -D_GLIBCXX_USE_CXX11_ABI=0
  /workspace/SuperGrok1.5/./csrc/algorithms/muon.h(76): warning #737-D: using-declaration ignored -- it refers to the current namespace
    using sg::algorithms::adamw_step;
          ^

  Remark: The warnings can be suppressed with "-diag-suppress <warning-number>"

  /workspace/SuperGrok1.5/./csrc/algorithms/muon.h(76): warning #737-D: using-declaration ignored -- it refers to the current namespace
    using sg::algorithms::adamw_step;
          ^

  Remark: The warnings can be suppressed with "-diag-suppress <warning-number>"

  ptxas info    : (C7508) Potential Performance Loss: 'setmaxnreg' ignored; unable to determine register count at entry.
  ptxas info    : (C7508) Potential Performance Loss: 'setmaxnreg' ignored; unable to determine register count at entry.
  ptxas info    : 23 bytes gmem
  ptxas info    : Compiling entry function '_ZN2sg5fused4sm9016fused_megakernelILNS1_7ModelIdE1ELNS1_5OptIdE2ELNS1_8FuseTierE3EEEvNS0_17PersistentContextEPfPKfS7_S7_PKiSB_fiNS1_13FusedOptStateE' for 'sm_90a'
  ptxas info    : Function properties for _ZN2sg5fused4sm9016fused_megakernelILNS1_7ModelIdE1ELNS1_5OptIdE2ELNS1_8FuseTierE3EEEvNS0_17PersistentContextEPfPKfS7_S7_PKiSB_fiNS1_13FusedOptStateE
      0 bytes stack frame, 0 bytes spill stores, 0 bytes spill loads
  ptxas info    : Used 40 registers, 4232 bytes smem
  ptxas info    : Compiling entry function '_ZN2sg5fused4sm9016fused_megakernelILNS1_7ModelIdE1ELNS1_5OptIdE2ELNS1_8FuseTierE1EEEvNS0_17PersistentContextEPfPKfS7_S7_PKiSB_fiNS1_13FusedOptStateE' for 'sm_90a'
  ptxas info    : Function properties for _ZN2sg5fused4sm9016fused_megakernelILNS1_7ModelIdE1ELNS1_5OptIdE2ELNS1_8FuseTierE1EEEvNS0_17PersistentContextEPfPKfS7_S7_PKiSB_fiNS1_13FusedOptStateE
      0 bytes stack frame, 0 bytes spill stores, 0 bytes spill loads
  ptxas info    : Used 32 registers, 4 bytes smem
  ptxas info    : Compiling entry function '_ZN3cub17CUB_200302_900_NS11EmptyKernelIvEEvv' for 'sm_90a'
  ptxas info    : Function properties for _ZN3cub17CUB_200302_900_NS11EmptyKernelIvEEvv
      0 bytes stack frame, 0 bytes spill stores, 0 bytes spill loads
  ptxas info    : Used 4 registers
  /workspace/SuperGrok1.5/./csrc/algorithms/muon.h(76): warning #737-D: using-declaration ignored -- it refers to the current namespace
    using sg::algorithms::adamw_step;
          ^

  Remark: The warnings can be suppressed with "-diag-suppress <warning-number>"

  [19/56] /usr/local/sccache-shim/nvcc --generate-dependencies-with-compile --dependency-output /dev/shm/tmp/tmp9icn1kre.build-temp/csrc/fused/sm_90/mega_vit_supergrok2.o.d -DWITH_CUDA -DWITH_CUTLASS -I/workspace/SuperGrok1.5/. -I/workspace/SuperGrok1.5/csrc/bindings -I/workspace/SuperGrok1.5/csrc -I/workspace/SuperGrok1.5/third_party/cutlass/include -I/workspace/SuperGrok1.5/third_party/cutlass/tools/util/include -I/usr/local/lib/python3.11/dist-packages/torch/include -I/usr/local/lib/python3.11/dist-packages/torch/include/torch/csrc/api/include -I/usr/local/lib/python3.11/dist-packages/torch/include/TH -I/usr/local/lib/python3.11/dist-packages/torch/include/THC -I/usr/local/cuda/include -I/usr/include/python3.11 -c -c /workspace/SuperGrok1.5/csrc/fused/sm_90/mega_vit_supergrok2.cu -o /dev/shm/tmp/tmp9icn1kre.build-temp/csrc/fused/sm_90/mega_vit_supergrok2.o -D__CUDA_NO_HALF_OPERATORS__ -D__CUDA_NO_HALF_CONVERSIONS__ -D__CUDA_NO_BFLOAT16_CONVERSIONS__ -D__CUDA_NO_HALF2_OPERATORS__ --expt-relaxed-constexpr --compiler-options ''"'"'-fPIC'"'"'' -O3 -std=c++17 -DWITH_CUDA --expt-relaxed-constexpr -Xfatbin -compress-all -Xptxas --opt-level=3 -Xptxas -v -Xptxas --warn-on-spills --extra-device-vectorization -Xcompiler -fPIC -Xcompiler -fno-strict-aliasing -Xnvlink --suppress-stack-size-warning --resource-usage --default-stream per-thread --use_fast_math -DNDEBUG -lineinfo -gencode=arch=compute_90a,code=sm_90a -gencode=arch=compute_90,code=compute_90 -DWITH_CUTLASS -DCUTLASS_NVCC_ARCHS=90a -DTORCH_API_INCLUDE_EXTENSION_H '-DPYBIND11_COMPILER_TYPE="_gcc"' '-DPYBIND11_STDLIB="_libstdcpp"' '-DPYBIND11_BUILD_ABI="_cxxabi1011"' -DTORCH_EXTENSION_NAME=_ops -D_GLIBCXX_USE_CXX11_ABI=0
  /workspace/SuperGrok1.5/./csrc/algorithms/muon.h(76): warning #737-D: using-declaration ignored -- it refers to the current namespace
    using sg::algorithms::adamw_step;
          ^

  Remark: The warnings can be suppressed with "-diag-suppress <warning-number>"

  /workspace/SuperGrok1.5/./csrc/algorithms/muon.h(76): warning #737-D: using-declaration ignored -- it refers to the current namespace
    using sg::algorithms::adamw_step;
          ^

  Remark: The warnings can be suppressed with "-diag-suppress <warning-number>"

  ptxas info    : (C7508) Potential Performance Loss: 'setmaxnreg' ignored; unable to determine register count at entry.
  ptxas info    : (C7508) Potential Performance Loss: 'setmaxnreg' ignored; unable to determine register count at entry.
  ptxas info    : 23 bytes gmem
  ptxas info    : Compiling entry function '_ZN2sg5fused4sm9016fused_megakernelILNS1_7ModelIdE1ELNS1_5OptIdE10ELNS1_8FuseTierE3EEEvNS0_17PersistentContextEPfPKfS7_S7_PKiSB_fiNS1_13FusedOptStateE' for 'sm_90a'
  ptxas info    : Function properties for _ZN2sg5fused4sm9016fused_megakernelILNS1_7ModelIdE1ELNS1_5OptIdE10ELNS1_8FuseTierE3EEEvNS0_17PersistentContextEPfPKfS7_S7_PKiSB_fiNS1_13FusedOptStateE
      0 bytes stack frame, 0 bytes spill stores, 0 bytes spill loads
  ptxas info    : Used 32 registers, 4232 bytes smem
  ptxas info    : Compiling entry function '_ZN2sg5fused4sm9016fused_megakernelILNS1_7ModelIdE1ELNS1_5OptIdE10ELNS1_8FuseTierE1EEEvNS0_17PersistentContextEPfPKfS7_S7_PKiSB_fiNS1_13FusedOptStateE' for 'sm_90a'
  ptxas info    : Function properties for _ZN2sg5fused4sm9016fused_megakernelILNS1_7ModelIdE1ELNS1_5OptIdE10ELNS1_8FuseTierE1EEEvNS0_17PersistentContextEPfPKfS7_S7_PKiSB_fiNS1_13FusedOptStateE
      0 bytes stack frame, 0 bytes spill stores, 0 bytes spill loads
  ptxas info    : Used 32 registers, 4 bytes smem
  ptxas info    : Compiling entry function '_ZN3cub17CUB_200302_900_NS11EmptyKernelIvEEvv' for 'sm_90a'
  ptxas info    : Function properties for _ZN3cub17CUB_200302_900_NS11EmptyKernelIvEEvv
      0 bytes stack frame, 0 bytes spill stores, 0 bytes spill loads
  ptxas info    : Used 4 registers
  /workspace/SuperGrok1.5/./csrc/algorithms/muon.h(76): warning #737-D: using-declaration ignored -- it refers to the current namespace
    using sg::algorithms::adamw_step;
          ^

  Remark: The warnings can be suppressed with "-diag-suppress <warning-number>"

  [20/56] /usr/local/sccache-shim/nvcc --generate-dependencies-with-compile --dependency-output /dev/shm/tmp/tmp9icn1kre.build-temp/csrc/fused/sm_90/mega_vit_grokadamw.o.d -DWITH_CUDA -DWITH_CUTLASS -I/workspace/SuperGrok1.5/. -I/workspace/SuperGrok1.5/csrc/bindings -I/workspace/SuperGrok1.5/csrc -I/workspace/SuperGrok1.5/third_party/cutlass/include -I/workspace/SuperGrok1.5/third_party/cutlass/tools/util/include -I/usr/local/lib/python3.11/dist-packages/torch/include -I/usr/local/lib/python3.11/dist-packages/torch/include/torch/csrc/api/include -I/usr/local/lib/python3.11/dist-packages/torch/include/TH -I/usr/local/lib/python3.11/dist-packages/torch/include/THC -I/usr/local/cuda/include -I/usr/include/python3.11 -c -c /workspace/SuperGrok1.5/csrc/fused/sm_90/mega_vit_grokadamw.cu -o /dev/shm/tmp/tmp9icn1kre.build-temp/csrc/fused/sm_90/mega_vit_grokadamw.o -D__CUDA_NO_HALF_OPERATORS__ -D__CUDA_NO_HALF_CONVERSIONS__ -D__CUDA_NO_BFLOAT16_CONVERSIONS__ -D__CUDA_NO_HALF2_OPERATORS__ --expt-relaxed-constexpr --compiler-options ''"'"'-fPIC'"'"'' -O3 -std=c++17 -DWITH_CUDA --expt-relaxed-constexpr -Xfatbin -compress-all -Xptxas --opt-level=3 -Xptxas -v -Xptxas --warn-on-spills --extra-device-vectorization -Xcompiler -fPIC -Xcompiler -fno-strict-aliasing -Xnvlink --suppress-stack-size-warning --resource-usage --default-stream per-thread --use_fast_math -DNDEBUG -lineinfo -gencode=arch=compute_90a,code=sm_90a -gencode=arch=compute_90,code=compute_90 -DWITH_CUTLASS -DCUTLASS_NVCC_ARCHS=90a -DTORCH_API_INCLUDE_EXTENSION_H '-DPYBIND11_COMPILER_TYPE="_gcc"' '-DPYBIND11_STDLIB="_libstdcpp"' '-DPYBIND11_BUILD_ABI="_cxxabi1011"' -DTORCH_EXTENSION_NAME=_ops -D_GLIBCXX_USE_CXX11_ABI=0
  /workspace/SuperGrok1.5/./csrc/algorithms/muon.h(76): warning #737-D: using-declaration ignored -- it refers to the current namespace
    using sg::algorithms::adamw_step;
          ^

  Remark: The warnings can be suppressed with "-diag-suppress <warning-number>"

  /workspace/SuperGrok1.5/./csrc/algorithms/muon.h(76): warning #737-D: using-declaration ignored -- it refers to the current namespace
    using sg::algorithms::adamw_step;
          ^

  Remark: The warnings can be suppressed with "-diag-suppress <warning-number>"

  ptxas info    : (C7508) Potential Performance Loss: 'setmaxnreg' ignored; unable to determine register count at entry.
  ptxas info    : (C7508) Potential Performance Loss: 'setmaxnreg' ignored; unable to determine register count at entry.
  ptxas info    : 23 bytes gmem
  ptxas info    : Compiling entry function '_ZN2sg5fused4sm9016fused_megakernelILNS1_7ModelIdE1ELNS1_5OptIdE3ELNS1_8FuseTierE3EEEvNS0_17PersistentContextEPfPKfS7_S7_PKiSB_fiNS1_13FusedOptStateE' for 'sm_90a'
  ptxas info    : Function properties for _ZN2sg5fused4sm9016fused_megakernelILNS1_7ModelIdE1ELNS1_5OptIdE3ELNS1_8FuseTierE3EEEvNS0_17PersistentContextEPfPKfS7_S7_PKiSB_fiNS1_13FusedOptStateE
      0 bytes stack frame, 0 bytes spill stores, 0 bytes spill loads
  ptxas info    : Used 32 registers, 4232 bytes smem
  ptxas info    : Compiling entry function '_ZN2sg5fused4sm9016fused_megakernelILNS1_7ModelIdE1ELNS1_5OptIdE3ELNS1_8FuseTierE1EEEvNS0_17PersistentContextEPfPKfS7_S7_PKiSB_fiNS1_13FusedOptStateE' for 'sm_90a'
  ptxas info    : Function properties for _ZN2sg5fused4sm9016fused_megakernelILNS1_7ModelIdE1ELNS1_5OptIdE3ELNS1_8FuseTierE1EEEvNS0_17PersistentContextEPfPKfS7_S7_PKiSB_fiNS1_13FusedOptStateE
      0 bytes stack frame, 0 bytes spill stores, 0 bytes spill loads
  ptxas info    : Used 32 registers, 4 bytes smem
  ptxas info    : Compiling entry function '_ZN3cub17CUB_200302_900_NS11EmptyKernelIvEEvv' for 'sm_90a'
  ptxas info    : Function properties for _ZN3cub17CUB_200302_900_NS11EmptyKernelIvEEvv
      0 bytes stack frame, 0 bytes spill stores, 0 bytes spill loads
  ptxas info    : Used 4 registers
  /workspace/SuperGrok1.5/./csrc/algorithms/muon.h(76): warning #737-D: using-declaration ignored -- it refers to the current namespace
    using sg::algorithms::adamw_step;
          ^

  Remark: The warnings can be suppressed with "-diag-suppress <warning-number>"

  [21/56] /usr/local/sccache-shim/nvcc --generate-dependencies-with-compile --dependency-output /dev/shm/tmp/tmp9icn1kre.build-temp/csrc/fused/sm_90/mega_transformer_decoder_grokadamw.o.d -DWITH_CUDA -DWITH_CUTLASS -I/workspace/SuperGrok1.5/. -I/workspace/SuperGrok1.5/csrc/bindings -I/workspace/SuperGrok1.5/csrc -I/workspace/SuperGrok1.5/third_party/cutlass/include -I/workspace/SuperGrok1.5/third_party/cutlass/tools/util/include -I/usr/local/lib/python3.11/dist-packages/torch/include -I/usr/local/lib/python3.11/dist-packages/torch/include/torch/csrc/api/include -I/usr/local/lib/python3.11/dist-packages/torch/include/TH -I/usr/local/lib/python3.11/dist-packages/torch/include/THC -I/usr/local/cuda/include -I/usr/include/python3.11 -c -c /workspace/SuperGrok1.5/csrc/fused/sm_90/mega_transformer_decoder_grokadamw.cu -o /dev/shm/tmp/tmp9icn1kre.build-temp/csrc/fused/sm_90/mega_transformer_decoder_grokadamw.o -D__CUDA_NO_HALF_OPERATORS__ -D__CUDA_NO_HALF_CONVERSIONS__ -D__CUDA_NO_BFLOAT16_CONVERSIONS__ -D__CUDA_NO_HALF2_OPERATORS__ --expt-relaxed-constexpr --compiler-options ''"'"'-fPIC'"'"'' -O3 -std=c++17 -DWITH_CUDA --expt-relaxed-constexpr -Xfatbin -compress-all -Xptxas --opt-level=3 -Xptxas -v -Xptxas --warn-on-spills --extra-device-vectorization -Xcompiler -fPIC -Xcompiler -fno-strict-aliasing -Xnvlink --suppress-stack-size-warning --resource-usage --default-stream per-thread --use_fast_math -DNDEBUG -lineinfo -gencode=arch=compute_90a,code=sm_90a -gencode=arch=compute_90,code=compute_90 -DWITH_CUTLASS -DCUTLASS_NVCC_ARCHS=90a -DTORCH_API_INCLUDE_EXTENSION_H '-DPYBIND11_COMPILER_TYPE="_gcc"' '-DPYBIND11_STDLIB="_libstdcpp"' '-DPYBIND11_BUILD_ABI="_cxxabi1011"' -DTORCH_EXTENSION_NAME=_ops -D_GLIBCXX_USE_CXX11_ABI=0
  /workspace/SuperGrok1.5/./csrc/algorithms/muon.h(76): warning #737-D: using-declaration ignored -- it refers to the current namespace
    using sg::algorithms::adamw_step;
          ^

  Remark: The warnings can be suppressed with "-diag-suppress <warning-number>"

  /workspace/SuperGrok1.5/./csrc/algorithms/muon.h(76): warning #737-D: using-declaration ignored -- it refers to the current namespace
    using sg::algorithms::adamw_step;
          ^

  Remark: The warnings can be suppressed with "-diag-suppress <warning-number>"

  ptxas info    : (C7508) Potential Performance Loss: 'setmaxnreg' ignored; unable to determine register count at entry.
  ptxas info    : (C7508) Potential Performance Loss: 'setmaxnreg' ignored; unable to determine register count at entry.
  ptxas info    : 23 bytes gmem
  ptxas info    : Compiling entry function '_ZN2sg5fused4sm9016fused_megakernelILNS1_7ModelIdE0ELNS1_5OptIdE3ELNS1_8FuseTierE3EEEvNS0_17PersistentContextEPfPKfS7_S7_PKiSB_fiNS1_13FusedOptStateE' for 'sm_90a'
  ptxas info    : Function properties for _ZN2sg5fused4sm9016fused_megakernelILNS1_7ModelIdE0ELNS1_5OptIdE3ELNS1_8FuseTierE3EEEvNS0_17PersistentContextEPfPKfS7_S7_PKiSB_fiNS1_13FusedOptStateE
      0 bytes stack frame, 0 bytes spill stores, 0 bytes spill loads
  ptxas info    : Used 32 registers, 4232 bytes smem
  ptxas info    : Compiling entry function '_ZN2sg5fused4sm9016fused_megakernelILNS1_7ModelIdE0ELNS1_5OptIdE3ELNS1_8FuseTierE1EEEvNS0_17PersistentContextEPfPKfS7_S7_PKiSB_fiNS1_13FusedOptStateE' for 'sm_90a'
  ptxas info    : Function properties for _ZN2sg5fused4sm9016fused_megakernelILNS1_7ModelIdE0ELNS1_5OptIdE3ELNS1_8FuseTierE1EEEvNS0_17PersistentContextEPfPKfS7_S7_PKiSB_fiNS1_13FusedOptStateE
      0 bytes stack frame, 0 bytes spill stores, 0 bytes spill loads
  ptxas info    : Used 32 registers, 4 bytes smem
  ptxas info    : Compiling entry function '_ZN3cub17CUB_200302_900_NS11EmptyKernelIvEEvv' for 'sm_90a'
  ptxas info    : Function properties for _ZN3cub17CUB_200302_900_NS11EmptyKernelIvEEvv
      0 bytes stack frame, 0 bytes spill stores, 0 bytes spill loads
  ptxas info    : Used 4 registers
  /workspace/SuperGrok1.5/./csrc/algorithms/muon.h(76): warning #737-D: using-declaration ignored -- it refers to the current namespace
    using sg::algorithms::adamw_step;
          ^

  Remark: The warnings can be suppressed with "-diag-suppress <warning-number>"

  [22/56] /usr/local/sccache-shim/nvcc --generate-dependencies-with-compile --dependency-output /dev/shm/tmp/tmp9icn1kre.build-temp/csrc/fused/sm_90/mega_vit_lion.o.d -DWITH_CUDA -DWITH_CUTLASS -I/workspace/SuperGrok1.5/. -I/workspace/SuperGrok1.5/csrc/bindings -I/workspace/SuperGrok1.5/csrc -I/workspace/SuperGrok1.5/third_party/cutlass/include -I/workspace/SuperGrok1.5/third_party/cutlass/tools/util/include -I/usr/local/lib/python3.11/dist-packages/torch/include -I/usr/local/lib/python3.11/dist-packages/torch/include/torch/csrc/api/include -I/usr/local/lib/python3.11/dist-packages/torch/include/TH -I/usr/local/lib/python3.11/dist-packages/torch/include/THC -I/usr/local/cuda/include -I/usr/include/python3.11 -c -c /workspace/SuperGrok1.5/csrc/fused/sm_90/mega_vit_lion.cu -o /dev/shm/tmp/tmp9icn1kre.build-temp/csrc/fused/sm_90/mega_vit_lion.o -D__CUDA_NO_HALF_OPERATORS__ -D__CUDA_NO_HALF_CONVERSIONS__ -D__CUDA_NO_BFLOAT16_CONVERSIONS__ -D__CUDA_NO_HALF2_OPERATORS__ --expt-relaxed-constexpr --compiler-options ''"'"'-fPIC'"'"'' -O3 -std=c++17 -DWITH_CUDA --expt-relaxed-constexpr -Xfatbin -compress-all -Xptxas --opt-level=3 -Xptxas -v -Xptxas --warn-on-spills --extra-device-vectorization -Xcompiler -fPIC -Xcompiler -fno-strict-aliasing -Xnvlink --suppress-stack-size-warning --resource-usage --default-stream per-thread --use_fast_math -DNDEBUG -lineinfo -gencode=arch=compute_90a,code=sm_90a -gencode=arch=compute_90,code=compute_90 -DWITH_CUTLASS -DCUTLASS_NVCC_ARCHS=90a -DTORCH_API_INCLUDE_EXTENSION_H '-DPYBIND11_COMPILER_TYPE="_gcc"' '-DPYBIND11_STDLIB="_libstdcpp"' '-DPYBIND11_BUILD_ABI="_cxxabi1011"' -DTORCH_EXTENSION_NAME=_ops -D_GLIBCXX_USE_CXX11_ABI=0
  /workspace/SuperGrok1.5/./csrc/algorithms/muon.h(76): warning #737-D: using-declaration ignored -- it refers to the current namespace
    using sg::algorithms::adamw_step;
          ^

  Remark: The warnings can be suppressed with "-diag-suppress <warning-number>"

  /workspace/SuperGrok1.5/./csrc/algorithms/muon.h(76): warning #737-D: using-declaration ignored -- it refers to the current namespace
    using sg::algorithms::adamw_step;
          ^

  Remark: The warnings can be suppressed with "-diag-suppress <warning-number>"

  ptxas info    : (C7508) Potential Performance Loss: 'setmaxnreg' ignored; unable to determine register count at entry.
  ptxas info    : (C7508) Potential Performance Loss: 'setmaxnreg' ignored; unable to determine register count at entry.
  ptxas info    : 23 bytes gmem
  ptxas info    : Compiling entry function '_ZN2sg5fused4sm9016fused_megakernelILNS1_7ModelIdE1ELNS1_5OptIdE1ELNS1_8FuseTierE3EEEvNS0_17PersistentContextEPfPKfS7_S7_PKiSB_fiNS1_13FusedOptStateE' for 'sm_90a'
  ptxas info    : Function properties for _ZN2sg5fused4sm9016fused_megakernelILNS1_7ModelIdE1ELNS1_5OptIdE1ELNS1_8FuseTierE3EEEvNS0_17PersistentContextEPfPKfS7_S7_PKiSB_fiNS1_13FusedOptStateE
      0 bytes stack frame, 0 bytes spill stores, 0 bytes spill loads
  ptxas info    : Used 32 registers, 4232 bytes smem
  ptxas info    : Compiling entry function '_ZN2sg5fused4sm9016fused_megakernelILNS1_7ModelIdE1ELNS1_5OptIdE1ELNS1_8FuseTierE1EEEvNS0_17PersistentContextEPfPKfS7_S7_PKiSB_fiNS1_13FusedOptStateE' for 'sm_90a'
  ptxas info    : Function properties for _ZN2sg5fused4sm9016fused_megakernelILNS1_7ModelIdE1ELNS1_5OptIdE1ELNS1_8FuseTierE1EEEvNS0_17PersistentContextEPfPKfS7_S7_PKiSB_fiNS1_13FusedOptStateE
      0 bytes stack frame, 0 bytes spill stores, 0 bytes spill loads
  ptxas info    : Used 32 registers, 4 bytes smem
  ptxas info    : Compiling entry function '_ZN3cub17CUB_200302_900_NS11EmptyKernelIvEEvv' for 'sm_90a'
  ptxas info    : Function properties for _ZN3cub17CUB_200302_900_NS11EmptyKernelIvEEvv
      0 bytes stack frame, 0 bytes spill stores, 0 bytes spill loads
  ptxas info    : Used 4 registers
  /workspace/SuperGrok1.5/./csrc/algorithms/muon.h(76): warning #737-D: using-declaration ignored -- it refers to the current namespace
    using sg::algorithms::adamw_step;
          ^

  Remark: The warnings can be suppressed with "-diag-suppress <warning-number>"

  [23/56] /usr/local/sccache-shim/nvcc --generate-dependencies-with-compile --dependency-output /dev/shm/tmp/tmp9icn1kre.build-temp/csrc/fused/sm_90/mega_transformer_decoder_grokfast.o.d -DWITH_CUDA -DWITH_CUTLASS -I/workspace/SuperGrok1.5/. -I/workspace/SuperGrok1.5/csrc/bindings -I/workspace/SuperGrok1.5/csrc -I/workspace/SuperGrok1.5/third_party/cutlass/include -I/workspace/SuperGrok1.5/third_party/cutlass/tools/util/include -I/usr/local/lib/python3.11/dist-packages/torch/include -I/usr/local/lib/python3.11/dist-packages/torch/include/torch/csrc/api/include -I/usr/local/lib/python3.11/dist-packages/torch/include/TH -I/usr/local/lib/python3.11/dist-packages/torch/include/THC -I/usr/local/cuda/include -I/usr/include/python3.11 -c -c /workspace/SuperGrok1.5/csrc/fused/sm_90/mega_transformer_decoder_grokfast.cu -o /dev/shm/tmp/tmp9icn1kre.build-temp/csrc/fused/sm_90/mega_transformer_decoder_grokfast.o -D__CUDA_NO_HALF_OPERATORS__ -D__CUDA_NO_HALF_CONVERSIONS__ -D__CUDA_NO_BFLOAT16_CONVERSIONS__ -D__CUDA_NO_HALF2_OPERATORS__ --expt-relaxed-constexpr --compiler-options ''"'"'-fPIC'"'"'' -O3 -std=c++17 -DWITH_CUDA --expt-relaxed-constexpr -Xfatbin -compress-all -Xptxas --opt-level=3 -Xptxas -v -Xptxas --warn-on-spills --extra-device-vectorization -Xcompiler -fPIC -Xcompiler -fno-strict-aliasing -Xnvlink --suppress-stack-size-warning --resource-usage --default-stream per-thread --use_fast_math -DNDEBUG -lineinfo -gencode=arch=compute_90a,code=sm_90a -gencode=arch=compute_90,code=compute_90 -DWITH_CUTLASS -DCUTLASS_NVCC_ARCHS=90a -DTORCH_API_INCLUDE_EXTENSION_H '-DPYBIND11_COMPILER_TYPE="_gcc"' '-DPYBIND11_STDLIB="_libstdcpp"' '-DPYBIND11_BUILD_ABI="_cxxabi1011"' -DTORCH_EXTENSION_NAME=_ops -D_GLIBCXX_USE_CXX11_ABI=0
  /workspace/SuperGrok1.5/./csrc/algorithms/muon.h(76): warning #737-D: using-declaration ignored -- it refers to the current namespace
    using sg::algorithms::adamw_step;
          ^

  Remark: The warnings can be suppressed with "-diag-suppress <warning-number>"

  /workspace/SuperGrok1.5/./csrc/algorithms/muon.h(76): warning #737-D: using-declaration ignored -- it refers to the current namespace
    using sg::algorithms::adamw_step;
          ^

  Remark: The warnings can be suppressed with "-diag-suppress <warning-number>"

  ptxas info    : (C7508) Potential Performance Loss: 'setmaxnreg' ignored; unable to determine register count at entry.
  ptxas info    : (C7508) Potential Performance Loss: 'setmaxnreg' ignored; unable to determine register count at entry.
  ptxas info    : 23 bytes gmem
  ptxas info    : Compiling entry function '_ZN2sg5fused4sm9016fused_megakernelILNS1_7ModelIdE0ELNS1_5OptIdE2ELNS1_8FuseTierE3EEEvNS0_17PersistentContextEPfPKfS7_S7_PKiSB_fiNS1_13FusedOptStateE' for 'sm_90a'
  ptxas info    : Function properties for _ZN2sg5fused4sm9016fused_megakernelILNS1_7ModelIdE0ELNS1_5OptIdE2ELNS1_8FuseTierE3EEEvNS0_17PersistentContextEPfPKfS7_S7_PKiSB_fiNS1_13FusedOptStateE
      0 bytes stack frame, 0 bytes spill stores, 0 bytes spill loads
  ptxas info    : Used 40 registers, 4232 bytes smem
  ptxas info    : Compiling entry function '_ZN2sg5fused4sm9016fused_megakernelILNS1_7ModelIdE0ELNS1_5OptIdE2ELNS1_8FuseTierE1EEEvNS0_17PersistentContextEPfPKfS7_S7_PKiSB_fiNS1_13FusedOptStateE' for 'sm_90a'
  ptxas info    : Function properties for _ZN2sg5fused4sm9016fused_megakernelILNS1_7ModelIdE0ELNS1_5OptIdE2ELNS1_8FuseTierE1EEEvNS0_17PersistentContextEPfPKfS7_S7_PKiSB_fiNS1_13FusedOptStateE
      0 bytes stack frame, 0 bytes spill stores, 0 bytes spill loads
  ptxas info    : Used 32 registers, 4 bytes smem
  ptxas info    : Compiling entry function '_ZN3cub17CUB_200302_900_NS11EmptyKernelIvEEvv' for 'sm_90a'
  ptxas info    : Function properties for _ZN3cub17CUB_200302_900_NS11EmptyKernelIvEEvv
      0 bytes stack frame, 0 bytes spill stores, 0 bytes spill loads
  ptxas info    : Used 4 registers
  /workspace/SuperGrok1.5/./csrc/algorithms/muon.h(76): warning #737-D: using-declaration ignored -- it refers to the current namespace
    using sg::algorithms::adamw_step;
          ^

  Remark: The warnings can be suppressed with "-diag-suppress <warning-number>"

  [24/56] /usr/local/sccache-shim/nvcc --generate-dependencies-with-compile --dependency-output /dev/shm/tmp/tmp9icn1kre.build-temp/csrc/backends/cuda/sm_90/launch_neuralgrok.o.d -DWITH_CUDA -DWITH_CUTLASS -I/workspace/SuperGrok1.5/. -I/workspace/SuperGrok1.5/csrc/bindings -I/workspace/SuperGrok1.5/csrc -I/workspace/SuperGrok1.5/third_party/cutlass/include -I/workspace/SuperGrok1.5/third_party/cutlass/tools/util/include -I/usr/local/lib/python3.11/dist-packages/torch/include -I/usr/local/lib/python3.11/dist-packages/torch/include/torch/csrc/api/include -I/usr/local/lib/python3.11/dist-packages/torch/include/TH -I/usr/local/lib/python3.11/dist-packages/torch/include/THC -I/usr/local/cuda/include -I/usr/include/python3.11 -c -c /workspace/SuperGrok1.5/csrc/backends/cuda/sm_90/launch_neuralgrok.cu -o /dev/shm/tmp/tmp9icn1kre.build-temp/csrc/backends/cuda/sm_90/launch_neuralgrok.o -D__CUDA_NO_HALF_OPERATORS__ -D__CUDA_NO_HALF_CONVERSIONS__ -D__CUDA_NO_BFLOAT16_CONVERSIONS__ -D__CUDA_NO_HALF2_OPERATORS__ --expt-relaxed-constexpr --compiler-options ''"'"'-fPIC'"'"'' -O3 -std=c++17 -DWITH_CUDA --expt-relaxed-constexpr -Xfatbin -compress-all -Xptxas --opt-level=3 -Xptxas -v -Xptxas --warn-on-spills --extra-device-vectorization -Xcompiler -fPIC -Xcompiler -fno-strict-aliasing -Xnvlink --suppress-stack-size-warning --resource-usage --default-stream per-thread --use_fast_math -DNDEBUG -lineinfo -gencode=arch=compute_90a,code=sm_90a -gencode=arch=compute_90,code=compute_90 -DWITH_CUTLASS -DCUTLASS_NVCC_ARCHS=90a -DTORCH_API_INCLUDE_EXTENSION_H '-DPYBIND11_COMPILER_TYPE="_gcc"' '-DPYBIND11_STDLIB="_libstdcpp"' '-DPYBIND11_BUILD_ABI="_cxxabi1011"' -DTORCH_EXTENSION_NAME=_ops -D_GLIBCXX_USE_CXX11_ABI=0
  ptxas warning : Registers are spilled to local memory in function '_ZN2sg4sm9027neuralgrok_amplifier_kernelEPKfPfS2_S2_S2_fffl', 436 bytes spill stores, 436 bytes spill loads
  ptxas warning : Registers are spilled to local memory in function '_ZN2sg4sm9017neuralgrok_kernelIN3c108BFloat16ES3_Li1EEEvPT_PfS6_PKT0_PKfSB_SB_ffffffffffl', 456 bytes spill stores, 456 bytes spill loads
  ptxas warning : Registers are spilled to local memory in function '_ZN2sg4sm9017neuralgrok_kernelIN3c104HalfES3_Li1EEEvPT_PfS6_PKT0_PKfSB_SB_ffffffffffl', 456 bytes spill stores, 456 bytes spill loads
  ptxas warning : Registers are spilled to local memory in function '_ZN2sg4sm9017neuralgrok_kernelIffLi1EEEvPT_PfS4_PKT0_PKfS9_S9_ffffffffffl', 452 bytes spill stores, 452 bytes spill loads
  ptxas warning : Registers are spilled to local memory in function '_ZN2sg4sm9017neuralgrok_kernelIddLi1EEEvPT_PfS4_PKT0_PKfS9_S9_ffffffffffl', 476 bytes spill stores, 476 bytes spill loads
  ptxas info    : 23 bytes gmem
  ptxas info    : Compiling entry function '_ZN2sg4sm9027neuralgrok_adam_only_kernelEPfS1_S1_PKffffffffl' for 'sm_90a'
  ptxas info    : Function properties for _ZN2sg4sm9027neuralgrok_adam_only_kernelEPfS1_S1_PKffffffffl
      0 bytes stack frame, 0 bytes spill stores, 0 bytes spill loads
  ptxas info    : Used 31 registers
  ptxas info    : Compiling entry function '_ZN2sg4sm9027neuralgrok_amplifier_kernelEPKfPfS2_S2_S2_fffl' for 'sm_90a'
  ptxas info    : Function properties for _ZN2sg4sm9027neuralgrok_amplifier_kernelEPKfPfS2_S2_S2_fffl
      440 bytes stack frame, 436 bytes spill stores, 436 bytes spill loads
  ptxas info    : Used 64 registers, 440 bytes cumulative stack size, 768 bytes smem
  ptxas info    : Compiling entry function '_ZN2sg4sm9017neuralgrok_kernelIN3c108BFloat16ES3_Li1EEEvPT_PfS6_PKT0_PKfSB_SB_ffffffffffl' for 'sm_90a'
  ptxas info    : Function properties for _ZN2sg4sm9017neuralgrok_kernelIN3c108BFloat16ES3_Li1EEEvPT_PfS6_PKT0_PKfSB_SB_ffffffffffl
      464 bytes stack frame, 456 bytes spill stores, 456 bytes spill loads
  ptxas info    : Used 64 registers, 464 bytes cumulative stack size, 768 bytes smem
  ptxas info    : Compiling entry function '_ZN2sg4sm9017neuralgrok_kernelIN3c104HalfES3_Li1EEEvPT_PfS6_PKT0_PKfSB_SB_ffffffffffl' for 'sm_90a'
  ptxas info    : Function properties for _ZN2sg4sm9017neuralgrok_kernelIN3c104HalfES3_Li1EEEvPT_PfS6_PKT0_PKfSB_SB_ffffffffffl
      464 bytes stack frame, 456 bytes spill stores, 456 bytes spill loads
  ptxas info    : Used 64 registers, 464 bytes cumulative stack size, 768 bytes smem
  ptxas info    : Compiling entry function '_ZN2sg4sm9017neuralgrok_kernelIffLi1EEEvPT_PfS4_PKT0_PKfS9_S9_ffffffffffl' for 'sm_90a'
  ptxas info    : Function properties for _ZN2sg4sm9017neuralgrok_kernelIffLi1EEEvPT_PfS4_PKT0_PKfS9_S9_ffffffffffl
      456 bytes stack frame, 452 bytes spill stores, 452 bytes spill loads
  ptxas info    : Used 64 registers, 456 bytes cumulative stack size, 768 bytes smem
  ptxas info    : Compiling entry function '_ZN2sg4sm9017neuralgrok_kernelIddLi1EEEvPT_PfS4_PKT0_PKfS9_S9_ffffffffffl' for 'sm_90a'
  ptxas info    : Function properties for _ZN2sg4sm9017neuralgrok_kernelIddLi1EEEvPT_PfS4_PKT0_PKfS9_S9_ffffffffffl
      472 bytes stack frame, 476 bytes spill stores, 476 bytes spill loads
  ptxas info    : Used 64 registers, 472 bytes cumulative stack size, 768 bytes smem
  ptxas info    : Compiling entry function '_ZN2sg4sm9027neuralgrok_kernel_vec4_fp32EP6float4S2_S2_PKS1_PKfS6_S6_ffffffffffl' for 'sm_90a'
  ptxas info    : Function properties for _ZN2sg4sm9027neuralgrok_kernel_vec4_fp32EP6float4S2_S2_PKS1_PKfS6_S6_ffffffffffl
      0 bytes stack frame, 0 bytes spill stores, 0 bytes spill loads
  ptxas info    : Used 61 registers, 768 bytes smem
  ptxas info    : Compiling entry function '_ZN3cub17CUB_200302_900_NS11EmptyKernelIvEEvv' for 'sm_90a'
  ptxas info    : Function properties for _ZN3cub17CUB_200302_900_NS11EmptyKernelIvEEvv
      0 bytes stack frame, 0 bytes spill stores, 0 bytes spill loads
  ptxas info    : Used 4 registers
  [25/56] /usr/local/sccache-shim/nvcc --generate-dependencies-with-compile --dependency-output /dev/shm/tmp/tmp9icn1kre.build-temp/csrc/fused/sm_90/mega_mamba3_looksam.o.d -DWITH_CUDA -DWITH_CUTLASS -I/workspace/SuperGrok1.5/. -I/workspace/SuperGrok1.5/csrc/bindings -I/workspace/SuperGrok1.5/csrc -I/workspace/SuperGrok1.5/third_party/cutlass/include -I/workspace/SuperGrok1.5/third_party/cutlass/tools/util/include -I/usr/local/lib/python3.11/dist-packages/torch/include -I/usr/local/lib/python3.11/dist-packages/torch/include/torch/csrc/api/include -I/usr/local/lib/python3.11/dist-packages/torch/include/TH -I/usr/local/lib/python3.11/dist-packages/torch/include/THC -I/usr/local/cuda/include -I/usr/include/python3.11 -c -c /workspace/SuperGrok1.5/csrc/fused/sm_90/mega_mamba3_looksam.cu -o /dev/shm/tmp/tmp9icn1kre.build-temp/csrc/fused/sm_90/mega_mamba3_looksam.o -D__CUDA_NO_HALF_OPERATORS__ -D__CUDA_NO_HALF_CONVERSIONS__ -D__CUDA_NO_BFLOAT16_CONVERSIONS__ -D__CUDA_NO_HALF2_OPERATORS__ --expt-relaxed-constexpr --compiler-options ''"'"'-fPIC'"'"'' -O3 -std=c++17 -DWITH_CUDA --expt-relaxed-constexpr -Xfatbin -compress-all -Xptxas --opt-level=3 -Xptxas -v -Xptxas --warn-on-spills --extra-device-vectorization -Xcompiler -fPIC -Xcompiler -fno-strict-aliasing -Xnvlink --suppress-stack-size-warning --resource-usage --default-stream per-thread --use_fast_math -DNDEBUG -lineinfo -gencode=arch=compute_90a,code=sm_90a -gencode=arch=compute_90,code=compute_90 -DWITH_CUTLASS -DCUTLASS_NVCC_ARCHS=90a -DTORCH_API_INCLUDE_EXTENSION_H '-DPYBIND11_COMPILER_TYPE="_gcc"' '-DPYBIND11_STDLIB="_libstdcpp"' '-DPYBIND11_BUILD_ABI="_cxxabi1011"' -DTORCH_EXTENSION_NAME=_ops -D_GLIBCXX_USE_CXX11_ABI=0
  /workspace/SuperGrok1.5/./csrc/algorithms/muon.h(76): warning #737-D: using-declaration ignored -- it refers to the current namespace
    using sg::algorithms::adamw_step;
          ^

  Remark: The warnings can be suppressed with "-diag-suppress <warning-number>"

  /workspace/SuperGrok1.5/./csrc/algorithms/muon.h(76): warning #737-D: using-declaration ignored -- it refers to the current namespace
    using sg::algorithms::adamw_step;
          ^

  Remark: The warnings can be suppressed with "-diag-suppress <warning-number>"

  ptxas info    : (C7508) Potential Performance Loss: 'setmaxnreg' ignored; unable to determine register count at entry.
  ptxas info    : (C7508) Potential Performance Loss: 'setmaxnreg' ignored; unable to determine register count at entry.
  ptxas info    : 23 bytes gmem
  ptxas info    : Compiling entry function '_ZN2sg5fused4sm9016fused_megakernelILNS1_7ModelIdE2ELNS1_5OptIdE4ELNS1_8FuseTierE3EEEvNS0_17PersistentContextEPfPKfS7_S7_PKiSB_fiNS1_13FusedOptStateE' for 'sm_90a'
  ptxas info    : Function properties for _ZN2sg5fused4sm9016fused_megakernelILNS1_7ModelIdE2ELNS1_5OptIdE4ELNS1_8FuseTierE3EEEvNS0_17PersistentContextEPfPKfS7_S7_PKiSB_fiNS1_13FusedOptStateE
      0 bytes stack frame, 0 bytes spill stores, 0 bytes spill loads
  ptxas info    : Used 40 registers, 4232 bytes smem
  ptxas info    : Compiling entry function '_ZN2sg5fused4sm9016fused_megakernelILNS1_7ModelIdE2ELNS1_5OptIdE4ELNS1_8FuseTierE1EEEvNS0_17PersistentContextEPfPKfS7_S7_PKiSB_fiNS1_13FusedOptStateE' for 'sm_90a'
  ptxas info    : Function properties for _ZN2sg5fused4sm9016fused_megakernelILNS1_7ModelIdE2ELNS1_5OptIdE4ELNS1_8FuseTierE1EEEvNS0_17PersistentContextEPfPKfS7_S7_PKiSB_fiNS1_13FusedOptStateE
      0 bytes stack frame, 0 bytes spill stores, 0 bytes spill loads
  ptxas info    : Used 32 registers, 4 bytes smem
  ptxas info    : Compiling entry function '_ZN3cub17CUB_200302_900_NS11EmptyKernelIvEEvv' for 'sm_90a'
  ptxas info    : Function properties for _ZN3cub17CUB_200302_900_NS11EmptyKernelIvEEvv
      0 bytes stack frame, 0 bytes spill stores, 0 bytes spill loads
  ptxas info    : Used 4 registers
  /workspace/SuperGrok1.5/./csrc/algorithms/muon.h(76): warning #737-D: using-declaration ignored -- it refers to the current namespace
    using sg::algorithms::adamw_step;
          ^

  Remark: The warnings can be suppressed with "-diag-suppress <warning-number>"

  [26/56] /usr/local/sccache-shim/nvcc --generate-dependencies-with-compile --dependency-output /dev/shm/tmp/tmp9icn1kre.build-temp/csrc/fused/sm_90/mega_mamba3_lion.o.d -DWITH_CUDA -DWITH_CUTLASS -I/workspace/SuperGrok1.5/. -I/workspace/SuperGrok1.5/csrc/bindings -I/workspace/SuperGrok1.5/csrc -I/workspace/SuperGrok1.5/third_party/cutlass/include -I/workspace/SuperGrok1.5/third_party/cutlass/tools/util/include -I/usr/local/lib/python3.11/dist-packages/torch/include -I/usr/local/lib/python3.11/dist-packages/torch/include/torch/csrc/api/include -I/usr/local/lib/python3.11/dist-packages/torch/include/TH -I/usr/local/lib/python3.11/dist-packages/torch/include/THC -I/usr/local/cuda/include -I/usr/include/python3.11 -c -c /workspace/SuperGrok1.5/csrc/fused/sm_90/mega_mamba3_lion.cu -o /dev/shm/tmp/tmp9icn1kre.build-temp/csrc/fused/sm_90/mega_mamba3_lion.o -D__CUDA_NO_HALF_OPERATORS__ -D__CUDA_NO_HALF_CONVERSIONS__ -D__CUDA_NO_BFLOAT16_CONVERSIONS__ -D__CUDA_NO_HALF2_OPERATORS__ --expt-relaxed-constexpr --compiler-options ''"'"'-fPIC'"'"'' -O3 -std=c++17 -DWITH_CUDA --expt-relaxed-constexpr -Xfatbin -compress-all -Xptxas --opt-level=3 -Xptxas -v -Xptxas --warn-on-spills --extra-device-vectorization -Xcompiler -fPIC -Xcompiler -fno-strict-aliasing -Xnvlink --suppress-stack-size-warning --resource-usage --default-stream per-thread --use_fast_math -DNDEBUG -lineinfo -gencode=arch=compute_90a,code=sm_90a -gencode=arch=compute_90,code=compute_90 -DWITH_CUTLASS -DCUTLASS_NVCC_ARCHS=90a -DTORCH_API_INCLUDE_EXTENSION_H '-DPYBIND11_COMPILER_TYPE="_gcc"' '-DPYBIND11_STDLIB="_libstdcpp"' '-DPYBIND11_BUILD_ABI="_cxxabi1011"' -DTORCH_EXTENSION_NAME=_ops -D_GLIBCXX_USE_CXX11_ABI=0
  /workspace/SuperGrok1.5/./csrc/algorithms/muon.h(76): warning #737-D: using-declaration ignored -- it refers to the current namespace
    using sg::algorithms::adamw_step;
          ^

  Remark: The warnings can be suppressed with "-diag-suppress <warning-number>"

  /workspace/SuperGrok1.5/./csrc/algorithms/muon.h(76): warning #737-D: using-declaration ignored -- it refers to the current namespace
    using sg::algorithms::adamw_step;
          ^

  Remark: The warnings can be suppressed with "-diag-suppress <warning-number>"

  ptxas info    : (C7508) Potential Performance Loss: 'setmaxnreg' ignored; unable to determine register count at entry.
  ptxas info    : (C7508) Potential Performance Loss: 'setmaxnreg' ignored; unable to determine register count at entry.
  ptxas info    : 23 bytes gmem
  ptxas info    : Compiling entry function '_ZN2sg5fused4sm9016fused_megakernelILNS1_7ModelIdE2ELNS1_5OptIdE1ELNS1_8FuseTierE3EEEvNS0_17PersistentContextEPfPKfS7_S7_PKiSB_fiNS1_13FusedOptStateE' for 'sm_90a'
  ptxas info    : Function properties for _ZN2sg5fused4sm9016fused_megakernelILNS1_7ModelIdE2ELNS1_5OptIdE1ELNS1_8FuseTierE3EEEvNS0_17PersistentContextEPfPKfS7_S7_PKiSB_fiNS1_13FusedOptStateE
      0 bytes stack frame, 0 bytes spill stores, 0 bytes spill loads
  ptxas info    : Used 32 registers, 4232 bytes smem
  ptxas info    : Compiling entry function '_ZN2sg5fused4sm9016fused_megakernelILNS1_7ModelIdE2ELNS1_5OptIdE1ELNS1_8FuseTierE1EEEvNS0_17PersistentContextEPfPKfS7_S7_PKiSB_fiNS1_13FusedOptStateE' for 'sm_90a'
  ptxas info    : Function properties for _ZN2sg5fused4sm9016fused_megakernelILNS1_7ModelIdE2ELNS1_5OptIdE1ELNS1_8FuseTierE1EEEvNS0_17PersistentContextEPfPKfS7_S7_PKiSB_fiNS1_13FusedOptStateE
      0 bytes stack frame, 0 bytes spill stores, 0 bytes spill loads
  ptxas info    : Used 32 registers, 4 bytes smem
  ptxas info    : Compiling entry function '_ZN3cub17CUB_200302_900_NS11EmptyKernelIvEEvv' for 'sm_90a'
  ptxas info    : Function properties for _ZN3cub17CUB_200302_900_NS11EmptyKernelIvEEvv
      0 bytes stack frame, 0 bytes spill stores, 0 bytes spill loads
  ptxas info    : Used 4 registers
  /workspace/SuperGrok1.5/./csrc/algorithms/muon.h(76): warning #737-D: using-declaration ignored -- it refers to the current namespace
    using sg::algorithms::adamw_step;
          ^

  Remark: The warnings can be suppressed with "-diag-suppress <warning-number>"

  [27/56] /usr/local/sccache-shim/nvcc --generate-dependencies-with-compile --dependency-output /dev/shm/tmp/tmp9icn1kre.build-temp/csrc/fused/sm_90/mega_vit_supergrok15.o.d -DWITH_CUDA -DWITH_CUTLASS -I/workspace/SuperGrok1.5/. -I/workspace/SuperGrok1.5/csrc/bindings -I/workspace/SuperGrok1.5/csrc -I/workspace/SuperGrok1.5/third_party/cutlass/include -I/workspace/SuperGrok1.5/third_party/cutlass/tools/util/include -I/usr/local/lib/python3.11/dist-packages/torch/include -I/usr/local/lib/python3.11/dist-packages/torch/include/torch/csrc/api/include -I/usr/local/lib/python3.11/dist-packages/torch/include/TH -I/usr/local/lib/python3.11/dist-packages/torch/include/THC -I/usr/local/cuda/include -I/usr/include/python3.11 -c -c /workspace/SuperGrok1.5/csrc/fused/sm_90/mega_vit_supergrok15.cu -o /dev/shm/tmp/tmp9icn1kre.build-temp/csrc/fused/sm_90/mega_vit_supergrok15.o -D__CUDA_NO_HALF_OPERATORS__ -D__CUDA_NO_HALF_CONVERSIONS__ -D__CUDA_NO_BFLOAT16_CONVERSIONS__ -D__CUDA_NO_HALF2_OPERATORS__ --expt-relaxed-constexpr --compiler-options ''"'"'-fPIC'"'"'' -O3 -std=c++17 -DWITH_CUDA --expt-relaxed-constexpr -Xfatbin -compress-all -Xptxas --opt-level=3 -Xptxas -v -Xptxas --warn-on-spills --extra-device-vectorization -Xcompiler -fPIC -Xcompiler -fno-strict-aliasing -Xnvlink --suppress-stack-size-warning --resource-usage --default-stream per-thread --use_fast_math -DNDEBUG -lineinfo -gencode=arch=compute_90a,code=sm_90a -gencode=arch=compute_90,code=compute_90 -DWITH_CUTLASS -DCUTLASS_NVCC_ARCHS=90a -DTORCH_API_INCLUDE_EXTENSION_H '-DPYBIND11_COMPILER_TYPE="_gcc"' '-DPYBIND11_STDLIB="_libstdcpp"' '-DPYBIND11_BUILD_ABI="_cxxabi1011"' -DTORCH_EXTENSION_NAME=_ops -D_GLIBCXX_USE_CXX11_ABI=0
  /workspace/SuperGrok1.5/./csrc/algorithms/muon.h(76): warning #737-D: using-declaration ignored -- it refers to the current namespace
    using sg::algorithms::adamw_step;
          ^

  Remark: The warnings can be suppressed with "-diag-suppress <warning-number>"

  /workspace/SuperGrok1.5/./csrc/algorithms/muon.h(76): warning #737-D: using-declaration ignored -- it refers to the current namespace
    using sg::algorithms::adamw_step;
          ^

  Remark: The warnings can be suppressed with "-diag-suppress <warning-number>"

  ptxas info    : (C7508) Potential Performance Loss: 'setmaxnreg' ignored; unable to determine register count at entry.
  ptxas info    : (C7508) Potential Performance Loss: 'setmaxnreg' ignored; unable to determine register count at entry.
  ptxas info    : 23 bytes gmem
  ptxas info    : Compiling entry function '_ZN2sg5fused4sm9016fused_megakernelILNS1_7ModelIdE1ELNS1_5OptIdE9ELNS1_8FuseTierE3EEEvNS0_17PersistentContextEPfPKfS7_S7_PKiSB_fiNS1_13FusedOptStateE' for 'sm_90a'
  ptxas info    : Function properties for _ZN2sg5fused4sm9016fused_megakernelILNS1_7ModelIdE1ELNS1_5OptIdE9ELNS1_8FuseTierE3EEEvNS0_17PersistentContextEPfPKfS7_S7_PKiSB_fiNS1_13FusedOptStateE
      0 bytes stack frame, 0 bytes spill stores, 0 bytes spill loads
  ptxas info    : Used 32 registers, 4232 bytes smem
  ptxas info    : Compiling entry function '_ZN2sg5fused4sm9016fused_megakernelILNS1_7ModelIdE1ELNS1_5OptIdE9ELNS1_8FuseTierE1EEEvNS0_17PersistentContextEPfPKfS7_S7_PKiSB_fiNS1_13FusedOptStateE' for 'sm_90a'
  ptxas info    : Function properties for _ZN2sg5fused4sm9016fused_megakernelILNS1_7ModelIdE1ELNS1_5OptIdE9ELNS1_8FuseTierE1EEEvNS0_17PersistentContextEPfPKfS7_S7_PKiSB_fiNS1_13FusedOptStateE
      0 bytes stack frame, 0 bytes spill stores, 0 bytes spill loads
  ptxas info    : Used 30 registers, 4 bytes smem
  ptxas info    : Compiling entry function '_ZN3cub17CUB_200302_900_NS11EmptyKernelIvEEvv' for 'sm_90a'
  ptxas info    : Function properties for _ZN3cub17CUB_200302_900_NS11EmptyKernelIvEEvv
      0 bytes stack frame, 0 bytes spill stores, 0 bytes spill loads
  ptxas info    : Used 4 registers
  /workspace/SuperGrok1.5/./csrc/algorithms/muon.h(76): warning #737-D: using-declaration ignored -- it refers to the current namespace
    using sg::algorithms::adamw_step;
          ^

  Remark: The warnings can be suppressed with "-diag-suppress <warning-number>"

  [28/56] /usr/local/sccache-shim/nvcc --generate-dependencies-with-compile --dependency-output /dev/shm/tmp/tmp9icn1kre.build-temp/csrc/fused/sm_90/mega_vit_supergrok11.o.d -DWITH_CUDA -DWITH_CUTLASS -I/workspace/SuperGrok1.5/. -I/workspace/SuperGrok1.5/csrc/bindings -I/workspace/SuperGrok1.5/csrc -I/workspace/SuperGrok1.5/third_party/cutlass/include -I/workspace/SuperGrok1.5/third_party/cutlass/tools/util/include -I/usr/local/lib/python3.11/dist-packages/torch/include -I/usr/local/lib/python3.11/dist-packages/torch/include/torch/csrc/api/include -I/usr/local/lib/python3.11/dist-packages/torch/include/TH -I/usr/local/lib/python3.11/dist-packages/torch/include/THC -I/usr/local/cuda/include -I/usr/include/python3.11 -c -c /workspace/SuperGrok1.5/csrc/fused/sm_90/mega_vit_supergrok11.cu -o /dev/shm/tmp/tmp9icn1kre.build-temp/csrc/fused/sm_90/mega_vit_supergrok11.o -D__CUDA_NO_HALF_OPERATORS__ -D__CUDA_NO_HALF_CONVERSIONS__ -D__CUDA_NO_BFLOAT16_CONVERSIONS__ -D__CUDA_NO_HALF2_OPERATORS__ --expt-relaxed-constexpr --compiler-options ''"'"'-fPIC'"'"'' -O3 -std=c++17 -DWITH_CUDA --expt-relaxed-constexpr -Xfatbin -compress-all -Xptxas --opt-level=3 -Xptxas -v -Xptxas --warn-on-spills --extra-device-vectorization -Xcompiler -fPIC -Xcompiler -fno-strict-aliasing -Xnvlink --suppress-stack-size-warning --resource-usage --default-stream per-thread --use_fast_math -DNDEBUG -lineinfo -gencode=arch=compute_90a,code=sm_90a -gencode=arch=compute_90,code=compute_90 -DWITH_CUTLASS -DCUTLASS_NVCC_ARCHS=90a -DTORCH_API_INCLUDE_EXTENSION_H '-DPYBIND11_COMPILER_TYPE="_gcc"' '-DPYBIND11_STDLIB="_libstdcpp"' '-DPYBIND11_BUILD_ABI="_cxxabi1011"' -DTORCH_EXTENSION_NAME=_ops -D_GLIBCXX_USE_CXX11_ABI=0
  /workspace/SuperGrok1.5/./csrc/algorithms/muon.h(76): warning #737-D: using-declaration ignored -- it refers to the current namespace
    using sg::algorithms::adamw_step;
          ^

  Remark: The warnings can be suppressed with "-diag-suppress <warning-number>"

  /workspace/SuperGrok1.5/./csrc/algorithms/muon.h(76): warning #737-D: using-declaration ignored -- it refers to the current namespace
    using sg::algorithms::adamw_step;
          ^

  Remark: The warnings can be suppressed with "-diag-suppress <warning-number>"

  ptxas info    : (C7508) Potential Performance Loss: 'setmaxnreg' ignored; unable to determine register count at entry.
  ptxas info    : (C7508) Potential Performance Loss: 'setmaxnreg' ignored; unable to determine register count at entry.
  ptxas info    : 23 bytes gmem
  ptxas info    : Compiling entry function '_ZN2sg5fused4sm9016fused_megakernelILNS1_7ModelIdE1ELNS1_5OptIdE8ELNS1_8FuseTierE3EEEvNS0_17PersistentContextEPfPKfS7_S7_PKiSB_fiNS1_13FusedOptStateE' for 'sm_90a'
  ptxas info    : Function properties for _ZN2sg5fused4sm9016fused_megakernelILNS1_7ModelIdE1ELNS1_5OptIdE8ELNS1_8FuseTierE3EEEvNS0_17PersistentContextEPfPKfS7_S7_PKiSB_fiNS1_13FusedOptStateE
      0 bytes stack frame, 0 bytes spill stores, 0 bytes spill loads
  ptxas info    : Used 40 registers, 4232 bytes smem
  ptxas info    : Compiling entry function '_ZN2sg5fused4sm9016fused_megakernelILNS1_7ModelIdE1ELNS1_5OptIdE8ELNS1_8FuseTierE1EEEvNS0_17PersistentContextEPfPKfS7_S7_PKiSB_fiNS1_13FusedOptStateE' for 'sm_90a'
  ptxas info    : Function properties for _ZN2sg5fused4sm9016fused_megakernelILNS1_7ModelIdE1ELNS1_5OptIdE8ELNS1_8FuseTierE1EEEvNS0_17PersistentContextEPfPKfS7_S7_PKiSB_fiNS1_13FusedOptStateE
      0 bytes stack frame, 0 bytes spill stores, 0 bytes spill loads
  ptxas info    : Used 32 registers, 4 bytes smem
  ptxas info    : Compiling entry function '_ZN3cub17CUB_200302_900_NS11EmptyKernelIvEEvv' for 'sm_90a'
  ptxas info    : Function properties for _ZN3cub17CUB_200302_900_NS11EmptyKernelIvEEvv
      0 bytes stack frame, 0 bytes spill stores, 0 bytes spill loads
  ptxas info    : Used 4 registers
  /workspace/SuperGrok1.5/./csrc/algorithms/muon.h(76): warning #737-D: using-declaration ignored -- it refers to the current namespace
    using sg::algorithms::adamw_step;
          ^

  Remark: The warnings can be suppressed with "-diag-suppress <warning-number>"

  [29/56] /usr/local/sccache-shim/nvcc --generate-dependencies-with-compile --dependency-output /dev/shm/tmp/tmp9icn1kre.build-temp/csrc/backends/cuda/sm_90/launch_looksam.o.d -DWITH_CUDA -DWITH_CUTLASS -I/workspace/SuperGrok1.5/. -I/workspace/SuperGrok1.5/csrc/bindings -I/workspace/SuperGrok1.5/csrc -I/workspace/SuperGrok1.5/third_party/cutlass/include -I/workspace/SuperGrok1.5/third_party/cutlass/tools/util/include -I/usr/local/lib/python3.11/dist-packages/torch/include -I/usr/local/lib/python3.11/dist-packages/torch/include/torch/csrc/api/include -I/usr/local/lib/python3.11/dist-packages/torch/include/TH -I/usr/local/lib/python3.11/dist-packages/torch/include/THC -I/usr/local/cuda/include -I/usr/include/python3.11 -c -c /workspace/SuperGrok1.5/csrc/backends/cuda/sm_90/launch_looksam.cu -o /dev/shm/tmp/tmp9icn1kre.build-temp/csrc/backends/cuda/sm_90/launch_looksam.o -D__CUDA_NO_HALF_OPERATORS__ -D__CUDA_NO_HALF_CONVERSIONS__ -D__CUDA_NO_BFLOAT16_CONVERSIONS__ -D__CUDA_NO_HALF2_OPERATORS__ --expt-relaxed-constexpr --compiler-options ''"'"'-fPIC'"'"'' -O3 -std=c++17 -DWITH_CUDA --expt-relaxed-constexpr -Xfatbin -compress-all -Xptxas --opt-level=3 -Xptxas -v -Xptxas --warn-on-spills --extra-device-vectorization -Xcompiler -fPIC -Xcompiler -fno-strict-aliasing -Xnvlink --suppress-stack-size-warning --resource-usage --default-stream per-thread --use_fast_math -DNDEBUG -lineinfo -gencode=arch=compute_90a,code=sm_90a -gencode=arch=compute_90,code=compute_90 -DWITH_CUTLASS -DCUTLASS_NVCC_ARCHS=90a -DTORCH_API_INCLUDE_EXTENSION_H '-DPYBIND11_COMPILER_TYPE="_gcc"' '-DPYBIND11_STDLIB="_libstdcpp"' '-DPYBIND11_BUILD_ABI="_cxxabi1011"' -DTORCH_EXTENSION_NAME=_ops -D_GLIBCXX_USE_CXX11_ABI=0
  ptxas info    : 23 bytes gmem
  ptxas info    : Compiling entry function '_ZN2sg4sm9031looksam_direction_adjust_kernelEPfPKffffl' for 'sm_90a'
  ptxas info    : Function properties for _ZN2sg4sm9031looksam_direction_adjust_kernelEPfPKffffl
      0 bytes stack frame, 0 bytes spill stores, 0 bytes spill loads
  ptxas info    : Used 28 registers
  ptxas info    : Compiling entry function '_ZN2sg4sm9020looksam_apply_kernelIN3c108BFloat16ES3_Li1EEEvPT_PfS6_PKfPKT0_ffffffffl' for 'sm_90a'
  ptxas info    : Function properties for _ZN2sg4sm9020looksam_apply_kernelIN3c108BFloat16ES3_Li1EEEvPT_PfS6_PKfPKT0_ffffffffl
      0 bytes stack frame, 0 bytes spill stores, 0 bytes spill loads
  ptxas info    : Used 24 registers
  ptxas info    : Compiling entry function '_ZN2sg4sm9020looksam_apply_kernelIN3c104HalfES3_Li1EEEvPT_PfS6_PKfPKT0_ffffffffl' for 'sm_90a'
  ptxas info    : Function properties for _ZN2sg4sm9020looksam_apply_kernelIN3c104HalfES3_Li1EEEvPT_PfS6_PKfPKT0_ffffffffl
      0 bytes stack frame, 0 bytes spill stores, 0 bytes spill loads
  ptxas info    : Used 24 registers
  ptxas info    : Compiling entry function '_ZN2sg4sm9020looksam_apply_kernelIffLi1EEEvPT_PfS4_PKfPKT0_ffffffffl' for 'sm_90a'
  ptxas info    : Function properties for _ZN2sg4sm9020looksam_apply_kernelIffLi1EEEvPT_PfS4_PKfPKT0_ffffffffl
      0 bytes stack frame, 0 bytes spill stores, 0 bytes spill loads
  ptxas info    : Used 40 registers
  ptxas info    : Compiling entry function '_ZN2sg4sm9020looksam_apply_kernelIddLi1EEEvPT_PfS4_PKfPKT0_ffffffffl' for 'sm_90a'
  ptxas info    : Function properties for _ZN2sg4sm9020looksam_apply_kernelIddLi1EEEvPT_PfS4_PKfPKT0_ffffffffl
      0 bytes stack frame, 0 bytes spill stores, 0 bytes spill loads
  ptxas info    : Used 40 registers
  ptxas info    : Compiling entry function '_ZN2sg4sm9028looksam_set_direction_kernelIN3c108BFloat16EEEvPfPKT_S7_l' for 'sm_90a'
  ptxas info    : Function properties for _ZN2sg4sm9028looksam_set_direction_kernelIN3c108BFloat16EEEvPfPKT_S7_l
      0 bytes stack frame, 0 bytes spill stores, 0 bytes spill loads
  ptxas info    : Used 14 registers
  ptxas info    : Compiling entry function '_ZN2sg4sm9028looksam_set_direction_kernelIN3c104HalfEEEvPfPKT_S7_l' for 'sm_90a'
  ptxas info    : Function properties for _ZN2sg4sm9028looksam_set_direction_kernelIN3c104HalfEEEvPfPKT_S7_l
      0 bytes stack frame, 0 bytes spill stores, 0 bytes spill loads
  ptxas info    : Used 14 registers
  ptxas info    : Compiling entry function '_ZN2sg4sm9028looksam_set_direction_kernelIfEEvPfPKT_S5_l' for 'sm_90a'
  ptxas info    : Function properties for _ZN2sg4sm9028looksam_set_direction_kernelIfEEvPfPKT_S5_l
      0 bytes stack frame, 0 bytes spill stores, 0 bytes spill loads
  ptxas info    : Used 32 registers
  ptxas info    : Compiling entry function '_ZN2sg4sm9028looksam_set_direction_kernelIdEEvPfPKT_S5_l' for 'sm_90a'
  ptxas info    : Function properties for _ZN2sg4sm9028looksam_set_direction_kernelIdEEvPfPKT_S5_l
      0 bytes stack frame, 0 bytes spill stores, 0 bytes spill loads
  ptxas info    : Used 40 registers
  ptxas info    : Compiling entry function '_ZN2sg4sm9022looksam_restore_kernelIN3c108BFloat16EEEvPT_PKS4_l' for 'sm_90a'
  ptxas info    : Function properties for _ZN2sg4sm9022looksam_restore_kernelIN3c108BFloat16EEEvPT_PKS4_l
      0 bytes stack frame, 0 bytes spill stores, 0 bytes spill loads
  ptxas info    : Used 26 registers
  ptxas info    : Compiling entry function '_ZN2sg4sm9022looksam_restore_kernelIN3c104HalfEEEvPT_PKS4_l' for 'sm_90a'
  ptxas info    : Function properties for _ZN2sg4sm9022looksam_restore_kernelIN3c104HalfEEEvPT_PKS4_l
      0 bytes stack frame, 0 bytes spill stores, 0 bytes spill loads
  ptxas info    : Used 26 registers
  ptxas info    : Compiling entry function '_ZN2sg4sm9022looksam_restore_kernelIfEEvPT_PKS2_l' for 'sm_90a'
  ptxas info    : Function properties for _ZN2sg4sm9022looksam_restore_kernelIfEEvPT_PKS2_l
      0 bytes stack frame, 0 bytes spill stores, 0 bytes spill loads
  ptxas info    : Used 32 registers
  ptxas info    : Compiling entry function '_ZN2sg4sm9022looksam_restore_kernelIdEEvPT_PKS2_l' for 'sm_90a'
  ptxas info    : Function properties for _ZN2sg4sm9022looksam_restore_kernelIdEEvPT_PKS2_l
      0 bytes stack frame, 0 bytes spill stores, 0 bytes spill loads
  ptxas info    : Used 32 registers
  ptxas info    : Compiling entry function '_ZN2sg4sm9022looksam_perturb_kernelIN3c108BFloat16ES3_EEvPT_S5_PKT0_fl' for 'sm_90a'
  ptxas info    : Function properties for _ZN2sg4sm9022looksam_perturb_kernelIN3c108BFloat16ES3_EEvPT_S5_PKT0_fl
      0 bytes stack frame, 0 bytes spill stores, 0 bytes spill loads
  ptxas info    : Used 15 registers
  ptxas info    : Compiling entry function '_ZN2sg4sm9022looksam_perturb_kernelIN3c104HalfES3_EEvPT_S5_PKT0_fl' for 'sm_90a'
  ptxas info    : Function properties for _ZN2sg4sm9022looksam_perturb_kernelIN3c104HalfES3_EEvPT_S5_PKT0_fl
      0 bytes stack frame, 0 bytes spill stores, 0 bytes spill loads
  ptxas info    : Used 15 registers
  ptxas info    : Compiling entry function '_ZN2sg4sm9022looksam_perturb_kernelIffEEvPT_S3_PKT0_fl' for 'sm_90a'
  ptxas info    : Function properties for _ZN2sg4sm9022looksam_perturb_kernelIffEEvPT_S3_PKT0_fl
      0 bytes stack frame, 0 bytes spill stores, 0 bytes spill loads
  ptxas info    : Used 26 registers
  ptxas info    : Compiling entry function '_ZN2sg4sm9022looksam_perturb_kernelIddEEvPT_S3_PKT0_fl' for 'sm_90a'
  ptxas info    : Function properties for _ZN2sg4sm9022looksam_perturb_kernelIddEEvPT_S3_PKT0_fl
      0 bytes stack frame, 0 bytes spill stores, 0 bytes spill loads
  ptxas info    : Used 28 registers
  ptxas info    : Compiling entry function '_ZN2sg4sm9030looksam_apply_kernel_vec4_fp32EP6float4S2_S2_PKS1_S4_ffffffffl' for 'sm_90a'
  ptxas info    : Function properties for _ZN2sg4sm9030looksam_apply_kernel_vec4_fp32EP6float4S2_S2_PKS1_S4_ffffffffl
      0 bytes stack frame, 0 bytes spill stores, 0 bytes spill loads
  ptxas info    : Used 44 registers
  ptxas info    : Compiling entry function '_ZN3cub17CUB_200302_900_NS11EmptyKernelIvEEvv' for 'sm_90a'
  ptxas info    : Function properties for _ZN3cub17CUB_200302_900_NS11EmptyKernelIvEEvv
      0 bytes stack frame, 0 bytes spill stores, 0 bytes spill loads
  ptxas info    : Used 4 registers
  [30/56] /usr/local/sccache-shim/nvcc --generate-dependencies-with-compile --dependency-output /dev/shm/tmp/tmp9icn1kre.build-temp/csrc/backends/cuda/sm_90/launch_supergrok11.o.d -DWITH_CUDA -DWITH_CUTLASS -I/workspace/SuperGrok1.5/. -I/workspace/SuperGrok1.5/csrc/bindings -I/workspace/SuperGrok1.5/csrc -I/workspace/SuperGrok1.5/third_party/cutlass/include -I/workspace/SuperGrok1.5/third_party/cutlass/tools/util/include -I/usr/local/lib/python3.11/dist-packages/torch/include -I/usr/local/lib/python3.11/dist-packages/torch/include/torch/csrc/api/include -I/usr/local/lib/python3.11/dist-packages/torch/include/TH -I/usr/local/lib/python3.11/dist-packages/torch/include/THC -I/usr/local/cuda/include -I/usr/include/python3.11 -c -c /workspace/SuperGrok1.5/csrc/backends/cuda/sm_90/launch_supergrok11.cu -o /dev/shm/tmp/tmp9icn1kre.build-temp/csrc/backends/cuda/sm_90/launch_supergrok11.o -D__CUDA_NO_HALF_OPERATORS__ -D__CUDA_NO_HALF_CONVERSIONS__ -D__CUDA_NO_BFLOAT16_CONVERSIONS__ -D__CUDA_NO_HALF2_OPERATORS__ --expt-relaxed-constexpr --compiler-options ''"'"'-fPIC'"'"'' -O3 -std=c++17 -DWITH_CUDA --expt-relaxed-constexpr -Xfatbin -compress-all -Xptxas --opt-level=3 -Xptxas -v -Xptxas --warn-on-spills --extra-device-vectorization -Xcompiler -fPIC -Xcompiler -fno-strict-aliasing -Xnvlink --suppress-stack-size-warning --resource-usage --default-stream per-thread --use_fast_math -DNDEBUG -lineinfo -gencode=arch=compute_90a,code=sm_90a -gencode=arch=compute_90,code=compute_90 -DWITH_CUTLASS -DCUTLASS_NVCC_ARCHS=90a -DTORCH_API_INCLUDE_EXTENSION_H '-DPYBIND11_COMPILER_TYPE="_gcc"' '-DPYBIND11_STDLIB="_libstdcpp"' '-DPYBIND11_BUILD_ABI="_cxxabi1011"' -DTORCH_EXTENSION_NAME=_ops -D_GLIBCXX_USE_CXX11_ABI=0
  ptxas warning : Registers are spilled to local memory in function '_ZN2sg4sm9022sg11_mu_metanet_kernelIN3c108BFloat16EEEvPfPKT_PKfS4_fS9_S9_S9_ffl', 108 bytes spill stores, 108 bytes spill loads
  ptxas warning : Registers are spilled to local memory in function '_ZN2sg4sm9022sg11_mu_metanet_kernelIN3c104HalfEEEvPfPKT_PKfS4_fS9_S9_S9_ffl', 108 bytes spill stores, 108 bytes spill loads
  ptxas warning : Registers are spilled to local memory in function '_ZN2sg4sm9022sg11_mu_metanet_kernelIfEEvPfPKT_PKfS2_fS7_S7_S7_ffl', 108 bytes spill stores, 108 bytes spill loads
  ptxas warning : Registers are spilled to local memory in function '_ZN2sg4sm9022sg11_mu_metanet_kernelIdEEvPfPKT_PKfS2_fS7_S7_S7_ffl', 108 bytes spill stores, 108 bytes spill loads
  ptxas info    : 23 bytes gmem
  ptxas info    : Compiling entry function '_ZN2sg4sm9029sg11_sharpness_restore_kernelIN3c108BFloat16EEEvPT_PfPKS4_S8_S8_l' for 'sm_90a'
  ptxas info    : Function properties for _ZN2sg4sm9029sg11_sharpness_restore_kernelIN3c108BFloat16EEEvPT_PfPKS4_S8_S8_l
      0 bytes stack frame, 0 bytes spill stores, 0 bytes spill loads
  ptxas info    : Used 18 registers
  ptxas info    : Compiling entry function '_ZN2sg4sm9029sg11_sharpness_restore_kernelIN3c104HalfEEEvPT_PfPKS4_S8_S8_l' for 'sm_90a'
  ptxas info    : Function properties for _ZN2sg4sm9029sg11_sharpness_restore_kernelIN3c104HalfEEEvPT_PfPKS4_S8_S8_l
      0 bytes stack frame, 0 bytes spill stores, 0 bytes spill loads
  ptxas info    : Used 18 registers
  ptxas info    : Compiling entry function '_ZN2sg4sm9029sg11_sharpness_restore_kernelIfEEvPT_PfPKS2_S6_S6_l' for 'sm_90a'
  ptxas info    : Function properties for _ZN2sg4sm9029sg11_sharpness_restore_kernelIfEEvPT_PfPKS2_S6_S6_l
      0 bytes stack frame, 0 bytes spill stores, 0 bytes spill loads
  ptxas info    : Used 32 registers
  ptxas info    : Compiling entry function '_ZN2sg4sm9029sg11_sharpness_restore_kernelIdEEvPT_PfPKS2_S6_S6_l' for 'sm_90a'
  ptxas info    : Function properties for _ZN2sg4sm9029sg11_sharpness_restore_kernelIdEEvPT_PfPKS2_S6_S6_l
      0 bytes stack frame, 0 bytes spill stores, 0 bytes spill loads
  ptxas info    : Used 32 registers
  ptxas info    : Compiling entry function '_ZN2sg4sm9023sg11_sam_perturb_kernelIN3c108BFloat16EEEvPT_PKS4_fl' for 'sm_90a'
  ptxas info    : Function properties for _ZN2sg4sm9023sg11_sam_perturb_kernelIN3c108BFloat16EEEvPT_PKS4_fl
      0 bytes stack frame, 0 bytes spill stores, 0 bytes spill loads
  ptxas info    : Used 12 registers
  ptxas info    : Compiling entry function '_ZN2sg4sm9023sg11_sam_perturb_kernelIN3c104HalfEEEvPT_PKS4_fl' for 'sm_90a'
  ptxas info    : Function properties for _ZN2sg4sm9023sg11_sam_perturb_kernelIN3c104HalfEEEvPT_PKS4_fl
      0 bytes stack frame, 0 bytes spill stores, 0 bytes spill loads
  ptxas info    : Used 12 registers
  ptxas info    : Compiling entry function '_ZN2sg4sm9023sg11_sam_perturb_kernelIfEEvPT_PKS2_fl' for 'sm_90a'
  ptxas info    : Function properties for _ZN2sg4sm9023sg11_sam_perturb_kernelIfEEvPT_PKS2_fl
      0 bytes stack frame, 0 bytes spill stores, 0 bytes spill loads
  ptxas info    : Used 26 registers
  ptxas info    : Compiling entry function '_ZN2sg4sm9023sg11_sam_perturb_kernelIdEEvPT_PKS2_fl' for 'sm_90a'
  ptxas info    : Function properties for _ZN2sg4sm9023sg11_sam_perturb_kernelIdEEvPT_PKS2_fl
      0 bytes stack frame, 0 bytes spill stores, 0 bytes spill loads
  ptxas info    : Used 23 registers
  ptxas info    : Compiling entry function '_ZN2sg4sm9022sg11_adam_decay_kernelEPfS1_S1_PKfS3_ffffffffl' for 'sm_90a'
  ptxas info    : Function properties for _ZN2sg4sm9022sg11_adam_decay_kernelEPfS1_S1_PKfS3_ffffffffl
      0 bytes stack frame, 0 bytes spill stores, 0 bytes spill loads
  ptxas info    : Used 32 registers
  ptxas info    : Compiling entry function '_ZN2sg4sm9022sg11_mu_metanet_kernelIN3c108BFloat16EEEvPfPKT_PKfS4_fS9_S9_S9_ffl' for 'sm_90a'
  ptxas info    : Function properties for _ZN2sg4sm9022sg11_mu_metanet_kernelIN3c108BFloat16EEEvPfPKT_PKfS4_fS9_S9_S9_ffl
      112 bytes stack frame, 108 bytes spill stores, 108 bytes spill loads
  ptxas info    : Used 64 registers, 112 bytes cumulative stack size, 512 bytes smem
  ptxas info    : Compiling entry function '_ZN2sg4sm9022sg11_mu_metanet_kernelIN3c104HalfEEEvPfPKT_PKfS4_fS9_S9_S9_ffl' for 'sm_90a'
  ptxas info    : Function properties for _ZN2sg4sm9022sg11_mu_metanet_kernelIN3c104HalfEEEvPfPKT_PKfS4_fS9_S9_S9_ffl
      112 bytes stack frame, 108 bytes spill stores, 108 bytes spill loads
  ptxas info    : Used 64 registers, 112 bytes cumulative stack size, 512 bytes smem
  ptxas info    : Compiling entry function '_ZN2sg4sm9022sg11_mu_metanet_kernelIfEEvPfPKT_PKfS2_fS7_S7_S7_ffl' for 'sm_90a'
  ptxas info    : Function properties for _ZN2sg4sm9022sg11_mu_metanet_kernelIfEEvPfPKT_PKfS2_fS7_S7_S7_ffl
      112 bytes stack frame, 108 bytes spill stores, 108 bytes spill loads
  ptxas info    : Used 64 registers, 112 bytes cumulative stack size, 512 bytes smem
  ptxas info    : Compiling entry function '_ZN2sg4sm9022sg11_mu_metanet_kernelIdEEvPfPKT_PKfS2_fS7_S7_S7_ffl' for 'sm_90a'
  ptxas info    : Function properties for _ZN2sg4sm9022sg11_mu_metanet_kernelIdEEvPfPKT_PKfS2_fS7_S7_S7_ffl
      112 bytes stack frame, 108 bytes spill stores, 108 bytes spill loads
  ptxas info    : Used 64 registers, 112 bytes cumulative stack size, 512 bytes smem
  ptxas info    : Compiling entry function '_ZN3cub17CUB_200302_900_NS11EmptyKernelIvEEvv' for 'sm_90a'
  ptxas info    : Function properties for _ZN3cub17CUB_200302_900_NS11EmptyKernelIvEEvv
      0 bytes stack frame, 0 bytes spill stores, 0 bytes spill loads
  ptxas info    : Used 4 registers
  [31/56] /usr/local/sccache-shim/nvcc --generate-dependencies-with-compile --dependency-output /dev/shm/tmp/tmp9icn1kre.build-temp/csrc/backends/cuda/sm_90/launch_adamw.o.d -DWITH_CUDA -DWITH_CUTLASS -I/workspace/SuperGrok1.5/. -I/workspace/SuperGrok1.5/csrc/bindings -I/workspace/SuperGrok1.5/csrc -I/workspace/SuperGrok1.5/third_party/cutlass/include -I/workspace/SuperGrok1.5/third_party/cutlass/tools/util/include -I/usr/local/lib/python3.11/dist-packages/torch/include -I/usr/local/lib/python3.11/dist-packages/torch/include/torch/csrc/api/include -I/usr/local/lib/python3.11/dist-packages/torch/include/TH -I/usr/local/lib/python3.11/dist-packages/torch/include/THC -I/usr/local/cuda/include -I/usr/include/python3.11 -c -c /workspace/SuperGrok1.5/csrc/backends/cuda/sm_90/launch_adamw.cu -o /dev/shm/tmp/tmp9icn1kre.build-temp/csrc/backends/cuda/sm_90/launch_adamw.o -D__CUDA_NO_HALF_OPERATORS__ -D__CUDA_NO_HALF_CONVERSIONS__ -D__CUDA_NO_BFLOAT16_CONVERSIONS__ -D__CUDA_NO_HALF2_OPERATORS__ --expt-relaxed-constexpr --compiler-options ''"'"'-fPIC'"'"'' -O3 -std=c++17 -DWITH_CUDA --expt-relaxed-constexpr -Xfatbin -compress-all -Xptxas --opt-level=3 -Xptxas -v -Xptxas --warn-on-spills --extra-device-vectorization -Xcompiler -fPIC -Xcompiler -fno-strict-aliasing -Xnvlink --suppress-stack-size-warning --resource-usage --default-stream per-thread --use_fast_math -DNDEBUG -lineinfo -gencode=arch=compute_90a,code=sm_90a -gencode=arch=compute_90,code=compute_90 -DWITH_CUTLASS -DCUTLASS_NVCC_ARCHS=90a -DTORCH_API_INCLUDE_EXTENSION_H '-DPYBIND11_COMPILER_TYPE="_gcc"' '-DPYBIND11_STDLIB="_libstdcpp"' '-DPYBIND11_BUILD_ABI="_cxxabi1011"' -DTORCH_EXTENSION_NAME=_ops -D_GLIBCXX_USE_CXX11_ABI=0
  ptxas info    : 23 bytes gmem
  ptxas info    : Compiling entry function '_ZN2sg4sm9012adamw_kernelIN3c108BFloat16ES3_Li1EEEvPT_PfS6_PKT0_fffffffl' for 'sm_90a'
  ptxas info    : Function properties for _ZN2sg4sm9012adamw_kernelIN3c108BFloat16ES3_Li1EEEvPT_PfS6_PKT0_fffffffl
      0 bytes stack frame, 0 bytes spill stores, 0 bytes spill loads
  ptxas info    : Used 23 registers
  ptxas info    : Compiling entry function '_ZN2sg4sm9012adamw_kernelIN3c104HalfES3_Li1EEEvPT_PfS6_PKT0_fffffffl' for 'sm_90a'
  ptxas info    : Function properties for _ZN2sg4sm9012adamw_kernelIN3c104HalfES3_Li1EEEvPT_PfS6_PKT0_fffffffl
      0 bytes stack frame, 0 bytes spill stores, 0 bytes spill loads
  ptxas info    : Used 23 registers
  ptxas info    : Compiling entry function '_ZN2sg4sm9012adamw_kernelIffLi1EEEvPT_PfS4_PKT0_fffffffl' for 'sm_90a'
  ptxas info    : Function properties for _ZN2sg4sm9012adamw_kernelIffLi1EEEvPT_PfS4_PKT0_fffffffl
      0 bytes stack frame, 0 bytes spill stores, 0 bytes spill loads
  ptxas info    : Used 38 registers
  ptxas info    : Compiling entry function '_ZN2sg4sm9012adamw_kernelIddLi1EEEvPT_PfS4_PKT0_fffffffl' for 'sm_90a'
  ptxas info    : Function properties for _ZN2sg4sm9012adamw_kernelIddLi1EEEvPT_PfS4_PKT0_fffffffl
      0 bytes stack frame, 0 bytes spill stores, 0 bytes spill loads
  ptxas info    : Used 40 registers
  ptxas info    : Compiling entry function '_ZN2sg4sm9022adamw_kernel_vec4_fp32EP6float4S2_S2_PKS1_fffffffl' for 'sm_90a'
  ptxas info    : Function properties for _ZN2sg4sm9022adamw_kernel_vec4_fp32EP6float4S2_S2_PKS1_fffffffl
      0 bytes stack frame, 0 bytes spill stores, 0 bytes spill loads
  ptxas info    : Used 40 registers
  ptxas info    : Compiling entry function '_ZN3cub17CUB_200302_900_NS11EmptyKernelIvEEvv' for 'sm_90a'
  ptxas info    : Function properties for _ZN3cub17CUB_200302_900_NS11EmptyKernelIvEEvv
      0 bytes stack frame, 0 bytes spill stores, 0 bytes spill loads
  ptxas info    : Used 4 registers
  [32/56] /usr/local/sccache-shim/nvcc --generate-dependencies-with-compile --dependency-output /dev/shm/tmp/tmp9icn1kre.build-temp/csrc/fused/sm_90/mega_transformer_decoder_prodigy.o.d -DWITH_CUDA -DWITH_CUTLASS -I/workspace/SuperGrok1.5/. -I/workspace/SuperGrok1.5/csrc/bindings -I/workspace/SuperGrok1.5/csrc -I/workspace/SuperGrok1.5/third_party/cutlass/include -I/workspace/SuperGrok1.5/third_party/cutlass/tools/util/include -I/usr/local/lib/python3.11/dist-packages/torch/include -I/usr/local/lib/python3.11/dist-packages/torch/include/torch/csrc/api/include -I/usr/local/lib/python3.11/dist-packages/torch/include/TH -I/usr/local/lib/python3.11/dist-packages/torch/include/THC -I/usr/local/cuda/include -I/usr/include/python3.11 -c -c /workspace/SuperGrok1.5/csrc/fused/sm_90/mega_transformer_decoder_prodigy.cu -o /dev/shm/tmp/tmp9icn1kre.build-temp/csrc/fused/sm_90/mega_transformer_decoder_prodigy.o -D__CUDA_NO_HALF_OPERATORS__ -D__CUDA_NO_HALF_CONVERSIONS__ -D__CUDA_NO_BFLOAT16_CONVERSIONS__ -D__CUDA_NO_HALF2_OPERATORS__ --expt-relaxed-constexpr --compiler-options ''"'"'-fPIC'"'"'' -O3 -std=c++17 -DWITH_CUDA --expt-relaxed-constexpr -Xfatbin -compress-all -Xptxas --opt-level=3 -Xptxas -v -Xptxas --warn-on-spills --extra-device-vectorization -Xcompiler -fPIC -Xcompiler -fno-strict-aliasing -Xnvlink --suppress-stack-size-warning --resource-usage --default-stream per-thread --use_fast_math -DNDEBUG -lineinfo -gencode=arch=compute_90a,code=sm_90a -gencode=arch=compute_90,code=compute_90 -DWITH_CUTLASS -DCUTLASS_NVCC_ARCHS=90a -DTORCH_API_INCLUDE_EXTENSION_H '-DPYBIND11_COMPILER_TYPE="_gcc"' '-DPYBIND11_STDLIB="_libstdcpp"' '-DPYBIND11_BUILD_ABI="_cxxabi1011"' -DTORCH_EXTENSION_NAME=_ops -D_GLIBCXX_USE_CXX11_ABI=0
  /workspace/SuperGrok1.5/./csrc/algorithms/muon.h(76): warning #737-D: using-declaration ignored -- it refers to the current namespace
    using sg::algorithms::adamw_step;
          ^

  Remark: The warnings can be suppressed with "-diag-suppress <warning-number>"

  /workspace/SuperGrok1.5/./csrc/algorithms/muon.h(76): warning #737-D: using-declaration ignored -- it refers to the current namespace
    using sg::algorithms::adamw_step;
          ^

  Remark: The warnings can be suppressed with "-diag-suppress <warning-number>"

  ptxas info    : (C7508) Potential Performance Loss: 'setmaxnreg' ignored; unable to determine register count at entry.
  ptxas info    : (C7508) Potential Performance Loss: 'setmaxnreg' ignored; unable to determine register count at entry.
  ptxas info    : 23 bytes gmem
  ptxas info    : Compiling entry function '_ZN2sg5fused4sm9016fused_megakernelILNS1_7ModelIdE0ELNS1_5OptIdE5ELNS1_8FuseTierE3EEEvNS0_17PersistentContextEPfPKfS7_S7_PKiSB_fiNS1_13FusedOptStateE' for 'sm_90a'
  ptxas info    : Function properties for _ZN2sg5fused4sm9016fused_megakernelILNS1_7ModelIdE0ELNS1_5OptIdE5ELNS1_8FuseTierE3EEEvNS0_17PersistentContextEPfPKfS7_S7_PKiSB_fiNS1_13FusedOptStateE
      0 bytes stack frame, 0 bytes spill stores, 0 bytes spill loads
  ptxas info    : Used 32 registers, 4232 bytes smem
  ptxas info    : Compiling entry function '_ZN2sg5fused4sm9016fused_megakernelILNS1_7ModelIdE0ELNS1_5OptIdE5ELNS1_8FuseTierE1EEEvNS0_17PersistentContextEPfPKfS7_S7_PKiSB_fiNS1_13FusedOptStateE' for 'sm_90a'
  ptxas info    : Function properties for _ZN2sg5fused4sm9016fused_megakernelILNS1_7ModelIdE0ELNS1_5OptIdE5ELNS1_8FuseTierE1EEEvNS0_17PersistentContextEPfPKfS7_S7_PKiSB_fiNS1_13FusedOptStateE
      0 bytes stack frame, 0 bytes spill stores, 0 bytes spill loads
  ptxas info    : Used 30 registers, 4 bytes smem
  ptxas info    : Compiling entry function '_ZN3cub17CUB_200302_900_NS11EmptyKernelIvEEvv' for 'sm_90a'
  ptxas info    : Function properties for _ZN3cub17CUB_200302_900_NS11EmptyKernelIvEEvv
      0 bytes stack frame, 0 bytes spill stores, 0 bytes spill loads
  ptxas info    : Used 4 registers
  /workspace/SuperGrok1.5/./csrc/algorithms/muon.h(76): warning #737-D: using-declaration ignored -- it refers to the current namespace
    using sg::algorithms::adamw_step;
          ^

  Remark: The warnings can be suppressed with "-diag-suppress <warning-number>"

  [33/56] /usr/local/sccache-shim/nvcc --generate-dependencies-with-compile --dependency-output /dev/shm/tmp/tmp9icn1kre.build-temp/csrc/backends/cuda/sm_90/launch_prodigy.o.d -DWITH_CUDA -DWITH_CUTLASS -I/workspace/SuperGrok1.5/. -I/workspace/SuperGrok1.5/csrc/bindings -I/workspace/SuperGrok1.5/csrc -I/workspace/SuperGrok1.5/third_party/cutlass/include -I/workspace/SuperGrok1.5/third_party/cutlass/tools/util/include -I/usr/local/lib/python3.11/dist-packages/torch/include -I/usr/local/lib/python3.11/dist-packages/torch/include/torch/csrc/api/include -I/usr/local/lib/python3.11/dist-packages/torch/include/TH -I/usr/local/lib/python3.11/dist-packages/torch/include/THC -I/usr/local/cuda/include -I/usr/include/python3.11 -c -c /workspace/SuperGrok1.5/csrc/backends/cuda/sm_90/launch_prodigy.cu -o /dev/shm/tmp/tmp9icn1kre.build-temp/csrc/backends/cuda/sm_90/launch_prodigy.o -D__CUDA_NO_HALF_OPERATORS__ -D__CUDA_NO_HALF_CONVERSIONS__ -D__CUDA_NO_BFLOAT16_CONVERSIONS__ -D__CUDA_NO_HALF2_OPERATORS__ --expt-relaxed-constexpr --compiler-options ''"'"'-fPIC'"'"'' -O3 -std=c++17 -DWITH_CUDA --expt-relaxed-constexpr -Xfatbin -compress-all -Xptxas --opt-level=3 -Xptxas -v -Xptxas --warn-on-spills --extra-device-vectorization -Xcompiler -fPIC -Xcompiler -fno-strict-aliasing -Xnvlink --suppress-stack-size-warning --resource-usage --default-stream per-thread --use_fast_math -DNDEBUG -lineinfo -gencode=arch=compute_90a,code=sm_90a -gencode=arch=compute_90,code=compute_90 -DWITH_CUTLASS -DCUTLASS_NVCC_ARCHS=90a -DTORCH_API_INCLUDE_EXTENSION_H '-DPYBIND11_COMPILER_TYPE="_gcc"' '-DPYBIND11_STDLIB="_libstdcpp"' '-DPYBIND11_BUILD_ABI="_cxxabi1011"' -DTORCH_EXTENSION_NAME=_ops -D_GLIBCXX_USE_CXX11_ABI=0
  ptxas info    : 23 bytes gmem
  ptxas info    : Compiling entry function '_ZN2sg4sm9021prodigy_reduce_kernelIN3c108BFloat16ES3_EEvPKT_S6_PKT0_fPfSA_l' for 'sm_90a'
  ptxas info    : Function properties for _ZN2sg4sm9021prodigy_reduce_kernelIN3c108BFloat16ES3_EEvPKT_S6_PKT0_fPfSA_l
      0 bytes stack frame, 0 bytes spill stores, 0 bytes spill loads
  ptxas info    : Used 24 registers, 256 bytes smem
  ptxas info    : Compiling entry function '_ZN2sg4sm9021prodigy_reduce_kernelIN3c104HalfES3_EEvPKT_S6_PKT0_fPfSA_l' for 'sm_90a'
  ptxas info    : Function properties for _ZN2sg4sm9021prodigy_reduce_kernelIN3c104HalfES3_EEvPKT_S6_PKT0_fPfSA_l
      0 bytes stack frame, 0 bytes spill stores, 0 bytes spill loads
  ptxas info    : Used 24 registers, 256 bytes smem
  ptxas info    : Compiling entry function '_ZN2sg4sm9021prodigy_reduce_kernelIffEEvPKT_S4_PKT0_fPfS8_l' for 'sm_90a'
  ptxas info    : Function properties for _ZN2sg4sm9021prodigy_reduce_kernelIffEEvPKT_S4_PKT0_fPfS8_l
      0 bytes stack frame, 0 bytes spill stores, 0 bytes spill loads
  ptxas info    : Used 32 registers, 256 bytes smem
  ptxas info    : Compiling entry function '_ZN2sg4sm9021prodigy_reduce_kernelIddEEvPKT_S4_PKT0_fPfS8_l' for 'sm_90a'
  ptxas info    : Function properties for _ZN2sg4sm9021prodigy_reduce_kernelIddEEvPKT_S4_PKT0_fPfS8_l
      0 bytes stack frame, 0 bytes spill stores, 0 bytes spill loads
  ptxas info    : Used 52 registers, 256 bytes smem
  ptxas info    : Compiling entry function '_ZN2sg4sm9025prodigy_dlr_reduce_kernelEPKfS2_S2_S2_PfS3_fl' for 'sm_90a'
  ptxas info    : Function properties for _ZN2sg4sm9025prodigy_dlr_reduce_kernelEPKfS2_S2_S2_PfS3_fl
      0 bytes stack frame, 0 bytes spill stores, 0 bytes spill loads
  ptxas info    : Used 39 registers, 256 bytes smem
  ptxas info    : Compiling entry function '_ZN2sg4sm9020prodigy_apply_kernelIN3c108BFloat16ES3_Li1EEEvPT_PfS6_S6_PKT0_PKfffffffl' for 'sm_90a'
  ptxas info    : Function properties for _ZN2sg4sm9020prodigy_apply_kernelIN3c108BFloat16ES3_Li1EEEvPT_PfS6_S6_PKT0_PKfffffffl
      0 bytes stack frame, 0 bytes spill stores, 0 bytes spill loads
  ptxas info    : Used 28 registers
  ptxas info    : Compiling entry function '_ZN2sg4sm9020prodigy_apply_kernelIN3c104HalfES3_Li1EEEvPT_PfS6_S6_PKT0_PKfffffffl' for 'sm_90a'
  ptxas info    : Function properties for _ZN2sg4sm9020prodigy_apply_kernelIN3c104HalfES3_Li1EEEvPT_PfS6_S6_PKT0_PKfffffffl
      0 bytes stack frame, 0 bytes spill stores, 0 bytes spill loads
  ptxas info    : Used 28 registers
  ptxas info    : Compiling entry function '_ZN2sg4sm9020prodigy_apply_kernelIffLi1EEEvPT_PfS4_S4_PKT0_PKfffffffl' for 'sm_90a'
  ptxas info    : Function properties for _ZN2sg4sm9020prodigy_apply_kernelIffLi1EEEvPT_PfS4_S4_PKT0_PKfffffffl
      0 bytes stack frame, 0 bytes spill stores, 0 bytes spill loads
  ptxas info    : Used 38 registers
  ptxas info    : Compiling entry function '_ZN2sg4sm9020prodigy_apply_kernelIddLi1EEEvPT_PfS4_S4_PKT0_PKfffffffl' for 'sm_90a'
  ptxas info    : Function properties for _ZN2sg4sm9020prodigy_apply_kernelIddLi1EEEvPT_PfS4_S4_PKT0_PKfffffffl
      0 bytes stack frame, 0 bytes spill stores, 0 bytes spill loads
  ptxas info    : Used 40 registers
  ptxas info    : Compiling entry function '_ZN2sg4sm9034prodigy_reduce_and_update_d_kernelIN3c108BFloat16ES3_EEvPKT_S6_PKT0_fPfSA_SA_Pjli' for 'sm_90a'
  ptxas info    : Function properties for _ZN2sg4sm9034prodigy_reduce_and_update_d_kernelIN3c108BFloat16ES3_EEvPKT_S6_PKT0_fPfSA_SA_Pjli
      0 bytes stack frame, 0 bytes spill stores, 0 bytes spill loads
  ptxas info    : Used 23 registers, 257 bytes smem
  ptxas info    : Compiling entry function '_ZN2sg4sm9034prodigy_reduce_and_update_d_kernelIN3c104HalfES3_EEvPKT_S6_PKT0_fPfSA_SA_Pjli' for 'sm_90a'
  ptxas info    : Function properties for _ZN2sg4sm9034prodigy_reduce_and_update_d_kernelIN3c104HalfES3_EEvPKT_S6_PKT0_fPfSA_SA_Pjli
      0 bytes stack frame, 0 bytes spill stores, 0 bytes spill loads
  ptxas info    : Used 23 registers, 257 bytes smem
  ptxas info    : Compiling entry function '_ZN2sg4sm9034prodigy_reduce_and_update_d_kernelIffEEvPKT_S4_PKT0_fPfS8_S8_Pjli' for 'sm_90a'
  ptxas info    : Function properties for _ZN2sg4sm9034prodigy_reduce_and_update_d_kernelIffEEvPKT_S4_PKT0_fPfS8_S8_Pjli
      0 bytes stack frame, 0 bytes spill stores, 0 bytes spill loads
  ptxas info    : Used 32 registers, 257 bytes smem
  ptxas info    : Compiling entry function '_ZN2sg4sm9034prodigy_reduce_and_update_d_kernelIddEEvPKT_S4_PKT0_fPfS8_S8_Pjli' for 'sm_90a'
  ptxas info    : Function properties for _ZN2sg4sm9034prodigy_reduce_and_update_d_kernelIddEEvPKT_S4_PKT0_fPfS8_S8_Pjli
      0 bytes stack frame, 0 bytes spill stores, 0 bytes spill loads
  ptxas info    : Used 52 registers, 257 bytes smem
  ptxas info    : Compiling entry function '_ZN2sg4sm9030prodigy_apply_kernel_vec4_fp32EP6float4S2_S2_S2_PKS1_PKfffffffl' for 'sm_90a'
  ptxas info    : Function properties for _ZN2sg4sm9030prodigy_apply_kernel_vec4_fp32EP6float4S2_S2_S2_PKS1_PKfffffffl
      0 bytes stack frame, 0 bytes spill stores, 0 bytes spill loads
  ptxas info    : Used 48 registers
  ptxas info    : Compiling entry function '_ZN2sg4sm9023prodigy_update_d_kernelEPfPKfS3_f' for 'sm_90a'
  ptxas info    : Function properties for _ZN2sg4sm9023prodigy_update_d_kernelEPfPKfS3_f
      0 bytes stack frame, 0 bytes spill stores, 0 bytes spill loads
  ptxas info    : Used 10 registers
  ptxas info    : Compiling entry function '_ZN3cub17CUB_200302_900_NS11EmptyKernelIvEEvv' for 'sm_90a'
  ptxas info    : Function properties for _ZN3cub17CUB_200302_900_NS11EmptyKernelIvEEvv
      0 bytes stack frame, 0 bytes spill stores, 0 bytes spill loads
  ptxas info    : Used 4 registers
  [34/56] /usr/local/sccache-shim/nvcc --generate-dependencies-with-compile --dependency-output /dev/shm/tmp/tmp9icn1kre.build-temp/csrc/fused/sm_90/mega_decoder_real_adamw.o.d -DWITH_CUDA -DWITH_CUTLASS -I/workspace/SuperGrok1.5/. -I/workspace/SuperGrok1.5/csrc/bindings -I/workspace/SuperGrok1.5/csrc -I/workspace/SuperGrok1.5/third_party/cutlass/include -I/workspace/SuperGrok1.5/third_party/cutlass/tools/util/include -I/usr/local/lib/python3.11/dist-packages/torch/include -I/usr/local/lib/python3.11/dist-packages/torch/include/torch/csrc/api/include -I/usr/local/lib/python3.11/dist-packages/torch/include/TH -I/usr/local/lib/python3.11/dist-packages/torch/include/THC -I/usr/local/cuda/include -I/usr/include/python3.11 -c -c /workspace/SuperGrok1.5/csrc/fused/sm_90/mega_decoder_real_adamw.cu -o /dev/shm/tmp/tmp9icn1kre.build-temp/csrc/fused/sm_90/mega_decoder_real_adamw.o -D__CUDA_NO_HALF_OPERATORS__ -D__CUDA_NO_HALF_CONVERSIONS__ -D__CUDA_NO_BFLOAT16_CONVERSIONS__ -D__CUDA_NO_HALF2_OPERATORS__ --expt-relaxed-constexpr --compiler-options ''"'"'-fPIC'"'"'' -O3 -std=c++17 -DWITH_CUDA --expt-relaxed-constexpr -Xfatbin -compress-all -Xptxas --opt-level=3 -Xptxas -v -Xptxas --warn-on-spills --extra-device-vectorization -Xcompiler -fPIC -Xcompiler -fno-strict-aliasing -Xnvlink --suppress-stack-size-warning --resource-usage --default-stream per-thread --use_fast_math -DNDEBUG -lineinfo -gencode=arch=compute_90a,code=sm_90a -gencode=arch=compute_90,code=compute_90 -DWITH_CUTLASS -DCUTLASS_NVCC_ARCHS=90a -DTORCH_API_INCLUDE_EXTENSION_H '-DPYBIND11_COMPILER_TYPE="_gcc"' '-DPYBIND11_STDLIB="_libstdcpp"' '-DPYBIND11_BUILD_ABI="_cxxabi1011"' -DTORCH_EXTENSION_NAME=_ops -D_GLIBCXX_USE_CXX11_ABI=0
  /workspace/SuperGrok1.5/./csrc/algorithms/muon.h(76): warning #737-D: using-declaration ignored -- it refers to the current namespace
    using sg::algorithms::adamw_step;
          ^

  Remark: The warnings can be suppressed with "-diag-suppress <warning-number>"

  /workspace/SuperGrok1.5/./csrc/algorithms/muon.h(76): warning #737-D: using-declaration ignored -- it refers to the current namespace
    using sg::algorithms::adamw_step;
          ^

  Remark: The warnings can be suppressed with "-diag-suppress <warning-number>"

  ptxas info    : (C7508) Potential Performance Loss: 'setmaxnreg' ignored; unable to determine register count at entry.
  ptxas warning : Registers are spilled to local memory in function '_ZN2sg5fused4sm9024fused_decoder_megakernelILNS1_5OptIdE0EEEvNS0_17PersistentContextEPfNS1_15DecoderTokenCtxES5_fiNS1_13FusedOptStateE', 80 bytes spill stores, 68 bytes spill loads
  ptxas info    : 23 bytes gmem
  ptxas info    : Compiling entry function '_ZN2sg5fused4sm9024fused_decoder_megakernelILNS1_5OptIdE0EEEvNS0_17PersistentContextEPfNS1_15DecoderTokenCtxES5_fiNS1_13FusedOptStateE' for 'sm_90a'
  ptxas info    : Function properties for _ZN2sg5fused4sm9024fused_decoder_megakernelILNS1_5OptIdE0EEEvNS0_17PersistentContextEPfNS1_15DecoderTokenCtxES5_fiNS1_13FusedOptStateE
      544 bytes stack frame, 80 bytes spill stores, 68 bytes spill loads
  ptxas info    : Used 80 registers, 544 bytes cumulative stack size, 42968 bytes smem
  ptxas info    : Compiling entry function '_ZN3cub17CUB_200302_900_NS11EmptyKernelIvEEvv' for 'sm_90a'
  ptxas info    : Function properties for _ZN3cub17CUB_200302_900_NS11EmptyKernelIvEEvv
      0 bytes stack frame, 0 bytes spill stores, 0 bytes spill loads
  ptxas info    : Used 4 registers
  /workspace/SuperGrok1.5/./csrc/algorithms/muon.h(76): warning #737-D: using-declaration ignored -- it refers to the current namespace
    using sg::algorithms::adamw_step;
          ^

  Remark: The warnings can be suppressed with "-diag-suppress <warning-number>"

  [35/56] /usr/local/sccache-shim/nvcc --generate-dependencies-with-compile --dependency-output /dev/shm/tmp/tmp9icn1kre.build-temp/csrc/fused/sm_90/mega_transformer_decoder_neuralgrok.o.d -DWITH_CUDA -DWITH_CUTLASS -I/workspace/SuperGrok1.5/. -I/workspace/SuperGrok1.5/csrc/bindings -I/workspace/SuperGrok1.5/csrc -I/workspace/SuperGrok1.5/third_party/cutlass/include -I/workspace/SuperGrok1.5/third_party/cutlass/tools/util/include -I/usr/local/lib/python3.11/dist-packages/torch/include -I/usr/local/lib/python3.11/dist-packages/torch/include/torch/csrc/api/include -I/usr/local/lib/python3.11/dist-packages/torch/include/TH -I/usr/local/lib/python3.11/dist-packages/torch/include/THC -I/usr/local/cuda/include -I/usr/include/python3.11 -c -c /workspace/SuperGrok1.5/csrc/fused/sm_90/mega_transformer_decoder_neuralgrok.cu -o /dev/shm/tmp/tmp9icn1kre.build-temp/csrc/fused/sm_90/mega_transformer_decoder_neuralgrok.o -D__CUDA_NO_HALF_OPERATORS__ -D__CUDA_NO_HALF_CONVERSIONS__ -D__CUDA_NO_BFLOAT16_CONVERSIONS__ -D__CUDA_NO_HALF2_OPERATORS__ --expt-relaxed-constexpr --compiler-options ''"'"'-fPIC'"'"'' -O3 -std=c++17 -DWITH_CUDA --expt-relaxed-constexpr -Xfatbin -compress-all -Xptxas --opt-level=3 -Xptxas -v -Xptxas --warn-on-spills --extra-device-vectorization -Xcompiler -fPIC -Xcompiler -fno-strict-aliasing -Xnvlink --suppress-stack-size-warning --resource-usage --default-stream per-thread --use_fast_math -DNDEBUG -lineinfo -gencode=arch=compute_90a,code=sm_90a -gencode=arch=compute_90,code=compute_90 -DWITH_CUTLASS -DCUTLASS_NVCC_ARCHS=90a -DTORCH_API_INCLUDE_EXTENSION_H '-DPYBIND11_COMPILER_TYPE="_gcc"' '-DPYBIND11_STDLIB="_libstdcpp"' '-DPYBIND11_BUILD_ABI="_cxxabi1011"' -DTORCH_EXTENSION_NAME=_ops -D_GLIBCXX_USE_CXX11_ABI=0
  /workspace/SuperGrok1.5/./csrc/algorithms/muon.h(76): warning #737-D: using-declaration ignored -- it refers to the current namespace
    using sg::algorithms::adamw_step;
          ^

  Remark: The warnings can be suppressed with "-diag-suppress <warning-number>"

  /workspace/SuperGrok1.5/./csrc/algorithms/muon.h(76): warning #737-D: using-declaration ignored -- it refers to the current namespace
    using sg::algorithms::adamw_step;
          ^

  Remark: The warnings can be suppressed with "-diag-suppress <warning-number>"

  ptxas info    : (C7508) Potential Performance Loss: 'setmaxnreg' ignored; unable to determine register count at entry.
  ptxas info    : (C7508) Potential Performance Loss: 'setmaxnreg' ignored; unable to determine register count at entry.
  ptxas info    : 23 bytes gmem
  ptxas info    : Compiling entry function '_ZN2sg5fused4sm9016fused_megakernelILNS1_7ModelIdE0ELNS1_5OptIdE6ELNS1_8FuseTierE3EEEvNS0_17PersistentContextEPfPKfS7_S7_PKiSB_fiNS1_13FusedOptStateE' for 'sm_90a'
  ptxas info    : Function properties for _ZN2sg5fused4sm9016fused_megakernelILNS1_7ModelIdE0ELNS1_5OptIdE6ELNS1_8FuseTierE3EEEvNS0_17PersistentContextEPfPKfS7_S7_PKiSB_fiNS1_13FusedOptStateE
      0 bytes stack frame, 0 bytes spill stores, 0 bytes spill loads
  ptxas info    : Used 40 registers, 4232 bytes smem
  ptxas info    : Compiling entry function '_ZN2sg5fused4sm9016fused_megakernelILNS1_7ModelIdE0ELNS1_5OptIdE6ELNS1_8FuseTierE1EEEvNS0_17PersistentContextEPfPKfS7_S7_PKiSB_fiNS1_13FusedOptStateE' for 'sm_90a'
  ptxas info    : Function properties for _ZN2sg5fused4sm9016fused_megakernelILNS1_7ModelIdE0ELNS1_5OptIdE6ELNS1_8FuseTierE1EEEvNS0_17PersistentContextEPfPKfS7_S7_PKiSB_fiNS1_13FusedOptStateE
      0 bytes stack frame, 0 bytes spill stores, 0 bytes spill loads
  ptxas info    : Used 40 registers, 4 bytes smem
  ptxas info    : Compiling entry function '_ZN3cub17CUB_200302_900_NS11EmptyKernelIvEEvv' for 'sm_90a'
  ptxas info    : Function properties for _ZN3cub17CUB_200302_900_NS11EmptyKernelIvEEvv
      0 bytes stack frame, 0 bytes spill stores, 0 bytes spill loads
  ptxas info    : Used 4 registers
  /workspace/SuperGrok1.5/./csrc/algorithms/muon.h(76): warning #737-D: using-declaration ignored -- it refers to the current namespace
    using sg::algorithms::adamw_step;
          ^

  Remark: The warnings can be suppressed with "-diag-suppress <warning-number>"

  [36/56] /usr/local/sccache-shim/nvcc --generate-dependencies-with-compile --dependency-output /dev/shm/tmp/tmp9icn1kre.build-temp/csrc/fused/sm_90/mega_mamba3_grokfast.o.d -DWITH_CUDA -DWITH_CUTLASS -I/workspace/SuperGrok1.5/. -I/workspace/SuperGrok1.5/csrc/bindings -I/workspace/SuperGrok1.5/csrc -I/workspace/SuperGrok1.5/third_party/cutlass/include -I/workspace/SuperGrok1.5/third_party/cutlass/tools/util/include -I/usr/local/lib/python3.11/dist-packages/torch/include -I/usr/local/lib/python3.11/dist-packages/torch/include/torch/csrc/api/include -I/usr/local/lib/python3.11/dist-packages/torch/include/TH -I/usr/local/lib/python3.11/dist-packages/torch/include/THC -I/usr/local/cuda/include -I/usr/include/python3.11 -c -c /workspace/SuperGrok1.5/csrc/fused/sm_90/mega_mamba3_grokfast.cu -o /dev/shm/tmp/tmp9icn1kre.build-temp/csrc/fused/sm_90/mega_mamba3_grokfast.o -D__CUDA_NO_HALF_OPERATORS__ -D__CUDA_NO_HALF_CONVERSIONS__ -D__CUDA_NO_BFLOAT16_CONVERSIONS__ -D__CUDA_NO_HALF2_OPERATORS__ --expt-relaxed-constexpr --compiler-options ''"'"'-fPIC'"'"'' -O3 -std=c++17 -DWITH_CUDA --expt-relaxed-constexpr -Xfatbin -compress-all -Xptxas --opt-level=3 -Xptxas -v -Xptxas --warn-on-spills --extra-device-vectorization -Xcompiler -fPIC -Xcompiler -fno-strict-aliasing -Xnvlink --suppress-stack-size-warning --resource-usage --default-stream per-thread --use_fast_math -DNDEBUG -lineinfo -gencode=arch=compute_90a,code=sm_90a -gencode=arch=compute_90,code=compute_90 -DWITH_CUTLASS -DCUTLASS_NVCC_ARCHS=90a -DTORCH_API_INCLUDE_EXTENSION_H '-DPYBIND11_COMPILER_TYPE="_gcc"' '-DPYBIND11_STDLIB="_libstdcpp"' '-DPYBIND11_BUILD_ABI="_cxxabi1011"' -DTORCH_EXTENSION_NAME=_ops -D_GLIBCXX_USE_CXX11_ABI=0
  /workspace/SuperGrok1.5/./csrc/algorithms/muon.h(76): warning #737-D: using-declaration ignored -- it refers to the current namespace
    using sg::algorithms::adamw_step;
          ^

  Remark: The warnings can be suppressed with "-diag-suppress <warning-number>"

  /workspace/SuperGrok1.5/./csrc/algorithms/muon.h(76): warning #737-D: using-declaration ignored -- it refers to the current namespace
    using sg::algorithms::adamw_step;
          ^

  Remark: The warnings can be suppressed with "-diag-suppress <warning-number>"

  ptxas info    : (C7508) Potential Performance Loss: 'setmaxnreg' ignored; unable to determine register count at entry.
  ptxas info    : (C7508) Potential Performance Loss: 'setmaxnreg' ignored; unable to determine register count at entry.
  ptxas info    : 23 bytes gmem
  ptxas info    : Compiling entry function '_ZN2sg5fused4sm9016fused_megakernelILNS1_7ModelIdE2ELNS1_5OptIdE2ELNS1_8FuseTierE3EEEvNS0_17PersistentContextEPfPKfS7_S7_PKiSB_fiNS1_13FusedOptStateE' for 'sm_90a'
  ptxas info    : Function properties for _ZN2sg5fused4sm9016fused_megakernelILNS1_7ModelIdE2ELNS1_5OptIdE2ELNS1_8FuseTierE3EEEvNS0_17PersistentContextEPfPKfS7_S7_PKiSB_fiNS1_13FusedOptStateE
      0 bytes stack frame, 0 bytes spill stores, 0 bytes spill loads
  ptxas info    : Used 40 registers, 4232 bytes smem
  ptxas info    : Compiling entry function '_ZN2sg5fused4sm9016fused_megakernelILNS1_7ModelIdE2ELNS1_5OptIdE2ELNS1_8FuseTierE1EEEvNS0_17PersistentContextEPfPKfS7_S7_PKiSB_fiNS1_13FusedOptStateE' for 'sm_90a'
  ptxas info    : Function properties for _ZN2sg5fused4sm9016fused_megakernelILNS1_7ModelIdE2ELNS1_5OptIdE2ELNS1_8FuseTierE1EEEvNS0_17PersistentContextEPfPKfS7_S7_PKiSB_fiNS1_13FusedOptStateE
      0 bytes stack frame, 0 bytes spill stores, 0 bytes spill loads
  ptxas info    : Used 32 registers, 4 bytes smem
  ptxas info    : Compiling entry function '_ZN3cub17CUB_200302_900_NS11EmptyKernelIvEEvv' for 'sm_90a'
  ptxas info    : Function properties for _ZN3cub17CUB_200302_900_NS11EmptyKernelIvEEvv
      0 bytes stack frame, 0 bytes spill stores, 0 bytes spill loads
  ptxas info    : Used 4 registers
  /workspace/SuperGrok1.5/./csrc/algorithms/muon.h(76): warning #737-D: using-declaration ignored -- it refers to the current namespace
    using sg::algorithms::adamw_step;
          ^

  Remark: The warnings can be suppressed with "-diag-suppress <warning-number>"

  [37/56] /usr/local/sccache-shim/nvcc --generate-dependencies-with-compile --dependency-output /dev/shm/tmp/tmp9icn1kre.build-temp/csrc/fused/sm_90/mega_transformer_decoder_muon.o.d -DWITH_CUDA -DWITH_CUTLASS -I/workspace/SuperGrok1.5/. -I/workspace/SuperGrok1.5/csrc/bindings -I/workspace/SuperGrok1.5/csrc -I/workspace/SuperGrok1.5/third_party/cutlass/include -I/workspace/SuperGrok1.5/third_party/cutlass/tools/util/include -I/usr/local/lib/python3.11/dist-packages/torch/include -I/usr/local/lib/python3.11/dist-packages/torch/include/torch/csrc/api/include -I/usr/local/lib/python3.11/dist-packages/torch/include/TH -I/usr/local/lib/python3.11/dist-packages/torch/include/THC -I/usr/local/cuda/include -I/usr/include/python3.11 -c -c /workspace/SuperGrok1.5/csrc/fused/sm_90/mega_transformer_decoder_muon.cu -o /dev/shm/tmp/tmp9icn1kre.build-temp/csrc/fused/sm_90/mega_transformer_decoder_muon.o -D__CUDA_NO_HALF_OPERATORS__ -D__CUDA_NO_HALF_CONVERSIONS__ -D__CUDA_NO_BFLOAT16_CONVERSIONS__ -D__CUDA_NO_HALF2_OPERATORS__ --expt-relaxed-constexpr --compiler-options ''"'"'-fPIC'"'"'' -O3 -std=c++17 -DWITH_CUDA --expt-relaxed-constexpr -Xfatbin -compress-all -Xptxas --opt-level=3 -Xptxas -v -Xptxas --warn-on-spills --extra-device-vectorization -Xcompiler -fPIC -Xcompiler -fno-strict-aliasing -Xnvlink --suppress-stack-size-warning --resource-usage --default-stream per-thread --use_fast_math -DNDEBUG -lineinfo -gencode=arch=compute_90a,code=sm_90a -gencode=arch=compute_90,code=compute_90 -DWITH_CUTLASS -DCUTLASS_NVCC_ARCHS=90a -DTORCH_API_INCLUDE_EXTENSION_H '-DPYBIND11_COMPILER_TYPE="_gcc"' '-DPYBIND11_STDLIB="_libstdcpp"' '-DPYBIND11_BUILD_ABI="_cxxabi1011"' -DTORCH_EXTENSION_NAME=_ops -D_GLIBCXX_USE_CXX11_ABI=0
  /workspace/SuperGrok1.5/./csrc/algorithms/muon.h(76): warning #737-D: using-declaration ignored -- it refers to the current namespace
    using sg::algorithms::adamw_step;
          ^

  Remark: The warnings can be suppressed with "-diag-suppress <warning-number>"

  /workspace/SuperGrok1.5/./csrc/algorithms/muon.h(76): warning #737-D: using-declaration ignored -- it refers to the current namespace
    using sg::algorithms::adamw_step;
          ^

  Remark: The warnings can be suppressed with "-diag-suppress <warning-number>"

  ptxas info    : (C7508) Potential Performance Loss: 'setmaxnreg' ignored; unable to determine register count at entry.
  ptxas info    : (C7508) Potential Performance Loss: 'setmaxnreg' ignored; unable to determine register count at entry.
  ptxas info    : 23 bytes gmem
  ptxas info    : Compiling entry function '_ZN2sg5fused4sm9016fused_megakernelILNS1_7ModelIdE0ELNS1_5OptIdE7ELNS1_8FuseTierE3EEEvNS0_17PersistentContextEPfPKfS7_S7_PKiSB_fiNS1_13FusedOptStateE' for 'sm_90a'
  ptxas info    : Function properties for _ZN2sg5fused4sm9016fused_megakernelILNS1_7ModelIdE0ELNS1_5OptIdE7ELNS1_8FuseTierE3EEEvNS0_17PersistentContextEPfPKfS7_S7_PKiSB_fiNS1_13FusedOptStateE
      0 bytes stack frame, 0 bytes spill stores, 0 bytes spill loads
  ptxas info    : Used 30 registers, 136 bytes smem
  ptxas info    : Compiling entry function '_ZN2sg5fused4sm9016fused_megakernelILNS1_7ModelIdE0ELNS1_5OptIdE7ELNS1_8FuseTierE1EEEvNS0_17PersistentContextEPfPKfS7_S7_PKiSB_fiNS1_13FusedOptStateE' for 'sm_90a'
  ptxas info    : Function properties for _ZN2sg5fused4sm9016fused_megakernelILNS1_7ModelIdE0ELNS1_5OptIdE7ELNS1_8FuseTierE1EEEvNS0_17PersistentContextEPfPKfS7_S7_PKiSB_fiNS1_13FusedOptStateE
      0 bytes stack frame, 0 bytes spill stores, 0 bytes spill loads
  ptxas info    : Used 26 registers, 4 bytes smem
  ptxas info    : Compiling entry function '_ZN3cub17CUB_200302_900_NS11EmptyKernelIvEEvv' for 'sm_90a'
  ptxas info    : Function properties for _ZN3cub17CUB_200302_900_NS11EmptyKernelIvEEvv
      0 bytes stack frame, 0 bytes spill stores, 0 bytes spill loads
  ptxas info    : Used 4 registers
  /workspace/SuperGrok1.5/./csrc/algorithms/muon.h(76): warning #737-D: using-declaration ignored -- it refers to the current namespace
    using sg::algorithms::adamw_step;
          ^

  Remark: The warnings can be suppressed with "-diag-suppress <warning-number>"

  [38/56] /usr/local/sccache-shim/nvcc --generate-dependencies-with-compile --dependency-output /dev/shm/tmp/tmp9icn1kre.build-temp/csrc/backends/cuda/sm_90/launch_lion.o.d -DWITH_CUDA -DWITH_CUTLASS -I/workspace/SuperGrok1.5/. -I/workspace/SuperGrok1.5/csrc/bindings -I/workspace/SuperGrok1.5/csrc -I/workspace/SuperGrok1.5/third_party/cutlass/include -I/workspace/SuperGrok1.5/third_party/cutlass/tools/util/include -I/usr/local/lib/python3.11/dist-packages/torch/include -I/usr/local/lib/python3.11/dist-packages/torch/include/torch/csrc/api/include -I/usr/local/lib/python3.11/dist-packages/torch/include/TH -I/usr/local/lib/python3.11/dist-packages/torch/include/THC -I/usr/local/cuda/include -I/usr/include/python3.11 -c -c /workspace/SuperGrok1.5/csrc/backends/cuda/sm_90/launch_lion.cu -o /dev/shm/tmp/tmp9icn1kre.build-temp/csrc/backends/cuda/sm_90/launch_lion.o -D__CUDA_NO_HALF_OPERATORS__ -D__CUDA_NO_HALF_CONVERSIONS__ -D__CUDA_NO_BFLOAT16_CONVERSIONS__ -D__CUDA_NO_HALF2_OPERATORS__ --expt-relaxed-constexpr --compiler-options ''"'"'-fPIC'"'"'' -O3 -std=c++17 -DWITH_CUDA --expt-relaxed-constexpr -Xfatbin -compress-all -Xptxas --opt-level=3 -Xptxas -v -Xptxas --warn-on-spills --extra-device-vectorization -Xcompiler -fPIC -Xcompiler -fno-strict-aliasing -Xnvlink --suppress-stack-size-warning --resource-usage --default-stream per-thread --use_fast_math -DNDEBUG -lineinfo -gencode=arch=compute_90a,code=sm_90a -gencode=arch=compute_90,code=compute_90 -DWITH_CUTLASS -DCUTLASS_NVCC_ARCHS=90a -DTORCH_API_INCLUDE_EXTENSION_H '-DPYBIND11_COMPILER_TYPE="_gcc"' '-DPYBIND11_STDLIB="_libstdcpp"' '-DPYBIND11_BUILD_ABI="_cxxabi1011"' -DTORCH_EXTENSION_NAME=_ops -D_GLIBCXX_USE_CXX11_ABI=0
  ptxas info    : 23 bytes gmem
  ptxas info    : Compiling entry function '_ZN2sg4sm9011lion_kernelIN3c108BFloat16ES3_Li1EEEvPT_PfPKT0_ffffl' for 'sm_90a'
  ptxas info    : Function properties for _ZN2sg4sm9011lion_kernelIN3c108BFloat16ES3_Li1EEEvPT_PfPKT0_ffffl
      0 bytes stack frame, 0 bytes spill stores, 0 bytes spill loads
  ptxas info    : Used 18 registers
  ptxas info    : Compiling entry function '_ZN2sg4sm9011lion_kernelIN3c104HalfES3_Li1EEEvPT_PfPKT0_ffffl' for 'sm_90a'
  ptxas info    : Function properties for _ZN2sg4sm9011lion_kernelIN3c104HalfES3_Li1EEEvPT_PfPKT0_ffffl
      0 bytes stack frame, 0 bytes spill stores, 0 bytes spill loads
  ptxas info    : Used 18 registers
  ptxas info    : Compiling entry function '_ZN2sg4sm9011lion_kernelIffLi1EEEvPT_PfPKT0_ffffl' for 'sm_90a'
  ptxas info    : Function properties for _ZN2sg4sm9011lion_kernelIffLi1EEEvPT_PfPKT0_ffffl
      0 bytes stack frame, 0 bytes spill stores, 0 bytes spill loads
  ptxas info    : Used 30 registers
  ptxas info    : Compiling entry function '_ZN2sg4sm9011lion_kernelIddLi1EEEvPT_PfPKT0_ffffl' for 'sm_90a'
  ptxas info    : Function properties for _ZN2sg4sm9011lion_kernelIddLi1EEEvPT_PfPKT0_ffffl
      0 bytes stack frame, 0 bytes spill stores, 0 bytes spill loads
  ptxas info    : Used 32 registers
  ptxas info    : Compiling entry function '_ZN2sg4sm9021lion_kernel_vec4_fp32EP6float4S2_PKS1_ffffl' for 'sm_90a'
  ptxas info    : Function properties for _ZN2sg4sm9021lion_kernel_vec4_fp32EP6float4S2_PKS1_ffffl
      0 bytes stack frame, 0 bytes spill stores, 0 bytes spill loads
  ptxas info    : Used 30 registers
  ptxas info    : Compiling entry function '_ZN3cub17CUB_200302_900_NS11EmptyKernelIvEEvv' for 'sm_90a'
  ptxas info    : Function properties for _ZN3cub17CUB_200302_900_NS11EmptyKernelIvEEvv
      0 bytes stack frame, 0 bytes spill stores, 0 bytes spill loads
  ptxas info    : Used 4 registers
  [39/56] /usr/local/sccache-shim/nvcc --generate-dependencies-with-compile --dependency-output /dev/shm/tmp/tmp9icn1kre.build-temp/csrc/fused/sm_90/mega_vit_muon.o.d -DWITH_CUDA -DWITH_CUTLASS -I/workspace/SuperGrok1.5/. -I/workspace/SuperGrok1.5/csrc/bindings -I/workspace/SuperGrok1.5/csrc -I/workspace/SuperGrok1.5/third_party/cutlass/include -I/workspace/SuperGrok1.5/third_party/cutlass/tools/util/include -I/usr/local/lib/python3.11/dist-packages/torch/include -I/usr/local/lib/python3.11/dist-packages/torch/include/torch/csrc/api/include -I/usr/local/lib/python3.11/dist-packages/torch/include/TH -I/usr/local/lib/python3.11/dist-packages/torch/include/THC -I/usr/local/cuda/include -I/usr/include/python3.11 -c -c /workspace/SuperGrok1.5/csrc/fused/sm_90/mega_vit_muon.cu -o /dev/shm/tmp/tmp9icn1kre.build-temp/csrc/fused/sm_90/mega_vit_muon.o -D__CUDA_NO_HALF_OPERATORS__ -D__CUDA_NO_HALF_CONVERSIONS__ -D__CUDA_NO_BFLOAT16_CONVERSIONS__ -D__CUDA_NO_HALF2_OPERATORS__ --expt-relaxed-constexpr --compiler-options ''"'"'-fPIC'"'"'' -O3 -std=c++17 -DWITH_CUDA --expt-relaxed-constexpr -Xfatbin -compress-all -Xptxas --opt-level=3 -Xptxas -v -Xptxas --warn-on-spills --extra-device-vectorization -Xcompiler -fPIC -Xcompiler -fno-strict-aliasing -Xnvlink --suppress-stack-size-warning --resource-usage --default-stream per-thread --use_fast_math -DNDEBUG -lineinfo -gencode=arch=compute_90a,code=sm_90a -gencode=arch=compute_90,code=compute_90 -DWITH_CUTLASS -DCUTLASS_NVCC_ARCHS=90a -DTORCH_API_INCLUDE_EXTENSION_H '-DPYBIND11_COMPILER_TYPE="_gcc"' '-DPYBIND11_STDLIB="_libstdcpp"' '-DPYBIND11_BUILD_ABI="_cxxabi1011"' -DTORCH_EXTENSION_NAME=_ops -D_GLIBCXX_USE_CXX11_ABI=0
  /workspace/SuperGrok1.5/./csrc/algorithms/muon.h(76): warning #737-D: using-declaration ignored -- it refers to the current namespace
    using sg::algorithms::adamw_step;
          ^

  Remark: The warnings can be suppressed with "-diag-suppress <warning-number>"

  /workspace/SuperGrok1.5/./csrc/algorithms/muon.h(76): warning #737-D: using-declaration ignored -- it refers to the current namespace
    using sg::algorithms::adamw_step;
          ^

  Remark: The warnings can be suppressed with "-diag-suppress <warning-number>"

  ptxas info    : (C7508) Potential Performance Loss: 'setmaxnreg' ignored; unable to determine register count at entry.
  ptxas info    : (C7508) Potential Performance Loss: 'setmaxnreg' ignored; unable to determine register count at entry.
  ptxas info    : 23 bytes gmem
  ptxas info    : Compiling entry function '_ZN2sg5fused4sm9016fused_megakernelILNS1_7ModelIdE1ELNS1_5OptIdE7ELNS1_8FuseTierE3EEEvNS0_17PersistentContextEPfPKfS7_S7_PKiSB_fiNS1_13FusedOptStateE' for 'sm_90a'
  ptxas info    : Function properties for _ZN2sg5fused4sm9016fused_megakernelILNS1_7ModelIdE1ELNS1_5OptIdE7ELNS1_8FuseTierE3EEEvNS0_17PersistentContextEPfPKfS7_S7_PKiSB_fiNS1_13FusedOptStateE
      0 bytes stack frame, 0 bytes spill stores, 0 bytes spill loads
  ptxas info    : Used 30 registers, 136 bytes smem
  ptxas info    : Compiling entry function '_ZN2sg5fused4sm9016fused_megakernelILNS1_7ModelIdE1ELNS1_5OptIdE7ELNS1_8FuseTierE1EEEvNS0_17PersistentContextEPfPKfS7_S7_PKiSB_fiNS1_13FusedOptStateE' for 'sm_90a'
  ptxas info    : Function properties for _ZN2sg5fused4sm9016fused_megakernelILNS1_7ModelIdE1ELNS1_5OptIdE7ELNS1_8FuseTierE1EEEvNS0_17PersistentContextEPfPKfS7_S7_PKiSB_fiNS1_13FusedOptStateE
      0 bytes stack frame, 0 bytes spill stores, 0 bytes spill loads
  ptxas info    : Used 26 registers, 4 bytes smem
  ptxas info    : Compiling entry function '_ZN3cub17CUB_200302_900_NS11EmptyKernelIvEEvv' for 'sm_90a'
  ptxas info    : Function properties for _ZN3cub17CUB_200302_900_NS11EmptyKernelIvEEvv
      0 bytes stack frame, 0 bytes spill stores, 0 bytes spill loads
  ptxas info    : Used 4 registers
  /workspace/SuperGrok1.5/./csrc/algorithms/muon.h(76): warning #737-D: using-declaration ignored -- it refers to the current namespace
    using sg::algorithms::adamw_step;
          ^

  Remark: The warnings can be suppressed with "-diag-suppress <warning-number>"

  [40/56] /usr/local/sccache-shim/nvcc --generate-dependencies-with-compile --dependency-output /dev/shm/tmp/tmp9icn1kre.build-temp/csrc/fused/sm_90/mega_mamba3_prodigy.o.d -DWITH_CUDA -DWITH_CUTLASS -I/workspace/SuperGrok1.5/. -I/workspace/SuperGrok1.5/csrc/bindings -I/workspace/SuperGrok1.5/csrc -I/workspace/SuperGrok1.5/third_party/cutlass/include -I/workspace/SuperGrok1.5/third_party/cutlass/tools/util/include -I/usr/local/lib/python3.11/dist-packages/torch/include -I/usr/local/lib/python3.11/dist-packages/torch/include/torch/csrc/api/include -I/usr/local/lib/python3.11/dist-packages/torch/include/TH -I/usr/local/lib/python3.11/dist-packages/torch/include/THC -I/usr/local/cuda/include -I/usr/include/python3.11 -c -c /workspace/SuperGrok1.5/csrc/fused/sm_90/mega_mamba3_prodigy.cu -o /dev/shm/tmp/tmp9icn1kre.build-temp/csrc/fused/sm_90/mega_mamba3_prodigy.o -D__CUDA_NO_HALF_OPERATORS__ -D__CUDA_NO_HALF_CONVERSIONS__ -D__CUDA_NO_BFLOAT16_CONVERSIONS__ -D__CUDA_NO_HALF2_OPERATORS__ --expt-relaxed-constexpr --compiler-options ''"'"'-fPIC'"'"'' -O3 -std=c++17 -DWITH_CUDA --expt-relaxed-constexpr -Xfatbin -compress-all -Xptxas --opt-level=3 -Xptxas -v -Xptxas --warn-on-spills --extra-device-vectorization -Xcompiler -fPIC -Xcompiler -fno-strict-aliasing -Xnvlink --suppress-stack-size-warning --resource-usage --default-stream per-thread --use_fast_math -DNDEBUG -lineinfo -gencode=arch=compute_90a,code=sm_90a -gencode=arch=compute_90,code=compute_90 -DWITH_CUTLASS -DCUTLASS_NVCC_ARCHS=90a -DTORCH_API_INCLUDE_EXTENSION_H '-DPYBIND11_COMPILER_TYPE="_gcc"' '-DPYBIND11_STDLIB="_libstdcpp"' '-DPYBIND11_BUILD_ABI="_cxxabi1011"' -DTORCH_EXTENSION_NAME=_ops -D_GLIBCXX_USE_CXX11_ABI=0
  /workspace/SuperGrok1.5/./csrc/algorithms/muon.h(76): warning #737-D: using-declaration ignored -- it refers to the current namespace
    using sg::algorithms::adamw_step;
          ^

  Remark: The warnings can be suppressed with "-diag-suppress <warning-number>"

  /workspace/SuperGrok1.5/./csrc/algorithms/muon.h(76): warning #737-D: using-declaration ignored -- it refers to the current namespace
    using sg::algorithms::adamw_step;
          ^

  Remark: The warnings can be suppressed with "-diag-suppress <warning-number>"

  ptxas info    : (C7508) Potential Performance Loss: 'setmaxnreg' ignored; unable to determine register count at entry.
  ptxas info    : (C7508) Potential Performance Loss: 'setmaxnreg' ignored; unable to determine register count at entry.
  ptxas info    : 23 bytes gmem
  ptxas info    : Compiling entry function '_ZN2sg5fused4sm9016fused_megakernelILNS1_7ModelIdE2ELNS1_5OptIdE5ELNS1_8FuseTierE3EEEvNS0_17PersistentContextEPfPKfS7_S7_PKiSB_fiNS1_13FusedOptStateE' for 'sm_90a'
  ptxas info    : Function properties for _ZN2sg5fused4sm9016fused_megakernelILNS1_7ModelIdE2ELNS1_5OptIdE5ELNS1_8FuseTierE3EEEvNS0_17PersistentContextEPfPKfS7_S7_PKiSB_fiNS1_13FusedOptStateE
      0 bytes stack frame, 0 bytes spill stores, 0 bytes spill loads
  ptxas info    : Used 32 registers, 4232 bytes smem
  ptxas info    : Compiling entry function '_ZN2sg5fused4sm9016fused_megakernelILNS1_7ModelIdE2ELNS1_5OptIdE5ELNS1_8FuseTierE1EEEvNS0_17PersistentContextEPfPKfS7_S7_PKiSB_fiNS1_13FusedOptStateE' for 'sm_90a'
  ptxas info    : Function properties for _ZN2sg5fused4sm9016fused_megakernelILNS1_7ModelIdE2ELNS1_5OptIdE5ELNS1_8FuseTierE1EEEvNS0_17PersistentContextEPfPKfS7_S7_PKiSB_fiNS1_13FusedOptStateE
      0 bytes stack frame, 0 bytes spill stores, 0 bytes spill loads
  ptxas info    : Used 30 registers, 4 bytes smem
  ptxas info    : Compiling entry function '_ZN3cub17CUB_200302_900_NS11EmptyKernelIvEEvv' for 'sm_90a'
  ptxas info    : Function properties for _ZN3cub17CUB_200302_900_NS11EmptyKernelIvEEvv
      0 bytes stack frame, 0 bytes spill stores, 0 bytes spill loads
  ptxas info    : Used 4 registers
  /workspace/SuperGrok1.5/./csrc/algorithms/muon.h(76): warning #737-D: using-declaration ignored -- it refers to the current namespace
    using sg::algorithms::adamw_step;
          ^

  Remark: The warnings can be suppressed with "-diag-suppress <warning-number>"

  [41/56] /usr/local/sccache-shim/nvcc --generate-dependencies-with-compile --dependency-output /dev/shm/tmp/tmp9icn1kre.build-temp/csrc/backends/cuda/sm_90/launch_grokadamw.o.d -DWITH_CUDA -DWITH_CUTLASS -I/workspace/SuperGrok1.5/. -I/workspace/SuperGrok1.5/csrc/bindings -I/workspace/SuperGrok1.5/csrc -I/workspace/SuperGrok1.5/third_party/cutlass/include -I/workspace/SuperGrok1.5/third_party/cutlass/tools/util/include -I/usr/local/lib/python3.11/dist-packages/torch/include -I/usr/local/lib/python3.11/dist-packages/torch/include/torch/csrc/api/include -I/usr/local/lib/python3.11/dist-packages/torch/include/TH -I/usr/local/lib/python3.11/dist-packages/torch/include/THC -I/usr/local/cuda/include -I/usr/include/python3.11 -c -c /workspace/SuperGrok1.5/csrc/backends/cuda/sm_90/launch_grokadamw.cu -o /dev/shm/tmp/tmp9icn1kre.build-temp/csrc/backends/cuda/sm_90/launch_grokadamw.o -D__CUDA_NO_HALF_OPERATORS__ -D__CUDA_NO_HALF_CONVERSIONS__ -D__CUDA_NO_BFLOAT16_CONVERSIONS__ -D__CUDA_NO_HALF2_OPERATORS__ --expt-relaxed-constexpr --compiler-options ''"'"'-fPIC'"'"'' -O3 -std=c++17 -DWITH_CUDA --expt-relaxed-constexpr -Xfatbin -compress-all -Xptxas --opt-level=3 -Xptxas -v -Xptxas --warn-on-spills --extra-device-vectorization -Xcompiler -fPIC -Xcompiler -fno-strict-aliasing -Xnvlink --suppress-stack-size-warning --resource-usage --default-stream per-thread --use_fast_math -DNDEBUG -lineinfo -gencode=arch=compute_90a,code=sm_90a -gencode=arch=compute_90,code=compute_90 -DWITH_CUTLASS -DCUTLASS_NVCC_ARCHS=90a -DTORCH_API_INCLUDE_EXTENSION_H '-DPYBIND11_COMPILER_TYPE="_gcc"' '-DPYBIND11_STDLIB="_libstdcpp"' '-DPYBIND11_BUILD_ABI="_cxxabi1011"' -DTORCH_EXTENSION_NAME=_ops -D_GLIBCXX_USE_CXX11_ABI=0
  ptxas info    : 23 bytes gmem
  ptxas info    : Compiling entry function '_ZN2sg4sm9019grokadamw_q3_kernelIN3c108BFloat16ES3_EEvPT_PaPfP13__nv_bfloat16S9_PKT0_fffffffffjli' for 'sm_90a'
  ptxas info    : Function properties for _ZN2sg4sm9019grokadamw_q3_kernelIN3c108BFloat16ES3_EEvPT_PaPfP13__nv_bfloat16S9_PKT0_fffffffffjli
      0 bytes stack frame, 0 bytes spill stores, 0 bytes spill loads
  ptxas info    : Used 31 registers
  ptxas info    : Compiling entry function '_ZN2sg4sm9019grokadamw_q3_kernelIN3c104HalfES3_EEvPT_PaPfP13__nv_bfloat16S9_PKT0_fffffffffjli' for 'sm_90a'
  ptxas info    : Function properties for _ZN2sg4sm9019grokadamw_q3_kernelIN3c104HalfES3_EEvPT_PaPfP13__nv_bfloat16S9_PKT0_fffffffffjli
      0 bytes stack frame, 0 bytes spill stores, 0 bytes spill loads
  ptxas info    : Used 31 registers
  ptxas info    : Compiling entry function '_ZN2sg4sm9019grokadamw_q3_kernelIffEEvPT_PaPfP13__nv_bfloat16S7_PKT0_fffffffffjli' for 'sm_90a'
  ptxas info    : Function properties for _ZN2sg4sm9019grokadamw_q3_kernelIffEEvPT_PaPfP13__nv_bfloat16S7_PKT0_fffffffffjli
      0 bytes stack frame, 0 bytes spill stores, 0 bytes spill loads
  ptxas info    : Used 32 registers
  ptxas info    : Compiling entry function '_ZN2sg4sm9019grokadamw_q3_kernelIddEEvPT_PaPfP13__nv_bfloat16S7_PKT0_fffffffffjli' for 'sm_90a'
  ptxas info    : Function properties for _ZN2sg4sm9019grokadamw_q3_kernelIddEEvPT_PaPfP13__nv_bfloat16S7_PKT0_fffffffffjli
      0 bytes stack frame, 0 bytes spill stores, 0 bytes spill loads
  ptxas info    : Used 32 registers
  ptxas info    : Compiling entry function '_ZN2sg4sm9016grokadamw_kernelIN3c108BFloat16ES3_Li1EEEvPT_PfS6_S6_PKT0_fffffffffl' for 'sm_90a'
  ptxas info    : Function properties for _ZN2sg4sm9016grokadamw_kernelIN3c108BFloat16ES3_Li1EEEvPT_PfS6_S6_PKT0_fffffffffl
      0 bytes stack frame, 0 bytes spill stores, 0 bytes spill loads
  ptxas info    : Used 26 registers
  ptxas info    : Compiling entry function '_ZN2sg4sm9016grokadamw_kernelIN3c104HalfES3_Li1EEEvPT_PfS6_S6_PKT0_fffffffffl' for 'sm_90a'
  ptxas info    : Function properties for _ZN2sg4sm9016grokadamw_kernelIN3c104HalfES3_Li1EEEvPT_PfS6_S6_PKT0_fffffffffl
      0 bytes stack frame, 0 bytes spill stores, 0 bytes spill loads
  ptxas info    : Used 26 registers
  ptxas info    : Compiling entry function '_ZN2sg4sm9016grokadamw_kernelIffLi1EEEvPT_PfS4_S4_PKT0_fffffffffl' for 'sm_90a'
  ptxas info    : Function properties for _ZN2sg4sm9016grokadamw_kernelIffLi1EEEvPT_PfS4_S4_PKT0_fffffffffl
      0 bytes stack frame, 0 bytes spill stores, 0 bytes spill loads
  ptxas info    : Used 40 registers
  ptxas info    : Compiling entry function '_ZN2sg4sm9016grokadamw_kernelIddLi1EEEvPT_PfS4_S4_PKT0_fffffffffl' for 'sm_90a'
  ptxas info    : Function properties for _ZN2sg4sm9016grokadamw_kernelIddLi1EEEvPT_PfS4_S4_PKT0_fffffffffl
      0 bytes stack frame, 0 bytes spill stores, 0 bytes spill loads
  ptxas info    : Used 44 registers
  ptxas info    : Compiling entry function '_ZN2sg4sm9026grokadamw_kernel_vec4_fp32EP6float4S2_S2_S2_PKS1_fffffffffl' for 'sm_90a'
  ptxas info    : Function properties for _ZN2sg4sm9026grokadamw_kernel_vec4_fp32EP6float4S2_S2_S2_PKS1_fffffffffl
      0 bytes stack frame, 0 bytes spill stores, 0 bytes spill loads
  ptxas info    : Used 48 registers
  ptxas info    : Compiling entry function '_ZN3cub17CUB_200302_900_NS11EmptyKernelIvEEvv' for 'sm_90a'
  ptxas info    : Function properties for _ZN3cub17CUB_200302_900_NS11EmptyKernelIvEEvv
      0 bytes stack frame, 0 bytes spill stores, 0 bytes spill loads
  ptxas info    : Used 4 registers
  [42/56] /usr/local/sccache-shim/nvcc --generate-dependencies-with-compile --dependency-output /dev/shm/tmp/tmp9icn1kre.build-temp/csrc/fused/sm_90/mega_mamba3_neuralgrok.o.d -DWITH_CUDA -DWITH_CUTLASS -I/workspace/SuperGrok1.5/. -I/workspace/SuperGrok1.5/csrc/bindings -I/workspace/SuperGrok1.5/csrc -I/workspace/SuperGrok1.5/third_party/cutlass/include -I/workspace/SuperGrok1.5/third_party/cutlass/tools/util/include -I/usr/local/lib/python3.11/dist-packages/torch/include -I/usr/local/lib/python3.11/dist-packages/torch/include/torch/csrc/api/include -I/usr/local/lib/python3.11/dist-packages/torch/include/TH -I/usr/local/lib/python3.11/dist-packages/torch/include/THC -I/usr/local/cuda/include -I/usr/include/python3.11 -c -c /workspace/SuperGrok1.5/csrc/fused/sm_90/mega_mamba3_neuralgrok.cu -o /dev/shm/tmp/tmp9icn1kre.build-temp/csrc/fused/sm_90/mega_mamba3_neuralgrok.o -D__CUDA_NO_HALF_OPERATORS__ -D__CUDA_NO_HALF_CONVERSIONS__ -D__CUDA_NO_BFLOAT16_CONVERSIONS__ -D__CUDA_NO_HALF2_OPERATORS__ --expt-relaxed-constexpr --compiler-options ''"'"'-fPIC'"'"'' -O3 -std=c++17 -DWITH_CUDA --expt-relaxed-constexpr -Xfatbin -compress-all -Xptxas --opt-level=3 -Xptxas -v -Xptxas --warn-on-spills --extra-device-vectorization -Xcompiler -fPIC -Xcompiler -fno-strict-aliasing -Xnvlink --suppress-stack-size-warning --resource-usage --default-stream per-thread --use_fast_math -DNDEBUG -lineinfo -gencode=arch=compute_90a,code=sm_90a -gencode=arch=compute_90,code=compute_90 -DWITH_CUTLASS -DCUTLASS_NVCC_ARCHS=90a -DTORCH_API_INCLUDE_EXTENSION_H '-DPYBIND11_COMPILER_TYPE="_gcc"' '-DPYBIND11_STDLIB="_libstdcpp"' '-DPYBIND11_BUILD_ABI="_cxxabi1011"' -DTORCH_EXTENSION_NAME=_ops -D_GLIBCXX_USE_CXX11_ABI=0
  /workspace/SuperGrok1.5/./csrc/algorithms/muon.h(76): warning #737-D: using-declaration ignored -- it refers to the current namespace
    using sg::algorithms::adamw_step;
          ^

  Remark: The warnings can be suppressed with "-diag-suppress <warning-number>"

  /workspace/SuperGrok1.5/./csrc/algorithms/muon.h(76): warning #737-D: using-declaration ignored -- it refers to the current namespace
    using sg::algorithms::adamw_step;
          ^

  Remark: The warnings can be suppressed with "-diag-suppress <warning-number>"

  ptxas info    : (C7508) Potential Performance Loss: 'setmaxnreg' ignored; unable to determine register count at entry.
  ptxas info    : (C7508) Potential Performance Loss: 'setmaxnreg' ignored; unable to determine register count at entry.
  ptxas info    : 23 bytes gmem
  ptxas info    : Compiling entry function '_ZN2sg5fused4sm9016fused_megakernelILNS1_7ModelIdE2ELNS1_5OptIdE6ELNS1_8FuseTierE3EEEvNS0_17PersistentContextEPfPKfS7_S7_PKiSB_fiNS1_13FusedOptStateE' for 'sm_90a'
  ptxas info    : Function properties for _ZN2sg5fused4sm9016fused_megakernelILNS1_7ModelIdE2ELNS1_5OptIdE6ELNS1_8FuseTierE3EEEvNS0_17PersistentContextEPfPKfS7_S7_PKiSB_fiNS1_13FusedOptStateE
      0 bytes stack frame, 0 bytes spill stores, 0 bytes spill loads
  ptxas info    : Used 40 registers, 4232 bytes smem
  ptxas info    : Compiling entry function '_ZN2sg5fused4sm9016fused_megakernelILNS1_7ModelIdE2ELNS1_5OptIdE6ELNS1_8FuseTierE1EEEvNS0_17PersistentContextEPfPKfS7_S7_PKiSB_fiNS1_13FusedOptStateE' for 'sm_90a'
  ptxas info    : Function properties for _ZN2sg5fused4sm9016fused_megakernelILNS1_7ModelIdE2ELNS1_5OptIdE6ELNS1_8FuseTierE1EEEvNS0_17PersistentContextEPfPKfS7_S7_PKiSB_fiNS1_13FusedOptStateE
      0 bytes stack frame, 0 bytes spill stores, 0 bytes spill loads
  ptxas info    : Used 40 registers, 4 bytes smem
  ptxas info    : Compiling entry function '_ZN3cub17CUB_200302_900_NS11EmptyKernelIvEEvv' for 'sm_90a'
  ptxas info    : Function properties for _ZN3cub17CUB_200302_900_NS11EmptyKernelIvEEvv
      0 bytes stack frame, 0 bytes spill stores, 0 bytes spill loads
  ptxas info    : Used 4 registers
  /workspace/SuperGrok1.5/./csrc/algorithms/muon.h(76): warning #737-D: using-declaration ignored -- it refers to the current namespace
    using sg::algorithms::adamw_step;
          ^

  Remark: The warnings can be suppressed with "-diag-suppress <warning-number>"

  [43/56] /usr/local/sccache-shim/nvcc --generate-dependencies-with-compile --dependency-output /dev/shm/tmp/tmp9icn1kre.build-temp/csrc/fused/sm_90/mega_transformer_decoder_adamw.o.d -DWITH_CUDA -DWITH_CUTLASS -I/workspace/SuperGrok1.5/. -I/workspace/SuperGrok1.5/csrc/bindings -I/workspace/SuperGrok1.5/csrc -I/workspace/SuperGrok1.5/third_party/cutlass/include -I/workspace/SuperGrok1.5/third_party/cutlass/tools/util/include -I/usr/local/lib/python3.11/dist-packages/torch/include -I/usr/local/lib/python3.11/dist-packages/torch/include/torch/csrc/api/include -I/usr/local/lib/python3.11/dist-packages/torch/include/TH -I/usr/local/lib/python3.11/dist-packages/torch/include/THC -I/usr/local/cuda/include -I/usr/include/python3.11 -c -c /workspace/SuperGrok1.5/csrc/fused/sm_90/mega_transformer_decoder_adamw.cu -o /dev/shm/tmp/tmp9icn1kre.build-temp/csrc/fused/sm_90/mega_transformer_decoder_adamw.o -D__CUDA_NO_HALF_OPERATORS__ -D__CUDA_NO_HALF_CONVERSIONS__ -D__CUDA_NO_BFLOAT16_CONVERSIONS__ -D__CUDA_NO_HALF2_OPERATORS__ --expt-relaxed-constexpr --compiler-options ''"'"'-fPIC'"'"'' -O3 -std=c++17 -DWITH_CUDA --expt-relaxed-constexpr -Xfatbin -compress-all -Xptxas --opt-level=3 -Xptxas -v -Xptxas --warn-on-spills --extra-device-vectorization -Xcompiler -fPIC -Xcompiler -fno-strict-aliasing -Xnvlink --suppress-stack-size-warning --resource-usage --default-stream per-thread --use_fast_math -DNDEBUG -lineinfo -gencode=arch=compute_90a,code=sm_90a -gencode=arch=compute_90,code=compute_90 -DWITH_CUTLASS -DCUTLASS_NVCC_ARCHS=90a -DTORCH_API_INCLUDE_EXTENSION_H '-DPYBIND11_COMPILER_TYPE="_gcc"' '-DPYBIND11_STDLIB="_libstdcpp"' '-DPYBIND11_BUILD_ABI="_cxxabi1011"' -DTORCH_EXTENSION_NAME=_ops -D_GLIBCXX_USE_CXX11_ABI=0
  /workspace/SuperGrok1.5/./csrc/algorithms/muon.h(76): warning #737-D: using-declaration ignored -- it refers to the current namespace
    using sg::algorithms::adamw_step;
          ^

  Remark: The warnings can be suppressed with "-diag-suppress <warning-number>"

  /workspace/SuperGrok1.5/./csrc/algorithms/muon.h(76): warning #737-D: using-declaration ignored -- it refers to the current namespace
    using sg::algorithms::adamw_step;
          ^

  Remark: The warnings can be suppressed with "-diag-suppress <warning-number>"

  ptxas info    : (C7508) Potential Performance Loss: 'setmaxnreg' ignored; unable to determine register count at entry.
  ptxas info    : (C7508) Potential Performance Loss: 'setmaxnreg' ignored; unable to determine register count at entry.
  ptxas info    : 23 bytes gmem
  ptxas info    : Compiling entry function '_ZN2sg5fused4sm9016fused_megakernelILNS1_7ModelIdE0ELNS1_5OptIdE0ELNS1_8FuseTierE3EEEvNS0_17PersistentContextEPfPKfS7_S7_PKiSB_fiNS1_13FusedOptStateE' for 'sm_90a'
  ptxas info    : Function properties for _ZN2sg5fused4sm9016fused_megakernelILNS1_7ModelIdE0ELNS1_5OptIdE0ELNS1_8FuseTierE3EEEvNS0_17PersistentContextEPfPKfS7_S7_PKiSB_fiNS1_13FusedOptStateE
      0 bytes stack frame, 0 bytes spill stores, 0 bytes spill loads
  ptxas info    : Used 32 registers, 4232 bytes smem
  ptxas info    : Compiling entry function '_ZN2sg5fused4sm9016fused_megakernelILNS1_7ModelIdE0ELNS1_5OptIdE0ELNS1_8FuseTierE1EEEvNS0_17PersistentContextEPfPKfS7_S7_PKiSB_fiNS1_13FusedOptStateE' for 'sm_90a'
  ptxas info    : Function properties for _ZN2sg5fused4sm9016fused_megakernelILNS1_7ModelIdE0ELNS1_5OptIdE0ELNS1_8FuseTierE1EEEvNS0_17PersistentContextEPfPKfS7_S7_PKiSB_fiNS1_13FusedOptStateE
      0 bytes stack frame, 0 bytes spill stores, 0 bytes spill loads
  ptxas info    : Used 32 registers, 4 bytes smem
  ptxas info    : Compiling entry function '_ZN3cub17CUB_200302_900_NS11EmptyKernelIvEEvv' for 'sm_90a'
  ptxas info    : Function properties for _ZN3cub17CUB_200302_900_NS11EmptyKernelIvEEvv
      0 bytes stack frame, 0 bytes spill stores, 0 bytes spill loads
  ptxas info    : Used 4 registers
  /workspace/SuperGrok1.5/./csrc/algorithms/muon.h(76): warning #737-D: using-declaration ignored -- it refers to the current namespace
    using sg::algorithms::adamw_step;
          ^

  Remark: The warnings can be suppressed with "-diag-suppress <warning-number>"

  [44/56] /usr/local/sccache-shim/nvcc --generate-dependencies-with-compile --dependency-output /dev/shm/tmp/tmp9icn1kre.build-temp/csrc/fused/sm_90/sg2_meta_tail.o.d -DWITH_CUDA -DWITH_CUTLASS -I/workspace/SuperGrok1.5/. -I/workspace/SuperGrok1.5/csrc/bindings -I/workspace/SuperGrok1.5/csrc -I/workspace/SuperGrok1.5/third_party/cutlass/include -I/workspace/SuperGrok1.5/third_party/cutlass/tools/util/include -I/usr/local/lib/python3.11/dist-packages/torch/include -I/usr/local/lib/python3.11/dist-packages/torch/include/torch/csrc/api/include -I/usr/local/lib/python3.11/dist-packages/torch/include/TH -I/usr/local/lib/python3.11/dist-packages/torch/include/THC -I/usr/local/cuda/include -I/usr/include/python3.11 -c -c /workspace/SuperGrok1.5/csrc/fused/sm_90/sg2_meta_tail.cu -o /dev/shm/tmp/tmp9icn1kre.build-temp/csrc/fused/sm_90/sg2_meta_tail.o -D__CUDA_NO_HALF_OPERATORS__ -D__CUDA_NO_HALF_CONVERSIONS__ -D__CUDA_NO_BFLOAT16_CONVERSIONS__ -D__CUDA_NO_HALF2_OPERATORS__ --expt-relaxed-constexpr --compiler-options ''"'"'-fPIC'"'"'' -O3 -std=c++17 -DWITH_CUDA --expt-relaxed-constexpr -Xfatbin -compress-all -Xptxas --opt-level=3 -Xptxas -v -Xptxas --warn-on-spills --extra-device-vectorization -Xcompiler -fPIC -Xcompiler -fno-strict-aliasing -Xnvlink --suppress-stack-size-warning --resource-usage --default-stream per-thread --use_fast_math -DNDEBUG -lineinfo -gencode=arch=compute_90a,code=sm_90a -gencode=arch=compute_90,code=compute_90 -DWITH_CUTLASS -DCUTLASS_NVCC_ARCHS=90a -DTORCH_API_INCLUDE_EXTENSION_H '-DPYBIND11_COMPILER_TYPE="_gcc"' '-DPYBIND11_STDLIB="_libstdcpp"' '-DPYBIND11_BUILD_ABI="_cxxabi1011"' -DTORCH_EXTENSION_NAME=_ops -D_GLIBCXX_USE_CXX11_ABI=0
  ptxas warning : Registers are spilled to local memory in function '_ZN2sg5fused4sm9029sg2_meta_optimizer_megakernelINS1_7SG2DimsILi8ELi2ELi4ELi144ELi16ELi4ELi4ELi4ELi8ELi16ELi128ELi4EEEffEEvNS0_17PersistentContextENS1_10SG2WeightsENS1_8SG2StateENS1_10SG2ScalarsEPT0_PKT1_PKf', 912 bytes spill stores, 908 bytes spill loads
  ptxas info    : 23 bytes gmem
  ptxas info    : Compiling entry function '_ZN2sg5fused4sm9029sg2_meta_optimizer_megakernelINS1_7SG2DimsILi8ELi2ELi4ELi144ELi16ELi4ELi4ELi4ELi8ELi16ELi128ELi4EEEffEEvNS0_17PersistentContextENS1_10SG2WeightsENS1_8SG2StateENS1_10SG2ScalarsEPT0_PKT1_PKf' for 'sm_90a'
  ptxas info    : Function properties for _ZN2sg5fused4sm9029sg2_meta_optimizer_megakernelINS1_7SG2DimsILi8ELi2ELi4ELi144ELi16ELi4ELi4ELi4ELi8ELi16ELi128ELi4EEEffEEvNS0_17PersistentContextENS1_10SG2WeightsENS1_8SG2StateENS1_10SG2ScalarsEPT0_PKT1_PKf
      1104 bytes stack frame, 912 bytes spill stores, 908 bytes spill loads
  ptxas info    : Used 128 registers, 1104 bytes cumulative stack size, 36116 bytes smem
  ptxas info    : Compiling entry function '_ZN3cub17CUB_200302_900_NS11EmptyKernelIvEEvv' for 'sm_90a'
  ptxas info    : Function properties for _ZN3cub17CUB_200302_900_NS11EmptyKernelIvEEvv
      0 bytes stack frame, 0 bytes spill stores, 0 bytes spill loads
  ptxas info    : Used 4 registers
  [45/56] /usr/local/sccache-shim/nvcc --generate-dependencies-with-compile --dependency-output /dev/shm/tmp/tmp9icn1kre.build-temp/csrc/fused/sm_90/mega_transformer_decoder_supergrok2.o.d -DWITH_CUDA -DWITH_CUTLASS -I/workspace/SuperGrok1.5/. -I/workspace/SuperGrok1.5/csrc/bindings -I/workspace/SuperGrok1.5/csrc -I/workspace/SuperGrok1.5/third_party/cutlass/include -I/workspace/SuperGrok1.5/third_party/cutlass/tools/util/include -I/usr/local/lib/python3.11/dist-packages/torch/include -I/usr/local/lib/python3.11/dist-packages/torch/include/torch/csrc/api/include -I/usr/local/lib/python3.11/dist-packages/torch/include/TH -I/usr/local/lib/python3.11/dist-packages/torch/include/THC -I/usr/local/cuda/include -I/usr/include/python3.11 -c -c /workspace/SuperGrok1.5/csrc/fused/sm_90/mega_transformer_decoder_supergrok2.cu -o /dev/shm/tmp/tmp9icn1kre.build-temp/csrc/fused/sm_90/mega_transformer_decoder_supergrok2.o -D__CUDA_NO_HALF_OPERATORS__ -D__CUDA_NO_HALF_CONVERSIONS__ -D__CUDA_NO_BFLOAT16_CONVERSIONS__ -D__CUDA_NO_HALF2_OPERATORS__ --expt-relaxed-constexpr --compiler-options ''"'"'-fPIC'"'"'' -O3 -std=c++17 -DWITH_CUDA --expt-relaxed-constexpr -Xfatbin -compress-all -Xptxas --opt-level=3 -Xptxas -v -Xptxas --warn-on-spills --extra-device-vectorization -Xcompiler -fPIC -Xcompiler -fno-strict-aliasing -Xnvlink --suppress-stack-size-warning --resource-usage --default-stream per-thread --use_fast_math -DNDEBUG -lineinfo -gencode=arch=compute_90a,code=sm_90a -gencode=arch=compute_90,code=compute_90 -DWITH_CUTLASS -DCUTLASS_NVCC_ARCHS=90a -DTORCH_API_INCLUDE_EXTENSION_H '-DPYBIND11_COMPILER_TYPE="_gcc"' '-DPYBIND11_STDLIB="_libstdcpp"' '-DPYBIND11_BUILD_ABI="_cxxabi1011"' -DTORCH_EXTENSION_NAME=_ops -D_GLIBCXX_USE_CXX11_ABI=0
  /workspace/SuperGrok1.5/./csrc/algorithms/muon.h(76): warning #737-D: using-declaration ignored -- it refers to the current namespace
    using sg::algorithms::adamw_step;
          ^

  Remark: The warnings can be suppressed with "-diag-suppress <warning-number>"

  /workspace/SuperGrok1.5/./csrc/algorithms/muon.h(76): warning #737-D: using-declaration ignored -- it refers to the current namespace
    using sg::algorithms::adamw_step;
          ^

  Remark: The warnings can be suppressed with "-diag-suppress <warning-number>"

  ptxas info    : (C7508) Potential Performance Loss: 'setmaxnreg' ignored; unable to determine register count at entry.
  ptxas info    : (C7508) Potential Performance Loss: 'setmaxnreg' ignored; unable to determine register count at entry.
  ptxas info    : 23 bytes gmem
  ptxas info    : Compiling entry function '_ZN2sg5fused4sm9016fused_megakernelILNS1_7ModelIdE0ELNS1_5OptIdE10ELNS1_8FuseTierE3EEEvNS0_17PersistentContextEPfPKfS7_S7_PKiSB_fiNS1_13FusedOptStateE' for 'sm_90a'
  ptxas info    : Function properties for _ZN2sg5fused4sm9016fused_megakernelILNS1_7ModelIdE0ELNS1_5OptIdE10ELNS1_8FuseTierE3EEEvNS0_17PersistentContextEPfPKfS7_S7_PKiSB_fiNS1_13FusedOptStateE
      0 bytes stack frame, 0 bytes spill stores, 0 bytes spill loads
  ptxas info    : Used 40 registers, 4232 bytes smem
  ptxas info    : Compiling entry function '_ZN2sg5fused4sm9016fused_megakernelILNS1_7ModelIdE0ELNS1_5OptIdE10ELNS1_8FuseTierE1EEEvNS0_17PersistentContextEPfPKfS7_S7_PKiSB_fiNS1_13FusedOptStateE' for 'sm_90a'
  ptxas info    : Function properties for _ZN2sg5fused4sm9016fused_megakernelILNS1_7ModelIdE0ELNS1_5OptIdE10ELNS1_8FuseTierE1EEEvNS0_17PersistentContextEPfPKfS7_S7_PKiSB_fiNS1_13FusedOptStateE
      0 bytes stack frame, 0 bytes spill stores, 0 bytes spill loads
  ptxas info    : Used 32 registers, 4 bytes smem
  ptxas info    : Compiling entry function '_ZN3cub17CUB_200302_900_NS11EmptyKernelIvEEvv' for 'sm_90a'
  ptxas info    : Function properties for _ZN3cub17CUB_200302_900_NS11EmptyKernelIvEEvv
      0 bytes stack frame, 0 bytes spill stores, 0 bytes spill loads
  ptxas info    : Used 4 registers
  /workspace/SuperGrok1.5/./csrc/algorithms/muon.h(76): warning #737-D: using-declaration ignored -- it refers to the current namespace
    using sg::algorithms::adamw_step;
          ^

  Remark: The warnings can be suppressed with "-diag-suppress <warning-number>"

  [46/56] /usr/local/sccache-shim/nvcc --generate-dependencies-with-compile --dependency-output /dev/shm/tmp/tmp9icn1kre.build-temp/csrc/fused/sm_90/mega_transformer_decoder_looksam.o.d -DWITH_CUDA -DWITH_CUTLASS -I/workspace/SuperGrok1.5/. -I/workspace/SuperGrok1.5/csrc/bindings -I/workspace/SuperGrok1.5/csrc -I/workspace/SuperGrok1.5/third_party/cutlass/include -I/workspace/SuperGrok1.5/third_party/cutlass/tools/util/include -I/usr/local/lib/python3.11/dist-packages/torch/include -I/usr/local/lib/python3.11/dist-packages/torch/include/torch/csrc/api/include -I/usr/local/lib/python3.11/dist-packages/torch/include/TH -I/usr/local/lib/python3.11/dist-packages/torch/include/THC -I/usr/local/cuda/include -I/usr/include/python3.11 -c -c /workspace/SuperGrok1.5/csrc/fused/sm_90/mega_transformer_decoder_looksam.cu -o /dev/shm/tmp/tmp9icn1kre.build-temp/csrc/fused/sm_90/mega_transformer_decoder_looksam.o -D__CUDA_NO_HALF_OPERATORS__ -D__CUDA_NO_HALF_CONVERSIONS__ -D__CUDA_NO_BFLOAT16_CONVERSIONS__ -D__CUDA_NO_HALF2_OPERATORS__ --expt-relaxed-constexpr --compiler-options ''"'"'-fPIC'"'"'' -O3 -std=c++17 -DWITH_CUDA --expt-relaxed-constexpr -Xfatbin -compress-all -Xptxas --opt-level=3 -Xptxas -v -Xptxas --warn-on-spills --extra-device-vectorization -Xcompiler -fPIC -Xcompiler -fno-strict-aliasing -Xnvlink --suppress-stack-size-warning --resource-usage --default-stream per-thread --use_fast_math -DNDEBUG -lineinfo -gencode=arch=compute_90a,code=sm_90a -gencode=arch=compute_90,code=compute_90 -DWITH_CUTLASS -DCUTLASS_NVCC_ARCHS=90a -DTORCH_API_INCLUDE_EXTENSION_H '-DPYBIND11_COMPILER_TYPE="_gcc"' '-DPYBIND11_STDLIB="_libstdcpp"' '-DPYBIND11_BUILD_ABI="_cxxabi1011"' -DTORCH_EXTENSION_NAME=_ops -D_GLIBCXX_USE_CXX11_ABI=0
  /workspace/SuperGrok1.5/./csrc/algorithms/muon.h(76): warning #737-D: using-declaration ignored -- it refers to the current namespace
    using sg::algorithms::adamw_step;
          ^

  Remark: The warnings can be suppressed with "-diag-suppress <warning-number>"

  /workspace/SuperGrok1.5/./csrc/algorithms/muon.h(76): warning #737-D: using-declaration ignored -- it refers to the current namespace
    using sg::algorithms::adamw_step;
          ^

  Remark: The warnings can be suppressed with "-diag-suppress <warning-number>"

  ptxas info    : (C7508) Potential Performance Loss: 'setmaxnreg' ignored; unable to determine register count at entry.
  ptxas info    : (C7508) Potential Performance Loss: 'setmaxnreg' ignored; unable to determine register count at entry.
  ptxas info    : 23 bytes gmem
  ptxas info    : Compiling entry function '_ZN2sg5fused4sm9016fused_megakernelILNS1_7ModelIdE0ELNS1_5OptIdE4ELNS1_8FuseTierE3EEEvNS0_17PersistentContextEPfPKfS7_S7_PKiSB_fiNS1_13FusedOptStateE' for 'sm_90a'
  ptxas info    : Function properties for _ZN2sg5fused4sm9016fused_megakernelILNS1_7ModelIdE0ELNS1_5OptIdE4ELNS1_8FuseTierE3EEEvNS0_17PersistentContextEPfPKfS7_S7_PKiSB_fiNS1_13FusedOptStateE
      0 bytes stack frame, 0 bytes spill stores, 0 bytes spill loads
  ptxas info    : Used 40 registers, 4232 bytes smem
  ptxas info    : Compiling entry function '_ZN2sg5fused4sm9016fused_megakernelILNS1_7ModelIdE0ELNS1_5OptIdE4ELNS1_8FuseTierE1EEEvNS0_17PersistentContextEPfPKfS7_S7_PKiSB_fiNS1_13FusedOptStateE' for 'sm_90a'
  ptxas info    : Function properties for _ZN2sg5fused4sm9016fused_megakernelILNS1_7ModelIdE0ELNS1_5OptIdE4ELNS1_8FuseTierE1EEEvNS0_17PersistentContextEPfPKfS7_S7_PKiSB_fiNS1_13FusedOptStateE
      0 bytes stack frame, 0 bytes spill stores, 0 bytes spill loads
  ptxas info    : Used 32 registers, 4 bytes smem
  ptxas info    : Compiling entry function '_ZN3cub17CUB_200302_900_NS11EmptyKernelIvEEvv' for 'sm_90a'
  ptxas info    : Function properties for _ZN3cub17CUB_200302_900_NS11EmptyKernelIvEEvv
      0 bytes stack frame, 0 bytes spill stores, 0 bytes spill loads
  ptxas info    : Used 4 registers
  /workspace/SuperGrok1.5/./csrc/algorithms/muon.h(76): warning #737-D: using-declaration ignored -- it refers to the current namespace
    using sg::algorithms::adamw_step;
          ^

  Remark: The warnings can be suppressed with "-diag-suppress <warning-number>"

  [47/56] /usr/local/sccache-shim/nvcc --generate-dependencies-with-compile --dependency-output /dev/shm/tmp/tmp9icn1kre.build-temp/csrc/backends/cuda/sm_90/launch_supergrok15.o.d -DWITH_CUDA -DWITH_CUTLASS -I/workspace/SuperGrok1.5/. -I/workspace/SuperGrok1.5/csrc/bindings -I/workspace/SuperGrok1.5/csrc -I/workspace/SuperGrok1.5/third_party/cutlass/include -I/workspace/SuperGrok1.5/third_party/cutlass/tools/util/include -I/usr/local/lib/python3.11/dist-packages/torch/include -I/usr/local/lib/python3.11/dist-packages/torch/include/torch/csrc/api/include -I/usr/local/lib/python3.11/dist-packages/torch/include/TH -I/usr/local/lib/python3.11/dist-packages/torch/include/THC -I/usr/local/cuda/include -I/usr/include/python3.11 -c -c /workspace/SuperGrok1.5/csrc/backends/cuda/sm_90/launch_supergrok15.cu -o /dev/shm/tmp/tmp9icn1kre.build-temp/csrc/backends/cuda/sm_90/launch_supergrok15.o -D__CUDA_NO_HALF_OPERATORS__ -D__CUDA_NO_HALF_CONVERSIONS__ -D__CUDA_NO_BFLOAT16_CONVERSIONS__ -D__CUDA_NO_HALF2_OPERATORS__ --expt-relaxed-constexpr --compiler-options ''"'"'-fPIC'"'"'' -O3 -std=c++17 -DWITH_CUDA --expt-relaxed-constexpr -Xfatbin -compress-all -Xptxas --opt-level=3 -Xptxas -v -Xptxas --warn-on-spills --extra-device-vectorization -Xcompiler -fPIC -Xcompiler -fno-strict-aliasing -Xnvlink --suppress-stack-size-warning --resource-usage --default-stream per-thread --use_fast_math -DNDEBUG -lineinfo -gencode=arch=compute_90a,code=sm_90a -gencode=arch=compute_90,code=compute_90 -DWITH_CUTLASS -DCUTLASS_NVCC_ARCHS=90a -DTORCH_API_INCLUDE_EXTENSION_H '-DPYBIND11_COMPILER_TYPE="_gcc"' '-DPYBIND11_STDLIB="_libstdcpp"' '-DPYBIND11_BUILD_ABI="_cxxabi1011"' -DTORCH_EXTENSION_NAME=_ops -D_GLIBCXX_USE_CXX11_ABI=0
  ptxas warning : Registers are spilled to local memory in function '_ZN2sg4sm9019sg15_sweep_a_kernelIN3c108BFloat16EEEvPfPKT_PKfS9_S9_S9_ffS4_l', 320 bytes spill stores, 320 bytes spill loads
  ptxas warning : Registers are spilled to local memory in function '_ZN2sg4sm9019sg15_sweep_a_kernelIN3c104HalfEEEvPfPKT_PKfS9_S9_S9_ffS4_l', 320 bytes spill stores, 320 bytes spill loads
  ptxas warning : Registers are spilled to local memory in function '_ZN2sg4sm9019sg15_sweep_a_kernelIfEEvPfPKT_PKfS7_S7_S7_ffS2_l', 320 bytes spill stores, 320 bytes spill loads
  ptxas warning : Registers are spilled to local memory in function '_ZN2sg4sm9019sg15_sweep_a_kernelIdEEvPfPKT_PKfS7_S7_S7_ffS2_l', 320 bytes spill stores, 320 bytes spill loads
  ptxas info    : 23 bytes gmem
  ptxas info    : Compiling entry function '_ZN2sg4sm9029sg15_sharpness_restore_kernelIN3c108BFloat16EEEvPT_PfPKS4_S8_S8_l' for 'sm_90a'
  ptxas info    : Function properties for _ZN2sg4sm9029sg15_sharpness_restore_kernelIN3c108BFloat16EEEvPT_PfPKS4_S8_S8_l
      0 bytes stack frame, 0 bytes spill stores, 0 bytes spill loads
  ptxas info    : Used 18 registers
  ptxas info    : Compiling entry function '_ZN2sg4sm9029sg15_sharpness_restore_kernelIN3c104HalfEEEvPT_PfPKS4_S8_S8_l' for 'sm_90a'
  ptxas info    : Function properties for _ZN2sg4sm9029sg15_sharpness_restore_kernelIN3c104HalfEEEvPT_PfPKS4_S8_S8_l
      0 bytes stack frame, 0 bytes spill stores, 0 bytes spill loads
  ptxas info    : Used 18 registers
  ptxas info    : Compiling entry function '_ZN2sg4sm9029sg15_sharpness_restore_kernelIfEEvPT_PfPKS2_S6_S6_l' for 'sm_90a'
  ptxas info    : Function properties for _ZN2sg4sm9029sg15_sharpness_restore_kernelIfEEvPT_PfPKS2_S6_S6_l
      0 bytes stack frame, 0 bytes spill stores, 0 bytes spill loads
  ptxas info    : Used 32 registers
  ptxas info    : Compiling entry function '_ZN2sg4sm9029sg15_sharpness_restore_kernelIdEEvPT_PfPKS2_S6_S6_l' for 'sm_90a'
  ptxas info    : Function properties for _ZN2sg4sm9029sg15_sharpness_restore_kernelIdEEvPT_PfPKS2_S6_S6_l
      0 bytes stack frame, 0 bytes spill stores, 0 bytes spill loads
  ptxas info    : Used 32 registers
  ptxas info    : Compiling entry function '_ZN2sg4sm9023sg15_sam_perturb_kernelIN3c108BFloat16EEEvPT_PKS4_fl' for 'sm_90a'
  ptxas info    : Function properties for _ZN2sg4sm9023sg15_sam_perturb_kernelIN3c108BFloat16EEEvPT_PKS4_fl
      0 bytes stack frame, 0 bytes spill stores, 0 bytes spill loads
  ptxas info    : Used 12 registers
  ptxas info    : Compiling entry function '_ZN2sg4sm9023sg15_sam_perturb_kernelIN3c104HalfEEEvPT_PKS4_fl' for 'sm_90a'
  ptxas info    : Function properties for _ZN2sg4sm9023sg15_sam_perturb_kernelIN3c104HalfEEEvPT_PKS4_fl
      0 bytes stack frame, 0 bytes spill stores, 0 bytes spill loads
  ptxas info    : Used 12 registers
  ptxas info    : Compiling entry function '_ZN2sg4sm9023sg15_sam_perturb_kernelIfEEvPT_PKS2_fl' for 'sm_90a'
  ptxas info    : Function properties for _ZN2sg4sm9023sg15_sam_perturb_kernelIfEEvPT_PKS2_fl
      0 bytes stack frame, 0 bytes spill stores, 0 bytes spill loads
  ptxas info    : Used 26 registers
  ptxas info    : Compiling entry function '_ZN2sg4sm9023sg15_sam_perturb_kernelIdEEvPT_PKS2_fl' for 'sm_90a'
  ptxas info    : Function properties for _ZN2sg4sm9023sg15_sam_perturb_kernelIdEEvPT_PKS2_fl
      0 bytes stack frame, 0 bytes spill stores, 0 bytes spill loads
  ptxas info    : Used 23 registers
  ptxas info    : Compiling entry function '_ZN2sg4sm9019sg15_sweep_b_kernelIN3c108BFloat16ES3_Li1EEEvPT_PfS6_PKT0_PKfffffffffffl' for 'sm_90a'
  ptxas info    : Function properties for _ZN2sg4sm9019sg15_sweep_b_kernelIN3c108BFloat16ES3_Li1EEEvPT_PfS6_PKT0_PKfffffffffffl
      0 bytes stack frame, 0 bytes spill stores, 0 bytes spill loads
  ptxas info    : Used 24 registers
  ptxas info    : Compiling entry function '_ZN2sg4sm9019sg15_sweep_b_kernelIN3c104HalfES3_Li1EEEvPT_PfS6_PKT0_PKfffffffffffl' for 'sm_90a'
  ptxas info    : Function properties for _ZN2sg4sm9019sg15_sweep_b_kernelIN3c104HalfES3_Li1EEEvPT_PfS6_PKT0_PKfffffffffffl
      0 bytes stack frame, 0 bytes spill stores, 0 bytes spill loads
  ptxas info    : Used 24 registers
  ptxas info    : Compiling entry function '_ZN2sg4sm9019sg15_sweep_b_kernelIffLi1EEEvPT_PfS4_PKT0_PKfffffffffffl' for 'sm_90a'
  ptxas info    : Function properties for _ZN2sg4sm9019sg15_sweep_b_kernelIffLi1EEEvPT_PfS4_PKT0_PKfffffffffffl
      0 bytes stack frame, 0 bytes spill stores, 0 bytes spill loads
  ptxas info    : Used 36 registers
  ptxas info    : Compiling entry function '_ZN2sg4sm9019sg15_sweep_b_kernelIddLi1EEEvPT_PfS4_PKT0_PKfffffffffffl' for 'sm_90a'
  ptxas info    : Function properties for _ZN2sg4sm9019sg15_sweep_b_kernelIddLi1EEEvPT_PfS4_PKT0_PKfffffffffffl
      0 bytes stack frame, 0 bytes spill stores, 0 bytes spill loads
  ptxas info    : Used 40 registers
  ptxas info    : Compiling entry function '_ZN2sg4sm9019sg15_sweep_a_kernelIN3c108BFloat16EEEvPfPKT_PKfS9_S9_S9_ffS4_l' for 'sm_90a'
  ptxas info    : Function properties for _ZN2sg4sm9019sg15_sweep_a_kernelIN3c108BFloat16EEEvPfPKT_PKfS9_S9_S9_ffS4_l
      320 bytes stack frame, 320 bytes spill stores, 320 bytes spill loads
  ptxas info    : Used 64 registers, 320 bytes cumulative stack size, 640 bytes smem
  ptxas info    : Compiling entry function '_ZN2sg4sm9019sg15_sweep_a_kernelIN3c104HalfEEEvPfPKT_PKfS9_S9_S9_ffS4_l' for 'sm_90a'
  ptxas info    : Function properties for _ZN2sg4sm9019sg15_sweep_a_kernelIN3c104HalfEEEvPfPKT_PKfS9_S9_S9_ffS4_l
      320 bytes stack frame, 320 bytes spill stores, 320 bytes spill loads
  ptxas info    : Used 64 registers, 320 bytes cumulative stack size, 640 bytes smem
  ptxas info    : Compiling entry function '_ZN2sg4sm9019sg15_sweep_a_kernelIfEEvPfPKT_PKfS7_S7_S7_ffS2_l' for 'sm_90a'
  ptxas info    : Function properties for _ZN2sg4sm9019sg15_sweep_a_kernelIfEEvPfPKT_PKfS7_S7_S7_ffS2_l
      320 bytes stack frame, 320 bytes spill stores, 320 bytes spill loads
  ptxas info    : Used 64 registers, 320 bytes cumulative stack size, 640 bytes smem
  ptxas info    : Compiling entry function '_ZN2sg4sm9019sg15_sweep_a_kernelIdEEvPfPKT_PKfS7_S7_S7_ffS2_l' for 'sm_90a'
  ptxas info    : Function properties for _ZN2sg4sm9019sg15_sweep_a_kernelIdEEvPfPKT_PKfS7_S7_S7_ffS2_l
      320 bytes stack frame, 320 bytes spill stores, 320 bytes spill loads
  ptxas info    : Used 64 registers, 320 bytes cumulative stack size, 640 bytes smem
  ptxas info    : Compiling entry function '_ZN2sg4sm9029sg15_sweep_b_kernel_vec4_fp32EP6float4S2_S2_PKS1_S4_ffffffffffl' for 'sm_90a'
  ptxas info    : Function properties for _ZN2sg4sm9029sg15_sweep_b_kernel_vec4_fp32EP6float4S2_S2_PKS1_S4_ffffffffffl
      0 bytes stack frame, 0 bytes spill stores, 0 bytes spill loads
  ptxas info    : Used 43 registers
  ptxas info    : Compiling entry function '_ZN3cub17CUB_200302_900_NS11EmptyKernelIvEEvv' for 'sm_90a'
  ptxas info    : Function properties for _ZN3cub17CUB_200302_900_NS11EmptyKernelIvEEvv
      0 bytes stack frame, 0 bytes spill stores, 0 bytes spill loads
  ptxas info    : Used 4 registers
  [48/56] /usr/local/sccache-shim/nvcc --generate-dependencies-with-compile --dependency-output /dev/shm/tmp/tmp9icn1kre.build-temp/csrc/fused/sm_90/mega_vit_real_adamw.o.d -DWITH_CUDA -DWITH_CUTLASS -I/workspace/SuperGrok1.5/. -I/workspace/SuperGrok1.5/csrc/bindings -I/workspace/SuperGrok1.5/csrc -I/workspace/SuperGrok1.5/third_party/cutlass/include -I/workspace/SuperGrok1.5/third_party/cutlass/tools/util/include -I/usr/local/lib/python3.11/dist-packages/torch/include -I/usr/local/lib/python3.11/dist-packages/torch/include/torch/csrc/api/include -I/usr/local/lib/python3.11/dist-packages/torch/include/TH -I/usr/local/lib/python3.11/dist-packages/torch/include/THC -I/usr/local/cuda/include -I/usr/include/python3.11 -c -c /workspace/SuperGrok1.5/csrc/fused/sm_90/mega_vit_real_adamw.cu -o /dev/shm/tmp/tmp9icn1kre.build-temp/csrc/fused/sm_90/mega_vit_real_adamw.o -D__CUDA_NO_HALF_OPERATORS__ -D__CUDA_NO_HALF_CONVERSIONS__ -D__CUDA_NO_BFLOAT16_CONVERSIONS__ -D__CUDA_NO_HALF2_OPERATORS__ --expt-relaxed-constexpr --compiler-options ''"'"'-fPIC'"'"'' -O3 -std=c++17 -DWITH_CUDA --expt-relaxed-constexpr -Xfatbin -compress-all -Xptxas --opt-level=3 -Xptxas -v -Xptxas --warn-on-spills --extra-device-vectorization -Xcompiler -fPIC -Xcompiler -fno-strict-aliasing -Xnvlink --suppress-stack-size-warning --resource-usage --default-stream per-thread --use_fast_math -DNDEBUG -lineinfo -gencode=arch=compute_90a,code=sm_90a -gencode=arch=compute_90,code=compute_90 -DWITH_CUTLASS -DCUTLASS_NVCC_ARCHS=90a -DTORCH_API_INCLUDE_EXTENSION_H '-DPYBIND11_COMPILER_TYPE="_gcc"' '-DPYBIND11_STDLIB="_libstdcpp"' '-DPYBIND11_BUILD_ABI="_cxxabi1011"' -DTORCH_EXTENSION_NAME=_ops -D_GLIBCXX_USE_CXX11_ABI=0
  /workspace/SuperGrok1.5/./csrc/algorithms/muon.h(76): warning #737-D: using-declaration ignored -- it refers to the current namespace
    using sg::algorithms::adamw_step;
          ^

  Remark: The warnings can be suppressed with "-diag-suppress <warning-number>"

  /workspace/SuperGrok1.5/./csrc/algorithms/muon.h(76): warning #737-D: using-declaration ignored -- it refers to the current namespace
    using sg::algorithms::adamw_step;
          ^

  Remark: The warnings can be suppressed with "-diag-suppress <warning-number>"

  ptxas info    : (C7508) Potential Performance Loss: 'setmaxnreg' ignored; unable to determine register count at entry.
  ptxas info    : 23 bytes gmem
  ptxas info    : Compiling entry function '_ZN2sg5fused4sm9020fused_vit_megakernelILNS1_5OptIdE0EEEvNS0_17PersistentContextEPfNS1_11ViTInputCtxES5_fiNS1_13FusedOptStateE' for 'sm_90a'
  ptxas info    : Function properties for _ZN2sg5fused4sm9020fused_vit_megakernelILNS1_5OptIdE0EEEvNS0_17PersistentContextEPfNS1_11ViTInputCtxES5_fiNS1_13FusedOptStateE
      512 bytes stack frame, 0 bytes spill stores, 0 bytes spill loads
  ptxas info    : Used 80 registers, 512 bytes cumulative stack size, 16 bytes smem
  ptxas info    : Compiling entry function '_ZN3cub17CUB_200302_900_NS11EmptyKernelIvEEvv' for 'sm_90a'
  ptxas info    : Function properties for _ZN3cub17CUB_200302_900_NS11EmptyKernelIvEEvv
      0 bytes stack frame, 0 bytes spill stores, 0 bytes spill loads
  ptxas info    : Used 4 registers
  /workspace/SuperGrok1.5/./csrc/algorithms/muon.h(76): warning #737-D: using-declaration ignored -- it refers to the current namespace
    using sg::algorithms::adamw_step;
          ^

  Remark: The warnings can be suppressed with "-diag-suppress <warning-number>"

  [49/56] /usr/local/sccache-shim/nvcc --generate-dependencies-with-compile --dependency-output /dev/shm/tmp/tmp9icn1kre.build-temp/csrc/fused/sm_90/mega_mamba_real_adamw.o.d -DWITH_CUDA -DWITH_CUTLASS -I/workspace/SuperGrok1.5/. -I/workspace/SuperGrok1.5/csrc/bindings -I/workspace/SuperGrok1.5/csrc -I/workspace/SuperGrok1.5/third_party/cutlass/include -I/workspace/SuperGrok1.5/third_party/cutlass/tools/util/include -I/usr/local/lib/python3.11/dist-packages/torch/include -I/usr/local/lib/python3.11/dist-packages/torch/include/torch/csrc/api/include -I/usr/local/lib/python3.11/dist-packages/torch/include/TH -I/usr/local/lib/python3.11/dist-packages/torch/include/THC -I/usr/local/cuda/include -I/usr/include/python3.11 -c -c /workspace/SuperGrok1.5/csrc/fused/sm_90/mega_mamba_real_adamw.cu -o /dev/shm/tmp/tmp9icn1kre.build-temp/csrc/fused/sm_90/mega_mamba_real_adamw.o -D__CUDA_NO_HALF_OPERATORS__ -D__CUDA_NO_HALF_CONVERSIONS__ -D__CUDA_NO_BFLOAT16_CONVERSIONS__ -D__CUDA_NO_HALF2_OPERATORS__ --expt-relaxed-constexpr --compiler-options ''"'"'-fPIC'"'"'' -O3 -std=c++17 -DWITH_CUDA --expt-relaxed-constexpr -Xfatbin -compress-all -Xptxas --opt-level=3 -Xptxas -v -Xptxas --warn-on-spills --extra-device-vectorization -Xcompiler -fPIC -Xcompiler -fno-strict-aliasing -Xnvlink --suppress-stack-size-warning --resource-usage --default-stream per-thread --use_fast_math -DNDEBUG -lineinfo -gencode=arch=compute_90a,code=sm_90a -gencode=arch=compute_90,code=compute_90 -DWITH_CUTLASS -DCUTLASS_NVCC_ARCHS=90a -DTORCH_API_INCLUDE_EXTENSION_H '-DPYBIND11_COMPILER_TYPE="_gcc"' '-DPYBIND11_STDLIB="_libstdcpp"' '-DPYBIND11_BUILD_ABI="_cxxabi1011"' -DTORCH_EXTENSION_NAME=_ops -D_GLIBCXX_USE_CXX11_ABI=0
  /workspace/SuperGrok1.5/./csrc/algorithms/muon.h(76): warning #737-D: using-declaration ignored -- it refers to the current namespace
    using sg::algorithms::adamw_step;
          ^

  Remark: The warnings can be suppressed with "-diag-suppress <warning-number>"

  /workspace/SuperGrok1.5/./csrc/algorithms/muon.h(76): warning #737-D: using-declaration ignored -- it refers to the current namespace
    using sg::algorithms::adamw_step;
          ^

  Remark: The warnings can be suppressed with "-diag-suppress <warning-number>"

  ptxas warning : Registers are spilled to local memory in function '_ZN2sg5fused4sm9022fused_mamba_megakernelILNS1_5OptIdE0EEEvNS0_17PersistentContextEPfNS1_13MambaTokenCtxES5_fiNS1_13FusedOptStateE', 20 bytes spill stores, 16 bytes spill loads
  ptxas info    : 23 bytes gmem
  ptxas info    : Compiling entry function '_ZN2sg5fused4sm9022fused_mamba_megakernelILNS1_5OptIdE0EEEvNS0_17PersistentContextEPfNS1_13MambaTokenCtxES5_fiNS1_13FusedOptStateE' for 'sm_90a'
  ptxas info    : Function properties for _ZN2sg5fused4sm9022fused_mamba_megakernelILNS1_5OptIdE0EEEvNS0_17PersistentContextEPfNS1_13MambaTokenCtxES5_fiNS1_13FusedOptStateE
      464 bytes stack frame, 20 bytes spill stores, 16 bytes spill loads
  ptxas info    : Used 255 registers, 464 bytes cumulative stack size, 48 bytes smem
  ptxas info    : Compiling entry function '_ZN3cub17CUB_200302_900_NS11EmptyKernelIvEEvv' for 'sm_90a'
  ptxas info    : Function properties for _ZN3cub17CUB_200302_900_NS11EmptyKernelIvEEvv
      0 bytes stack frame, 0 bytes spill stores, 0 bytes spill loads
  ptxas info    : Used 4 registers
  /workspace/SuperGrok1.5/./csrc/algorithms/muon.h(76): warning #737-D: using-declaration ignored -- it refers to the current namespace
    using sg::algorithms::adamw_step;
          ^

  Remark: The warnings can be suppressed with "-diag-suppress <warning-number>"

  [50/56] /usr/local/sccache-shim/nvcc --generate-dependencies-with-compile --dependency-output /dev/shm/tmp/tmp9icn1kre.build-temp/csrc/backends/cuda/sm_90/models/mamba.o.d -DWITH_CUDA -DWITH_CUTLASS -I/workspace/SuperGrok1.5/. -I/workspace/SuperGrok1.5/csrc/bindings -I/workspace/SuperGrok1.5/csrc -I/workspace/SuperGrok1.5/third_party/cutlass/include -I/workspace/SuperGrok1.5/third_party/cutlass/tools/util/include -I/usr/local/lib/python3.11/dist-packages/torch/include -I/usr/local/lib/python3.11/dist-packages/torch/include/torch/csrc/api/include -I/usr/local/lib/python3.11/dist-packages/torch/include/TH -I/usr/local/lib/python3.11/dist-packages/torch/include/THC -I/usr/local/cuda/include -I/usr/include/python3.11 -c -c /workspace/SuperGrok1.5/csrc/backends/cuda/sm_90/models/mamba.cu -o /dev/shm/tmp/tmp9icn1kre.build-temp/csrc/backends/cuda/sm_90/models/mamba.o -D__CUDA_NO_HALF_OPERATORS__ -D__CUDA_NO_HALF_CONVERSIONS__ -D__CUDA_NO_BFLOAT16_CONVERSIONS__ -D__CUDA_NO_HALF2_OPERATORS__ --expt-relaxed-constexpr --compiler-options ''"'"'-fPIC'"'"'' -O3 -std=c++17 -DWITH_CUDA --expt-relaxed-constexpr -Xfatbin -compress-all -Xptxas --opt-level=3 -Xptxas -v -Xptxas --warn-on-spills --extra-device-vectorization -Xcompiler -fPIC -Xcompiler -fno-strict-aliasing -Xnvlink --suppress-stack-size-warning --resource-usage --default-stream per-thread --use_fast_math -DNDEBUG -lineinfo -gencode=arch=compute_90a,code=sm_90a -gencode=arch=compute_90,code=compute_90 -DWITH_CUTLASS -DCUTLASS_NVCC_ARCHS=90a -DTORCH_API_INCLUDE_EXTENSION_H '-DPYBIND11_COMPILER_TYPE="_gcc"' '-DPYBIND11_STDLIB="_libstdcpp"' '-DPYBIND11_BUILD_ABI="_cxxabi1011"' -DTORCH_EXTENSION_NAME=_ops -D_GLIBCXX_USE_CXX11_ABI=0
  ptxas warning : Registers are spilled to local memory in function '_ZN7cutlass13device_kernelINS_4gemm6kernel13GemmUniversalIN4cute5tupleIJiiiiEEENS1_10collective13CollectiveMmaINS1_39MainloopSm90TmaGmmaRmemAWarpSpecializedILi3ENS5_IJNS4_1CILi1EEESB_SB_EEENS1_35KernelTmaWarpSpecializedCooperativeEEENS5_IJNSA_ILi128EEESF_NSA_ILi64EEEEEENS_10tfloat32_tENS5_IJlSB_lEEESI_NS5_IJSB_llEEENS4_8TiledMMAINS4_8MMA_AtomIJNS4_4SM904GMMA30MMA_64x128x8_F32TF32TF32_RS_TNILNSO_7ScaleInE1ELSQ_1EEEEEENS4_6LayoutINS5_IJNSA_ILi2EEESB_SB_EEENS5_IJSB_NSA_ILi0EEESW_EEEEENS5_IJNS4_10UnderscoreESZ_SZ_EEEEENS4_13SM90_TMA_LOADENS4_14ComposedLayoutINS4_7SwizzleILi3ELi4ELi3EEENS4_18smem_ptr_flag_bitsILi32EEENST_INS5_IJNSA_ILi8EEENSA_ILi32EEEEEENS5_IJS19_SB_EEEEEEEvNS4_8identityES12_NS13_INS14_ILi1ELi4ELi3EEES17_NST_INS5_IJS18_S18_EEENS5_IJSB_S18_EEEEEEENS4_9Copy_AtomIJNS4_39AutoVectorizingCopyWithAssumedAlignmentILi128EEESI_EEES1E_EENS_8epilogue10collective6detail29Sm90TmaWarpSpecializedAdapterINS1Q_15DefaultEpilogueISJ_SJ_NS1P_6thread17LinearCombinationIfLi1EffLNS1U_9ScaleType4KindE0ELNS_15FloatRoundStyleE2EfEENS1_15EpilogueDefaultEEEEEvvEEEEvNT_6ParamsE', 8 bytes spill stores, 8 bytes spill loads
  ptxas info    : 25 bytes gmem
  ptxas info    : Compiling entry function '_ZN7cutlass13device_kernelINS_4gemm6kernel13GemmUniversalIN4cute5tupleIJiiiiEEENS1_10collective13CollectiveMmaINS1_34MainloopSm90TmaGmmaWarpSpecializedILi3ENS5_IJNS4_1CILi1EEESB_SB_EEENS1_35KernelTmaWarpSpecializedCooperativeEEENS5_IJNSA_ILi128EEESF_NSA_ILi64EEEEEENS_10tfloat32_tENS5_IJlSB_lEEESI_SJ_NS4_8TiledMMAINS4_8MMA_AtomIJNS4_4SM904GMMA30MMA_64x128x8_F32TF32TF32_SS_TNILNSN_7ScaleInE1ELSP_1EEEEEENS4_6LayoutINS5_IJNSA_ILi2EEESB_SB_EEENS5_IJSB_NSA_ILi0EEESV_EEEEENS5_IJNS4_10UnderscoreESY_SY_EEEEENS4_13SM90_TMA_LOADENS4_14ComposedLayoutINS4_7SwizzleILi3ELi4ELi3EEENS4_18smem_ptr_flag_bitsILi32EEENSS_INS5_IJNSA_ILi8EEENSA_ILi32EEEEEENS5_IJS18_SB_EEEEEEEvNS4_8identityES11_S1C_vS1D_EENS_8epilogue10collective6detail29Sm90TmaWarpSpecializedAdapterINS1G_15DefaultEpilogueISJ_SJ_NS1F_6thread17LinearCombinationIfLi1EffLNS1K_9ScaleType4KindE0ELNS_15FloatRoundStyleE2EfEENS1_15EpilogueDefaultEEEEEvvEEEEvNT_6ParamsE' for 'sm_90a'
  ptxas info    : Function properties for _ZN7cutlass13device_kernelINS_4gemm6kernel13GemmUniversalIN4cute5tupleIJiiiiEEENS1_10collective13CollectiveMmaINS1_34MainloopSm90TmaGmmaWarpSpecializedILi3ENS5_IJNS4_1CILi1EEESB_SB_EEENS1_35KernelTmaWarpSpecializedCooperativeEEENS5_IJNSA_ILi128EEESF_NSA_ILi64EEEEEENS_10tfloat32_tENS5_IJlSB_lEEESI_SJ_NS4_8TiledMMAINS4_8MMA_AtomIJNS4_4SM904GMMA30MMA_64x128x8_F32TF32TF32_SS_TNILNSN_7ScaleInE1ELSP_1EEEEEENS4_6LayoutINS5_IJNSA_ILi2EEESB_SB_EEENS5_IJSB_NSA_ILi0EEESV_EEEEENS5_IJNS4_10UnderscoreESY_SY_EEEEENS4_13SM90_TMA_LOADENS4_14ComposedLayoutINS4_7SwizzleILi3ELi4ELi3EEENS4_18smem_ptr_flag_bitsILi32EEENSS_INS5_IJNSA_ILi8EEENSA_ILi32EEEEEENS5_IJS18_SB_EEEEEEEvNS4_8identityES11_S1C_vS1D_EENS_8epilogue10collective6detail29Sm90TmaWarpSpecializedAdapterINS1G_15DefaultEpilogueISJ_SJ_NS1F_6thread17LinearCombinationIfLi1EffLNS1K_9ScaleType4KindE0ELNS_15FloatRoundStyleE2EfEENS1_15EpilogueDefaultEEEEEvvEEEEvNT_6ParamsE
      0 bytes stack frame, 0 bytes spill stores, 0 bytes spill loads
  ptxas info    : Used 168 registers
  ptxas info    : Compiling entry function '_ZN7cutlass13device_kernelINS_4gemm6kernel13GemmUniversalIN4cute5tupleIJiiiiEEENS1_10collective13CollectiveMmaINS1_39MainloopSm90TmaGmmaRmemAWarpSpecializedILi3ENS5_IJNS4_1CILi1EEESB_SB_EEENS1_35KernelTmaWarpSpecializedCooperativeEEENS5_IJNSA_ILi128EEESF_NSA_ILi64EEEEEENS_10tfloat32_tENS5_IJlSB_lEEESI_NS5_IJSB_llEEENS4_8TiledMMAINS4_8MMA_AtomIJNS4_4SM904GMMA30MMA_64x128x8_F32TF32TF32_RS_TNILNSO_7ScaleInE1ELSQ_1EEEEEENS4_6LayoutINS5_IJNSA_ILi2EEESB_SB_EEENS5_IJSB_NSA_ILi0EEESW_EEEEENS5_IJNS4_10UnderscoreESZ_SZ_EEEEENS4_13SM90_TMA_LOADENS4_14ComposedLayoutINS4_7SwizzleILi3ELi4ELi3EEENS4_18smem_ptr_flag_bitsILi32EEENST_INS5_IJNSA_ILi8EEENSA_ILi32EEEEEENS5_IJS19_SB_EEEEEEEvNS4_8identityES12_NS13_INS14_ILi1ELi4ELi3EEES17_NST_INS5_IJS18_S18_EEENS5_IJSB_S18_EEEEEEENS4_9Copy_AtomIJNS4_39AutoVectorizingCopyWithAssumedAlignmentILi128EEESI_EEES1E_EENS_8epilogue10collective6detail29Sm90TmaWarpSpecializedAdapterINS1Q_15DefaultEpilogueISJ_SJ_NS1P_6thread17LinearCombinationIfLi1EffLNS1U_9ScaleType4KindE0ELNS_15FloatRoundStyleE2EfEENS1_15EpilogueDefaultEEEEEvvEEEEvNT_6ParamsE' for 'sm_90a'
  ptxas info    : Function properties for _ZN7cutlass13device_kernelINS_4gemm6kernel13GemmUniversalIN4cute5tupleIJiiiiEEENS1_10collective13CollectiveMmaINS1_39MainloopSm90TmaGmmaRmemAWarpSpecializedILi3ENS5_IJNS4_1CILi1EEESB_SB_EEENS1_35KernelTmaWarpSpecializedCooperativeEEENS5_IJNSA_ILi128EEESF_NSA_ILi64EEEEEENS_10tfloat32_tENS5_IJlSB_lEEESI_NS5_IJSB_llEEENS4_8TiledMMAINS4_8MMA_AtomIJNS4_4SM904GMMA30MMA_64x128x8_F32TF32TF32_RS_TNILNSO_7ScaleInE1ELSQ_1EEEEEENS4_6LayoutINS5_IJNSA_ILi2EEESB_SB_EEENS5_IJSB_NSA_ILi0EEESW_EEEEENS5_IJNS4_10UnderscoreESZ_SZ_EEEEENS4_13SM90_TMA_LOADENS4_14ComposedLayoutINS4_7SwizzleILi3ELi4ELi3EEENS4_18smem_ptr_flag_bitsILi32EEENST_INS5_IJNSA_ILi8EEENSA_ILi32EEEEEENS5_IJS19_SB_EEEEEEEvNS4_8identityES12_NS13_INS14_ILi1ELi4ELi3EEES17_NST_INS5_IJS18_S18_EEENS5_IJSB_S18_EEEEEEENS4_9Copy_AtomIJNS4_39AutoVectorizingCopyWithAssumedAlignmentILi128EEESI_EEES1E_EENS_8epilogue10collective6detail29Sm90TmaWarpSpecializedAdapterINS1Q_15DefaultEpilogueISJ_SJ_NS1P_6thread17LinearCombinationIfLi1EffLNS1U_9ScaleType4KindE0ELNS_15FloatRoundStyleE2EfEENS1_15EpilogueDefaultEEEEEvvEEEEvNT_6ParamsE
      8 bytes stack frame, 8 bytes spill stores, 8 bytes spill loads
  ptxas info    : Used 168 registers, 8 bytes cumulative stack size
  ptxas info    : Compiling entry function '_ZN7cutlass13device_kernelINS_4gemm6kernel13GemmUniversalIN4cute5tupleIJiiiiEEENS1_10collective13CollectiveMmaINS1_34MainloopSm90TmaGmmaWarpSpecializedILi7ENS5_IJNS4_1CILi1EEESB_SB_EEENS1_35KernelTmaWarpSpecializedCooperativeEEENS5_IJNSA_ILi128EEESF_NSA_ILi64EEEEEENS_10bfloat16_tENS5_IJlSB_lEEESI_NS5_IJSB_llEEENS4_8TiledMMAINS4_8MMA_AtomIJNS4_4SM904GMMA28MMA_64x128x16_F32BF16BF16_SSILNSO_5MajorE0ELSQ_1ELNSO_7ScaleInE1ELSR_1EEEEEENS4_6LayoutINS5_IJNSA_ILi2EEESB_SB_EEENS5_IJSB_NSA_ILi0EEESX_EEEEENS5_IJNS4_10UnderscoreES10_S10_EEEEENS4_13SM90_TMA_LOADENS4_14ComposedLayoutINS4_7SwizzleILi3ELi4ELi3EEENS4_18smem_ptr_flag_bitsILi16EEENSU_INS5_IJNSA_ILi8EEESG_EEENS5_IJSG_SB_EEEEEEEvNS4_8identityES13_NS14_IS16_S18_NSU_INS5_IJSG_S19_EEENS5_IJSB_SG_EEEEEEEvS1E_EENS_8epilogue10collective6detail29Sm90TmaWarpSpecializedAdapterINS1L_15DefaultEpilogueISJ_SJ_NS1K_6thread17LinearCombinationIfLi1EffLNS1P_9ScaleType4KindE0ELNS_15FloatRoundStyleE2EfEENS1_15EpilogueDefaultEEEEEvvEEEEvNT_6ParamsE' for 'sm_90a'
  ptxas info    : Function properties for _ZN7cutlass13device_kernelINS_4gemm6kernel13GemmUniversalIN4cute5tupleIJiiiiEEENS1_10collective13CollectiveMmaINS1_34MainloopSm90TmaGmmaWarpSpecializedILi7ENS5_IJNS4_1CILi1EEESB_SB_EEENS1_35KernelTmaWarpSpecializedCooperativeEEENS5_IJNSA_ILi128EEESF_NSA_ILi64EEEEEENS_10bfloat16_tENS5_IJlSB_lEEESI_NS5_IJSB_llEEENS4_8TiledMMAINS4_8MMA_AtomIJNS4_4SM904GMMA28MMA_64x128x16_F32BF16BF16_SSILNSO_5MajorE0ELSQ_1ELNSO_7ScaleInE1ELSR_1EEEEEENS4_6LayoutINS5_IJNSA_ILi2EEESB_SB_EEENS5_IJSB_NSA_ILi0EEESX_EEEEENS5_IJNS4_10UnderscoreES10_S10_EEEEENS4_13SM90_TMA_LOADENS4_14ComposedLayoutINS4_7SwizzleILi3ELi4ELi3EEENS4_18smem_ptr_flag_bitsILi16EEENSU_INS5_IJNSA_ILi8EEESG_EEENS5_IJSG_SB_EEEEEEEvNS4_8identityES13_NS14_IS16_S18_NSU_INS5_IJSG_S19_EEENS5_IJSB_SG_EEEEEEEvS1E_EENS_8epilogue10collective6detail29Sm90TmaWarpSpecializedAdapterINS1L_15DefaultEpilogueISJ_SJ_NS1K_6thread17LinearCombinationIfLi1EffLNS1P_9ScaleType4KindE0ELNS_15FloatRoundStyleE2EfEENS1_15EpilogueDefaultEEEEEvvEEEEvNT_6ParamsE
      0 bytes stack frame, 0 bytes spill stores, 0 bytes spill loads
  ptxas info    : Used 168 registers
  ptxas info    : Compiling entry function '_ZN7cutlass13device_kernelINS_4gemm6kernel13GemmUniversalIN4cute5tupleIJiiiiEEENS1_10collective13CollectiveMmaINS1_34MainloopSm90TmaGmmaWarpSpecializedILi7ENS5_IJNS4_1CILi1EEESB_SB_EEENS1_35KernelTmaWarpSpecializedCooperativeEEENS5_IJNSA_ILi128EEESF_NSA_ILi64EEEEEENS_6half_tENS5_IJlSB_lEEESI_NS5_IJSB_llEEENS4_8TiledMMAINS4_8MMA_AtomIJNS4_4SM904GMMA26MMA_64x128x16_F32F16F16_SSILNSO_5MajorE0ELSQ_1ELNSO_7ScaleInE1ELSR_1EEEEEENS4_6LayoutINS5_IJNSA_ILi2EEESB_SB_EEENS5_IJSB_NSA_ILi0EEESX_EEEEENS5_IJNS4_10UnderscoreES10_S10_EEEEENS4_13SM90_TMA_LOADENS4_14ComposedLayoutINS4_7SwizzleILi3ELi4ELi3EEENS4_18smem_ptr_flag_bitsILi16EEENSU_INS5_IJNSA_ILi8EEESG_EEENS5_IJSG_SB_EEEEEEEvNS4_8identityES13_NS14_IS16_S18_NSU_INS5_IJSG_S19_EEENS5_IJSB_SG_EEEEEEEvS1E_EENS_8epilogue10collective6detail29Sm90TmaWarpSpecializedAdapterINS1L_15DefaultEpilogueISJ_SJ_NS1K_6thread17LinearCombinationIfLi1EffLNS1P_9ScaleType4KindE0ELNS_15FloatRoundStyleE2EfEENS1_15EpilogueDefaultEEEEEvvEEEEvNT_6ParamsE' for 'sm_90a'
  ptxas info    : Function properties for _ZN7cutlass13device_kernelINS_4gemm6kernel13GemmUniversalIN4cute5tupleIJiiiiEEENS1_10collective13CollectiveMmaINS1_34MainloopSm90TmaGmmaWarpSpecializedILi7ENS5_IJNS4_1CILi1EEESB_SB_EEENS1_35KernelTmaWarpSpecializedCooperativeEEENS5_IJNSA_ILi128EEESF_NSA_ILi64EEEEEENS_6half_tENS5_IJlSB_lEEESI_NS5_IJSB_llEEENS4_8TiledMMAINS4_8MMA_AtomIJNS4_4SM904GMMA26MMA_64x128x16_F32F16F16_SSILNSO_5MajorE0ELSQ_1ELNSO_7ScaleInE1ELSR_1EEEEEENS4_6LayoutINS5_IJNSA_ILi2EEESB_SB_EEENS5_IJSB_NSA_ILi0EEESX_EEEEENS5_IJNS4_10UnderscoreES10_S10_EEEEENS4_13SM90_TMA_LOADENS4_14ComposedLayoutINS4_7SwizzleILi3ELi4ELi3EEENS4_18smem_ptr_flag_bitsILi16EEENSU_INS5_IJNSA_ILi8EEESG_EEENS5_IJSG_SB_EEEEEEEvNS4_8identityES13_NS14_IS16_S18_NSU_INS5_IJSG_S19_EEENS5_IJSB_SG_EEEEEEEvS1E_EENS_8epilogue10collective6detail29Sm90TmaWarpSpecializedAdapterINS1L_15DefaultEpilogueISJ_SJ_NS1K_6thread17LinearCombinationIfLi1EffLNS1P_9ScaleType4KindE0ELNS_15FloatRoundStyleE2EfEENS1_15EpilogueDefaultEEEEEvvEEEEvNT_6ParamsE
      0 bytes stack frame, 0 bytes spill stores, 0 bytes spill loads
  ptxas info    : Used 168 registers
  ptxas info    : Compiling entry function '_ZN2sg4sm903mma20softplus_bias_kernelEPfPKfii' for 'sm_90a'
  ptxas info    : Function properties for _ZN2sg4sm903mma20softplus_bias_kernelEPfPKfii
      0 bytes stack frame, 0 bytes spill stores, 0 bytes spill loads
  ptxas info    : Used 16 registers
  ptxas info    : Compiling entry function '_ZN2sg4sm906models5mamba20concat_chunk2_kernelI13__nv_bfloat16EEvPKT_S7_PS5_ii' for 'sm_90a'
  ptxas info    : Function properties for _ZN2sg4sm906models5mamba20concat_chunk2_kernelI13__nv_bfloat16EEvPKT_S7_PS5_ii
      0 bytes stack frame, 0 bytes spill stores, 0 bytes spill loads
  ptxas info    : Used 14 registers
  ptxas info    : Compiling entry function '_ZN2sg4sm906models5mamba27conv1d_silu_backward_kernelI13__nv_bfloat16EEvPKT_S7_S7_S7_PfS8_S8_iii' for 'sm_90a'
  ptxas info    : Function properties for _ZN2sg4sm906models5mamba27conv1d_silu_backward_kernelI13__nv_bfloat16EEvPKT_S7_S7_S7_PfS8_S8_iii
      0 bytes stack frame, 0 bytes spill stores, 0 bytes spill loads
  ptxas info    : Used 27 registers
  ptxas info    : Compiling entry function '_ZN2sg4sm906models5mamba17concat_dbc_kernelI13__nv_bfloat16EEvPKT_S7_S7_PS5_iii' for 'sm_90a'
  ptxas info    : Function properties for _ZN2sg4sm906models5mamba17concat_dbc_kernelI13__nv_bfloat16EEvPKT_S7_S7_PS5_iii
      0 bytes stack frame, 0 bytes spill stores, 0 bytes spill loads
  ptxas info    : Used 14 registers
  ptxas info    : Compiling entry function '_ZN2sg4sm906models5mamba27accumulate_bias_grad_kernelI13__nv_bfloat16EEvPKT_Pfii' for 'sm_90a'
  ptxas info    : Function properties for _ZN2sg4sm906models5mamba27accumulate_bias_grad_kernelI13__nv_bfloat16EEvPKT_Pfii
      0 bytes stack frame, 0 bytes spill stores, 0 bytes spill loads
  ptxas info    : Used 32 registers
  ptxas info    : Compiling entry function '_ZN2sg4sm906models5mamba29softplus_bias_backward_kernelI13__nv_bfloat16EEvPT_PKS5_S8_ii' for 'sm_90a'
  ptxas info    : Function properties for _ZN2sg4sm906models5mamba29softplus_bias_backward_kernelI13__nv_bfloat16EEvPT_PKS5_S8_ii
      0 bytes stack frame, 0 bytes spill stores, 0 bytes spill loads
  ptxas info    : Used 16 registers
  ptxas info    : Compiling entry function '_ZN2sg4sm906models5mamba18add_inplace_kernelI13__nv_bfloat16EEvPT_PKS5_l' for 'sm_90a'
  ptxas info    : Function properties for _ZN2sg4sm906models5mamba18add_inplace_kernelI13__nv_bfloat16EEvPT_PKS5_l
      0 bytes stack frame, 0 bytes spill stores, 0 bytes spill loads
  ptxas info    : Used 10 registers
  ptxas info    : Compiling entry function '_ZN2sg4sm906models5mamba26gate_dskip_backward_kernelI13__nv_bfloat16EEvPKT_S7_S7_S7_S7_PS5_S8_S8_Pfii' for 'sm_90a'
  ptxas info    : Function properties for _ZN2sg4sm906models5mamba26gate_dskip_backward_kernelI13__nv_bfloat16EEvPKT_S7_S7_S7_S7_PS5_S8_S8_Pfii
      0 bytes stack frame, 0 bytes spill stores, 0 bytes spill loads
  ptxas info    : Used 23 registers
  ptxas info    : Compiling entry function '_ZN2sg4sm906models5mamba17float_to_T_kernelI13__nv_bfloat16EEvPKfPT_l' for 'sm_90a'
  ptxas info    : Function properties for _ZN2sg4sm906models5mamba17float_to_T_kernelI13__nv_bfloat16EEvPKfPT_l
      0 bytes stack frame, 0 bytes spill stores, 0 bytes spill loads
  ptxas info    : Used 10 registers
  ptxas info    : Compiling entry function '_ZN2sg4sm906models5mamba25layernorm_backward_kernelI13__nv_bfloat16EEvPKT_S7_S7_PKfPS5_PfSB_ii' for 'sm_90a'
  ptxas info    : Function properties for _ZN2sg4sm906models5mamba25layernorm_backward_kernelI13__nv_bfloat16EEvPKT_S7_S7_PKfPS5_PfSB_ii
      0 bytes stack frame, 0 bytes spill stores, 0 bytes spill loads
  ptxas info    : Used 32 registers
  ptxas info    : Compiling entry function '_ZN2sg4sm906models5mamba25scatter_last_token_kernelI13__nv_bfloat16EEvPKT_PS5_iii' for 'sm_90a'
  ptxas info    : Function properties for _ZN2sg4sm906models5mamba25scatter_last_token_kernelI13__nv_bfloat16EEvPKT_PS5_iii
      0 bytes stack frame, 0 bytes spill stores, 0 bytes spill loads
  ptxas info    : Used 10 registers
  ptxas info    : Compiling entry function '_ZN2sg4sm906models5mamba17save_xnorm_kernelI13__nv_bfloat16EEvPKT_PKfS9_PS5_i' for 'sm_90a'
  ptxas info    : Function properties for _ZN2sg4sm906models5mamba17save_xnorm_kernelI13__nv_bfloat16EEvPKT_PKfS9_PS5_i
      0 bytes stack frame, 0 bytes spill stores, 0 bytes spill loads
  ptxas info    : Used 18 registers
  ptxas info    : Compiling entry function '_ZN2sg4sm906models5mamba20concat_chunk2_kernelI6__halfEEvPKT_S7_PS5_ii' for 'sm_90a'
  ptxas info    : Function properties for _ZN2sg4sm906models5mamba20concat_chunk2_kernelI6__halfEEvPKT_S7_PS5_ii
      0 bytes stack frame, 0 bytes spill stores, 0 bytes spill loads
  ptxas info    : Used 14 registers
  ptxas info    : Compiling entry function '_ZN2sg4sm906models5mamba27conv1d_silu_backward_kernelI6__halfEEvPKT_S7_S7_S7_PfS8_S8_iii' for 'sm_90a'
  ptxas info    : Function properties for _ZN2sg4sm906models5mamba27conv1d_silu_backward_kernelI6__halfEEvPKT_S7_S7_S7_PfS8_S8_iii
      0 bytes stack frame, 0 bytes spill stores, 0 bytes spill loads
  ptxas info    : Used 27 registers
  ptxas info    : Compiling entry function '_ZN2sg4sm906models5mamba17concat_dbc_kernelI6__halfEEvPKT_S7_S7_PS5_iii' for 'sm_90a'
  ptxas info    : Function properties for _ZN2sg4sm906models5mamba17concat_dbc_kernelI6__halfEEvPKT_S7_S7_PS5_iii
      0 bytes stack frame, 0 bytes spill stores, 0 bytes spill loads
  ptxas info    : Used 14 registers
  ptxas info    : Compiling entry function '_ZN2sg4sm906models5mamba27accumulate_bias_grad_kernelI6__halfEEvPKT_Pfii' for 'sm_90a'
  ptxas info    : Function properties for _ZN2sg4sm906models5mamba27accumulate_bias_grad_kernelI6__halfEEvPKT_Pfii
      0 bytes stack frame, 0 bytes spill stores, 0 bytes spill loads
  ptxas info    : Used 32 registers
  ptxas info    : Compiling entry function '_ZN2sg4sm906models5mamba29softplus_bias_backward_kernelI6__halfEEvPT_PKS5_S8_ii' for 'sm_90a'
  ptxas info    : Function properties for _ZN2sg4sm906models5mamba29softplus_bias_backward_kernelI6__halfEEvPT_PKS5_S8_ii
      0 bytes stack frame, 0 bytes spill stores, 0 bytes spill loads
  ptxas info    : Used 16 registers
  ptxas info    : Compiling entry function '_ZN2sg4sm906models5mamba18add_inplace_kernelI6__halfEEvPT_PKS5_l' for 'sm_90a'
  ptxas info    : Function properties for _ZN2sg4sm906models5mamba18add_inplace_kernelI6__halfEEvPT_PKS5_l
      0 bytes stack frame, 0 bytes spill stores, 0 bytes spill loads
  ptxas info    : Used 10 registers
  ptxas info    : Compiling entry function '_ZN2sg4sm906models5mamba26gate_dskip_backward_kernelI6__halfEEvPKT_S7_S7_S7_S7_PS5_S8_S8_Pfii' for 'sm_90a'
  ptxas info    : Function properties for _ZN2sg4sm906models5mamba26gate_dskip_backward_kernelI6__halfEEvPKT_S7_S7_S7_S7_PS5_S8_S8_Pfii
      0 bytes stack frame, 0 bytes spill stores, 0 bytes spill loads
  ptxas info    : Used 23 registers
  ptxas info    : Compiling entry function '_ZN2sg4sm906models5mamba17float_to_T_kernelI6__halfEEvPKfPT_l' for 'sm_90a'
  ptxas info    : Function properties for _ZN2sg4sm906models5mamba17float_to_T_kernelI6__halfEEvPKfPT_l
      0 bytes stack frame, 0 bytes spill stores, 0 bytes spill loads
  ptxas info    : Used 10 registers
  ptxas info    : Compiling entry function '_ZN2sg4sm906models5mamba25layernorm_backward_kernelI6__halfEEvPKT_S7_S7_PKfPS5_PfSB_ii' for 'sm_90a'
  ptxas info    : Function properties for _ZN2sg4sm906models5mamba25layernorm_backward_kernelI6__halfEEvPKT_S7_S7_PKfPS5_PfSB_ii
      0 bytes stack frame, 0 bytes spill stores, 0 bytes spill loads
  ptxas info    : Used 32 registers
  ptxas info    : Compiling entry function '_ZN2sg4sm906models5mamba25scatter_last_token_kernelI6__halfEEvPKT_PS5_iii' for 'sm_90a'
  ptxas info    : Function properties for _ZN2sg4sm906models5mamba25scatter_last_token_kernelI6__halfEEvPKT_PS5_iii
      0 bytes stack frame, 0 bytes spill stores, 0 bytes spill loads
  ptxas info    : Used 10 registers
  ptxas info    : Compiling entry function '_ZN2sg4sm906models5mamba17save_xnorm_kernelI6__halfEEvPKT_PKfS9_PS5_i' for 'sm_90a'
  ptxas info    : Function properties for _ZN2sg4sm906models5mamba17save_xnorm_kernelI6__halfEEvPKT_PKfS9_PS5_i
      0 bytes stack frame, 0 bytes spill stores, 0 bytes spill loads
  ptxas info    : Used 18 registers
  ptxas info    : Compiling entry function '_ZN2sg4sm906models5mamba20concat_chunk2_kernelIfEEvPKT_S6_PS4_ii' for 'sm_90a'
  ptxas info    : Function properties for _ZN2sg4sm906models5mamba20concat_chunk2_kernelIfEEvPKT_S6_PS4_ii
      0 bytes stack frame, 0 bytes spill stores, 0 bytes spill loads
  ptxas info    : Used 14 registers
  ptxas info    : Compiling entry function '_ZN2sg4sm906models5mamba27conv1d_silu_backward_kernelIfEEvPKT_S6_S6_S6_PfS7_S7_iii' for 'sm_90a'
  ptxas info    : Function properties for _ZN2sg4sm906models5mamba27conv1d_silu_backward_kernelIfEEvPKT_S6_S6_S6_PfS7_S7_iii
      0 bytes stack frame, 0 bytes spill stores, 0 bytes spill loads
  ptxas info    : Used 25 registers
  ptxas info    : Compiling entry function '_ZN2sg4sm906models5mamba17concat_dbc_kernelIfEEvPKT_S6_S6_PS4_iii' for 'sm_90a'
  ptxas info    : Function properties for _ZN2sg4sm906models5mamba17concat_dbc_kernelIfEEvPKT_S6_S6_PS4_iii
      0 bytes stack frame, 0 bytes spill stores, 0 bytes spill loads
  ptxas info    : Used 12 registers
  ptxas info    : Compiling entry function '_ZN2sg4sm906models5mamba27accumulate_bias_grad_kernelIfEEvPKT_Pfii' for 'sm_90a'
  ptxas info    : Function properties for _ZN2sg4sm906models5mamba27accumulate_bias_grad_kernelIfEEvPKT_Pfii
      0 bytes stack frame, 0 bytes spill stores, 0 bytes spill loads
  ptxas info    : Used 32 registers
  ptxas info    : Compiling entry function '_ZN2sg4sm906models5mamba29softplus_bias_backward_kernelIfEEvPT_PKS4_S7_ii' for 'sm_90a'
  ptxas info    : Function properties for _ZN2sg4sm906models5mamba29softplus_bias_backward_kernelIfEEvPT_PKS4_S7_ii
      0 bytes stack frame, 0 bytes spill stores, 0 bytes spill loads
  ptxas info    : Used 16 registers
  ptxas info    : Compiling entry function '_ZN2sg4sm906models5mamba18add_inplace_kernelIfEEvPT_PKS4_l' for 'sm_90a'
  ptxas info    : Function properties for _ZN2sg4sm906models5mamba18add_inplace_kernelIfEEvPT_PKS4_l
      0 bytes stack frame, 0 bytes spill stores, 0 bytes spill loads
  ptxas info    : Used 10 registers
  ptxas info    : Compiling entry function '_ZN2sg4sm906models5mamba26gate_dskip_backward_kernelIfEEvPKT_S6_S6_S6_S6_PS4_S7_S7_Pfii' for 'sm_90a'
  ptxas info    : Function properties for _ZN2sg4sm906models5mamba26gate_dskip_backward_kernelIfEEvPKT_S6_S6_S6_S6_PS4_S7_S7_Pfii
      0 bytes stack frame, 0 bytes spill stores, 0 bytes spill loads
  ptxas info    : Used 23 registers
  ptxas info    : Compiling entry function '_ZN2sg4sm906models5mamba17float_to_T_kernelIfEEvPKfPT_l' for 'sm_90a'
  ptxas info    : Function properties for _ZN2sg4sm906models5mamba17float_to_T_kernelIfEEvPKfPT_l
      0 bytes stack frame, 0 bytes spill stores, 0 bytes spill loads
  ptxas info    : Used 8 registers
  ptxas info    : Compiling entry function '_ZN2sg4sm906models5mamba25layernorm_backward_kernelIfEEvPKT_S6_S6_PKfPS4_PfSA_ii' for 'sm_90a'
  ptxas info    : Function properties for _ZN2sg4sm906models5mamba25layernorm_backward_kernelIfEEvPKT_S6_S6_PKfPS4_PfSA_ii
      0 bytes stack frame, 0 bytes spill stores, 0 bytes spill loads
  ptxas info    : Used 32 registers
  ptxas info    : Compiling entry function '_ZN2sg4sm906models5mamba25scatter_last_token_kernelIfEEvPKT_PS4_iii' for 'sm_90a'
  ptxas info    : Function properties for _ZN2sg4sm906models5mamba25scatter_last_token_kernelIfEEvPKT_PS4_iii
      0 bytes stack frame, 0 bytes spill stores, 0 bytes spill loads
  ptxas info    : Used 10 registers
  ptxas info    : Compiling entry function '_ZN2sg4sm906models5mamba17save_xnorm_kernelIfEEvPKT_PKfS8_PS4_i' for 'sm_90a'
  ptxas info    : Function properties for _ZN2sg4sm906models5mamba17save_xnorm_kernelIfEEvPKT_PKfS8_PS4_i
      0 bytes stack frame, 0 bytes spill stores, 0 bytes spill loads
  ptxas info    : Used 18 registers
  ptxas info    : Compiling entry function '_ZN2sg4sm906models5mamba24gather_last_token_kernelI13__nv_bfloat16EEvPKT_PS5_iii' for 'sm_90a'
  ptxas info    : Function properties for _ZN2sg4sm906models5mamba24gather_last_token_kernelI13__nv_bfloat16EEvPKT_PS5_iii
      0 bytes stack frame, 0 bytes spill stores, 0 bytes spill loads
  ptxas info    : Used 10 registers
  ptxas info    : Compiling entry function '_ZN2sg4sm906models5mamba16layernorm_kernelI13__nv_bfloat16EEvPKT_S7_S7_PS5_PfS9_if' for 'sm_90a'
  ptxas info    : Function properties for _ZN2sg4sm906models5mamba16layernorm_kernelI13__nv_bfloat16EEvPKT_S7_S7_PS5_PfS9_if
      0 bytes stack frame, 0 bytes spill stores, 0 bytes spill loads
  ptxas info    : Used 26 registers
  ptxas info    : Compiling entry function '_ZN2sg4sm906models5mamba19add_residual_kernelI13__nv_bfloat16EEvPT_PKS5_l' for 'sm_90a'
  ptxas info    : Function properties for _ZN2sg4sm906models5mamba19add_residual_kernelI13__nv_bfloat16EEvPT_PKS5_l
      0 bytes stack frame, 0 bytes spill stores, 0 bytes spill loads
  ptxas info    : Used 10 registers
  ptxas info    : Compiling entry function '_ZN2sg4sm906models5mamba17gate_dskip_kernelI13__nv_bfloat16EEvPT_PKS5_S8_S8_ii' for 'sm_90a'
  ptxas info    : Function properties for _ZN2sg4sm906models5mamba17gate_dskip_kernelI13__nv_bfloat16EEvPT_PKS5_S8_S8_ii
      0 bytes stack frame, 0 bytes spill stores, 0 bytes spill loads
  ptxas info    : Used 14 registers
  ptxas info    : Compiling entry function '_ZN2sg4sm906models5mamba20softplus_bias_kernelI13__nv_bfloat16EEvPT_PKS5_ii' for 'sm_90a'
  ptxas info    : Function properties for _ZN2sg4sm906models5mamba20softplus_bias_kernelI13__nv_bfloat16EEvPT_PKS5_ii
      0 bytes stack frame, 0 bytes spill stores, 0 bytes spill loads
  ptxas info    : Used 16 registers
  ptxas info    : Compiling entry function '_ZN2sg4sm906models5mamba16split_dbc_kernelI13__nv_bfloat16EEvPKT_PS5_S8_S8_iii' for 'sm_90a'
  ptxas info    : Function properties for _ZN2sg4sm906models5mamba16split_dbc_kernelI13__nv_bfloat16EEvPKT_PS5_S8_S8_iii
      0 bytes stack frame, 0 bytes spill stores, 0 bytes spill loads
  ptxas info    : Used 12 registers
  ptxas info    : Compiling entry function '_ZN2sg4sm906models5mamba18conv1d_silu_kernelI13__nv_bfloat16EEvPKT_S7_S7_PS5_iii' for 'sm_90a'
  ptxas info    : Function properties for _ZN2sg4sm906models5mamba18conv1d_silu_kernelI13__nv_bfloat16EEvPKT_S7_S7_PS5_iii
      0 bytes stack frame, 0 bytes spill stores, 0 bytes spill loads
  ptxas info    : Used 20 registers
  ptxas info    : Compiling entry function '_ZN2sg4sm906models5mamba19split_chunk2_kernelI13__nv_bfloat16EEvPKT_PS5_S8_ii' for 'sm_90a'
  ptxas info    : Function properties for _ZN2sg4sm906models5mamba19split_chunk2_kernelI13__nv_bfloat16EEvPKT_PS5_S8_ii
      0 bytes stack frame, 0 bytes spill stores, 0 bytes spill loads
  ptxas info    : Used 14 registers
  ptxas info    : Compiling entry function '_ZN2sg4sm906models5mamba12embed_kernelI13__nv_bfloat16EEvPKiPKT_S9_PS7_iiii' for 'sm_90a'
  ptxas info    : Function properties for _ZN2sg4sm906models5mamba12embed_kernelI13__nv_bfloat16EEvPKiPKT_S9_PS7_iiii
      0 bytes stack frame, 0 bytes spill stores, 0 bytes spill loads
  ptxas info    : Used 20 registers
  ptxas info    : Compiling entry function '_ZN2sg4sm906models5mamba24gather_last_token_kernelI6__halfEEvPKT_PS5_iii' for 'sm_90a'
  ptxas info    : Function properties for _ZN2sg4sm906models5mamba24gather_last_token_kernelI6__halfEEvPKT_PS5_iii
      0 bytes stack frame, 0 bytes spill stores, 0 bytes spill loads
  ptxas info    : Used 10 registers
  ptxas info    : Compiling entry function '_ZN2sg4sm906models5mamba16layernorm_kernelI6__halfEEvPKT_S7_S7_PS5_PfS9_if' for 'sm_90a'
  ptxas info    : Function properties for _ZN2sg4sm906models5mamba16layernorm_kernelI6__halfEEvPKT_S7_S7_PS5_PfS9_if
      0 bytes stack frame, 0 bytes spill stores, 0 bytes spill loads
  ptxas info    : Used 26 registers
  ptxas info    : Compiling entry function '_ZN2sg4sm906models5mamba19add_residual_kernelI6__halfEEvPT_PKS5_l' for 'sm_90a'
  ptxas info    : Function properties for _ZN2sg4sm906models5mamba19add_residual_kernelI6__halfEEvPT_PKS5_l
      0 bytes stack frame, 0 bytes spill stores, 0 bytes spill loads
  ptxas info    : Used 10 registers
  ptxas info    : Compiling entry function '_ZN2sg4sm906models5mamba17gate_dskip_kernelI6__halfEEvPT_PKS5_S8_S8_ii' for 'sm_90a'
  ptxas info    : Function properties for _ZN2sg4sm906models5mamba17gate_dskip_kernelI6__halfEEvPT_PKS5_S8_S8_ii
      0 bytes stack frame, 0 bytes spill stores, 0 bytes spill loads
  ptxas info    : Used 14 registers
  ptxas info    : Compiling entry function '_ZN2sg4sm906models5mamba20softplus_bias_kernelI6__halfEEvPT_PKS5_ii' for 'sm_90a'
  ptxas info    : Function properties for _ZN2sg4sm906models5mamba20softplus_bias_kernelI6__halfEEvPT_PKS5_ii
      0 bytes stack frame, 0 bytes spill stores, 0 bytes spill loads
  ptxas info    : Used 16 registers
  ptxas info    : Compiling entry function '_ZN2sg4sm906models5mamba16split_dbc_kernelI6__halfEEvPKT_PS5_S8_S8_iii' for 'sm_90a'
  ptxas info    : Function properties for _ZN2sg4sm906models5mamba16split_dbc_kernelI6__halfEEvPKT_PS5_S8_S8_iii
      0 bytes stack frame, 0 bytes spill stores, 0 bytes spill loads
  ptxas info    : Used 12 registers
  ptxas info    : Compiling entry function '_ZN2sg4sm906models5mamba18conv1d_silu_kernelI6__halfEEvPKT_S7_S7_PS5_iii' for 'sm_90a'
  ptxas info    : Function properties for _ZN2sg4sm906models5mamba18conv1d_silu_kernelI6__halfEEvPKT_S7_S7_PS5_iii
      0 bytes stack frame, 0 bytes spill stores, 0 bytes spill loads
  ptxas info    : Used 20 registers
  ptxas info    : Compiling entry function '_ZN2sg4sm906models5mamba19split_chunk2_kernelI6__halfEEvPKT_PS5_S8_ii' for 'sm_90a'
  ptxas info    : Function properties for _ZN2sg4sm906models5mamba19split_chunk2_kernelI6__halfEEvPKT_PS5_S8_ii
      0 bytes stack frame, 0 bytes spill stores, 0 bytes spill loads
  ptxas info    : Used 14 registers
  ptxas info    : Compiling entry function '_ZN2sg4sm906models5mamba12embed_kernelI6__halfEEvPKiPKT_S9_PS7_iiii' for 'sm_90a'
  ptxas info    : Function properties for _ZN2sg4sm906models5mamba12embed_kernelI6__halfEEvPKiPKT_S9_PS7_iiii
      0 bytes stack frame, 0 bytes spill stores, 0 bytes spill loads
  ptxas info    : Used 20 registers
  ptxas info    : Compiling entry function '_ZN2sg4sm906models5mamba24gather_last_token_kernelIfEEvPKT_PS4_iii' for 'sm_90a'
  ptxas info    : Function properties for _ZN2sg4sm906models5mamba24gather_last_token_kernelIfEEvPKT_PS4_iii
      0 bytes stack frame, 0 bytes spill stores, 0 bytes spill loads
  ptxas info    : Used 10 registers
  ptxas info    : Compiling entry function '_ZN2sg4sm906models5mamba16layernorm_kernelIfEEvPKT_S6_S6_PS4_PfS8_if' for 'sm_90a'
  ptxas info    : Function properties for _ZN2sg4sm906models5mamba16layernorm_kernelIfEEvPKT_S6_S6_PS4_PfS8_if
      0 bytes stack frame, 0 bytes spill stores, 0 bytes spill loads
  ptxas info    : Used 26 registers
  ptxas info    : Compiling entry function '_ZN2sg4sm906models5mamba19add_residual_kernelIfEEvPT_PKS4_l' for 'sm_90a'
  ptxas info    : Function properties for _ZN2sg4sm906models5mamba19add_residual_kernelIfEEvPT_PKS4_l
      0 bytes stack frame, 0 bytes spill stores, 0 bytes spill loads
  ptxas info    : Used 10 registers
  ptxas info    : Compiling entry function '_ZN2sg4sm906models5mamba17gate_dskip_kernelIfEEvPT_PKS4_S7_S7_ii' for 'sm_90a'
  ptxas info    : Function properties for _ZN2sg4sm906models5mamba17gate_dskip_kernelIfEEvPT_PKS4_S7_S7_ii
      0 bytes stack frame, 0 bytes spill stores, 0 bytes spill loads
  ptxas info    : Used 14 registers
  ptxas info    : Compiling entry function '_ZN2sg4sm906models5mamba20softplus_bias_kernelIfEEvPT_PKS4_ii' for 'sm_90a'
  ptxas info    : Function properties for _ZN2sg4sm906models5mamba20softplus_bias_kernelIfEEvPT_PKS4_ii
      0 bytes stack frame, 0 bytes spill stores, 0 bytes spill loads
  ptxas info    : Used 16 registers
  ptxas info    : Compiling entry function '_ZN2sg4sm906models5mamba16split_dbc_kernelIfEEvPKT_PS4_S7_S7_iii' for 'sm_90a'
  ptxas info    : Function properties for _ZN2sg4sm906models5mamba16split_dbc_kernelIfEEvPKT_PS4_S7_S7_iii
      0 bytes stack frame, 0 bytes spill stores, 0 bytes spill loads
  ptxas info    : Used 12 registers
  ptxas info    : Compiling entry function '_ZN2sg4sm906models5mamba18conv1d_silu_kernelIfEEvPKT_S6_S6_PS4_iii' for 'sm_90a'
  ptxas info    : Function properties for _ZN2sg4sm906models5mamba18conv1d_silu_kernelIfEEvPKT_S6_S6_PS4_iii
      0 bytes stack frame, 0 bytes spill stores, 0 bytes spill loads
  ptxas info    : Used 21 registers
  ptxas info    : Compiling entry function '_ZN2sg4sm906models5mamba19split_chunk2_kernelIfEEvPKT_PS4_S7_ii' for 'sm_90a'
  ptxas info    : Function properties for _ZN2sg4sm906models5mamba19split_chunk2_kernelIfEEvPKT_PS4_S7_ii
      0 bytes stack frame, 0 bytes spill stores, 0 bytes spill loads
  ptxas info    : Used 14 registers
  ptxas info    : Compiling entry function '_ZN2sg4sm906models5mamba12embed_kernelIfEEvPKiPKT_S8_PS6_iiii' for 'sm_90a'
  ptxas info    : Function properties for _ZN2sg4sm906models5mamba12embed_kernelIfEEvPKiPKT_S8_PS6_iiii
      0 bytes stack frame, 0 bytes spill stores, 0 bytes spill loads
  ptxas info    : Used 20 registers
  ptxas info    : Compiling entry function '_ZN2sg4sm906models13mamba_adapter20scan_backward_kernelI13__nv_bfloat16EEvPKT_S7_S7_S7_S7_S7_PKfPS5_SA_PfSA_SA_iii' for 'sm_90a'
  ptxas info    : Function properties for _ZN2sg4sm906models13mamba_adapter20scan_backward_kernelI13__nv_bfloat16EEvPKT_S7_S7_S7_S7_S7_PKfPS5_SA_PfSA_SA_iii
      34816 bytes stack frame, 0 bytes spill stores, 0 bytes spill loads
  ptxas info    : Used 72 registers, 34816 bytes cumulative stack size
  ptxas info    : Compiling entry function '_ZN2sg4sm906models13mamba_adapter20scan_backward_kernelI6__halfEEvPKT_S7_S7_S7_S7_S7_PKfPS5_SA_PfSA_SA_iii' for 'sm_90a'
  ptxas info    : Function properties for _ZN2sg4sm906models13mamba_adapter20scan_backward_kernelI6__halfEEvPKT_S7_S7_S7_S7_S7_PKfPS5_SA_PfSA_SA_iii
      34816 bytes stack frame, 0 bytes spill stores, 0 bytes spill loads
  ptxas info    : Used 72 registers, 34816 bytes cumulative stack size
  ptxas info    : Compiling entry function '_ZN2sg4sm906models13mamba_adapter20scan_backward_kernelIfEEvPKT_S6_S6_S6_S6_S6_PKfPS4_S9_PfS9_S9_iii' for 'sm_90a'
  ptxas info    : Function properties for _ZN2sg4sm906models13mamba_adapter20scan_backward_kernelIfEEvPKT_S6_S6_S6_S6_S6_PKfPS4_S9_PfS9_S9_iii
      34816 bytes stack frame, 0 bytes spill stores, 0 bytes spill loads
  ptxas info    : Used 72 registers, 34816 bytes cumulative stack size
  ptxas info    : Compiling entry function '_ZN2sg4sm906models13mamba_adapter20parallel_scan_kernelI13__nv_bfloat16EEvPKT_S7_S7_S7_S7_PS5_Pfiii' for 'sm_90a'
  ptxas info    : Function properties for _ZN2sg4sm906models13mamba_adapter20parallel_scan_kernelI13__nv_bfloat16EEvPKT_S7_S7_S7_S7_PS5_Pfiii
      512 bytes stack frame, 0 bytes spill stores, 0 bytes spill loads
  ptxas info    : Used 56 registers, 512 bytes cumulative stack size
  ptxas info    : Compiling entry function '_ZN2sg4sm906models13mamba_adapter22sequential_scan_kernelI13__nv_bfloat16EEvPKT_S7_S7_S7_S7_PS5_Pfiii' for 'sm_90a'
  ptxas info    : Function properties for _ZN2sg4sm906models13mamba_adapter22sequential_scan_kernelI13__nv_bfloat16EEvPKT_S7_S7_S7_S7_PS5_Pfiii
      1024 bytes stack frame, 0 bytes spill stores, 0 bytes spill loads
  ptxas info    : Used 40 registers, 1024 bytes cumulative stack size
  ptxas info    : Compiling entry function '_ZN2sg4sm906models13mamba_adapter20parallel_scan_kernelI6__halfEEvPKT_S7_S7_S7_S7_PS5_Pfiii' for 'sm_90a'
  ptxas info    : Function properties for _ZN2sg4sm906models13mamba_adapter20parallel_scan_kernelI6__halfEEvPKT_S7_S7_S7_S7_PS5_Pfiii
      512 bytes stack frame, 0 bytes spill stores, 0 bytes spill loads
  ptxas info    : Used 56 registers, 512 bytes cumulative stack size
  ptxas info    : Compiling entry function '_ZN2sg4sm906models13mamba_adapter22sequential_scan_kernelI6__halfEEvPKT_S7_S7_S7_S7_PS5_Pfiii' for 'sm_90a'
  ptxas info    : Function properties for _ZN2sg4sm906models13mamba_adapter22sequential_scan_kernelI6__halfEEvPKT_S7_S7_S7_S7_PS5_Pfiii
      1024 bytes stack frame, 0 bytes spill stores, 0 bytes spill loads
  ptxas info    : Used 40 registers, 1024 bytes cumulative stack size
  ptxas info    : Compiling entry function '_ZN2sg4sm906models13mamba_adapter20parallel_scan_kernelIfEEvPKT_S6_S6_S6_S6_PS4_Pfiii' for 'sm_90a'
  ptxas info    : Function properties for _ZN2sg4sm906models13mamba_adapter20parallel_scan_kernelIfEEvPKT_S6_S6_S6_S6_PS4_Pfiii
      512 bytes stack frame, 0 bytes spill stores, 0 bytes spill loads
  ptxas info    : Used 56 registers, 512 bytes cumulative stack size
  ptxas info    : Compiling entry function '_ZN2sg4sm906models13mamba_adapter22sequential_scan_kernelIfEEvPKT_S6_S6_S6_S6_PS4_Pfiii' for 'sm_90a'
  ptxas info    : Function properties for _ZN2sg4sm906models13mamba_adapter22sequential_scan_kernelIfEEvPKT_S6_S6_S6_S6_PS4_Pfiii
      1024 bytes stack frame, 0 bytes spill stores, 0 bytes spill loads
  ptxas info    : Used 40 registers, 1024 bytes cumulative stack size
  ptxas info    : Compiling entry function '_ZN3cub17CUB_200302_900_NS11EmptyKernelIvEEvv' for 'sm_90a'
  ptxas info    : Function properties for _ZN3cub17CUB_200302_900_NS11EmptyKernelIvEEvv
      0 bytes stack frame, 0 bytes spill stores, 0 bytes spill loads
  ptxas info    : Used 4 registers
  [51/56] /usr/local/sccache-shim/nvcc --generate-dependencies-with-compile --dependency-output /dev/shm/tmp/tmp9icn1kre.build-temp/csrc/backends/cuda/sm_90/models/decoder.o.d -DWITH_CUDA -DWITH_CUTLASS -I/workspace/SuperGrok1.5/. -I/workspace/SuperGrok1.5/csrc/bindings -I/workspace/SuperGrok1.5/csrc -I/workspace/SuperGrok1.5/third_party/cutlass/include -I/workspace/SuperGrok1.5/third_party/cutlass/tools/util/include -I/usr/local/lib/python3.11/dist-packages/torch/include -I/usr/local/lib/python3.11/dist-packages/torch/include/torch/csrc/api/include -I/usr/local/lib/python3.11/dist-packages/torch/include/TH -I/usr/local/lib/python3.11/dist-packages/torch/include/THC -I/usr/local/cuda/include -I/usr/include/python3.11 -c -c /workspace/SuperGrok1.5/csrc/backends/cuda/sm_90/models/decoder.cu -o /dev/shm/tmp/tmp9icn1kre.build-temp/csrc/backends/cuda/sm_90/models/decoder.o -D__CUDA_NO_HALF_OPERATORS__ -D__CUDA_NO_HALF_CONVERSIONS__ -D__CUDA_NO_BFLOAT16_CONVERSIONS__ -D__CUDA_NO_HALF2_OPERATORS__ --expt-relaxed-constexpr --compiler-options ''"'"'-fPIC'"'"'' -O3 -std=c++17 -DWITH_CUDA --expt-relaxed-constexpr -Xfatbin -compress-all -Xptxas --opt-level=3 -Xptxas -v -Xptxas --warn-on-spills --extra-device-vectorization -Xcompiler -fPIC -Xcompiler -fno-strict-aliasing -Xnvlink --suppress-stack-size-warning --resource-usage --default-stream per-thread --use_fast_math -DNDEBUG -lineinfo -gencode=arch=compute_90a,code=sm_90a -gencode=arch=compute_90,code=compute_90 -DWITH_CUTLASS -DCUTLASS_NVCC_ARCHS=90a -DTORCH_API_INCLUDE_EXTENSION_H '-DPYBIND11_COMPILER_TYPE="_gcc"' '-DPYBIND11_STDLIB="_libstdcpp"' '-DPYBIND11_BUILD_ABI="_cxxabi1011"' -DTORCH_EXTENSION_NAME=_ops -D_GLIBCXX_USE_CXX11_ABI=0
  ptxas warning : Registers are spilled to local memory in function '_ZN7cutlass13device_kernelINS_4gemm6kernel13GemmUniversalIN4cute5tupleIJiiiiEEENS1_10collective13CollectiveMmaINS1_39MainloopSm90TmaGmmaRmemAWarpSpecializedILi3ENS5_IJNS4_1CILi1EEESB_SB_EEENS1_35KernelTmaWarpSpecializedCooperativeEEENS5_IJNSA_ILi128EEESF_NSA_ILi64EEEEEENS_10tfloat32_tENS5_IJlSB_lEEESI_NS5_IJSB_llEEENS4_8TiledMMAINS4_8MMA_AtomIJNS4_4SM904GMMA30MMA_64x128x8_F32TF32TF32_RS_TNILNSO_7ScaleInE1ELSQ_1EEEEEENS4_6LayoutINS5_IJNSA_ILi2EEESB_SB_EEENS5_IJSB_NSA_ILi0EEESW_EEEEENS5_IJNS4_10UnderscoreESZ_SZ_EEEEENS4_13SM90_TMA_LOADENS4_14ComposedLayoutINS4_7SwizzleILi3ELi4ELi3EEENS4_18smem_ptr_flag_bitsILi32EEENST_INS5_IJNSA_ILi8EEENSA_ILi32EEEEEENS5_IJS19_SB_EEEEEEEvNS4_8identityES12_NS13_INS14_ILi1ELi4ELi3EEES17_NST_INS5_IJS18_S18_EEENS5_IJSB_S18_EEEEEEENS4_9Copy_AtomIJNS4_39AutoVectorizingCopyWithAssumedAlignmentILi128EEESI_EEES1E_EENS_8epilogue10collective6detail29Sm90TmaWarpSpecializedAdapterINS1Q_15DefaultEpilogueISJ_SJ_NS1P_6thread17LinearCombinationIfLi1EffLNS1U_9ScaleType4KindE0ELNS_15FloatRoundStyleE2EfEENS1_15EpilogueDefaultEEEEEvvEEEEvNT_6ParamsE', 8 bytes spill stores, 8 bytes spill loads
  ptxas info    : 25 bytes gmem
  ptxas info    : Compiling entry function '_ZN7cutlass13device_kernelINS_4gemm6kernel13GemmUniversalIN4cute5tupleIJiiiiEEENS1_10collective13CollectiveMmaINS1_34MainloopSm90TmaGmmaWarpSpecializedILi7ENS5_IJNS4_1CILi1EEESB_SB_EEENS1_35KernelTmaWarpSpecializedCooperativeEEENS5_IJNSA_ILi128EEESF_NSA_ILi64EEEEEENS_6half_tENS5_IJlSB_lEEESI_SJ_NS4_8TiledMMAINS4_8MMA_AtomIJNS4_4SM904GMMA26MMA_64x128x16_F32F16F16_SSILNSN_5MajorE0ELSP_0ELNSN_7ScaleInE1ELSQ_1EEEEEENS4_6LayoutINS5_IJNSA_ILi2EEESB_SB_EEENS5_IJSB_NSA_ILi0EEESW_EEEEENS5_IJNS4_10UnderscoreESZ_SZ_EEEEENS4_13SM90_TMA_LOADENS4_14ComposedLayoutINS4_7SwizzleILi3ELi4ELi3EEENS4_18smem_ptr_flag_bitsILi16EEENST_INS5_IJNSA_ILi8EEESG_EEENS5_IJSG_SB_EEEEEEEvNS4_8identityES12_S1C_vS1D_EENS_8epilogue10collective6detail29Sm90TmaWarpSpecializedAdapterINS1G_15DefaultEpilogueISJ_SJ_NS1F_6thread17LinearCombinationIfLi1EffLNS1K_9ScaleType4KindE0ELNS_15FloatRoundStyleE2EfEENS1_15EpilogueDefaultEEEEEvvEEEEvNT_6ParamsE' for 'sm_90a'
  ptxas info    : Function properties for _ZN7cutlass13device_kernelINS_4gemm6kernel13GemmUniversalIN4cute5tupleIJiiiiEEENS1_10collective13CollectiveMmaINS1_34MainloopSm90TmaGmmaWarpSpecializedILi7ENS5_IJNS4_1CILi1EEESB_SB_EEENS1_35KernelTmaWarpSpecializedCooperativeEEENS5_IJNSA_ILi128EEESF_NSA_ILi64EEEEEENS_6half_tENS5_IJlSB_lEEESI_SJ_NS4_8TiledMMAINS4_8MMA_AtomIJNS4_4SM904GMMA26MMA_64x128x16_F32F16F16_SSILNSN_5MajorE0ELSP_0ELNSN_7ScaleInE1ELSQ_1EEEEEENS4_6LayoutINS5_IJNSA_ILi2EEESB_SB_EEENS5_IJSB_NSA_ILi0EEESW_EEEEENS5_IJNS4_10UnderscoreESZ_SZ_EEEEENS4_13SM90_TMA_LOADENS4_14ComposedLayoutINS4_7SwizzleILi3ELi4ELi3EEENS4_18smem_ptr_flag_bitsILi16EEENST_INS5_IJNSA_ILi8EEESG_EEENS5_IJSG_SB_EEEEEEEvNS4_8identityES12_S1C_vS1D_EENS_8epilogue10collective6detail29Sm90TmaWarpSpecializedAdapterINS1G_15DefaultEpilogueISJ_SJ_NS1F_6thread17LinearCombinationIfLi1EffLNS1K_9ScaleType4KindE0ELNS_15FloatRoundStyleE2EfEENS1_15EpilogueDefaultEEEEEvvEEEEvNT_6ParamsE
      0 bytes stack frame, 0 bytes spill stores, 0 bytes spill loads
  ptxas info    : Used 168 registers
  ptxas info    : Compiling entry function '_ZN7cutlass13device_kernelINS_4gemm6kernel13GemmUniversalIN4cute5tupleIJiiiiEEENS1_10collective13CollectiveMmaINS1_34MainloopSm90TmaGmmaWarpSpecializedILi7ENS5_IJNS4_1CILi1EEESB_SB_EEENS1_35KernelTmaWarpSpecializedCooperativeEEENS5_IJNSA_ILi128EEESF_NSA_ILi64EEEEEENS_10bfloat16_tENS5_IJlSB_lEEESI_SJ_NS4_8TiledMMAINS4_8MMA_AtomIJNS4_4SM904GMMA28MMA_64x128x16_F32BF16BF16_SSILNSN_5MajorE0ELSP_0ELNSN_7ScaleInE1ELSQ_1EEEEEENS4_6LayoutINS5_IJNSA_ILi2EEESB_SB_EEENS5_IJSB_NSA_ILi0EEESW_EEEEENS5_IJNS4_10UnderscoreESZ_SZ_EEEEENS4_13SM90_TMA_LOADENS4_14ComposedLayoutINS4_7SwizzleILi3ELi4ELi3EEENS4_18smem_ptr_flag_bitsILi16EEENST_INS5_IJNSA_ILi8EEESG_EEENS5_IJSG_SB_EEEEEEEvNS4_8identityES12_S1C_vS1D_EENS_8epilogue10collective6detail29Sm90TmaWarpSpecializedAdapterINS1G_15DefaultEpilogueISJ_SJ_NS1F_6thread17LinearCombinationIfLi1EffLNS1K_9ScaleType4KindE0ELNS_15FloatRoundStyleE2EfEENS1_15EpilogueDefaultEEEEEvvEEEEvNT_6ParamsE' for 'sm_90a'
  ptxas info    : Function properties for _ZN7cutlass13device_kernelINS_4gemm6kernel13GemmUniversalIN4cute5tupleIJiiiiEEENS1_10collective13CollectiveMmaINS1_34MainloopSm90TmaGmmaWarpSpecializedILi7ENS5_IJNS4_1CILi1EEESB_SB_EEENS1_35KernelTmaWarpSpecializedCooperativeEEENS5_IJNSA_ILi128EEESF_NSA_ILi64EEEEEENS_10bfloat16_tENS5_IJlSB_lEEESI_SJ_NS4_8TiledMMAINS4_8MMA_AtomIJNS4_4SM904GMMA28MMA_64x128x16_F32BF16BF16_SSILNSN_5MajorE0ELSP_0ELNSN_7ScaleInE1ELSQ_1EEEEEENS4_6LayoutINS5_IJNSA_ILi2EEESB_SB_EEENS5_IJSB_NSA_ILi0EEESW_EEEEENS5_IJNS4_10UnderscoreESZ_SZ_EEEEENS4_13SM90_TMA_LOADENS4_14ComposedLayoutINS4_7SwizzleILi3ELi4ELi3EEENS4_18smem_ptr_flag_bitsILi16EEENST_INS5_IJNSA_ILi8EEESG_EEENS5_IJSG_SB_EEEEEEEvNS4_8identityES12_S1C_vS1D_EENS_8epilogue10collective6detail29Sm90TmaWarpSpecializedAdapterINS1G_15DefaultEpilogueISJ_SJ_NS1F_6thread17LinearCombinationIfLi1EffLNS1K_9ScaleType4KindE0ELNS_15FloatRoundStyleE2EfEENS1_15EpilogueDefaultEEEEEvvEEEEvNT_6ParamsE
      0 bytes stack frame, 0 bytes spill stores, 0 bytes spill loads
  ptxas info    : Used 168 registers
  ptxas info    : Compiling entry function '_ZN7cutlass13device_kernelINS_4gemm6kernel13GemmUniversalIN4cute5tupleIJiiiiEEENS1_10collective13CollectiveMmaINS1_34MainloopSm90TmaGmmaWarpSpecializedILi3ENS5_IJNS4_1CILi1EEESB_SB_EEENS1_35KernelTmaWarpSpecializedCooperativeEEENS5_IJNSA_ILi128EEESF_NSA_ILi64EEEEEENS_10tfloat32_tENS5_IJlSB_lEEESI_SJ_NS4_8TiledMMAINS4_8MMA_AtomIJNS4_4SM904GMMA30MMA_64x128x8_F32TF32TF32_SS_TNILNSN_7ScaleInE1ELSP_1EEEEEENS4_6LayoutINS5_IJNSA_ILi2EEESB_SB_EEENS5_IJSB_NSA_ILi0EEESV_EEEEENS5_IJNS4_10UnderscoreESY_SY_EEEEENS4_13SM90_TMA_LOADENS4_14ComposedLayoutINS4_7SwizzleILi3ELi4ELi3EEENS4_18smem_ptr_flag_bitsILi32EEENSS_INS5_IJNSA_ILi8EEENSA_ILi32EEEEEENS5_IJS18_SB_EEEEEEEvNS4_8identityES11_S1C_vS1D_EENS_8epilogue10collective6detail29Sm90TmaWarpSpecializedAdapterINS1G_15DefaultEpilogueISJ_SJ_NS1F_6thread17LinearCombinationIfLi1EffLNS1K_9ScaleType4KindE0ELNS_15FloatRoundStyleE2EfEENS1_15EpilogueDefaultEEEEEvvEEEEvNT_6ParamsE' for 'sm_90a'
  ptxas info    : Function properties for _ZN7cutlass13device_kernelINS_4gemm6kernel13GemmUniversalIN4cute5tupleIJiiiiEEENS1_10collective13CollectiveMmaINS1_34MainloopSm90TmaGmmaWarpSpecializedILi3ENS5_IJNS4_1CILi1EEESB_SB_EEENS1_35KernelTmaWarpSpecializedCooperativeEEENS5_IJNSA_ILi128EEESF_NSA_ILi64EEEEEENS_10tfloat32_tENS5_IJlSB_lEEESI_SJ_NS4_8TiledMMAINS4_8MMA_AtomIJNS4_4SM904GMMA30MMA_64x128x8_F32TF32TF32_SS_TNILNSN_7ScaleInE1ELSP_1EEEEEENS4_6LayoutINS5_IJNSA_ILi2EEESB_SB_EEENS5_IJSB_NSA_ILi0EEESV_EEEEENS5_IJNS4_10UnderscoreESY_SY_EEEEENS4_13SM90_TMA_LOADENS4_14ComposedLayoutINS4_7SwizzleILi3ELi4ELi3EEENS4_18smem_ptr_flag_bitsILi32EEENSS_INS5_IJNSA_ILi8EEENSA_ILi32EEEEEENS5_IJS18_SB_EEEEEEEvNS4_8identityES11_S1C_vS1D_EENS_8epilogue10collective6detail29Sm90TmaWarpSpecializedAdapterINS1G_15DefaultEpilogueISJ_SJ_NS1F_6thread17LinearCombinationIfLi1EffLNS1K_9ScaleType4KindE0ELNS_15FloatRoundStyleE2EfEENS1_15EpilogueDefaultEEEEEvvEEEEvNT_6ParamsE
      0 bytes stack frame, 0 bytes spill stores, 0 bytes spill loads
  ptxas info    : Used 168 registers
  ptxas info    : Compiling entry function '_ZN7cutlass13device_kernelINS_4gemm6kernel13GemmUniversalIN4cute5tupleIJiiiiEEENS1_10collective13CollectiveMmaINS1_39MainloopSm90TmaGmmaRmemAWarpSpecializedILi3ENS5_IJNS4_1CILi1EEESB_SB_EEENS1_35KernelTmaWarpSpecializedCooperativeEEENS5_IJNSA_ILi128EEESF_NSA_ILi64EEEEEENS_10tfloat32_tENS5_IJlSB_lEEESI_NS5_IJSB_llEEENS4_8TiledMMAINS4_8MMA_AtomIJNS4_4SM904GMMA30MMA_64x128x8_F32TF32TF32_RS_TNILNSO_7ScaleInE1ELSQ_1EEEEEENS4_6LayoutINS5_IJNSA_ILi2EEESB_SB_EEENS5_IJSB_NSA_ILi0EEESW_EEEEENS5_IJNS4_10UnderscoreESZ_SZ_EEEEENS4_13SM90_TMA_LOADENS4_14ComposedLayoutINS4_7SwizzleILi3ELi4ELi3EEENS4_18smem_ptr_flag_bitsILi32EEENST_INS5_IJNSA_ILi8EEENSA_ILi32EEEEEENS5_IJS19_SB_EEEEEEEvNS4_8identityES12_NS13_INS14_ILi1ELi4ELi3EEES17_NST_INS5_IJS18_S18_EEENS5_IJSB_S18_EEEEEEENS4_9Copy_AtomIJNS4_39AutoVectorizingCopyWithAssumedAlignmentILi128EEESI_EEES1E_EENS_8epilogue10collective6detail29Sm90TmaWarpSpecializedAdapterINS1Q_15DefaultEpilogueISJ_SJ_NS1P_6thread17LinearCombinationIfLi1EffLNS1U_9ScaleType4KindE0ELNS_15FloatRoundStyleE2EfEENS1_15EpilogueDefaultEEEEEvvEEEEvNT_6ParamsE' for 'sm_90a'
  ptxas info    : Function properties for _ZN7cutlass13device_kernelINS_4gemm6kernel13GemmUniversalIN4cute5tupleIJiiiiEEENS1_10collective13CollectiveMmaINS1_39MainloopSm90TmaGmmaRmemAWarpSpecializedILi3ENS5_IJNS4_1CILi1EEESB_SB_EEENS1_35KernelTmaWarpSpecializedCooperativeEEENS5_IJNSA_ILi128EEESF_NSA_ILi64EEEEEENS_10tfloat32_tENS5_IJlSB_lEEESI_NS5_IJSB_llEEENS4_8TiledMMAINS4_8MMA_AtomIJNS4_4SM904GMMA30MMA_64x128x8_F32TF32TF32_RS_TNILNSO_7ScaleInE1ELSQ_1EEEEEENS4_6LayoutINS5_IJNSA_ILi2EEESB_SB_EEENS5_IJSB_NSA_ILi0EEESW_EEEEENS5_IJNS4_10UnderscoreESZ_SZ_EEEEENS4_13SM90_TMA_LOADENS4_14ComposedLayoutINS4_7SwizzleILi3ELi4ELi3EEENS4_18smem_ptr_flag_bitsILi32EEENST_INS5_IJNSA_ILi8EEENSA_ILi32EEEEEENS5_IJS19_SB_EEEEEEEvNS4_8identityES12_NS13_INS14_ILi1ELi4ELi3EEES17_NST_INS5_IJS18_S18_EEENS5_IJSB_S18_EEEEEEENS4_9Copy_AtomIJNS4_39AutoVectorizingCopyWithAssumedAlignmentILi128EEESI_EEES1E_EENS_8epilogue10collective6detail29Sm90TmaWarpSpecializedAdapterINS1Q_15DefaultEpilogueISJ_SJ_NS1P_6thread17LinearCombinationIfLi1EffLNS1U_9ScaleType4KindE0ELNS_15FloatRoundStyleE2EfEENS1_15EpilogueDefaultEEEEEvvEEEEvNT_6ParamsE
      8 bytes stack frame, 8 bytes spill stores, 8 bytes spill loads
  ptxas info    : Used 168 registers, 8 bytes cumulative stack size
  ptxas info    : Compiling entry function '_ZN7cutlass13device_kernelINS_4gemm6kernel13GemmUniversalIN4cute5tupleIJiiiiEEENS1_10collective13CollectiveMmaINS1_34MainloopSm90TmaGmmaWarpSpecializedILi7ENS5_IJNS4_1CILi1EEESB_SB_EEENS1_35KernelTmaWarpSpecializedCooperativeEEENS5_IJNSA_ILi128EEESF_NSA_ILi64EEEEEENS_10bfloat16_tENS5_IJlSB_lEEESI_NS5_IJSB_llEEENS4_8TiledMMAINS4_8MMA_AtomIJNS4_4SM904GMMA28MMA_64x128x16_F32BF16BF16_SSILNSO_5MajorE0ELSQ_1ELNSO_7ScaleInE1ELSR_1EEEEEENS4_6LayoutINS5_IJNSA_ILi2EEESB_SB_EEENS5_IJSB_NSA_ILi0EEESX_EEEEENS5_IJNS4_10UnderscoreES10_S10_EEEEENS4_13SM90_TMA_LOADENS4_14ComposedLayoutINS4_7SwizzleILi3ELi4ELi3EEENS4_18smem_ptr_flag_bitsILi16EEENSU_INS5_IJNSA_ILi8EEESG_EEENS5_IJSG_SB_EEEEEEEvNS4_8identityES13_NS14_IS16_S18_NSU_INS5_IJSG_S19_EEENS5_IJSB_SG_EEEEEEEvS1E_EENS_8epilogue10collective6detail29Sm90TmaWarpSpecializedAdapterINS1L_15DefaultEpilogueISJ_SJ_NS1K_6thread17LinearCombinationIfLi1EffLNS1P_9ScaleType4KindE0ELNS_15FloatRoundStyleE2EfEENS1_15EpilogueDefaultEEEEEvvEEEEvNT_6ParamsE' for 'sm_90a'
  ptxas info    : Function properties for _ZN7cutlass13device_kernelINS_4gemm6kernel13GemmUniversalIN4cute5tupleIJiiiiEEENS1_10collective13CollectiveMmaINS1_34MainloopSm90TmaGmmaWarpSpecializedILi7ENS5_IJNS4_1CILi1EEESB_SB_EEENS1_35KernelTmaWarpSpecializedCooperativeEEENS5_IJNSA_ILi128EEESF_NSA_ILi64EEEEEENS_10bfloat16_tENS5_IJlSB_lEEESI_NS5_IJSB_llEEENS4_8TiledMMAINS4_8MMA_AtomIJNS4_4SM904GMMA28MMA_64x128x16_F32BF16BF16_SSILNSO_5MajorE0ELSQ_1ELNSO_7ScaleInE1ELSR_1EEEEEENS4_6LayoutINS5_IJNSA_ILi2EEESB_SB_EEENS5_IJSB_NSA_ILi0EEESX_EEEEENS5_IJNS4_10UnderscoreES10_S10_EEEEENS4_13SM90_TMA_LOADENS4_14ComposedLayoutINS4_7SwizzleILi3ELi4ELi3EEENS4_18smem_ptr_flag_bitsILi16EEENSU_INS5_IJNSA_ILi8EEESG_EEENS5_IJSG_SB_EEEEEEEvNS4_8identityES13_NS14_IS16_S18_NSU_INS5_IJSG_S19_EEENS5_IJSB_SG_EEEEEEEvS1E_EENS_8epilogue10collective6detail29Sm90TmaWarpSpecializedAdapterINS1L_15DefaultEpilogueISJ_SJ_NS1K_6thread17LinearCombinationIfLi1EffLNS1P_9ScaleType4KindE0ELNS_15FloatRoundStyleE2EfEENS1_15EpilogueDefaultEEEEEvvEEEEvNT_6ParamsE
      0 bytes stack frame, 0 bytes spill stores, 0 bytes spill loads
  ptxas info    : Used 168 registers
  ptxas info    : Compiling entry function '_ZN7cutlass13device_kernelINS_4gemm6kernel13GemmUniversalIN4cute5tupleIJiiiiEEENS1_10collective13CollectiveMmaINS1_34MainloopSm90TmaGmmaWarpSpecializedILi7ENS5_IJNS4_1CILi1EEESB_SB_EEENS1_35KernelTmaWarpSpecializedCooperativeEEENS5_IJNSA_ILi128EEESF_NSA_ILi64EEEEEENS_6half_tENS5_IJlSB_lEEESI_NS5_IJSB_llEEENS4_8TiledMMAINS4_8MMA_AtomIJNS4_4SM904GMMA26MMA_64x128x16_F32F16F16_SSILNSO_5MajorE0ELSQ_1ELNSO_7ScaleInE1ELSR_1EEEEEENS4_6LayoutINS5_IJNSA_ILi2EEESB_SB_EEENS5_IJSB_NSA_ILi0EEESX_EEEEENS5_IJNS4_10UnderscoreES10_S10_EEEEENS4_13SM90_TMA_LOADENS4_14ComposedLayoutINS4_7SwizzleILi3ELi4ELi3EEENS4_18smem_ptr_flag_bitsILi16EEENSU_INS5_IJNSA_ILi8EEESG_EEENS5_IJSG_SB_EEEEEEEvNS4_8identityES13_NS14_IS16_S18_NSU_INS5_IJSG_S19_EEENS5_IJSB_SG_EEEEEEEvS1E_EENS_8epilogue10collective6detail29Sm90TmaWarpSpecializedAdapterINS1L_15DefaultEpilogueISJ_SJ_NS1K_6thread17LinearCombinationIfLi1EffLNS1P_9ScaleType4KindE0ELNS_15FloatRoundStyleE2EfEENS1_15EpilogueDefaultEEEEEvvEEEEvNT_6ParamsE' for 'sm_90a'
  ptxas info    : Function properties for _ZN7cutlass13device_kernelINS_4gemm6kernel13GemmUniversalIN4cute5tupleIJiiiiEEENS1_10collective13CollectiveMmaINS1_34MainloopSm90TmaGmmaWarpSpecializedILi7ENS5_IJNS4_1CILi1EEESB_SB_EEENS1_35KernelTmaWarpSpecializedCooperativeEEENS5_IJNSA_ILi128EEESF_NSA_ILi64EEEEEENS_6half_tENS5_IJlSB_lEEESI_NS5_IJSB_llEEENS4_8TiledMMAINS4_8MMA_AtomIJNS4_4SM904GMMA26MMA_64x128x16_F32F16F16_SSILNSO_5MajorE0ELSQ_1ELNSO_7ScaleInE1ELSR_1EEEEEENS4_6LayoutINS5_IJNSA_ILi2EEESB_SB_EEENS5_IJSB_NSA_ILi0EEESX_EEEEENS5_IJNS4_10UnderscoreES10_S10_EEEEENS4_13SM90_TMA_LOADENS4_14ComposedLayoutINS4_7SwizzleILi3ELi4ELi3EEENS4_18smem_ptr_flag_bitsILi16EEENSU_INS5_IJNSA_ILi8EEESG_EEENS5_IJSG_SB_EEEEEEEvNS4_8identityES13_NS14_IS16_S18_NSU_INS5_IJSG_S19_EEENS5_IJSB_SG_EEEEEEEvS1E_EENS_8epilogue10collective6detail29Sm90TmaWarpSpecializedAdapterINS1L_15DefaultEpilogueISJ_SJ_NS1K_6thread17LinearCombinationIfLi1EffLNS1P_9ScaleType4KindE0ELNS_15FloatRoundStyleE2EfEENS1_15EpilogueDefaultEEEEEvvEEEEvNT_6ParamsE
      0 bytes stack frame, 0 bytes spill stores, 0 bytes spill loads
  ptxas info    : Used 168 registers
  ptxas info    : Compiling entry function '_ZN2sg4sm903mma20softplus_bias_kernelEPfPKfii' for 'sm_90a'
  ptxas info    : Function properties for _ZN2sg4sm903mma20softplus_bias_kernelEPfPKfii
      0 bytes stack frame, 0 bytes spill stores, 0 bytes spill loads
  ptxas info    : Used 16 registers
  ptxas info    : Compiling entry function '_ZN2sg4sm906models7decoder20embedding_bwd_kernelI6__halfS4_EEvPKT_S7_PT0_S9_iiii' for 'sm_90a'
  ptxas info    : Function properties for _ZN2sg4sm906models7decoder20embedding_bwd_kernelI6__halfS4_EEvPKT_S7_PT0_S9_iiii
      0 bytes stack frame, 0 bytes spill stores, 0 bytes spill loads
  ptxas info    : Used 19 registers
  ptxas info    : Compiling entry function '_ZN2sg4sm906models7decoder16qkv_merge_kernelI6__halfEEvPKT_S7_S7_PS5_iiii' for 'sm_90a'
  ptxas info    : Function properties for _ZN2sg4sm906models7decoder16qkv_merge_kernelI6__halfEEvPKT_S7_S7_PS5_iiii
      0 bytes stack frame, 0 bytes spill stores, 0 bytes spill loads
  ptxas info    : Used 30 registers
  ptxas info    : Compiling entry function '_ZN2sg4sm906models7decoder31attn_out_inverse_reshape_kernelI6__halfEEvPKT_PS5_iiii' for 'sm_90a'
  ptxas info    : Function properties for _ZN2sg4sm906models7decoder31attn_out_inverse_reshape_kernelI6__halfEEvPKT_PS5_iiii
      0 bytes stack frame, 0 bytes spill stores, 0 bytes spill loads
  ptxas info    : Used 23 registers
  ptxas info    : Compiling entry function '_ZN2sg4sm906models7decoder18add_inplace_kernelI6__halfEEvPT_PKS5_m' for 'sm_90a'
  ptxas info    : Function properties for _ZN2sg4sm906models7decoder18add_inplace_kernelI6__halfEEvPT_PKS5_m
      0 bytes stack frame, 0 bytes spill stores, 0 bytes spill loads
  ptxas info    : Used 10 registers
  ptxas info    : Compiling entry function '_ZN2sg4sm906models7decoder15gelu_bwd_kernelI6__halfEEvPKT_S7_PS5_m' for 'sm_90a'
  ptxas info    : Function properties for _ZN2sg4sm906models7decoder15gelu_bwd_kernelI6__halfEEvPKT_S7_PS5_m
      0 bytes stack frame, 0 bytes spill stores, 0 bytes spill loads
  ptxas info    : Used 15 registers
  ptxas info    : Compiling entry function '_ZN2sg4sm906models7decoder20layernorm_bwd_kernelI6__halfS4_EEvPKT_S7_PKT0_PS5_PS8_SC_iif' for 'sm_90a'
  ptxas info    : Function properties for _ZN2sg4sm906models7decoder20layernorm_bwd_kernelI6__halfS4_EEvPKT_S7_PKT0_PS5_PS8_SC_iif
      0 bytes stack frame, 0 bytes spill stores, 0 bytes spill loads
  ptxas info    : Used 40 registers, 128 bytes smem
  ptxas info    : Compiling entry function '_ZN2sg4sm906models7decoder15bias_bwd_kernelI6__halfS4_EEvPKT_PT0_ii' for 'sm_90a'
  ptxas info    : Function properties for _ZN2sg4sm906models7decoder15bias_bwd_kernelI6__halfS4_EEvPKT_PT0_ii
      0 bytes stack frame, 0 bytes spill stores, 0 bytes spill loads
  ptxas info    : Used 32 registers
  ptxas info    : Compiling entry function '_ZN2sg4sm906models7decoder25last_token_scatter_kernelI6__halfEEvPKT_PS5_iii' for 'sm_90a'
  ptxas info    : Function properties for _ZN2sg4sm906models7decoder25last_token_scatter_kernelI6__halfEEvPKT_PS5_iii
      0 bytes stack frame, 0 bytes spill stores, 0 bytes spill loads
  ptxas info    : Used 14 registers
  ptxas info    : Compiling entry function '_ZN2sg4sm906models7decoder20embedding_bwd_kernelI13__nv_bfloat16S4_EEvPKT_S7_PT0_S9_iiii' for 'sm_90a'
  ptxas info    : Function properties for _ZN2sg4sm906models7decoder20embedding_bwd_kernelI13__nv_bfloat16S4_EEvPKT_S7_PT0_S9_iiii
      0 bytes stack frame, 0 bytes spill stores, 0 bytes spill loads
  ptxas info    : Used 19 registers
  ptxas info    : Compiling entry function '_ZN2sg4sm906models7decoder16qkv_merge_kernelI13__nv_bfloat16EEvPKT_S7_S7_PS5_iiii' for 'sm_90a'
  ptxas info    : Function properties for _ZN2sg4sm906models7decoder16qkv_merge_kernelI13__nv_bfloat16EEvPKT_S7_S7_PS5_iiii
      0 bytes stack frame, 0 bytes spill stores, 0 bytes spill loads
  ptxas info    : Used 30 registers
  ptxas info    : Compiling entry function '_ZN2sg4sm906models7decoder31attn_out_inverse_reshape_kernelI13__nv_bfloat16EEvPKT_PS5_iiii' for 'sm_90a'
  ptxas info    : Function properties for _ZN2sg4sm906models7decoder31attn_out_inverse_reshape_kernelI13__nv_bfloat16EEvPKT_PS5_iiii
      0 bytes stack frame, 0 bytes spill stores, 0 bytes spill loads
  ptxas info    : Used 23 registers
  ptxas info    : Compiling entry function '_ZN2sg4sm906models7decoder18add_inplace_kernelI13__nv_bfloat16EEvPT_PKS5_m' for 'sm_90a'
  ptxas info    : Function properties for _ZN2sg4sm906models7decoder18add_inplace_kernelI13__nv_bfloat16EEvPT_PKS5_m
      0 bytes stack frame, 0 bytes spill stores, 0 bytes spill loads
  ptxas info    : Used 10 registers
  ptxas info    : Compiling entry function '_ZN2sg4sm906models7decoder15gelu_bwd_kernelI13__nv_bfloat16EEvPKT_S7_PS5_m' for 'sm_90a'
  ptxas info    : Function properties for _ZN2sg4sm906models7decoder15gelu_bwd_kernelI13__nv_bfloat16EEvPKT_S7_PS5_m
      0 bytes stack frame, 0 bytes spill stores, 0 bytes spill loads
  ptxas info    : Used 15 registers
  ptxas info    : Compiling entry function '_ZN2sg4sm906models7decoder20layernorm_bwd_kernelI13__nv_bfloat16S4_EEvPKT_S7_PKT0_PS5_PS8_SC_iif' for 'sm_90a'
  ptxas info    : Function properties for _ZN2sg4sm906models7decoder20layernorm_bwd_kernelI13__nv_bfloat16S4_EEvPKT_S7_PKT0_PS5_PS8_SC_iif
      0 bytes stack frame, 0 bytes spill stores, 0 bytes spill loads
  ptxas info    : Used 40 registers, 128 bytes smem
  ptxas info    : Compiling entry function '_ZN2sg4sm906models7decoder15bias_bwd_kernelI13__nv_bfloat16S4_EEvPKT_PT0_ii' for 'sm_90a'
  ptxas info    : Function properties for _ZN2sg4sm906models7decoder15bias_bwd_kernelI13__nv_bfloat16S4_EEvPKT_PT0_ii
      0 bytes stack frame, 0 bytes spill stores, 0 bytes spill loads
  ptxas info    : Used 32 registers
  ptxas info    : Compiling entry function '_ZN2sg4sm906models7decoder25last_token_scatter_kernelI13__nv_bfloat16EEvPKT_PS5_iii' for 'sm_90a'
  ptxas info    : Function properties for _ZN2sg4sm906models7decoder25last_token_scatter_kernelI13__nv_bfloat16EEvPKT_PS5_iii
      0 bytes stack frame, 0 bytes spill stores, 0 bytes spill loads
  ptxas info    : Used 14 registers
  ptxas info    : Compiling entry function '_ZN2sg4sm906models7decoder20embedding_bwd_kernelIffEEvPKT_S6_PT0_S8_iiii' for 'sm_90a'
  ptxas info    : Function properties for _ZN2sg4sm906models7decoder20embedding_bwd_kernelIffEEvPKT_S6_PT0_S8_iiii
      0 bytes stack frame, 0 bytes spill stores, 0 bytes spill loads
  ptxas info    : Used 20 registers
  ptxas info    : Compiling entry function '_ZN2sg4sm906models7decoder16qkv_merge_kernelIfEEvPKT_S6_S6_PS4_iiii' for 'sm_90a'
  ptxas info    : Function properties for _ZN2sg4sm906models7decoder16qkv_merge_kernelIfEEvPKT_S6_S6_PS4_iiii
      0 bytes stack frame, 0 bytes spill stores, 0 bytes spill loads
  ptxas info    : Used 30 registers
  ptxas info    : Compiling entry function '_ZN2sg4sm906models7decoder31attn_out_inverse_reshape_kernelIfEEvPKT_PS4_iiii' for 'sm_90a'
  ptxas info    : Function properties for _ZN2sg4sm906models7decoder31attn_out_inverse_reshape_kernelIfEEvPKT_PS4_iiii
      0 bytes stack frame, 0 bytes spill stores, 0 bytes spill loads
  ptxas info    : Used 23 registers
  ptxas info    : Compiling entry function '_ZN2sg4sm906models7decoder18add_inplace_kernelIfEEvPT_PKS4_m' for 'sm_90a'
  ptxas info    : Function properties for _ZN2sg4sm906models7decoder18add_inplace_kernelIfEEvPT_PKS4_m
      0 bytes stack frame, 0 bytes spill stores, 0 bytes spill loads
  ptxas info    : Used 10 registers
  ptxas info    : Compiling entry function '_ZN2sg4sm906models7decoder15gelu_bwd_kernelIfEEvPKT_S6_PS4_m' for 'sm_90a'
  ptxas info    : Function properties for _ZN2sg4sm906models7decoder15gelu_bwd_kernelIfEEvPKT_S6_PS4_m
      0 bytes stack frame, 0 bytes spill stores, 0 bytes spill loads
  ptxas info    : Used 13 registers
  ptxas info    : Compiling entry function '_ZN2sg4sm906models7decoder20layernorm_bwd_kernelIffEEvPKT_S6_PKT0_PS4_PS7_SB_iif' for 'sm_90a'
  ptxas info    : Function properties for _ZN2sg4sm906models7decoder20layernorm_bwd_kernelIffEEvPKT_S6_PKT0_PS4_PS7_SB_iif
      0 bytes stack frame, 0 bytes spill stores, 0 bytes spill loads
  ptxas info    : Used 40 registers, 128 bytes smem
  ptxas info    : Compiling entry function '_ZN2sg4sm906models7decoder15bias_bwd_kernelIffEEvPKT_PT0_ii' for 'sm_90a'
  ptxas info    : Function properties for _ZN2sg4sm906models7decoder15bias_bwd_kernelIffEEvPKT_PT0_ii
      0 bytes stack frame, 0 bytes spill stores, 0 bytes spill loads
  ptxas info    : Used 32 registers
  ptxas info    : Compiling entry function '_ZN2sg4sm906models7decoder25last_token_scatter_kernelIfEEvPKT_PS4_iii' for 'sm_90a'
  ptxas info    : Function properties for _ZN2sg4sm906models7decoder25last_token_scatter_kernelIfEEvPKT_PS4_iii
      0 bytes stack frame, 0 bytes spill stores, 0 bytes spill loads
  ptxas info    : Used 14 registers
  ptxas info    : Compiling entry function '_ZN2sg4sm906models7decoder17last_token_kernelI6__halfEEvPKT_PS5_iii' for 'sm_90a'
  ptxas info    : Function properties for _ZN2sg4sm906models7decoder17last_token_kernelI6__halfEEvPKT_PS5_iii
      0 bytes stack frame, 0 bytes spill stores, 0 bytes spill loads
  ptxas info    : Used 16 registers
  ptxas info    : Compiling entry function '_ZN2sg4sm906models7decoder16layernorm_kernelI6__halfS4_EEvPKT_PKT0_SA_PS5_iif' for 'sm_90a'
  ptxas info    : Function properties for _ZN2sg4sm906models7decoder16layernorm_kernelI6__halfS4_EEvPKT_PKT0_SA_PS5_iif
      0 bytes stack frame, 0 bytes spill stores, 0 bytes spill loads
  ptxas info    : Used 24 registers, 128 bytes smem
  ptxas info    : Compiling entry function '_ZN2sg4sm906models7decoder15gelu_fwd_kernelI6__halfEEvPKT_PS5_m' for 'sm_90a'
  ptxas info    : Function properties for _ZN2sg4sm906models7decoder15gelu_fwd_kernelI6__halfEEvPKT_PS5_m
      0 bytes stack frame, 0 bytes spill stores, 0 bytes spill loads
  ptxas info    : Used 11 registers
  ptxas info    : Compiling entry function '_ZN2sg4sm906models7decoder25residual_layernorm_kernelI6__halfS4_EEvPKT_S7_PKT0_SA_PS5_SB_iif' for 'sm_90a'
  ptxas info    : Function properties for _ZN2sg4sm906models7decoder25residual_layernorm_kernelI6__halfS4_EEvPKT_S7_PKT0_SA_PS5_SB_iif
      0 bytes stack frame, 0 bytes spill stores, 0 bytes spill loads
  ptxas info    : Used 24 registers, 128 bytes smem
  ptxas info    : Compiling entry function '_ZN2sg4sm906models7decoder23attn_out_reshape_kernelI6__halfEEvPKT_PS5_iiii' for 'sm_90a'
  ptxas info    : Function properties for _ZN2sg4sm906models7decoder23attn_out_reshape_kernelI6__halfEEvPKT_PS5_iiii
      0 bytes stack frame, 0 bytes spill stores, 0 bytes spill loads
  ptxas info    : Used 22 registers
  ptxas info    : Compiling entry function '_ZN2sg4sm906models7decoder16qkv_split_kernelI6__halfEEvPKT_PS5_S8_S8_iiii' for 'sm_90a'
  ptxas info    : Function properties for _ZN2sg4sm906models7decoder16qkv_split_kernelI6__halfEEvPKT_PS5_S8_S8_iiii
      0 bytes stack frame, 0 bytes spill stores, 0 bytes spill loads
  ptxas info    : Used 26 registers
  ptxas info    : Compiling entry function '_ZN2sg4sm906models7decoder15bias_add_kernelI6__halfS4_EEvPT_PKT0_ii' for 'sm_90a'
  ptxas info    : Function properties for _ZN2sg4sm906models7decoder15bias_add_kernelI6__halfS4_EEvPT_PKT0_ii
      0 bytes stack frame, 0 bytes spill stores, 0 bytes spill loads
  ptxas info    : Used 14 registers
  ptxas info    : Compiling entry function '_ZN2sg4sm906models7decoder20gemm_cast_f32_kernelI6__halfEEvPKfPT_m' for 'sm_90a'
  ptxas info    : Function properties for _ZN2sg4sm906models7decoder20gemm_cast_f32_kernelI6__halfEEvPKfPT_m
      0 bytes stack frame, 0 bytes spill stores, 0 bytes spill loads
  ptxas info    : Used 10 registers
  ptxas info    : Compiling entry function '_ZN2sg4sm906models7decoder16embedding_kernelI6__halfS4_EEvPKT_PKT0_SA_PS5_iiii' for 'sm_90a'
  ptxas info    : Function properties for _ZN2sg4sm906models7decoder16embedding_kernelI6__halfS4_EEvPKT_PKT0_SA_PS5_iiii
      0 bytes stack frame, 0 bytes spill stores, 0 bytes spill loads
  ptxas info    : Used 20 registers
  ptxas info    : Compiling entry function '_ZN2sg4sm906models7decoder17last_token_kernelI13__nv_bfloat16EEvPKT_PS5_iii' for 'sm_90a'
  ptxas info    : Function properties for _ZN2sg4sm906models7decoder17last_token_kernelI13__nv_bfloat16EEvPKT_PS5_iii
      0 bytes stack frame, 0 bytes spill stores, 0 bytes spill loads
  ptxas info    : Used 16 registers
  ptxas info    : Compiling entry function '_ZN2sg4sm906models7decoder16layernorm_kernelI13__nv_bfloat16S4_EEvPKT_PKT0_SA_PS5_iif' for 'sm_90a'
  ptxas info    : Function properties for _ZN2sg4sm906models7decoder16layernorm_kernelI13__nv_bfloat16S4_EEvPKT_PKT0_SA_PS5_iif
      0 bytes stack frame, 0 bytes spill stores, 0 bytes spill loads
  ptxas info    : Used 24 registers, 128 bytes smem
  ptxas info    : Compiling entry function '_ZN2sg4sm906models7decoder15gelu_fwd_kernelI13__nv_bfloat16EEvPKT_PS5_m' for 'sm_90a'
  ptxas info    : Function properties for _ZN2sg4sm906models7decoder15gelu_fwd_kernelI13__nv_bfloat16EEvPKT_PS5_m
      0 bytes stack frame, 0 bytes spill stores, 0 bytes spill loads
  ptxas info    : Used 11 registers
  ptxas info    : Compiling entry function '_ZN2sg4sm906models7decoder25residual_layernorm_kernelI13__nv_bfloat16S4_EEvPKT_S7_PKT0_SA_PS5_SB_iif' for 'sm_90a'
  ptxas info    : Function properties for _ZN2sg4sm906models7decoder25residual_layernorm_kernelI13__nv_bfloat16S4_EEvPKT_S7_PKT0_SA_PS5_SB_iif
      0 bytes stack frame, 0 bytes spill stores, 0 bytes spill loads
  ptxas info    : Used 24 registers, 128 bytes smem
  ptxas info    : Compiling entry function '_ZN2sg4sm906models7decoder23attn_out_reshape_kernelI13__nv_bfloat16EEvPKT_PS5_iiii' for 'sm_90a'
  ptxas info    : Function properties for _ZN2sg4sm906models7decoder23attn_out_reshape_kernelI13__nv_bfloat16EEvPKT_PS5_iiii
      0 bytes stack frame, 0 bytes spill stores, 0 bytes spill loads
  ptxas info    : Used 22 registers
  ptxas info    : Compiling entry function '_ZN2sg4sm906models7decoder16qkv_split_kernelI13__nv_bfloat16EEvPKT_PS5_S8_S8_iiii' for 'sm_90a'
  ptxas info    : Function properties for _ZN2sg4sm906models7decoder16qkv_split_kernelI13__nv_bfloat16EEvPKT_PS5_S8_S8_iiii
      0 bytes stack frame, 0 bytes spill stores, 0 bytes spill loads
  ptxas info    : Used 26 registers
  ptxas info    : Compiling entry function '_ZN2sg4sm906models7decoder15bias_add_kernelI13__nv_bfloat16S4_EEvPT_PKT0_ii' for 'sm_90a'
  ptxas info    : Function properties for _ZN2sg4sm906models7decoder15bias_add_kernelI13__nv_bfloat16S4_EEvPT_PKT0_ii
      0 bytes stack frame, 0 bytes spill stores, 0 bytes spill loads
  ptxas info    : Used 14 registers
  ptxas info    : Compiling entry function '_ZN2sg4sm906models7decoder20gemm_cast_f32_kernelI13__nv_bfloat16EEvPKfPT_m' for 'sm_90a'
  ptxas info    : Function properties for _ZN2sg4sm906models7decoder20gemm_cast_f32_kernelI13__nv_bfloat16EEvPKfPT_m
      0 bytes stack frame, 0 bytes spill stores, 0 bytes spill loads
  ptxas info    : Used 10 registers
  ptxas info    : Compiling entry function '_ZN2sg4sm906models7decoder16embedding_kernelI13__nv_bfloat16S4_EEvPKT_PKT0_SA_PS5_iiii' for 'sm_90a'
  ptxas info    : Function properties for _ZN2sg4sm906models7decoder16embedding_kernelI13__nv_bfloat16S4_EEvPKT_PKT0_SA_PS5_iiii
      0 bytes stack frame, 0 bytes spill stores, 0 bytes spill loads
  ptxas info    : Used 20 registers
  ptxas info    : Compiling entry function '_ZN2sg4sm906models7decoder17last_token_kernelIfEEvPKT_PS4_iii' for 'sm_90a'
  ptxas info    : Function properties for _ZN2sg4sm906models7decoder17last_token_kernelIfEEvPKT_PS4_iii
      0 bytes stack frame, 0 bytes spill stores, 0 bytes spill loads
  ptxas info    : Used 16 registers
  ptxas info    : Compiling entry function '_ZN2sg4sm906models7decoder16layernorm_kernelIffEEvPKT_PKT0_S9_PS4_iif' for 'sm_90a'
  ptxas info    : Function properties for _ZN2sg4sm906models7decoder16layernorm_kernelIffEEvPKT_PKT0_S9_PS4_iif
      0 bytes stack frame, 0 bytes spill stores, 0 bytes spill loads
  ptxas info    : Used 24 registers, 128 bytes smem
  ptxas info    : Compiling entry function '_ZN2sg4sm906models7decoder15gelu_fwd_kernelIfEEvPKT_PS4_m' for 'sm_90a'
  ptxas info    : Function properties for _ZN2sg4sm906models7decoder15gelu_fwd_kernelIfEEvPKT_PS4_m
      0 bytes stack frame, 0 bytes spill stores, 0 bytes spill loads
  ptxas info    : Used 12 registers
  ptxas info    : Compiling entry function '_ZN2sg4sm906models7decoder25residual_layernorm_kernelIffEEvPKT_S6_PKT0_S9_PS4_SA_iif' for 'sm_90a'
  ptxas info    : Function properties for _ZN2sg4sm906models7decoder25residual_layernorm_kernelIffEEvPKT_S6_PKT0_S9_PS4_SA_iif
      0 bytes stack frame, 0 bytes spill stores, 0 bytes spill loads
  ptxas info    : Used 24 registers, 128 bytes smem
  ptxas info    : Compiling entry function '_ZN2sg4sm906models7decoder23attn_out_reshape_kernelIfEEvPKT_PS4_iiii' for 'sm_90a'
  ptxas info    : Function properties for _ZN2sg4sm906models7decoder23attn_out_reshape_kernelIfEEvPKT_PS4_iiii
      0 bytes stack frame, 0 bytes spill stores, 0 bytes spill loads
  ptxas info    : Used 22 registers
  ptxas info    : Compiling entry function '_ZN2sg4sm906models7decoder16qkv_split_kernelIfEEvPKT_PS4_S7_S7_iiii' for 'sm_90a'
  ptxas info    : Function properties for _ZN2sg4sm906models7decoder16qkv_split_kernelIfEEvPKT_PS4_S7_S7_iiii
      0 bytes stack frame, 0 bytes spill stores, 0 bytes spill loads
  ptxas info    : Used 26 registers
  ptxas info    : Compiling entry function '_ZN2sg4sm906models7decoder15bias_add_kernelIffEEvPT_PKT0_ii' for 'sm_90a'
  ptxas info    : Function properties for _ZN2sg4sm906models7decoder15bias_add_kernelIffEEvPT_PKT0_ii
      0 bytes stack frame, 0 bytes spill stores, 0 bytes spill loads
  ptxas info    : Used 14 registers
  ptxas info    : Compiling entry function '_ZN2sg4sm906models7decoder16embedding_kernelIffEEvPKT_PKT0_S9_PS4_iiii' for 'sm_90a'
  ptxas info    : Function properties for _ZN2sg4sm906models7decoder16embedding_kernelIffEEvPKT_PKT0_S9_PS4_iiii
      0 bytes stack frame, 0 bytes spill stores, 0 bytes spill loads
  ptxas info    : Used 20 registers
  ptxas info    : Compiling entry function '_ZN2sg4sm906models9attention25smem_attention_bwd_kernelI6__halfLi32ELb1EEEvPKT_S7_S7_S7_S7_PKfPS5_SA_SA_if' for 'sm_90a'
  ptxas info    : Function properties for _ZN2sg4sm906models9attention25smem_attention_bwd_kernelI6__halfLi32ELb1EEEvPKT_S7_S7_S7_S7_PKfPS5_SA_SA_if
      0 bytes stack frame, 0 bytes spill stores, 0 bytes spill loads
  ptxas info    : Used 88 registers
  ptxas info    : Compiling entry function '_ZN2sg4sm906models9attention25smem_attention_bwd_kernelI13__nv_bfloat16Li32ELb1EEEvPKT_S7_S7_S7_S7_PKfPS5_SA_SA_if' for 'sm_90a'
  ptxas info    : Function properties for _ZN2sg4sm906models9attention25smem_attention_bwd_kernelI13__nv_bfloat16Li32ELb1EEEvPKT_S7_S7_S7_S7_PKfPS5_SA_SA_if
      0 bytes stack frame, 0 bytes spill stores, 0 bytes spill loads
  ptxas info    : Used 89 registers
  ptxas info    : Compiling entry function '_ZN2sg4sm906models9attention25smem_attention_bwd_kernelIfLi32ELb1EEEvPKT_S6_S6_S6_S6_PKfPS4_S9_S9_if' for 'sm_90a'
  ptxas info    : Function properties for _ZN2sg4sm906models9attention25smem_attention_bwd_kernelIfLi32ELb1EEEvPKT_S6_S6_S6_S6_PKfPS4_S9_S9_if
      0 bytes stack frame, 0 bytes spill stores, 0 bytes spill loads
  ptxas info    : Used 86 registers
  ptxas info    : Compiling entry function '_ZN2sg4sm906models9attention16fmha_cast_kernelI6__halfEEvPKfPT_i' for 'sm_90a'
  ptxas info    : Function properties for _ZN2sg4sm906models9attention16fmha_cast_kernelI6__halfEEvPKfPT_i
      0 bytes stack frame, 0 bytes spill stores, 0 bytes spill loads
  ptxas info    : Used 10 registers
  ptxas info    : Compiling entry function '_ZN2sg4sm906models9attention19fmha_softmax_kernelI6__halfLb1EEEvPKfPT_Pfif' for 'sm_90a'
  ptxas info    : Function properties for _ZN2sg4sm906models9attention19fmha_softmax_kernelI6__halfLb1EEEvPKfPT_Pfif
      0 bytes stack frame, 0 bytes spill stores, 0 bytes spill loads
  ptxas info    : Used 32 registers, 128 bytes smem
  ptxas info    : Compiling entry function '_ZN2sg4sm906models9attention16fmha_cast_kernelI13__nv_bfloat16EEvPKfPT_i' for 'sm_90a'
  ptxas info    : Function properties for _ZN2sg4sm906models9attention16fmha_cast_kernelI13__nv_bfloat16EEvPKfPT_i
      0 bytes stack frame, 0 bytes spill stores, 0 bytes spill loads
  ptxas info    : Used 10 registers
  ptxas info    : Compiling entry function '_ZN2sg4sm906models9attention19fmha_softmax_kernelI13__nv_bfloat16Lb1EEEvPKfPT_Pfif' for 'sm_90a'
  ptxas info    : Function properties for _ZN2sg4sm906models9attention19fmha_softmax_kernelI13__nv_bfloat16Lb1EEEvPKfPT_Pfif
      0 bytes stack frame, 0 bytes spill stores, 0 bytes spill loads
  ptxas info    : Used 32 registers, 128 bytes smem
  ptxas info    : Compiling entry function '_ZN2sg4sm906models9attention16fmha_cast_kernelIfEEvPKfPT_i' for 'sm_90a'
  ptxas info    : Function properties for _ZN2sg4sm906models9attention16fmha_cast_kernelIfEEvPKfPT_i
      0 bytes stack frame, 0 bytes spill stores, 0 bytes spill loads
  ptxas info    : Used 10 registers
  ptxas info    : Compiling entry function '_ZN2sg4sm906models9attention19fmha_softmax_kernelIfLb1EEEvPKfPT_Pfif' for 'sm_90a'
  ptxas info    : Function properties for _ZN2sg4sm906models9attention19fmha_softmax_kernelIfLb1EEEvPKfPT_Pfif
      0 bytes stack frame, 0 bytes spill stores, 0 bytes spill loads
  ptxas info    : Used 32 registers, 128 bytes smem
  ptxas info    : Compiling entry function '_ZN3cub17CUB_200302_900_NS11EmptyKernelIvEEvv' for 'sm_90a'
  ptxas info    : Function properties for _ZN3cub17CUB_200302_900_NS11EmptyKernelIvEEvv
      0 bytes stack frame, 0 bytes spill stores, 0 bytes spill loads
  ptxas info    : Used 4 registers
  [52/56] /usr/local/sccache-shim/nvcc --generate-dependencies-with-compile --dependency-output /dev/shm/tmp/tmp9icn1kre.build-temp/csrc/backends/cuda/sm_90/launch_supergrok2.o.d -DWITH_CUDA -DWITH_CUTLASS -I/workspace/SuperGrok1.5/. -I/workspace/SuperGrok1.5/csrc/bindings -I/workspace/SuperGrok1.5/csrc -I/workspace/SuperGrok1.5/third_party/cutlass/include -I/workspace/SuperGrok1.5/third_party/cutlass/tools/util/include -I/usr/local/lib/python3.11/dist-packages/torch/include -I/usr/local/lib/python3.11/dist-packages/torch/include/torch/csrc/api/include -I/usr/local/lib/python3.11/dist-packages/torch/include/TH -I/usr/local/lib/python3.11/dist-packages/torch/include/THC -I/usr/local/cuda/include -I/usr/include/python3.11 -c -c /workspace/SuperGrok1.5/csrc/backends/cuda/sm_90/launch_supergrok2.cu -o /dev/shm/tmp/tmp9icn1kre.build-temp/csrc/backends/cuda/sm_90/launch_supergrok2.o -D__CUDA_NO_HALF_OPERATORS__ -D__CUDA_NO_HALF_CONVERSIONS__ -D__CUDA_NO_BFLOAT16_CONVERSIONS__ -D__CUDA_NO_HALF2_OPERATORS__ --expt-relaxed-constexpr --compiler-options ''"'"'-fPIC'"'"'' -O3 -std=c++17 -DWITH_CUDA --expt-relaxed-constexpr -Xfatbin -compress-all -Xptxas --opt-level=3 -Xptxas -v -Xptxas --warn-on-spills --extra-device-vectorization -Xcompiler -fPIC -Xcompiler -fno-strict-aliasing -Xnvlink --suppress-stack-size-warning --resource-usage --default-stream per-thread --use_fast_math -DNDEBUG -lineinfo -gencode=arch=compute_90a,code=sm_90a -gencode=arch=compute_90,code=compute_90 -DWITH_CUTLASS -DCUTLASS_NVCC_ARCHS=90a -DTORCH_API_INCLUDE_EXTENSION_H '-DPYBIND11_COMPILER_TYPE="_gcc"' '-DPYBIND11_STDLIB="_libstdcpp"' '-DPYBIND11_BUILD_ABI="_cxxabi1011"' -DTORCH_EXTENSION_NAME=_ops -D_GLIBCXX_USE_CXX11_ABI=0
  ptxas warning : Registers are spilled to local memory in function '_ZN7cutlass13device_kernelINS_4gemm6kernel13GemmUniversalIN4cute5tupleIJiiiiEEENS1_10collective13CollectiveMmaINS1_39MainloopSm90TmaGmmaRmemAWarpSpecializedILi3ENS5_IJNS4_1CILi1EEESB_SB_EEENS1_35KernelTmaWarpSpecializedCooperativeEEENS5_IJNSA_ILi128EEESF_NSA_ILi64EEEEEENS_10tfloat32_tENS5_IJlSB_lEEESI_NS5_IJSB_llEEENS4_8TiledMMAINS4_8MMA_AtomIJNS4_4SM904GMMA30MMA_64x128x8_F32TF32TF32_RS_TNILNSO_7ScaleInE1ELSQ_1EEEEEENS4_6LayoutINS5_IJNSA_ILi2EEESB_SB_EEENS5_IJSB_NSA_ILi0EEESW_EEEEENS5_IJNS4_10UnderscoreESZ_SZ_EEEEENS4_13SM90_TMA_LOADENS4_14ComposedLayoutINS4_7SwizzleILi3ELi4ELi3EEENS4_18smem_ptr_flag_bitsILi32EEENST_INS5_IJNSA_ILi8EEENSA_ILi32EEEEEENS5_IJS19_SB_EEEEEEEvNS4_8identityES12_NS13_INS14_ILi1ELi4ELi3EEES17_NST_INS5_IJS18_S18_EEENS5_IJSB_S18_EEEEEEENS4_9Copy_AtomIJNS4_39AutoVectorizingCopyWithAssumedAlignmentILi128EEESI_EEES1E_EENS_8epilogue10collective6detail29Sm90TmaWarpSpecializedAdapterINS1Q_15DefaultEpilogueISJ_SJ_NS1P_6thread17LinearCombinationIfLi1EffLNS1U_9ScaleType4KindE0ELNS_15FloatRoundStyleE2EfEENS1_15EpilogueDefaultEEEEEvvEEEEvNT_6ParamsE', 8 bytes spill stores, 8 bytes spill loads
  ptxas info    : 25 bytes gmem
  ptxas info    : Compiling entry function '_ZN7cutlass13device_kernelINS_4gemm6kernel13GemmUniversalIN4cute5tupleIJiiiiEEENS1_10collective13CollectiveMmaINS1_39MainloopSm90TmaGmmaRmemAWarpSpecializedILi3ENS5_IJNS4_1CILi1EEESB_SB_EEENS1_35KernelTmaWarpSpecializedCooperativeEEENS5_IJNSA_ILi128EEESF_NSA_ILi64EEEEEENS_10tfloat32_tENS5_IJlSB_lEEESI_NS5_IJSB_llEEENS4_8TiledMMAINS4_8MMA_AtomIJNS4_4SM904GMMA30MMA_64x128x8_F32TF32TF32_RS_TNILNSO_7ScaleInE1ELSQ_1EEEEEENS4_6LayoutINS5_IJNSA_ILi2EEESB_SB_EEENS5_IJSB_NSA_ILi0EEESW_EEEEENS5_IJNS4_10UnderscoreESZ_SZ_EEEEENS4_13SM90_TMA_LOADENS4_14ComposedLayoutINS4_7SwizzleILi3ELi4ELi3EEENS4_18smem_ptr_flag_bitsILi32EEENST_INS5_IJNSA_ILi8EEENSA_ILi32EEEEEENS5_IJS19_SB_EEEEEEEvNS4_8identityES12_NS13_INS14_ILi1ELi4ELi3EEES17_NST_INS5_IJS18_S18_EEENS5_IJSB_S18_EEEEEEENS4_9Copy_AtomIJNS4_39AutoVectorizingCopyWithAssumedAlignmentILi128EEESI_EEES1E_EENS_8epilogue10collective6detail29Sm90TmaWarpSpecializedAdapterINS1Q_15DefaultEpilogueISJ_SJ_NS1P_6thread17LinearCombinationIfLi1EffLNS1U_9ScaleType4KindE0ELNS_15FloatRoundStyleE2EfEENS1_15EpilogueDefaultEEEEEvvEEEEvNT_6ParamsE' for 'sm_90a'
  ptxas info    : Function properties for _ZN7cutlass13device_kernelINS_4gemm6kernel13GemmUniversalIN4cute5tupleIJiiiiEEENS1_10collective13CollectiveMmaINS1_39MainloopSm90TmaGmmaRmemAWarpSpecializedILi3ENS5_IJNS4_1CILi1EEESB_SB_EEENS1_35KernelTmaWarpSpecializedCooperativeEEENS5_IJNSA_ILi128EEESF_NSA_ILi64EEEEEENS_10tfloat32_tENS5_IJlSB_lEEESI_NS5_IJSB_llEEENS4_8TiledMMAINS4_8MMA_AtomIJNS4_4SM904GMMA30MMA_64x128x8_F32TF32TF32_RS_TNILNSO_7ScaleInE1ELSQ_1EEEEEENS4_6LayoutINS5_IJNSA_ILi2EEESB_SB_EEENS5_IJSB_NSA_ILi0EEESW_EEEEENS5_IJNS4_10UnderscoreESZ_SZ_EEEEENS4_13SM90_TMA_LOADENS4_14ComposedLayoutINS4_7SwizzleILi3ELi4ELi3EEENS4_18smem_ptr_flag_bitsILi32EEENST_INS5_IJNSA_ILi8EEENSA_ILi32EEEEEENS5_IJS19_SB_EEEEEEEvNS4_8identityES12_NS13_INS14_ILi1ELi4ELi3EEES17_NST_INS5_IJS18_S18_EEENS5_IJSB_S18_EEEEEEENS4_9Copy_AtomIJNS4_39AutoVectorizingCopyWithAssumedAlignmentILi128EEESI_EEES1E_EENS_8epilogue10collective6detail29Sm90TmaWarpSpecializedAdapterINS1Q_15DefaultEpilogueISJ_SJ_NS1P_6thread17LinearCombinationIfLi1EffLNS1U_9ScaleType4KindE0ELNS_15FloatRoundStyleE2EfEENS1_15EpilogueDefaultEEEEEvvEEEEvNT_6ParamsE
      8 bytes stack frame, 8 bytes spill stores, 8 bytes spill loads
  ptxas info    : Used 168 registers, 8 bytes cumulative stack size
  ptxas info    : Compiling entry function '_ZN7cutlass13device_kernelINS_4gemm6kernel13GemmUniversalIN4cute5tupleIJiiiiEEENS1_10collective13CollectiveMmaINS1_34MainloopSm90TmaGmmaWarpSpecializedILi7ENS5_IJNS4_1CILi1EEESB_SB_EEENS1_35KernelTmaWarpSpecializedCooperativeEEENS5_IJNSA_ILi128EEESF_NSA_ILi64EEEEEENS_10bfloat16_tENS5_IJlSB_lEEESI_NS5_IJSB_llEEENS4_8TiledMMAINS4_8MMA_AtomIJNS4_4SM904GMMA28MMA_64x128x16_F32BF16BF16_SSILNSO_5MajorE0ELSQ_1ELNSO_7ScaleInE1ELSR_1EEEEEENS4_6LayoutINS5_IJNSA_ILi2EEESB_SB_EEENS5_IJSB_NSA_ILi0EEESX_EEEEENS5_IJNS4_10UnderscoreES10_S10_EEEEENS4_13SM90_TMA_LOADENS4_14ComposedLayoutINS4_7SwizzleILi3ELi4ELi3EEENS4_18smem_ptr_flag_bitsILi16EEENSU_INS5_IJNSA_ILi8EEESG_EEENS5_IJSG_SB_EEEEEEEvNS4_8identityES13_NS14_IS16_S18_NSU_INS5_IJSG_S19_EEENS5_IJSB_SG_EEEEEEEvS1E_EENS_8epilogue10collective6detail29Sm90TmaWarpSpecializedAdapterINS1L_15DefaultEpilogueISJ_SJ_NS1K_6thread17LinearCombinationIfLi1EffLNS1P_9ScaleType4KindE0ELNS_15FloatRoundStyleE2EfEENS1_15EpilogueDefaultEEEEEvvEEEEvNT_6ParamsE' for 'sm_90a'
  ptxas info    : Function properties for _ZN7cutlass13device_kernelINS_4gemm6kernel13GemmUniversalIN4cute5tupleIJiiiiEEENS1_10collective13CollectiveMmaINS1_34MainloopSm90TmaGmmaWarpSpecializedILi7ENS5_IJNS4_1CILi1EEESB_SB_EEENS1_35KernelTmaWarpSpecializedCooperativeEEENS5_IJNSA_ILi128EEESF_NSA_ILi64EEEEEENS_10bfloat16_tENS5_IJlSB_lEEESI_NS5_IJSB_llEEENS4_8TiledMMAINS4_8MMA_AtomIJNS4_4SM904GMMA28MMA_64x128x16_F32BF16BF16_SSILNSO_5MajorE0ELSQ_1ELNSO_7ScaleInE1ELSR_1EEEEEENS4_6LayoutINS5_IJNSA_ILi2EEESB_SB_EEENS5_IJSB_NSA_ILi0EEESX_EEEEENS5_IJNS4_10UnderscoreES10_S10_EEEEENS4_13SM90_TMA_LOADENS4_14ComposedLayoutINS4_7SwizzleILi3ELi4ELi3EEENS4_18smem_ptr_flag_bitsILi16EEENSU_INS5_IJNSA_ILi8EEESG_EEENS5_IJSG_SB_EEEEEEEvNS4_8identityES13_NS14_IS16_S18_NSU_INS5_IJSG_S19_EEENS5_IJSB_SG_EEEEEEEvS1E_EENS_8epilogue10collective6detail29Sm90TmaWarpSpecializedAdapterINS1L_15DefaultEpilogueISJ_SJ_NS1K_6thread17LinearCombinationIfLi1EffLNS1P_9ScaleType4KindE0ELNS_15FloatRoundStyleE2EfEENS1_15EpilogueDefaultEEEEEvvEEEEvNT_6ParamsE
      0 bytes stack frame, 0 bytes spill stores, 0 bytes spill loads
  ptxas info    : Used 168 registers
  ptxas info    : Compiling entry function '_ZN7cutlass13device_kernelINS_4gemm6kernel13GemmUniversalIN4cute5tupleIJiiiiEEENS1_10collective13CollectiveMmaINS1_34MainloopSm90TmaGmmaWarpSpecializedILi7ENS5_IJNS4_1CILi1EEESB_SB_EEENS1_35KernelTmaWarpSpecializedCooperativeEEENS5_IJNSA_ILi128EEESF_NSA_ILi64EEEEEENS_6half_tENS5_IJlSB_lEEESI_NS5_IJSB_llEEENS4_8TiledMMAINS4_8MMA_AtomIJNS4_4SM904GMMA26MMA_64x128x16_F32F16F16_SSILNSO_5MajorE0ELSQ_1ELNSO_7ScaleInE1ELSR_1EEEEEENS4_6LayoutINS5_IJNSA_ILi2EEESB_SB_EEENS5_IJSB_NSA_ILi0EEESX_EEEEENS5_IJNS4_10UnderscoreES10_S10_EEEEENS4_13SM90_TMA_LOADENS4_14ComposedLayoutINS4_7SwizzleILi3ELi4ELi3EEENS4_18smem_ptr_flag_bitsILi16EEENSU_INS5_IJNSA_ILi8EEESG_EEENS5_IJSG_SB_EEEEEEEvNS4_8identityES13_NS14_IS16_S18_NSU_INS5_IJSG_S19_EEENS5_IJSB_SG_EEEEEEEvS1E_EENS_8epilogue10collective6detail29Sm90TmaWarpSpecializedAdapterINS1L_15DefaultEpilogueISJ_SJ_NS1K_6thread17LinearCombinationIfLi1EffLNS1P_9ScaleType4KindE0ELNS_15FloatRoundStyleE2EfEENS1_15EpilogueDefaultEEEEEvvEEEEvNT_6ParamsE' for 'sm_90a'
  ptxas info    : Function properties for _ZN7cutlass13device_kernelINS_4gemm6kernel13GemmUniversalIN4cute5tupleIJiiiiEEENS1_10collective13CollectiveMmaINS1_34MainloopSm90TmaGmmaWarpSpecializedILi7ENS5_IJNS4_1CILi1EEESB_SB_EEENS1_35KernelTmaWarpSpecializedCooperativeEEENS5_IJNSA_ILi128EEESF_NSA_ILi64EEEEEENS_6half_tENS5_IJlSB_lEEESI_NS5_IJSB_llEEENS4_8TiledMMAINS4_8MMA_AtomIJNS4_4SM904GMMA26MMA_64x128x16_F32F16F16_SSILNSO_5MajorE0ELSQ_1ELNSO_7ScaleInE1ELSR_1EEEEEENS4_6LayoutINS5_IJNSA_ILi2EEESB_SB_EEENS5_IJSB_NSA_ILi0EEESX_EEEEENS5_IJNS4_10UnderscoreES10_S10_EEEEENS4_13SM90_TMA_LOADENS4_14ComposedLayoutINS4_7SwizzleILi3ELi4ELi3EEENS4_18smem_ptr_flag_bitsILi16EEENSU_INS5_IJNSA_ILi8EEESG_EEENS5_IJSG_SB_EEEEEEEvNS4_8identityES13_NS14_IS16_S18_NSU_INS5_IJSG_S19_EEENS5_IJSB_SG_EEEEEEEvS1E_EENS_8epilogue10collective6detail29Sm90TmaWarpSpecializedAdapterINS1L_15DefaultEpilogueISJ_SJ_NS1K_6thread17LinearCombinationIfLi1EffLNS1P_9ScaleType4KindE0ELNS_15FloatRoundStyleE2EfEENS1_15EpilogueDefaultEEEEEvvEEEEvNT_6ParamsE
      0 bytes stack frame, 0 bytes spill stores, 0 bytes spill loads
  ptxas info    : Used 168 registers
  ptxas info    : Compiling entry function '_ZN2sg4sm903mma20softplus_bias_kernelEPfPKfii' for 'sm_90a'
  ptxas info    : Function properties for _ZN2sg4sm903mma20softplus_bias_kernelEPfPKfii
      0 bytes stack frame, 0 bytes spill stores, 0 bytes spill loads
  ptxas info    : Used 16 registers
  ptxas info    : Compiling entry function '_ZN2sg4sm907csa_hca16indexer_k_kernelIffEEvPKT_PKT0_PKfPfiiiiii' for 'sm_90a'
  ptxas info    : Function properties for _ZN2sg4sm907csa_hca16indexer_k_kernelIffEEvPKT_PKT0_PKfPfiiiiii
      0 bytes stack frame, 0 bytes spill stores, 0 bytes spill loads
  ptxas info    : Used 32 registers
  ptxas info    : Compiling entry function '_ZN2sg4sm907csa_hca16indexer_k_kernelIfN3c108BFloat16EEEvPKT_PKT0_PKfPfiiiiii' for 'sm_90a'
  ptxas info    : Function properties for _ZN2sg4sm907csa_hca16indexer_k_kernelIfN3c108BFloat16EEEvPKT_PKT0_PKfPfiiiiii
      0 bytes stack frame, 0 bytes spill stores, 0 bytes spill loads
  ptxas info    : Used 32 registers
  ptxas info    : Compiling entry function '_ZN2sg4sm907csa_hca16indexer_q_kernelIffEEvPKT_PKT0_Pfiii' for 'sm_90a'
  ptxas info    : Function properties for _ZN2sg4sm907csa_hca16indexer_q_kernelIffEEvPKT_PKT0_Pfiii
      0 bytes stack frame, 0 bytes spill stores, 0 bytes spill loads
  ptxas info    : Used 29 registers
  ptxas info    : Compiling entry function '_ZN2sg4sm907csa_hca16indexer_q_kernelIfN3c108BFloat16EEEvPKT_PKT0_Pfiii' for 'sm_90a'
  ptxas info    : Function properties for _ZN2sg4sm907csa_hca16indexer_q_kernelIfN3c108BFloat16EEEvPKT_PKT0_Pfiii
      0 bytes stack frame, 0 bytes spill stores, 0 bytes spill loads
  ptxas info    : Used 28 registers
  ptxas info    : Compiling entry function '_ZN2sg4sm907csa_hca16project_q_kernelIffEEvPKT_PKT0_Pfii' for 'sm_90a'
  ptxas info    : Function properties for _ZN2sg4sm907csa_hca16project_q_kernelIffEEvPKT_PKT0_Pfii
      0 bytes stack frame, 0 bytes spill stores, 0 bytes spill loads
  ptxas info    : Used 27 registers
  ptxas info    : Compiling entry function '_ZN2sg4sm907csa_hca16project_q_kernelIfN3c108BFloat16EEEvPKT_PKT0_Pfii' for 'sm_90a'
  ptxas info    : Function properties for _ZN2sg4sm907csa_hca16project_q_kernelIfN3c108BFloat16EEEvPKT_PKT0_Pfii
      0 bytes stack frame, 0 bytes spill stores, 0 bytes spill loads
  ptxas info    : Used 28 registers
  ptxas info    : Compiling entry function '_ZN2sg4sm907csa_hca22hca_compress_kv_kernelIffEEvPKT_PKT0_PKfPfiiii' for 'sm_90a'
  ptxas info    : Function properties for _ZN2sg4sm907csa_hca22hca_compress_kv_kernelIffEEvPKT_PKT0_PKfPfiiii
      0 bytes stack frame, 0 bytes spill stores, 0 bytes spill loads
  ptxas info    : Used 32 registers
  ptxas info    : Compiling entry function '_ZN2sg4sm907csa_hca22hca_compress_kv_kernelIfN3c108BFloat16EEEvPKT_PKT0_PKfPfiiii' for 'sm_90a'
  ptxas info    : Function properties for _ZN2sg4sm907csa_hca22hca_compress_kv_kernelIfN3c108BFloat16EEEvPKT_PKT0_PKfPfiiii
      0 bytes stack frame, 0 bytes spill stores, 0 bytes spill loads
  ptxas info    : Used 32 registers
  ptxas info    : Compiling entry function '_ZN2sg4sm907csa_hca22csa_compress_kv_kernelIffEEvPKT_PKT0_PKfPfiiiii' for 'sm_90a'
  ptxas info    : Function properties for _ZN2sg4sm907csa_hca22csa_compress_kv_kernelIffEEvPKT_PKT0_PKfPfiiiii
      0 bytes stack frame, 0 bytes spill stores, 0 bytes spill loads
  ptxas info    : Used 32 registers
  ptxas info    : Compiling entry function '_ZN2sg4sm907csa_hca22csa_compress_kv_kernelIfN3c108BFloat16EEEvPKT_PKT0_PKfPfiiiii' for 'sm_90a'
  ptxas info    : Function properties for _ZN2sg4sm907csa_hca22csa_compress_kv_kernelIfN3c108BFloat16EEEvPKT_PKT0_PKfPfiiiii
      0 bytes stack frame, 0 bytes spill stores, 0 bytes spill loads
  ptxas info    : Used 32 registers
  ptxas info    : Compiling entry function '_ZN2sg4sm907csa_hca20hca_attention_kernelEPKfS3_S3_S3_S3_Pfiiiiii' for 'sm_90a'
  ptxas info    : Function properties for _ZN2sg4sm907csa_hca20hca_attention_kernelEPKfS3_S3_S3_S3_Pfiiiiii
      0 bytes stack frame, 0 bytes spill stores, 0 bytes spill loads
  ptxas info    : Used 32 registers
  ptxas info    : Compiling entry function '_ZN2sg4sm907csa_hca20attn_out_proj_kernelEPKfS3_Pfii' for 'sm_90a'
  ptxas info    : Function properties for _ZN2sg4sm907csa_hca20attn_out_proj_kernelEPKfS3_Pfii
      0 bytes stack frame, 0 bytes spill stores, 0 bytes spill loads
  ptxas info    : Used 27 registers
  ptxas info    : Compiling entry function '_ZN2sg4sm907csa_hca20csa_attention_kernelEPKfS3_S3_S3_S3_PKiS3_Pfiiiiiii' for 'sm_90a'
  ptxas info    : Function properties for _ZN2sg4sm907csa_hca20csa_attention_kernelEPKfS3_S3_S3_S3_PKiS3_Pfiiiiiii
      0 bytes stack frame, 0 bytes spill stores, 0 bytes spill loads
  ptxas info    : Used 32 registers
  ptxas info    : Compiling entry function '_ZN2sg4sm907csa_hca23csa_indexer_topk_kernelEPKfS3_Piiiii' for 'sm_90a'
  ptxas info    : Function properties for _ZN2sg4sm907csa_hca23csa_indexer_topk_kernelEPKfS3_Piiiii
      0 bytes stack frame, 0 bytes spill stores, 0 bytes spill loads
  ptxas info    : Used 32 registers
  ptxas info    : Compiling entry function '_ZN2sg4sm9025moe_scan_compacted_kernelEPKfS2_S2_S2_S2_S2_PfS3_S2_iii' for 'sm_90a'
  ptxas info    : Function properties for _ZN2sg4sm9025moe_scan_compacted_kernelEPKfS2_S2_S2_S2_S2_PfS3_S2_iii
      1024 bytes stack frame, 0 bytes spill stores, 0 bytes spill loads
  ptxas info    : Used 40 registers, 1024 bytes cumulative stack size
  ptxas info    : Compiling entry function '_ZN2sg4sm9043moe_dynamic_expert_bwd_deterministic_kernelEPKfS2_PKiS2_S2_S2_S2_S2_PfS5_S5_S5_S5_iiii' for 'sm_90a'
  ptxas info    : Function properties for _ZN2sg4sm9043moe_dynamic_expert_bwd_deterministic_kernelEPKfS2_PKiS2_S2_S2_S2_S2_PfS5_S5_S5_S5_iiii
      0 bytes stack frame, 0 bytes spill stores, 0 bytes spill loads
  ptxas info    : Used 64 registers
  ptxas info    : Compiling entry function '_ZN2sg4sm9036moe_dynamic_expert_bwd_atomic_kernelEPKfS2_PKiS2_S2_S2_S2_S2_PfS5_S5_S5_S5_iiii' for 'sm_90a'
  ptxas info    : Function properties for _ZN2sg4sm9036moe_dynamic_expert_bwd_atomic_kernelEPKfS2_PKiS2_S2_S2_S2_S2_PfS5_S5_S5_S5_iiii
      0 bytes stack frame, 0 bytes spill stores, 0 bytes spill loads
  ptxas info    : Used 40 registers
  ptxas info    : Compiling entry function '_ZN2sg4sm9029moe_dynamic_expert_fwd_kernelEPKfPKiS2_S2_S2_S2_S2_Pfiiii' for 'sm_90a'
  ptxas info    : Function properties for _ZN2sg4sm9029moe_dynamic_expert_fwd_kernelEPKfPKiS2_S2_S2_S2_S2_Pfiiii
      0 bytes stack frame, 0 bytes spill stores, 0 bytes spill loads
  ptxas info    : Used 32 registers
  ptxas info    : Compiling entry function '_ZN2sg4sm9026moe_scatter_results_kernelEPKfS2_S2_PKiPfS5_S5_i' for 'sm_90a'
  ptxas info    : Function properties for _ZN2sg4sm9026moe_scatter_results_kernelEPKfS2_S2_PKiPfS5_S5_i
      0 bytes stack frame, 0 bytes spill stores, 0 bytes spill loads
  ptxas info    : Used 40 registers
  ptxas info    : Compiling entry function '_ZN2sg4sm9031moe_filter_active_params_kernelEPKfS2_S2_S2_PKiS4_PfS5_S5_S5_PiS6_i' for 'sm_90a'
  ptxas info    : Function properties for _ZN2sg4sm9031moe_filter_active_params_kernelEPKfS2_S2_S2_PKiS4_PfS5_S5_S5_PiS6_i
      0 bytes stack frame, 0 bytes spill stores, 0 bytes spill loads
  ptxas info    : Used 32 registers
  ptxas info    : Compiling entry function '_ZN2sg4sm9034moe_apply_frequency_scaling_kernelEPKiPfiifff' for 'sm_90a'
  ptxas info    : Function properties for _ZN2sg4sm9034moe_apply_frequency_scaling_kernelEPKiPfiifff
      0 bytes stack frame, 0 bytes spill stores, 0 bytes spill loads
  ptxas info    : Used 26 registers
  ptxas info    : Compiling entry function '_ZN2sg4sm9035moe_count_expert_activations_kernelEPKfPifii' for 'sm_90a'
  ptxas info    : Function properties for _ZN2sg4sm9035moe_count_expert_activations_kernelEPKfPifii
      0 bytes stack frame, 0 bytes spill stores, 0 bytes spill loads
  ptxas info    : Used 32 registers
  ptxas info    : Compiling entry function '_ZN2sg4sm9020sg2_gru_blend_kernelEPfPKfS3_S1_fl' for 'sm_90a'
  ptxas info    : Function properties for _ZN2sg4sm9020sg2_gru_blend_kernelEPfPKfS3_S1_fl
      0 bytes stack frame, 0 bytes spill stores, 0 bytes spill loads
  ptxas info    : Used 30 registers
  ptxas info    : Compiling entry function '_ZN2sg4sm9015moe_adam_kernelIN3c108BFloat16ES3_EEvPT_PfS6_PKT0_fffffffl' for 'sm_90a'
  ptxas info    : Function properties for _ZN2sg4sm9015moe_adam_kernelIN3c108BFloat16ES3_EEvPT_PfS6_PKT0_fffffffl
      0 bytes stack frame, 0 bytes spill stores, 0 bytes spill loads
  ptxas info    : Used 26 registers
  ptxas info    : Compiling entry function '_ZN2sg4sm9015moe_adam_kernelIN3c104HalfES3_EEvPT_PfS6_PKT0_fffffffl' for 'sm_90a'
  ptxas info    : Function properties for _ZN2sg4sm9015moe_adam_kernelIN3c104HalfES3_EEvPT_PfS6_PKT0_fffffffl
      0 bytes stack frame, 0 bytes spill stores, 0 bytes spill loads
  ptxas info    : Used 26 registers
  ptxas info    : Compiling entry function '_ZN2sg4sm9015moe_adam_kernelIffEEvPT_PfS4_PKT0_fffffffl' for 'sm_90a'
  ptxas info    : Function properties for _ZN2sg4sm9015moe_adam_kernelIffEEvPT_PfS4_PKT0_fffffffl
      0 bytes stack frame, 0 bytes spill stores, 0 bytes spill loads
  ptxas info    : Used 31 registers
  ptxas info    : Compiling entry function '_ZN2sg4sm9015moe_adam_kernelIddEEvPT_PfS4_PKT0_fffffffl' for 'sm_90a'
  ptxas info    : Function properties for _ZN2sg4sm9015moe_adam_kernelIddEEvPT_PfS4_PKT0_fffffffl
      0 bytes stack frame, 0 bytes spill stores, 0 bytes spill loads
  ptxas info    : Used 32 registers
  ptxas info    : Compiling entry function '_ZN2sg4sm9016sg2_apply_kernelIN3c108BFloat16ES3_EEvPT_PfS6_S6_S6_PKT0_PKfffffffffffl' for 'sm_90a'
  ptxas info    : Function properties for _ZN2sg4sm9016sg2_apply_kernelIN3c108BFloat16ES3_EEvPT_PfS6_S6_S6_PKT0_PKfffffffffffl
      0 bytes stack frame, 0 bytes spill stores, 0 bytes spill loads
  ptxas info    : Used 32 registers
  ptxas info    : Compiling entry function '_ZN2sg4sm9016sg2_apply_kernelIN3c104HalfES3_EEvPT_PfS6_S6_S6_PKT0_PKfffffffffffl' for 'sm_90a'
  ptxas info    : Function properties for _ZN2sg4sm9016sg2_apply_kernelIN3c104HalfES3_EEvPT_PfS6_S6_S6_PKT0_PKfffffffffffl
      0 bytes stack frame, 0 bytes spill stores, 0 bytes spill loads
  ptxas info    : Used 32 registers
  ptxas info    : Compiling entry function '_ZN2sg4sm9016sg2_apply_kernelIffEEvPT_PfS4_S4_S4_PKT0_PKfffffffffffl' for 'sm_90a'
  ptxas info    : Function properties for _ZN2sg4sm9016sg2_apply_kernelIffEEvPT_PfS4_S4_S4_PKT0_PKfffffffffffl
      0 bytes stack frame, 0 bytes spill stores, 0 bytes spill loads
  ptxas info    : Used 32 registers
  ptxas info    : Compiling entry function '_ZN2sg4sm9016sg2_apply_kernelIddEEvPT_PfS4_S4_S4_PKT0_PKfffffffffffl' for 'sm_90a'
  ptxas info    : Function properties for _ZN2sg4sm9016sg2_apply_kernelIddEEvPT_PfS4_S4_S4_PKT0_PKfffffffffffl
      0 bytes stack frame, 0 bytes spill stores, 0 bytes spill loads
  ptxas info    : Used 37 registers
  ptxas info    : Compiling entry function '_ZN2sg4sm9026sg2_input_proj_sort_kernelIN3c108BFloat16EfEEvPKT_S6_PfS7_PiPKT0_SB_li' for 'sm_90a'
  ptxas info    : Function properties for _ZN2sg4sm9026sg2_input_proj_sort_kernelIN3c108BFloat16EfEEvPKT_S6_PfS7_PiPKT0_SB_li
      0 bytes stack frame, 0 bytes spill stores, 0 bytes spill loads
  ptxas info    : Used 31 registers
  ptxas info    : Compiling entry function '_ZN2sg4sm9026sg2_input_proj_sort_kernelIN3c108BFloat16ES3_EEvPKT_S6_PfS7_PiPKT0_SB_li' for 'sm_90a'
  ptxas info    : Function properties for _ZN2sg4sm9026sg2_input_proj_sort_kernelIN3c108BFloat16ES3_EEvPKT_S6_PfS7_PiPKT0_SB_li
      0 bytes stack frame, 0 bytes spill stores, 0 bytes spill loads
  ptxas info    : Used 32 registers
  ptxas info    : Compiling entry function '_ZN2sg4sm9026sg2_input_proj_sort_kernelIN3c104HalfEfEEvPKT_S6_PfS7_PiPKT0_SB_li' for 'sm_90a'
  ptxas info    : Function properties for _ZN2sg4sm9026sg2_input_proj_sort_kernelIN3c104HalfEfEEvPKT_S6_PfS7_PiPKT0_SB_li
      0 bytes stack frame, 0 bytes spill stores, 0 bytes spill loads
  ptxas info    : Used 31 registers
  ptxas info    : Compiling entry function '_ZN2sg4sm9026sg2_input_proj_sort_kernelIN3c104HalfENS2_8BFloat16EEEvPKT_S7_PfS8_PiPKT0_SC_li' for 'sm_90a'
  ptxas info    : Function properties for _ZN2sg4sm9026sg2_input_proj_sort_kernelIN3c104HalfENS2_8BFloat16EEEvPKT_S7_PfS8_PiPKT0_SC_li
      0 bytes stack frame, 0 bytes spill stores, 0 bytes spill loads
  ptxas info    : Used 32 registers
  ptxas info    : Compiling entry function '_ZN2sg4sm9026sg2_input_proj_sort_kernelIffEEvPKT_S4_PfS5_PiPKT0_S9_li' for 'sm_90a'
  ptxas info    : Function properties for _ZN2sg4sm9026sg2_input_proj_sort_kernelIffEEvPKT_S4_PfS5_PiPKT0_S9_li
      0 bytes stack frame, 0 bytes spill stores, 0 bytes spill loads
  ptxas info    : Used 31 registers
  ptxas info    : Compiling entry function '_ZN2sg4sm9026sg2_input_proj_sort_kernelIfN3c108BFloat16EEEvPKT_S6_PfS7_PiPKT0_SB_li' for 'sm_90a'
  ptxas info    : Function properties for _ZN2sg4sm9026sg2_input_proj_sort_kernelIfN3c108BFloat16EEEvPKT_S6_PfS7_PiPKT0_SB_li
      0 bytes stack frame, 0 bytes spill stores, 0 bytes spill loads
  ptxas info    : Used 32 registers
  ptxas info    : Compiling entry function '_ZN2sg4sm9026sg2_input_proj_sort_kernelIdfEEvPKT_S4_PfS5_PiPKT0_S9_li' for 'sm_90a'
  ptxas info    : Function properties for _ZN2sg4sm9026sg2_input_proj_sort_kernelIdfEEvPKT_S4_PfS5_PiPKT0_S9_li
      0 bytes stack frame, 0 bytes spill stores, 0 bytes spill loads
  ptxas info    : Used 31 registers
  ptxas info    : Compiling entry function '_ZN2sg4sm9026sg2_input_proj_sort_kernelIdN3c108BFloat16EEEvPKT_S6_PfS7_PiPKT0_SB_li' for 'sm_90a'
  ptxas info    : Function properties for _ZN2sg4sm9026sg2_input_proj_sort_kernelIdN3c108BFloat16EEEvPKT_S6_PfS7_PiPKT0_SB_li
      0 bytes stack frame, 0 bytes spill stores, 0 bytes spill loads
  ptxas info    : Used 32 registers
  ptxas info    : Compiling entry function '_ZN3cub17CUB_200302_900_NS11EmptyKernelIvEEvv' for 'sm_90a'
  ptxas info    : Function properties for _ZN3cub17CUB_200302_900_NS11EmptyKernelIvEEvv
      0 bytes stack frame, 0 bytes spill stores, 0 bytes spill loads
  ptxas info    : Used 4 registers
  [53/56] /usr/local/sccache-shim/nvcc --generate-dependencies-with-compile --dependency-output /dev/shm/tmp/tmp9icn1kre.build-temp/csrc/backends/cuda/sm_90/models/vit.o.d -DWITH_CUDA -DWITH_CUTLASS -I/workspace/SuperGrok1.5/. -I/workspace/SuperGrok1.5/csrc/bindings -I/workspace/SuperGrok1.5/csrc -I/workspace/SuperGrok1.5/third_party/cutlass/include -I/workspace/SuperGrok1.5/third_party/cutlass/tools/util/include -I/usr/local/lib/python3.11/dist-packages/torch/include -I/usr/local/lib/python3.11/dist-packages/torch/include/torch/csrc/api/include -I/usr/local/lib/python3.11/dist-packages/torch/include/TH -I/usr/local/lib/python3.11/dist-packages/torch/include/THC -I/usr/local/cuda/include -I/usr/include/python3.11 -c -c /workspace/SuperGrok1.5/csrc/backends/cuda/sm_90/models/vit.cu -o /dev/shm/tmp/tmp9icn1kre.build-temp/csrc/backends/cuda/sm_90/models/vit.o -D__CUDA_NO_HALF_OPERATORS__ -D__CUDA_NO_HALF_CONVERSIONS__ -D__CUDA_NO_BFLOAT16_CONVERSIONS__ -D__CUDA_NO_HALF2_OPERATORS__ --expt-relaxed-constexpr --compiler-options ''"'"'-fPIC'"'"'' -O3 -std=c++17 -DWITH_CUDA --expt-relaxed-constexpr -Xfatbin -compress-all -Xptxas --opt-level=3 -Xptxas -v -Xptxas --warn-on-spills --extra-device-vectorization -Xcompiler -fPIC -Xcompiler -fno-strict-aliasing -Xnvlink --suppress-stack-size-warning --resource-usage --default-stream per-thread --use_fast_math -DNDEBUG -lineinfo -gencode=arch=compute_90a,code=sm_90a -gencode=arch=compute_90,code=compute_90 -DWITH_CUTLASS -DCUTLASS_NVCC_ARCHS=90a -DTORCH_API_INCLUDE_EXTENSION_H '-DPYBIND11_COMPILER_TYPE="_gcc"' '-DPYBIND11_STDLIB="_libstdcpp"' '-DPYBIND11_BUILD_ABI="_cxxabi1011"' -DTORCH_EXTENSION_NAME=_ops -D_GLIBCXX_USE_CXX11_ABI=0
  ptxas warning : Registers are spilled to local memory in function '_ZN7cutlass13device_kernelINS_4gemm6kernel13GemmUniversalIN4cute5tupleIJiiiiEEENS1_10collective13CollectiveMmaINS1_39MainloopSm90TmaGmmaRmemAWarpSpecializedILi3ENS5_IJNS4_1CILi1EEESB_SB_EEENS1_35KernelTmaWarpSpecializedCooperativeEEENS5_IJNSA_ILi128EEESF_NSA_ILi64EEEEEENS_10tfloat32_tENS5_IJlSB_lEEESI_NS5_IJSB_llEEENS4_8TiledMMAINS4_8MMA_AtomIJNS4_4SM904GMMA30MMA_64x128x8_F32TF32TF32_RS_TNILNSO_7ScaleInE1ELSQ_1EEEEEENS4_6LayoutINS5_IJNSA_ILi2EEESB_SB_EEENS5_IJSB_NSA_ILi0EEESW_EEEEENS5_IJNS4_10UnderscoreESZ_SZ_EEEEENS4_13SM90_TMA_LOADENS4_14ComposedLayoutINS4_7SwizzleILi3ELi4ELi3EEENS4_18smem_ptr_flag_bitsILi32EEENST_INS5_IJNSA_ILi8EEENSA_ILi32EEEEEENS5_IJS19_SB_EEEEEEEvNS4_8identityES12_NS13_INS14_ILi1ELi4ELi3EEES17_NST_INS5_IJS18_S18_EEENS5_IJSB_S18_EEEEEEENS4_9Copy_AtomIJNS4_39AutoVectorizingCopyWithAssumedAlignmentILi128EEESI_EEES1E_EENS_8epilogue10collective6detail29Sm90TmaWarpSpecializedAdapterINS1Q_15DefaultEpilogueISJ_SJ_NS1P_6thread17LinearCombinationIfLi1EffLNS1U_9ScaleType4KindE0ELNS_15FloatRoundStyleE2EfEENS1_15EpilogueDefaultEEEEEvvEEEEvNT_6ParamsE', 8 bytes spill stores, 8 bytes spill loads
  ptxas info    : 25 bytes gmem
  ptxas info    : Compiling entry function '_ZN7cutlass13device_kernelINS_4gemm6kernel13GemmUniversalIN4cute5tupleIJiiiiEEENS1_10collective13CollectiveMmaINS1_34MainloopSm90TmaGmmaWarpSpecializedILi7ENS5_IJNS4_1CILi1EEESB_SB_EEENS1_35KernelTmaWarpSpecializedCooperativeEEENS5_IJNSA_ILi128EEESF_NSA_ILi64EEEEEENS_6half_tENS5_IJSB_llEEESI_SJ_NS4_8TiledMMAINS4_8MMA_AtomIJNS4_4SM904GMMA26MMA_64x128x16_F32F16F16_SSILNSN_5MajorE1ELSP_1ELNSN_7ScaleInE1ELSQ_1EEEEEENS4_6LayoutINS5_IJNSA_ILi2EEESB_SB_EEENS5_IJSB_NSA_ILi0EEESW_EEEEENS5_IJNS4_10UnderscoreESZ_SZ_EEEEENS4_13SM90_TMA_LOADENS4_14ComposedLayoutINS4_7SwizzleILi3ELi4ELi3EEENS4_18smem_ptr_flag_bitsILi16EEENST_INS5_IJSG_NSA_ILi8EEEEEENS5_IJSB_SG_EEEEEEEvNS4_8identityES12_S1C_vS1D_EENS_8epilogue10collective6detail29Sm90TmaWarpSpecializedAdapterINS1G_15DefaultEpilogueINS5_IJlSB_lEEES1K_NS1F_6thread17LinearCombinationIfLi1EffLNS1L_9ScaleType4KindE0ELNS_15FloatRoundStyleE2EfEENS1_15EpilogueDefaultEEEEEvvEEEEvNT_6ParamsE' for 'sm_90a'
  ptxas info    : Function properties for _ZN7cutlass13device_kernelINS_4gemm6kernel13GemmUniversalIN4cute5tupleIJiiiiEEENS1_10collective13CollectiveMmaINS1_34MainloopSm90TmaGmmaWarpSpecializedILi7ENS5_IJNS4_1CILi1EEESB_SB_EEENS1_35KernelTmaWarpSpecializedCooperativeEEENS5_IJNSA_ILi128EEESF_NSA_ILi64EEEEEENS_6half_tENS5_IJSB_llEEESI_SJ_NS4_8TiledMMAINS4_8MMA_AtomIJNS4_4SM904GMMA26MMA_64x128x16_F32F16F16_SSILNSN_5MajorE1ELSP_1ELNSN_7ScaleInE1ELSQ_1EEEEEENS4_6LayoutINS5_IJNSA_ILi2EEESB_SB_EEENS5_IJSB_NSA_ILi0EEESW_EEEEENS5_IJNS4_10UnderscoreESZ_SZ_EEEEENS4_13SM90_TMA_LOADENS4_14ComposedLayoutINS4_7SwizzleILi3ELi4ELi3EEENS4_18smem_ptr_flag_bitsILi16EEENST_INS5_IJSG_NSA_ILi8EEEEEENS5_IJSB_SG_EEEEEEEvNS4_8identityES12_S1C_vS1D_EENS_8epilogue10collective6detail29Sm90TmaWarpSpecializedAdapterINS1G_15DefaultEpilogueINS5_IJlSB_lEEES1K_NS1F_6thread17LinearCombinationIfLi1EffLNS1L_9ScaleType4KindE0ELNS_15FloatRoundStyleE2EfEENS1_15EpilogueDefaultEEEEEvvEEEEvNT_6ParamsE
      0 bytes stack frame, 0 bytes spill stores, 0 bytes spill loads
  ptxas info    : Used 168 registers
  ptxas info    : Compiling entry function '_ZN7cutlass13device_kernelINS_4gemm6kernel13GemmUniversalIN4cute5tupleIJiiiiEEENS1_10collective13CollectiveMmaINS1_34MainloopSm90TmaGmmaWarpSpecializedILi7ENS5_IJNS4_1CILi1EEESB_SB_EEENS1_35KernelTmaWarpSpecializedCooperativeEEENS5_IJNSA_ILi128EEESF_NSA_ILi64EEEEEENS_6half_tENS5_IJlSB_lEEESI_SJ_NS4_8TiledMMAINS4_8MMA_AtomIJNS4_4SM904GMMA26MMA_64x128x16_F32F16F16_SSILNSN_5MajorE0ELSP_0ELNSN_7ScaleInE1ELSQ_1EEEEEENS4_6LayoutINS5_IJNSA_ILi2EEESB_SB_EEENS5_IJSB_NSA_ILi0EEESW_EEEEENS5_IJNS4_10UnderscoreESZ_SZ_EEEEENS4_13SM90_TMA_LOADENS4_14ComposedLayoutINS4_7SwizzleILi3ELi4ELi3EEENS4_18smem_ptr_flag_bitsILi16EEENST_INS5_IJNSA_ILi8EEESG_EEENS5_IJSG_SB_EEEEEEEvNS4_8identityES12_S1C_vS1D_EENS_8epilogue10collective6detail29Sm90TmaWarpSpecializedAdapterINS1G_15DefaultEpilogueISJ_SJ_NS1F_6thread17LinearCombinationIfLi1EffLNS1K_9ScaleType4KindE0ELNS_15FloatRoundStyleE2EfEENS1_15EpilogueDefaultEEEEEvvEEEEvNT_6ParamsE' for 'sm_90a'
  ptxas info    : Function properties for _ZN7cutlass13device_kernelINS_4gemm6kernel13GemmUniversalIN4cute5tupleIJiiiiEEENS1_10collective13CollectiveMmaINS1_34MainloopSm90TmaGmmaWarpSpecializedILi7ENS5_IJNS4_1CILi1EEESB_SB_EEENS1_35KernelTmaWarpSpecializedCooperativeEEENS5_IJNSA_ILi128EEESF_NSA_ILi64EEEEEENS_6half_tENS5_IJlSB_lEEESI_SJ_NS4_8TiledMMAINS4_8MMA_AtomIJNS4_4SM904GMMA26MMA_64x128x16_F32F16F16_SSILNSN_5MajorE0ELSP_0ELNSN_7ScaleInE1ELSQ_1EEEEEENS4_6LayoutINS5_IJNSA_ILi2EEESB_SB_EEENS5_IJSB_NSA_ILi0EEESW_EEEEENS5_IJNS4_10UnderscoreESZ_SZ_EEEEENS4_13SM90_TMA_LOADENS4_14ComposedLayoutINS4_7SwizzleILi3ELi4ELi3EEENS4_18smem_ptr_flag_bitsILi16EEENST_INS5_IJNSA_ILi8EEESG_EEENS5_IJSG_SB_EEEEEEEvNS4_8identityES12_S1C_vS1D_EENS_8epilogue10collective6detail29Sm90TmaWarpSpecializedAdapterINS1G_15DefaultEpilogueISJ_SJ_NS1F_6thread17LinearCombinationIfLi1EffLNS1K_9ScaleType4KindE0ELNS_15FloatRoundStyleE2EfEENS1_15EpilogueDefaultEEEEEvvEEEEvNT_6ParamsE
      0 bytes stack frame, 0 bytes spill stores, 0 bytes spill loads
  ptxas info    : Used 168 registers
  ptxas info    : Compiling entry function '_ZN7cutlass13device_kernelINS_4gemm6kernel13GemmUniversalIN4cute5tupleIJiiiiEEENS1_10collective13CollectiveMmaINS1_34MainloopSm90TmaGmmaWarpSpecializedILi7ENS5_IJNS4_1CILi1EEESB_SB_EEENS1_35KernelTmaWarpSpecializedCooperativeEEENS5_IJNSA_ILi128EEESF_NSA_ILi64EEEEEENS_10bfloat16_tENS5_IJSB_llEEESI_SJ_NS4_8TiledMMAINS4_8MMA_AtomIJNS4_4SM904GMMA28MMA_64x128x16_F32BF16BF16_SSILNSN_5MajorE1ELSP_1ELNSN_7ScaleInE1ELSQ_1EEEEEENS4_6LayoutINS5_IJNSA_ILi2EEESB_SB_EEENS5_IJSB_NSA_ILi0EEESW_EEEEENS5_IJNS4_10UnderscoreESZ_SZ_EEEEENS4_13SM90_TMA_LOADENS4_14ComposedLayoutINS4_7SwizzleILi3ELi4ELi3EEENS4_18smem_ptr_flag_bitsILi16EEENST_INS5_IJSG_NSA_ILi8EEEEEENS5_IJSB_SG_EEEEEEEvNS4_8identityES12_S1C_vS1D_EENS_8epilogue10collective6detail29Sm90TmaWarpSpecializedAdapterINS1G_15DefaultEpilogueINS5_IJlSB_lEEES1K_NS1F_6thread17LinearCombinationIfLi1EffLNS1L_9ScaleType4KindE0ELNS_15FloatRoundStyleE2EfEENS1_15EpilogueDefaultEEEEEvvEEEEvNT_6ParamsE' for 'sm_90a'
  ptxas info    : Function properties for _ZN7cutlass13device_kernelINS_4gemm6kernel13GemmUniversalIN4cute5tupleIJiiiiEEENS1_10collective13CollectiveMmaINS1_34MainloopSm90TmaGmmaWarpSpecializedILi7ENS5_IJNS4_1CILi1EEESB_SB_EEENS1_35KernelTmaWarpSpecializedCooperativeEEENS5_IJNSA_ILi128EEESF_NSA_ILi64EEEEEENS_10bfloat16_tENS5_IJSB_llEEESI_SJ_NS4_8TiledMMAINS4_8MMA_AtomIJNS4_4SM904GMMA28MMA_64x128x16_F32BF16BF16_SSILNSN_5MajorE1ELSP_1ELNSN_7ScaleInE1ELSQ_1EEEEEENS4_6LayoutINS5_IJNSA_ILi2EEESB_SB_EEENS5_IJSB_NSA_ILi0EEESW_EEEEENS5_IJNS4_10UnderscoreESZ_SZ_EEEEENS4_13SM90_TMA_LOADENS4_14ComposedLayoutINS4_7SwizzleILi3ELi4ELi3EEENS4_18smem_ptr_flag_bitsILi16EEENST_INS5_IJSG_NSA_ILi8EEEEEENS5_IJSB_SG_EEEEEEEvNS4_8identityES12_S1C_vS1D_EENS_8epilogue10collective6detail29Sm90TmaWarpSpecializedAdapterINS1G_15DefaultEpilogueINS5_IJlSB_lEEES1K_NS1F_6thread17LinearCombinationIfLi1EffLNS1L_9ScaleType4KindE0ELNS_15FloatRoundStyleE2EfEENS1_15EpilogueDefaultEEEEEvvEEEEvNT_6ParamsE
      0 bytes stack frame, 0 bytes spill stores, 0 bytes spill loads
  ptxas info    : Used 168 registers
  ptxas info    : Compiling entry function '_ZN7cutlass13device_kernelINS_4gemm6kernel13GemmUniversalIN4cute5tupleIJiiiiEEENS1_10collective13CollectiveMmaINS1_34MainloopSm90TmaGmmaWarpSpecializedILi7ENS5_IJNS4_1CILi1EEESB_SB_EEENS1_35KernelTmaWarpSpecializedCooperativeEEENS5_IJNSA_ILi128EEESF_NSA_ILi64EEEEEENS_10bfloat16_tENS5_IJlSB_lEEESI_SJ_NS4_8TiledMMAINS4_8MMA_AtomIJNS4_4SM904GMMA28MMA_64x128x16_F32BF16BF16_SSILNSN_5MajorE0ELSP_0ELNSN_7ScaleInE1ELSQ_1EEEEEENS4_6LayoutINS5_IJNSA_ILi2EEESB_SB_EEENS5_IJSB_NSA_ILi0EEESW_EEEEENS5_IJNS4_10UnderscoreESZ_SZ_EEEEENS4_13SM90_TMA_LOADENS4_14ComposedLayoutINS4_7SwizzleILi3ELi4ELi3EEENS4_18smem_ptr_flag_bitsILi16EEENST_INS5_IJNSA_ILi8EEESG_EEENS5_IJSG_SB_EEEEEEEvNS4_8identityES12_S1C_vS1D_EENS_8epilogue10collective6detail29Sm90TmaWarpSpecializedAdapterINS1G_15DefaultEpilogueISJ_SJ_NS1F_6thread17LinearCombinationIfLi1EffLNS1K_9ScaleType4KindE0ELNS_15FloatRoundStyleE2EfEENS1_15EpilogueDefaultEEEEEvvEEEEvNT_6ParamsE' for 'sm_90a'
  ptxas info    : Function properties for _ZN7cutlass13device_kernelINS_4gemm6kernel13GemmUniversalIN4cute5tupleIJiiiiEEENS1_10collective13CollectiveMmaINS1_34MainloopSm90TmaGmmaWarpSpecializedILi7ENS5_IJNS4_1CILi1EEESB_SB_EEENS1_35KernelTmaWarpSpecializedCooperativeEEENS5_IJNSA_ILi128EEESF_NSA_ILi64EEEEEENS_10bfloat16_tENS5_IJlSB_lEEESI_SJ_NS4_8TiledMMAINS4_8MMA_AtomIJNS4_4SM904GMMA28MMA_64x128x16_F32BF16BF16_SSILNSN_5MajorE0ELSP_0ELNSN_7ScaleInE1ELSQ_1EEEEEENS4_6LayoutINS5_IJNSA_ILi2EEESB_SB_EEENS5_IJSB_NSA_ILi0EEESW_EEEEENS5_IJNS4_10UnderscoreESZ_SZ_EEEEENS4_13SM90_TMA_LOADENS4_14ComposedLayoutINS4_7SwizzleILi3ELi4ELi3EEENS4_18smem_ptr_flag_bitsILi16EEENST_INS5_IJNSA_ILi8EEESG_EEENS5_IJSG_SB_EEEEEEEvNS4_8identityES12_S1C_vS1D_EENS_8epilogue10collective6detail29Sm90TmaWarpSpecializedAdapterINS1G_15DefaultEpilogueISJ_SJ_NS1F_6thread17LinearCombinationIfLi1EffLNS1K_9ScaleType4KindE0ELNS_15FloatRoundStyleE2EfEENS1_15EpilogueDefaultEEEEEvvEEEEvNT_6ParamsE
      0 bytes stack frame, 0 bytes spill stores, 0 bytes spill loads
  ptxas info    : Used 168 registers
  ptxas info    : Compiling entry function '_ZN7cutlass13device_kernelINS_4gemm6kernel13GemmUniversalIN4cute5tupleIJiiiiEEENS1_10collective13CollectiveMmaINS1_34MainloopSm90TmaGmmaWarpSpecializedILi3ENS5_IJNS4_1CILi1EEESB_SB_EEENS1_35KernelTmaWarpSpecializedCooperativeEEENS5_IJNSA_ILi128EEESF_NSA_ILi64EEEEEENS_10tfloat32_tENS5_IJlSB_lEEESI_SJ_NS4_8TiledMMAINS4_8MMA_AtomIJNS4_4SM904GMMA30MMA_64x128x8_F32TF32TF32_SS_TNILNSN_7ScaleInE1ELSP_1EEEEEENS4_6LayoutINS5_IJNSA_ILi2EEESB_SB_EEENS5_IJSB_NSA_ILi0EEESV_EEEEENS5_IJNS4_10UnderscoreESY_SY_EEEEENS4_13SM90_TMA_LOADENS4_14ComposedLayoutINS4_7SwizzleILi3ELi4ELi3EEENS4_18smem_ptr_flag_bitsILi32EEENSS_INS5_IJNSA_ILi8EEENSA_ILi32EEEEEENS5_IJS18_SB_EEEEEEEvNS4_8identityES11_S1C_vS1D_EENS_8epilogue10collective6detail29Sm90TmaWarpSpecializedAdapterINS1G_15DefaultEpilogueISJ_SJ_NS1F_6thread17LinearCombinationIfLi1EffLNS1K_9ScaleType4KindE0ELNS_15FloatRoundStyleE2EfEENS1_15EpilogueDefaultEEEEEvvEEEEvNT_6ParamsE' for 'sm_90a'
  ptxas info    : Function properties for _ZN7cutlass13device_kernelINS_4gemm6kernel13GemmUniversalIN4cute5tupleIJiiiiEEENS1_10collective13CollectiveMmaINS1_34MainloopSm90TmaGmmaWarpSpecializedILi3ENS5_IJNS4_1CILi1EEESB_SB_EEENS1_35KernelTmaWarpSpecializedCooperativeEEENS5_IJNSA_ILi128EEESF_NSA_ILi64EEEEEENS_10tfloat32_tENS5_IJlSB_lEEESI_SJ_NS4_8TiledMMAINS4_8MMA_AtomIJNS4_4SM904GMMA30MMA_64x128x8_F32TF32TF32_SS_TNILNSN_7ScaleInE1ELSP_1EEEEEENS4_6LayoutINS5_IJNSA_ILi2EEESB_SB_EEENS5_IJSB_NSA_ILi0EEESV_EEEEENS5_IJNS4_10UnderscoreESY_SY_EEEEENS4_13SM90_TMA_LOADENS4_14ComposedLayoutINS4_7SwizzleILi3ELi4ELi3EEENS4_18smem_ptr_flag_bitsILi32EEENSS_INS5_IJNSA_ILi8EEENSA_ILi32EEEEEENS5_IJS18_SB_EEEEEEEvNS4_8identityES11_S1C_vS1D_EENS_8epilogue10collective6detail29Sm90TmaWarpSpecializedAdapterINS1G_15DefaultEpilogueISJ_SJ_NS1F_6thread17LinearCombinationIfLi1EffLNS1K_9ScaleType4KindE0ELNS_15FloatRoundStyleE2EfEENS1_15EpilogueDefaultEEEEEvvEEEEvNT_6ParamsE
      0 bytes stack frame, 0 bytes spill stores, 0 bytes spill loads
  ptxas info    : Used 168 registers
  ptxas info    : Compiling entry function '_ZN7cutlass13device_kernelINS_4gemm6kernel13GemmUniversalIN4cute5tupleIJiiiiEEENS1_10collective13CollectiveMmaINS1_39MainloopSm90TmaGmmaRmemAWarpSpecializedILi3ENS5_IJNS4_1CILi1EEESB_SB_EEENS1_35KernelTmaWarpSpecializedCooperativeEEENS5_IJNSA_ILi128EEESF_NSA_ILi64EEEEEENS_10tfloat32_tENS5_IJlSB_lEEESI_NS5_IJSB_llEEENS4_8TiledMMAINS4_8MMA_AtomIJNS4_4SM904GMMA30MMA_64x128x8_F32TF32TF32_RS_TNILNSO_7ScaleInE1ELSQ_1EEEEEENS4_6LayoutINS5_IJNSA_ILi2EEESB_SB_EEENS5_IJSB_NSA_ILi0EEESW_EEEEENS5_IJNS4_10UnderscoreESZ_SZ_EEEEENS4_13SM90_TMA_LOADENS4_14ComposedLayoutINS4_7SwizzleILi3ELi4ELi3EEENS4_18smem_ptr_flag_bitsILi32EEENST_INS5_IJNSA_ILi8EEENSA_ILi32EEEEEENS5_IJS19_SB_EEEEEEEvNS4_8identityES12_NS13_INS14_ILi1ELi4ELi3EEES17_NST_INS5_IJS18_S18_EEENS5_IJSB_S18_EEEEEEENS4_9Copy_AtomIJNS4_39AutoVectorizingCopyWithAssumedAlignmentILi128EEESI_EEES1E_EENS_8epilogue10collective6detail29Sm90TmaWarpSpecializedAdapterINS1Q_15DefaultEpilogueISJ_SJ_NS1P_6thread17LinearCombinationIfLi1EffLNS1U_9ScaleType4KindE0ELNS_15FloatRoundStyleE2EfEENS1_15EpilogueDefaultEEEEEvvEEEEvNT_6ParamsE' for 'sm_90a'
  ptxas info    : Function properties for _ZN7cutlass13device_kernelINS_4gemm6kernel13GemmUniversalIN4cute5tupleIJiiiiEEENS1_10collective13CollectiveMmaINS1_39MainloopSm90TmaGmmaRmemAWarpSpecializedILi3ENS5_IJNS4_1CILi1EEESB_SB_EEENS1_35KernelTmaWarpSpecializedCooperativeEEENS5_IJNSA_ILi128EEESF_NSA_ILi64EEEEEENS_10tfloat32_tENS5_IJlSB_lEEESI_NS5_IJSB_llEEENS4_8TiledMMAINS4_8MMA_AtomIJNS4_4SM904GMMA30MMA_64x128x8_F32TF32TF32_RS_TNILNSO_7ScaleInE1ELSQ_1EEEEEENS4_6LayoutINS5_IJNSA_ILi2EEESB_SB_EEENS5_IJSB_NSA_ILi0EEESW_EEEEENS5_IJNS4_10UnderscoreESZ_SZ_EEEEENS4_13SM90_TMA_LOADENS4_14ComposedLayoutINS4_7SwizzleILi3ELi4ELi3EEENS4_18smem_ptr_flag_bitsILi32EEENST_INS5_IJNSA_ILi8EEENSA_ILi32EEEEEENS5_IJS19_SB_EEEEEEEvNS4_8identityES12_NS13_INS14_ILi1ELi4ELi3EEES17_NST_INS5_IJS18_S18_EEENS5_IJSB_S18_EEEEEEENS4_9Copy_AtomIJNS4_39AutoVectorizingCopyWithAssumedAlignmentILi128EEESI_EEES1E_EENS_8epilogue10collective6detail29Sm90TmaWarpSpecializedAdapterINS1Q_15DefaultEpilogueISJ_SJ_NS1P_6thread17LinearCombinationIfLi1EffLNS1U_9ScaleType4KindE0ELNS_15FloatRoundStyleE2EfEENS1_15EpilogueDefaultEEEEEvvEEEEvNT_6ParamsE
      8 bytes stack frame, 8 bytes spill stores, 8 bytes spill loads
  ptxas info    : Used 168 registers, 8 bytes cumulative stack size
  ptxas info    : Compiling entry function '_ZN7cutlass13device_kernelINS_4gemm6kernel13GemmUniversalIN4cute5tupleIJiiiiEEENS1_10collective13CollectiveMmaINS1_34MainloopSm90TmaGmmaWarpSpecializedILi7ENS5_IJNS4_1CILi1EEESB_SB_EEENS1_35KernelTmaWarpSpecializedCooperativeEEENS5_IJNSA_ILi128EEESF_NSA_ILi64EEEEEENS_10bfloat16_tENS5_IJlSB_lEEESI_NS5_IJSB_llEEENS4_8TiledMMAINS4_8MMA_AtomIJNS4_4SM904GMMA28MMA_64x128x16_F32BF16BF16_SSILNSO_5MajorE0ELSQ_1ELNSO_7ScaleInE1ELSR_1EEEEEENS4_6LayoutINS5_IJNSA_ILi2EEESB_SB_EEENS5_IJSB_NSA_ILi0EEESX_EEEEENS5_IJNS4_10UnderscoreES10_S10_EEEEENS4_13SM90_TMA_LOADENS4_14ComposedLayoutINS4_7SwizzleILi3ELi4ELi3EEENS4_18smem_ptr_flag_bitsILi16EEENSU_INS5_IJNSA_ILi8EEESG_EEENS5_IJSG_SB_EEEEEEEvNS4_8identityES13_NS14_IS16_S18_NSU_INS5_IJSG_S19_EEENS5_IJSB_SG_EEEEEEEvS1E_EENS_8epilogue10collective6detail29Sm90TmaWarpSpecializedAdapterINS1L_15DefaultEpilogueISJ_SJ_NS1K_6thread17LinearCombinationIfLi1EffLNS1P_9ScaleType4KindE0ELNS_15FloatRoundStyleE2EfEENS1_15EpilogueDefaultEEEEEvvEEEEvNT_6ParamsE' for 'sm_90a'
  ptxas info    : Function properties for _ZN7cutlass13device_kernelINS_4gemm6kernel13GemmUniversalIN4cute5tupleIJiiiiEEENS1_10collective13CollectiveMmaINS1_34MainloopSm90TmaGmmaWarpSpecializedILi7ENS5_IJNS4_1CILi1EEESB_SB_EEENS1_35KernelTmaWarpSpecializedCooperativeEEENS5_IJNSA_ILi128EEESF_NSA_ILi64EEEEEENS_10bfloat16_tENS5_IJlSB_lEEESI_NS5_IJSB_llEEENS4_8TiledMMAINS4_8MMA_AtomIJNS4_4SM904GMMA28MMA_64x128x16_F32BF16BF16_SSILNSO_5MajorE0ELSQ_1ELNSO_7ScaleInE1ELSR_1EEEEEENS4_6LayoutINS5_IJNSA_ILi2EEESB_SB_EEENS5_IJSB_NSA_ILi0EEESX_EEEEENS5_IJNS4_10UnderscoreES10_S10_EEEEENS4_13SM90_TMA_LOADENS4_14ComposedLayoutINS4_7SwizzleILi3ELi4ELi3EEENS4_18smem_ptr_flag_bitsILi16EEENSU_INS5_IJNSA_ILi8EEESG_EEENS5_IJSG_SB_EEEEEEEvNS4_8identityES13_NS14_IS16_S18_NSU_INS5_IJSG_S19_EEENS5_IJSB_SG_EEEEEEEvS1E_EENS_8epilogue10collective6detail29Sm90TmaWarpSpecializedAdapterINS1L_15DefaultEpilogueISJ_SJ_NS1K_6thread17LinearCombinationIfLi1EffLNS1P_9ScaleType4KindE0ELNS_15FloatRoundStyleE2EfEENS1_15EpilogueDefaultEEEEEvvEEEEvNT_6ParamsE
      0 bytes stack frame, 0 bytes spill stores, 0 bytes spill loads
  ptxas info    : Used 168 registers
  ptxas info    : Compiling entry function '_ZN7cutlass13device_kernelINS_4gemm6kernel13GemmUniversalIN4cute5tupleIJiiiiEEENS1_10collective13CollectiveMmaINS1_34MainloopSm90TmaGmmaWarpSpecializedILi7ENS5_IJNS4_1CILi1EEESB_SB_EEENS1_35KernelTmaWarpSpecializedCooperativeEEENS5_IJNSA_ILi128EEESF_NSA_ILi64EEEEEENS_6half_tENS5_IJlSB_lEEESI_NS5_IJSB_llEEENS4_8TiledMMAINS4_8MMA_AtomIJNS4_4SM904GMMA26MMA_64x128x16_F32F16F16_SSILNSO_5MajorE0ELSQ_1ELNSO_7ScaleInE1ELSR_1EEEEEENS4_6LayoutINS5_IJNSA_ILi2EEESB_SB_EEENS5_IJSB_NSA_ILi0EEESX_EEEEENS5_IJNS4_10UnderscoreES10_S10_EEEEENS4_13SM90_TMA_LOADENS4_14ComposedLayoutINS4_7SwizzleILi3ELi4ELi3EEENS4_18smem_ptr_flag_bitsILi16EEENSU_INS5_IJNSA_ILi8EEESG_EEENS5_IJSG_SB_EEEEEEEvNS4_8identityES13_NS14_IS16_S18_NSU_INS5_IJSG_S19_EEENS5_IJSB_SG_EEEEEEEvS1E_EENS_8epilogue10collective6detail29Sm90TmaWarpSpecializedAdapterINS1L_15DefaultEpilogueISJ_SJ_NS1K_6thread17LinearCombinationIfLi1EffLNS1P_9ScaleType4KindE0ELNS_15FloatRoundStyleE2EfEENS1_15EpilogueDefaultEEEEEvvEEEEvNT_6ParamsE' for 'sm_90a'
  ptxas info    : Function properties for _ZN7cutlass13device_kernelINS_4gemm6kernel13GemmUniversalIN4cute5tupleIJiiiiEEENS1_10collective13CollectiveMmaINS1_34MainloopSm90TmaGmmaWarpSpecializedILi7ENS5_IJNS4_1CILi1EEESB_SB_EEENS1_35KernelTmaWarpSpecializedCooperativeEEENS5_IJNSA_ILi128EEESF_NSA_ILi64EEEEEENS_6half_tENS5_IJlSB_lEEESI_NS5_IJSB_llEEENS4_8TiledMMAINS4_8MMA_AtomIJNS4_4SM904GMMA26MMA_64x128x16_F32F16F16_SSILNSO_5MajorE0ELSQ_1ELNSO_7ScaleInE1ELSR_1EEEEEENS4_6LayoutINS5_IJNSA_ILi2EEESB_SB_EEENS5_IJSB_NSA_ILi0EEESX_EEEEENS5_IJNS4_10UnderscoreES10_S10_EEEEENS4_13SM90_TMA_LOADENS4_14ComposedLayoutINS4_7SwizzleILi3ELi4ELi3EEENS4_18smem_ptr_flag_bitsILi16EEENSU_INS5_IJNSA_ILi8EEESG_EEENS5_IJSG_SB_EEEEEEEvNS4_8identityES13_NS14_IS16_S18_NSU_INS5_IJSG_S19_EEENS5_IJSB_SG_EEEEEEEvS1E_EENS_8epilogue10collective6detail29Sm90TmaWarpSpecializedAdapterINS1L_15DefaultEpilogueISJ_SJ_NS1K_6thread17LinearCombinationIfLi1EffLNS1P_9ScaleType4KindE0ELNS_15FloatRoundStyleE2EfEENS1_15EpilogueDefaultEEEEEvvEEEEvNT_6ParamsE
      0 bytes stack frame, 0 bytes spill stores, 0 bytes spill loads
  ptxas info    : Used 168 registers
  ptxas info    : Compiling entry function '_ZN2sg4sm903mma20softplus_bias_kernelEPfPKfii' for 'sm_90a'
  ptxas info    : Function properties for _ZN2sg4sm903mma20softplus_bias_kernelEPfPKfii
      0 bytes stack frame, 0 bytes spill stores, 0 bytes spill loads
  ptxas info    : Used 16 registers
  ptxas info    : Compiling entry function '_ZN2sg4sm906models3vit18cls_pos_bwd_kernelI6__halfS4_EEvPKT_PS5_PT0_SA_iiii' for 'sm_90a'
  ptxas info    : Function properties for _ZN2sg4sm906models3vit18cls_pos_bwd_kernelI6__halfS4_EEvPKT_PS5_PT0_SA_iiii
      0 bytes stack frame, 0 bytes spill stores, 0 bytes spill loads
  ptxas info    : Used 32 registers
  ptxas info    : Compiling entry function '_ZN2sg4sm906models3vit22merge_qkv_grads_kernelI6__halfEEvPKT_S7_S7_PS5_iiii' for 'sm_90a'
  ptxas info    : Function properties for _ZN2sg4sm906models3vit22merge_qkv_grads_kernelI6__halfEEvPKT_S7_S7_PS5_iiii
      0 bytes stack frame, 0 bytes spill stores, 0 bytes spill loads
  ptxas info    : Used 28 registers
  ptxas info    : Compiling entry function '_ZN2sg4sm906models3vit23unmerge_attn_out_kernelI6__halfEEvPKT_PS5_iiii' for 'sm_90a'
  ptxas info    : Function properties for _ZN2sg4sm906models3vit23unmerge_attn_out_kernelI6__halfEEvPKT_PS5_iiii
      0 bytes stack frame, 0 bytes spill stores, 0 bytes spill loads
  ptxas info    : Used 23 registers
  ptxas info    : Compiling entry function '_ZN2sg4sm906models3vit15gelu_bwd_kernelI6__halfEEvPKT_S7_PS5_m' for 'sm_90a'
  ptxas info    : Function properties for _ZN2sg4sm906models3vit15gelu_bwd_kernelI6__halfEEvPKT_S7_PS5_m
      0 bytes stack frame, 0 bytes spill stores, 0 bytes spill loads
  ptxas info    : Used 13 registers
  ptxas info    : Compiling entry function '_ZN2sg4sm906models3vit22cls_scatter_bwd_kernelI6__halfEEvPKT_PS5_iii' for 'sm_90a'
  ptxas info    : Function properties for _ZN2sg4sm906models3vit22cls_scatter_bwd_kernelI6__halfEEvPKT_PS5_iii
      0 bytes stack frame, 0 bytes spill stores, 0 bytes spill loads
  ptxas info    : Used 16 registers
  ptxas info    : Compiling entry function '_ZN2sg4sm906models3vit27layernorm_grad_param_kernelI6__halfS4_EEvPKT_S7_PKfS9_PT0_SB_ii' for 'sm_90a'
  ptxas info    : Function properties for _ZN2sg4sm906models3vit27layernorm_grad_param_kernelI6__halfS4_EEvPKT_S7_PKfS9_PT0_SB_ii
      0 bytes stack frame, 0 bytes spill stores, 0 bytes spill loads
  ptxas info    : Used 32 registers
  ptxas info    : Compiling entry function '_ZN2sg4sm906models3vit20layernorm_bwd_kernelI6__halfS4_EEvPKT_S7_PKT0_PKfSC_PS5_ii' for 'sm_90a'
  ptxas info    : Function properties for _ZN2sg4sm906models3vit20layernorm_bwd_kernelI6__halfS4_EEvPKT_S7_PKT0_PKfSC_PS5_ii
      0 bytes stack frame, 0 bytes spill stores, 0 bytes spill loads
  ptxas info    : Used 28 registers
  ptxas info    : Compiling entry function '_ZN2sg4sm906models3vit23gemm_grad_weight_kernelI6__halfS4_EEvPKT_S7_PT0_S9_iii' for 'sm_90a'
  ptxas info    : Function properties for _ZN2sg4sm906models3vit23gemm_grad_weight_kernelI6__halfS4_EEvPKT_S7_PT0_S9_iii
      0 bytes stack frame, 0 bytes spill stores, 0 bytes spill loads
  ptxas info    : Used 32 registers
  ptxas info    : Compiling entry function '_ZN2sg4sm906models3vit23grad_bias_reduce_kernelI6__halfS4_EEvPKT_PT0_ii' for 'sm_90a'
  ptxas info    : Function properties for _ZN2sg4sm906models3vit23grad_bias_reduce_kernelI6__halfS4_EEvPKT_PT0_ii
      0 bytes stack frame, 0 bytes spill stores, 0 bytes spill loads
  ptxas info    : Used 23 registers, 128 bytes smem
  ptxas info    : Compiling entry function '_ZN2sg4sm906models3vit22gemm_grad_input_kernelI6__halfS4_EEvPKT_PKT0_PS5_iii' for 'sm_90a'
  ptxas info    : Function properties for _ZN2sg4sm906models3vit22gemm_grad_input_kernelI6__halfS4_EEvPKT_PKT0_PS5_iii
      0 bytes stack frame, 0 bytes spill stores, 0 bytes spill loads
  ptxas info    : Used 32 registers
  ptxas info    : Compiling entry function '_ZN2sg4sm906models3vit22cls_extract_fwd_kernelI6__halfEEvPKT_PS5_iii' for 'sm_90a'
  ptxas info    : Function properties for _ZN2sg4sm906models3vit22cls_extract_fwd_kernelI6__halfEEvPKT_PS5_iii
      0 bytes stack frame, 0 bytes spill stores, 0 bytes spill loads
  ptxas info    : Used 9 registers
  ptxas info    : Compiling entry function '_ZN2sg4sm906models3vit15gelu_fwd_kernelI6__halfEEvPKT_PS5_m' for 'sm_90a'
  ptxas info    : Function properties for _ZN2sg4sm906models3vit15gelu_fwd_kernelI6__halfEEvPKT_PS5_m
      0 bytes stack frame, 0 bytes spill stores, 0 bytes spill loads
  ptxas info    : Used 10 registers
  ptxas info    : Compiling entry function '_ZN2sg4sm906models3vit20layernorm_fwd_kernelI6__halfS4_EEvPKT_PKT0_SA_PS5_PfSC_iif' for 'sm_90a'
  ptxas info    : Function properties for _ZN2sg4sm906models3vit20layernorm_fwd_kernelI6__halfS4_EEvPKT_PKT0_SA_PS5_PfSC_iif
      0 bytes stack frame, 0 bytes spill stores, 0 bytes spill loads
  ptxas info    : Used 21 registers
  ptxas info    : Compiling entry function '_ZN2sg4sm906models3vit10add_kernelI6__halfEEvPKT_S7_PS5_m' for 'sm_90a'
  ptxas info    : Function properties for _ZN2sg4sm906models3vit10add_kernelI6__halfEEvPKT_S7_PS5_m
      0 bytes stack frame, 0 bytes spill stores, 0 bytes spill loads
  ptxas info    : Used 11 registers
  ptxas info    : Compiling entry function '_ZN2sg4sm906models3vit21merge_attn_out_kernelI6__halfEEvPKT_PS5_iiii' for 'sm_90a'
  ptxas info    : Function properties for _ZN2sg4sm906models3vit21merge_attn_out_kernelI6__halfEEvPKT_PS5_iiii
      0 bytes stack frame, 0 bytes spill stores, 0 bytes spill loads
  ptxas info    : Used 22 registers
  ptxas info    : Compiling entry function '_ZN2sg4sm906models3vit16split_qkv_kernelI6__halfEEvPKT_PS5_S8_S8_iiii' for 'sm_90a'
  ptxas info    : Function properties for _ZN2sg4sm906models3vit16split_qkv_kernelI6__halfEEvPKT_PS5_S8_S8_iiii
      0 bytes stack frame, 0 bytes spill stores, 0 bytes spill loads
  ptxas info    : Used 24 registers
  ptxas info    : Compiling entry function '_ZN2sg4sm906models3vit18cls_pos_fwd_kernelI6__halfS4_EEvPKT_PKT0_SA_PS5_iiii' for 'sm_90a'
  ptxas info    : Function properties for _ZN2sg4sm906models3vit18cls_pos_fwd_kernelI6__halfS4_EEvPKT_PKT0_SA_PS5_iiii
      0 bytes stack frame, 0 bytes spill stores, 0 bytes spill loads
  ptxas info    : Used 20 registers
  ptxas info    : Compiling entry function '_ZN2sg4sm906models3vit16gemm_bias_kernelI6__halfS4_EEvPKT_PKT0_SA_PS5_iii' for 'sm_90a'
  ptxas info    : Function properties for _ZN2sg4sm906models3vit16gemm_bias_kernelI6__halfS4_EEvPKT_PKT0_SA_PS5_iii
      0 bytes stack frame, 0 bytes spill stores, 0 bytes spill loads
  ptxas info    : Used 32 registers
  ptxas info    : Compiling entry function '_ZN2sg4sm906models3vit21gemm_cast_bias_kernelI6__halfS4_EEvPKfPKT0_PT_ii' for 'sm_90a'
  ptxas info    : Function properties for _ZN2sg4sm906models3vit21gemm_cast_bias_kernelI6__halfS4_EEvPKfPKT0_PT_ii
      0 bytes stack frame, 0 bytes spill stores, 0 bytes spill loads
  ptxas info    : Used 18 registers
  ptxas info    : Compiling entry function '_ZN2sg4sm906models3vit18cls_pos_bwd_kernelI13__nv_bfloat16S4_EEvPKT_PS5_PT0_SA_iiii' for 'sm_90a'
  ptxas info    : Function properties for _ZN2sg4sm906models3vit18cls_pos_bwd_kernelI13__nv_bfloat16S4_EEvPKT_PS5_PT0_SA_iiii
      0 bytes stack frame, 0 bytes spill stores, 0 bytes spill loads
  ptxas info    : Used 32 registers
  ptxas info    : Compiling entry function '_ZN2sg4sm906models3vit22merge_qkv_grads_kernelI13__nv_bfloat16EEvPKT_S7_S7_PS5_iiii' for 'sm_90a'
  ptxas info    : Function properties for _ZN2sg4sm906models3vit22merge_qkv_grads_kernelI13__nv_bfloat16EEvPKT_S7_S7_PS5_iiii
      0 bytes stack frame, 0 bytes spill stores, 0 bytes spill loads
  ptxas info    : Used 28 registers
  ptxas info    : Compiling entry function '_ZN2sg4sm906models3vit23unmerge_attn_out_kernelI13__nv_bfloat16EEvPKT_PS5_iiii' for 'sm_90a'
  ptxas info    : Function properties for _ZN2sg4sm906models3vit23unmerge_attn_out_kernelI13__nv_bfloat16EEvPKT_PS5_iiii
      0 bytes stack frame, 0 bytes spill stores, 0 bytes spill loads
  ptxas info    : Used 23 registers
  ptxas info    : Compiling entry function '_ZN2sg4sm906models3vit15gelu_bwd_kernelI13__nv_bfloat16EEvPKT_S7_PS5_m' for 'sm_90a'
  ptxas info    : Function properties for _ZN2sg4sm906models3vit15gelu_bwd_kernelI13__nv_bfloat16EEvPKT_S7_PS5_m
      0 bytes stack frame, 0 bytes spill stores, 0 bytes spill loads
  ptxas info    : Used 13 registers
  ptxas info    : Compiling entry function '_ZN2sg4sm906models3vit22cls_scatter_bwd_kernelI13__nv_bfloat16EEvPKT_PS5_iii' for 'sm_90a'
  ptxas info    : Function properties for _ZN2sg4sm906models3vit22cls_scatter_bwd_kernelI13__nv_bfloat16EEvPKT_PS5_iii
      0 bytes stack frame, 0 bytes spill stores, 0 bytes spill loads
  ptxas info    : Used 16 registers
  ptxas info    : Compiling entry function '_ZN2sg4sm906models3vit27layernorm_grad_param_kernelI13__nv_bfloat16S4_EEvPKT_S7_PKfS9_PT0_SB_ii' for 'sm_90a'
  ptxas info    : Function properties for _ZN2sg4sm906models3vit27layernorm_grad_param_kernelI13__nv_bfloat16S4_EEvPKT_S7_PKfS9_PT0_SB_ii
      0 bytes stack frame, 0 bytes spill stores, 0 bytes spill loads
  ptxas info    : Used 32 registers
  ptxas info    : Compiling entry function '_ZN2sg4sm906models3vit20layernorm_bwd_kernelI13__nv_bfloat16S4_EEvPKT_S7_PKT0_PKfSC_PS5_ii' for 'sm_90a'
  ptxas info    : Function properties for _ZN2sg4sm906models3vit20layernorm_bwd_kernelI13__nv_bfloat16S4_EEvPKT_S7_PKT0_PKfSC_PS5_ii
      0 bytes stack frame, 0 bytes spill stores, 0 bytes spill loads
  ptxas info    : Used 28 registers
  ptxas info    : Compiling entry function '_ZN2sg4sm906models3vit23gemm_grad_weight_kernelI13__nv_bfloat16S4_EEvPKT_S7_PT0_S9_iii' for 'sm_90a'
  ptxas info    : Function properties for _ZN2sg4sm906models3vit23gemm_grad_weight_kernelI13__nv_bfloat16S4_EEvPKT_S7_PT0_S9_iii
      0 bytes stack frame, 0 bytes spill stores, 0 bytes spill loads
  ptxas info    : Used 32 registers
  ptxas info    : Compiling entry function '_ZN2sg4sm906models3vit23grad_bias_reduce_kernelI13__nv_bfloat16S4_EEvPKT_PT0_ii' for 'sm_90a'
  ptxas info    : Function properties for _ZN2sg4sm906models3vit23grad_bias_reduce_kernelI13__nv_bfloat16S4_EEvPKT_PT0_ii
      0 bytes stack frame, 0 bytes spill stores, 0 bytes spill loads
  ptxas info    : Used 23 registers, 128 bytes smem
  ptxas info    : Compiling entry function '_ZN2sg4sm906models3vit22gemm_grad_input_kernelI13__nv_bfloat16S4_EEvPKT_PKT0_PS5_iii' for 'sm_90a'
  ptxas info    : Function properties for _ZN2sg4sm906models3vit22gemm_grad_input_kernelI13__nv_bfloat16S4_EEvPKT_PKT0_PS5_iii
      0 bytes stack frame, 0 bytes spill stores, 0 bytes spill loads
  ptxas info    : Used 32 registers
  ptxas info    : Compiling entry function '_ZN2sg4sm906models3vit22cls_extract_fwd_kernelI13__nv_bfloat16EEvPKT_PS5_iii' for 'sm_90a'
  ptxas info    : Function properties for _ZN2sg4sm906models3vit22cls_extract_fwd_kernelI13__nv_bfloat16EEvPKT_PS5_iii
      0 bytes stack frame, 0 bytes spill stores, 0 bytes spill loads
  ptxas info    : Used 9 registers
  ptxas info    : Compiling entry function '_ZN2sg4sm906models3vit15gelu_fwd_kernelI13__nv_bfloat16EEvPKT_PS5_m' for 'sm_90a'
  ptxas info    : Function properties for _ZN2sg4sm906models3vit15gelu_fwd_kernelI13__nv_bfloat16EEvPKT_PS5_m
      0 bytes stack frame, 0 bytes spill stores, 0 bytes spill loads
  ptxas info    : Used 10 registers
  ptxas info    : Compiling entry function '_ZN2sg4sm906models3vit20layernorm_fwd_kernelI13__nv_bfloat16S4_EEvPKT_PKT0_SA_PS5_PfSC_iif' for 'sm_90a'
  ptxas info    : Function properties for _ZN2sg4sm906models3vit20layernorm_fwd_kernelI13__nv_bfloat16S4_EEvPKT_PKT0_SA_PS5_PfSC_iif
      0 bytes stack frame, 0 bytes spill stores, 0 bytes spill loads
  ptxas info    : Used 21 registers
  ptxas info    : Compiling entry function '_ZN2sg4sm906models3vit10add_kernelI13__nv_bfloat16EEvPKT_S7_PS5_m' for 'sm_90a'
  ptxas info    : Function properties for _ZN2sg4sm906models3vit10add_kernelI13__nv_bfloat16EEvPKT_S7_PS5_m
      0 bytes stack frame, 0 bytes spill stores, 0 bytes spill loads
  ptxas info    : Used 11 registers
  ptxas info    : Compiling entry function '_ZN2sg4sm906models3vit21merge_attn_out_kernelI13__nv_bfloat16EEvPKT_PS5_iiii' for 'sm_90a'
  ptxas info    : Function properties for _ZN2sg4sm906models3vit21merge_attn_out_kernelI13__nv_bfloat16EEvPKT_PS5_iiii
      0 bytes stack frame, 0 bytes spill stores, 0 bytes spill loads
  ptxas info    : Used 22 registers
  ptxas info    : Compiling entry function '_ZN2sg4sm906models3vit16split_qkv_kernelI13__nv_bfloat16EEvPKT_PS5_S8_S8_iiii' for 'sm_90a'
  ptxas info    : Function properties for _ZN2sg4sm906models3vit16split_qkv_kernelI13__nv_bfloat16EEvPKT_PS5_S8_S8_iiii
      0 bytes stack frame, 0 bytes spill stores, 0 bytes spill loads
  ptxas info    : Used 24 registers
  ptxas info    : Compiling entry function '_ZN2sg4sm906models3vit18cls_pos_fwd_kernelI13__nv_bfloat16S4_EEvPKT_PKT0_SA_PS5_iiii' for 'sm_90a'
  ptxas info    : Function properties for _ZN2sg4sm906models3vit18cls_pos_fwd_kernelI13__nv_bfloat16S4_EEvPKT_PKT0_SA_PS5_iiii
      0 bytes stack frame, 0 bytes spill stores, 0 bytes spill loads
  ptxas info    : Used 20 registers
  ptxas info    : Compiling entry function '_ZN2sg4sm906models3vit16gemm_bias_kernelI13__nv_bfloat16S4_EEvPKT_PKT0_SA_PS5_iii' for 'sm_90a'
  ptxas info    : Function properties for _ZN2sg4sm906models3vit16gemm_bias_kernelI13__nv_bfloat16S4_EEvPKT_PKT0_SA_PS5_iii
      0 bytes stack frame, 0 bytes spill stores, 0 bytes spill loads
  ptxas info    : Used 32 registers
  ptxas info    : Compiling entry function '_ZN2sg4sm906models3vit21gemm_cast_bias_kernelI13__nv_bfloat16S4_EEvPKfPKT0_PT_ii' for 'sm_90a'
  ptxas info    : Function properties for _ZN2sg4sm906models3vit21gemm_cast_bias_kernelI13__nv_bfloat16S4_EEvPKfPKT0_PT_ii
      0 bytes stack frame, 0 bytes spill stores, 0 bytes spill loads
  ptxas info    : Used 18 registers
  ptxas info    : Compiling entry function '_ZN2sg4sm906models3vit18cls_pos_bwd_kernelIffEEvPKT_PS4_PT0_S9_iiii' for 'sm_90a'
  ptxas info    : Function properties for _ZN2sg4sm906models3vit18cls_pos_bwd_kernelIffEEvPKT_PS4_PT0_S9_iiii
      0 bytes stack frame, 0 bytes spill stores, 0 bytes spill loads
  ptxas info    : Used 32 registers
  ptxas info    : Compiling entry function '_ZN2sg4sm906models3vit22merge_qkv_grads_kernelIfEEvPKT_S6_S6_PS4_iiii' for 'sm_90a'
  ptxas info    : Function properties for _ZN2sg4sm906models3vit22merge_qkv_grads_kernelIfEEvPKT_S6_S6_PS4_iiii
      0 bytes stack frame, 0 bytes spill stores, 0 bytes spill loads
  ptxas info    : Used 28 registers
  ptxas info    : Compiling entry function '_ZN2sg4sm906models3vit23unmerge_attn_out_kernelIfEEvPKT_PS4_iiii' for 'sm_90a'
  ptxas info    : Function properties for _ZN2sg4sm906models3vit23unmerge_attn_out_kernelIfEEvPKT_PS4_iiii
      0 bytes stack frame, 0 bytes spill stores, 0 bytes spill loads
  ptxas info    : Used 23 registers
  ptxas info    : Compiling entry function '_ZN2sg4sm906models3vit15gelu_bwd_kernelIfEEvPKT_S6_PS4_m' for 'sm_90a'
  ptxas info    : Function properties for _ZN2sg4sm906models3vit15gelu_bwd_kernelIfEEvPKT_S6_PS4_m
      0 bytes stack frame, 0 bytes spill stores, 0 bytes spill loads
  ptxas info    : Used 15 registers
  ptxas info    : Compiling entry function '_ZN2sg4sm906models3vit22cls_scatter_bwd_kernelIfEEvPKT_PS4_iii' for 'sm_90a'
  ptxas info    : Function properties for _ZN2sg4sm906models3vit22cls_scatter_bwd_kernelIfEEvPKT_PS4_iii
      0 bytes stack frame, 0 bytes spill stores, 0 bytes spill loads
  ptxas info    : Used 16 registers
  ptxas info    : Compiling entry function '_ZN2sg4sm906models3vit27layernorm_grad_param_kernelIffEEvPKT_S6_PKfS8_PT0_SA_ii' for 'sm_90a'
  ptxas info    : Function properties for _ZN2sg4sm906models3vit27layernorm_grad_param_kernelIffEEvPKT_S6_PKfS8_PT0_SA_ii
      0 bytes stack frame, 0 bytes spill stores, 0 bytes spill loads
  ptxas info    : Used 32 registers
  ptxas info    : Compiling entry function '_ZN2sg4sm906models3vit20layernorm_bwd_kernelIffEEvPKT_S6_PKT0_PKfSB_PS4_ii' for 'sm_90a'
  ptxas info    : Function properties for _ZN2sg4sm906models3vit20layernorm_bwd_kernelIffEEvPKT_S6_PKT0_PKfSB_PS4_ii
      0 bytes stack frame, 0 bytes spill stores, 0 bytes spill loads
  ptxas info    : Used 26 registers
  ptxas info    : Compiling entry function '_ZN2sg4sm906models3vit23gemm_grad_weight_kernelIffEEvPKT_S6_PT0_S8_iii' for 'sm_90a'
  ptxas info    : Function properties for _ZN2sg4sm906models3vit23gemm_grad_weight_kernelIffEEvPKT_S6_PT0_S8_iii
      0 bytes stack frame, 0 bytes spill stores, 0 bytes spill loads
  ptxas info    : Used 32 registers
  ptxas info    : Compiling entry function '_ZN2sg4sm906models3vit23grad_bias_reduce_kernelIffEEvPKT_PT0_ii' for 'sm_90a'
  ptxas info    : Function properties for _ZN2sg4sm906models3vit23grad_bias_reduce_kernelIffEEvPKT_PT0_ii
      0 bytes stack frame, 0 bytes spill stores, 0 bytes spill loads
  ptxas info    : Used 23 registers, 128 bytes smem
  ptxas info    : Compiling entry function '_ZN2sg4sm906models3vit22gemm_grad_input_kernelIffEEvPKT_PKT0_PS4_iii' for 'sm_90a'
  ptxas info    : Function properties for _ZN2sg4sm906models3vit22gemm_grad_input_kernelIffEEvPKT_PKT0_PS4_iii
      0 bytes stack frame, 0 bytes spill stores, 0 bytes spill loads
  ptxas info    : Used 32 registers
  ptxas info    : Compiling entry function '_ZN2sg4sm906models3vit22cls_extract_fwd_kernelIfEEvPKT_PS4_iii' for 'sm_90a'
  ptxas info    : Function properties for _ZN2sg4sm906models3vit22cls_extract_fwd_kernelIfEEvPKT_PS4_iii
      0 bytes stack frame, 0 bytes spill stores, 0 bytes spill loads
  ptxas info    : Used 16 registers
  ptxas info    : Compiling entry function '_ZN2sg4sm906models3vit15gelu_fwd_kernelIfEEvPKT_PS4_m' for 'sm_90a'
  ptxas info    : Function properties for _ZN2sg4sm906models3vit15gelu_fwd_kernelIfEEvPKT_PS4_m
      0 bytes stack frame, 0 bytes spill stores, 0 bytes spill loads
  ptxas info    : Used 10 registers
  ptxas info    : Compiling entry function '_ZN2sg4sm906models3vit20layernorm_fwd_kernelIffEEvPKT_PKT0_S9_PS4_PfSB_iif' for 'sm_90a'
  ptxas info    : Function properties for _ZN2sg4sm906models3vit20layernorm_fwd_kernelIffEEvPKT_PKT0_S9_PS4_PfSB_iif
      0 bytes stack frame, 0 bytes spill stores, 0 bytes spill loads
  ptxas info    : Used 20 registers
  ptxas info    : Compiling entry function '_ZN2sg4sm906models3vit10add_kernelIfEEvPKT_S6_PS4_m' for 'sm_90a'
  ptxas info    : Function properties for _ZN2sg4sm906models3vit10add_kernelIfEEvPKT_S6_PS4_m
      0 bytes stack frame, 0 bytes spill stores, 0 bytes spill loads
  ptxas info    : Used 12 registers
  ptxas info    : Compiling entry function '_ZN2sg4sm906models3vit21merge_attn_out_kernelIfEEvPKT_PS4_iiii' for 'sm_90a'
  ptxas info    : Function properties for _ZN2sg4sm906models3vit21merge_attn_out_kernelIfEEvPKT_PS4_iiii
      0 bytes stack frame, 0 bytes spill stores, 0 bytes spill loads
  ptxas info    : Used 22 registers
  ptxas info    : Compiling entry function '_ZN2sg4sm906models3vit16split_qkv_kernelIfEEvPKT_PS4_S7_S7_iiii' for 'sm_90a'
  ptxas info    : Function properties for _ZN2sg4sm906models3vit16split_qkv_kernelIfEEvPKT_PS4_S7_S7_iiii
      0 bytes stack frame, 0 bytes spill stores, 0 bytes spill loads
  ptxas info    : Used 24 registers
  ptxas info    : Compiling entry function '_ZN2sg4sm906models3vit18cls_pos_fwd_kernelIffEEvPKT_PKT0_S9_PS4_iiii' for 'sm_90a'
  ptxas info    : Function properties for _ZN2sg4sm906models3vit18cls_pos_fwd_kernelIffEEvPKT_PKT0_S9_PS4_iiii
      0 bytes stack frame, 0 bytes spill stores, 0 bytes spill loads
  ptxas info    : Used 20 registers
  ptxas info    : Compiling entry function '_ZN2sg4sm906models3vit16gemm_bias_kernelIffEEvPKT_PKT0_S9_PS4_iii' for 'sm_90a'
  ptxas info    : Function properties for _ZN2sg4sm906models3vit16gemm_bias_kernelIffEEvPKT_PKT0_S9_PS4_iii
      0 bytes stack frame, 0 bytes spill stores, 0 bytes spill loads
  ptxas info    : Used 32 registers
  ptxas info    : Compiling entry function '_ZN2sg4sm906models3vit21gemm_cast_bias_kernelIffEEvPKfPKT0_PT_ii' for 'sm_90a'
  ptxas info    : Function properties for _ZN2sg4sm906models3vit21gemm_cast_bias_kernelIffEEvPKfPKT0_PT_ii
      0 bytes stack frame, 0 bytes spill stores, 0 bytes spill loads
  ptxas info    : Used 20 registers
  ptxas info    : Compiling entry function '_ZN2sg4sm906models9attention25smem_attention_bwd_kernelI6__halfLi32ELb0EEEvPKT_S7_S7_S7_S7_PKfPS5_SA_SA_if' for 'sm_90a'
  ptxas info    : Function properties for _ZN2sg4sm906models9attention25smem_attention_bwd_kernelI6__halfLi32ELb0EEEvPKT_S7_S7_S7_S7_PKfPS5_SA_SA_if
      0 bytes stack frame, 0 bytes spill stores, 0 bytes spill loads
  ptxas info    : Used 86 registers
  ptxas info    : Compiling entry function '_ZN2sg4sm906models9attention25smem_attention_bwd_kernelI13__nv_bfloat16Li32ELb0EEEvPKT_S7_S7_S7_S7_PKfPS5_SA_SA_if' for 'sm_90a'
  ptxas info    : Function properties for _ZN2sg4sm906models9attention25smem_attention_bwd_kernelI13__nv_bfloat16Li32ELb0EEEvPKT_S7_S7_S7_S7_PKfPS5_SA_SA_if
      0 bytes stack frame, 0 bytes spill stores, 0 bytes spill loads
  ptxas info    : Used 85 registers
  ptxas info    : Compiling entry function '_ZN2sg4sm906models9attention25smem_attention_bwd_kernelIfLi32ELb0EEEvPKT_S6_S6_S6_S6_PKfPS4_S9_S9_if' for 'sm_90a'
  ptxas info    : Function properties for _ZN2sg4sm906models9attention25smem_attention_bwd_kernelIfLi32ELb0EEEvPKT_S6_S6_S6_S6_PKfPS4_S9_S9_if
      0 bytes stack frame, 0 bytes spill stores, 0 bytes spill loads
  ptxas info    : Used 88 registers
  ptxas info    : Compiling entry function '_ZN2sg4sm906models9attention16fmha_cast_kernelI6__halfEEvPKfPT_i' for 'sm_90a'
  ptxas info    : Function properties for _ZN2sg4sm906models9attention16fmha_cast_kernelI6__halfEEvPKfPT_i
      0 bytes stack frame, 0 bytes spill stores, 0 bytes spill loads
  ptxas info    : Used 10 registers
  ptxas info    : Compiling entry function '_ZN2sg4sm906models9attention19fmha_softmax_kernelI6__halfLb0EEEvPKfPT_Pfif' for 'sm_90a'
  ptxas info    : Function properties for _ZN2sg4sm906models9attention19fmha_softmax_kernelI6__halfLb0EEEvPKfPT_Pfif
      0 bytes stack frame, 0 bytes spill stores, 0 bytes spill loads
  ptxas info    : Used 32 registers, 128 bytes smem
  ptxas info    : Compiling entry function '_ZN2sg4sm906models9attention16fmha_cast_kernelI13__nv_bfloat16EEvPKfPT_i' for 'sm_90a'
  ptxas info    : Function properties for _ZN2sg4sm906models9attention16fmha_cast_kernelI13__nv_bfloat16EEvPKfPT_i
      0 bytes stack frame, 0 bytes spill stores, 0 bytes spill loads
  ptxas info    : Used 10 registers
  ptxas info    : Compiling entry function '_ZN2sg4sm906models9attention19fmha_softmax_kernelI13__nv_bfloat16Lb0EEEvPKfPT_Pfif' for 'sm_90a'
  ptxas info    : Function properties for _ZN2sg4sm906models9attention19fmha_softmax_kernelI13__nv_bfloat16Lb0EEEvPKfPT_Pfif
      0 bytes stack frame, 0 bytes spill stores, 0 bytes spill loads
  ptxas info    : Used 32 registers, 128 bytes smem
  ptxas info    : Compiling entry function '_ZN2sg4sm906models9attention16fmha_cast_kernelIfEEvPKfPT_i' for 'sm_90a'
  ptxas info    : Function properties for _ZN2sg4sm906models9attention16fmha_cast_kernelIfEEvPKfPT_i
      0 bytes stack frame, 0 bytes spill stores, 0 bytes spill loads
  ptxas info    : Used 10 registers
  ptxas info    : Compiling entry function '_ZN2sg4sm906models9attention19fmha_softmax_kernelIfLb0EEEvPKfPT_Pfif' for 'sm_90a'
  ptxas info    : Function properties for _ZN2sg4sm906models9attention19fmha_softmax_kernelIfLb0EEEvPKfPT_Pfif
      0 bytes stack frame, 0 bytes spill stores, 0 bytes spill loads
  ptxas info    : Used 32 registers, 128 bytes smem
  ptxas info    : Compiling entry function '_ZN3cub17CUB_200302_900_NS11EmptyKernelIvEEvv' for 'sm_90a'
  ptxas info    : Function properties for _ZN3cub17CUB_200302_900_NS11EmptyKernelIvEEvv
      0 bytes stack frame, 0 bytes spill stores, 0 bytes spill loads
  ptxas info    : Used 4 registers
  [54/56] /usr/local/sccache-shim/nvcc --generate-dependencies-with-compile --dependency-output /dev/shm/tmp/tmp9icn1kre.build-temp/csrc/fused/sm_90/mega_mamba_real_adamw_tc_launcher.o.d -DWITH_CUDA -DWITH_CUTLASS -I/workspace/SuperGrok1.5/. -I/workspace/SuperGrok1.5/csrc/bindings -I/workspace/SuperGrok1.5/csrc -I/workspace/SuperGrok1.5/third_party/cutlass/include -I/workspace/SuperGrok1.5/third_party/cutlass/tools/util/include -I/usr/local/lib/python3.11/dist-packages/torch/include -I/usr/local/lib/python3.11/dist-packages/torch/include/torch/csrc/api/include -I/usr/local/lib/python3.11/dist-packages/torch/include/TH -I/usr/local/lib/python3.11/dist-packages/torch/include/THC -I/usr/local/cuda/include -I/usr/include/python3.11 -c -c /workspace/SuperGrok1.5/csrc/fused/sm_90/mega_mamba_real_adamw_tc_launcher.cu -o /dev/shm/tmp/tmp9icn1kre.build-temp/csrc/fused/sm_90/mega_mamba_real_adamw_tc_launcher.o -D__CUDA_NO_HALF_OPERATORS__ -D__CUDA_NO_HALF_CONVERSIONS__ -D__CUDA_NO_BFLOAT16_CONVERSIONS__ -D__CUDA_NO_HALF2_OPERATORS__ --expt-relaxed-constexpr --compiler-options ''"'"'-fPIC'"'"'' -O3 -std=c++17 -DWITH_CUDA --expt-relaxed-constexpr -Xfatbin -compress-all -Xptxas --opt-level=3 -Xptxas -v -Xptxas --warn-on-spills --extra-device-vectorization -Xcompiler -fPIC -Xcompiler -fno-strict-aliasing -Xnvlink --suppress-stack-size-warning --resource-usage --default-stream per-thread --use_fast_math -DNDEBUG -lineinfo -gencode=arch=compute_90a,code=sm_90a -gencode=arch=compute_90,code=compute_90 -DWITH_CUTLASS -DCUTLASS_NVCC_ARCHS=90a -DTORCH_API_INCLUDE_EXTENSION_H '-DPYBIND11_COMPILER_TYPE="_gcc"' '-DPYBIND11_STDLIB="_libstdcpp"' '-DPYBIND11_BUILD_ABI="_cxxabi1011"' -DTORCH_EXTENSION_NAME=_ops -D_GLIBCXX_USE_CXX11_ABI=0
  /workspace/SuperGrok1.5/./csrc/algorithms/muon.h(76): warning #737-D: using-declaration ignored -- it refers to the current namespace
    using sg::algorithms::adamw_step;
          ^

  Remark: The warnings can be suppressed with "-diag-suppress <warning-number>"

  /workspace/SuperGrok1.5/./csrc/algorithms/muon.h(76): warning #737-D: using-declaration ignored -- it refers to the current namespace
    using sg::algorithms::adamw_step;
          ^

  Remark: The warnings can be suppressed with "-diag-suppress <warning-number>"

  ptxas info    : (C7515) Potential Performance Loss: wgmma.mma_async instructions are serialized due to non wgmma instructions defining accumulator registers of a wgmma between start and end of the pipeline stage in the function '_ZN2sg5fused4sm904mbtc18mbtc_backward_tileERKNS1_12MambaWeightsEiiiRKNS2_6MbActsERKNS2_13MbTileScratchERKNS2_9MbPartialEPKiSG_P13__nv_bfloat16SI_PfSJ_SJ_'
  ptxas warning : Registers are spilled to local memory in function '_ZN2sg5fused4sm9025fused_mamba_megakernel_tcILNS1_5OptIdE10EEEvNS0_17PersistentContextEPfNS1_13MambaTokenCtxES5_fiNS1_13FusedOptStateE', 3648 bytes spill stores, 4384 bytes spill loads
  ptxas warning : Registers are spilled to local memory in function '_ZN2sg5fused4sm904mbtc17mbtc_forward_tileERKNS1_12MambaWeightsEiiRKNS2_6MbActsERKNS2_13MbTileScratchEPKiSD_P13__nv_bfloat16SF_Pf', 3612 bytes spill stores, 3884 bytes spill loads
  ptxas warning : Registers are spilled to local memory in function '_ZN2sg5fused4sm904mbtc18mbtc_backward_tileERKNS1_12MambaWeightsEiiiRKNS2_6MbActsERKNS2_13MbTileScratchERKNS2_9MbPartialEPKiSG_P13__nv_bfloat16SI_PfSJ_SJ_', 2920 bytes spill stores, 4392 bytes spill loads
  ptxas info    : (C7515) Potential Performance Loss: wgmma.mma_async instructions are serialized due to non wgmma instructions defining accumulator registers of a wgmma between start and end of the pipeline stage in the function '_ZN2sg5fused4sm904mbtc18mbtc_backward_tileERKNS1_12MambaWeightsEiiiRKNS2_6MbActsERKNS2_13MbTileScratchERKNS2_9MbPartialEPKiSG_P13__nv_bfloat16SI_PfSJ_SJ_'
  ptxas warning : Registers are spilled to local memory in function '_ZN2sg5fused4sm9025fused_mamba_megakernel_tcILNS1_5OptIdE9EEEvNS0_17PersistentContextEPfNS1_13MambaTokenCtxES5_fiNS1_13FusedOptStateE', 3396 bytes spill stores, 4096 bytes spill loads
  ptxas warning : Registers are spilled to local memory in function '_ZN2sg5fused4sm904mbtc17mbtc_forward_tileERKNS1_12MambaWeightsEiiRKNS2_6MbActsERKNS2_13MbTileScratchEPKiSD_P13__nv_bfloat16SF_Pf', 3556 bytes spill stores, 3600 bytes spill loads
  ptxas warning : Registers are spilled to local memory in function '_ZN2sg5fused4sm904mbtc18mbtc_backward_tileERKNS1_12MambaWeightsEiiiRKNS2_6MbActsERKNS2_13MbTileScratchERKNS2_9MbPartialEPKiSG_P13__nv_bfloat16SI_PfSJ_SJ_', 2500 bytes spill stores, 4068 bytes spill loads
  ptxas info    : (C7515) Potential Performance Loss: wgmma.mma_async instructions are serialized due to non wgmma instructions defining accumulator registers of a wgmma between start and end of the pipeline stage in the function '_ZN2sg5fused4sm904mbtc18mbtc_backward_tileERKNS1_12MambaWeightsEiiiRKNS2_6MbActsERKNS2_13MbTileScratchERKNS2_9MbPartialEPKiSG_P13__nv_bfloat16SI_PfSJ_SJ_'
  ptxas warning : Registers are spilled to local memory in function '_ZN2sg5fused4sm9025fused_mamba_megakernel_tcILNS1_5OptIdE8EEEvNS0_17PersistentContextEPfNS1_13MambaTokenCtxES5_fiNS1_13FusedOptStateE', 3396 bytes spill stores, 4112 bytes spill loads
  ptxas warning : Registers are spilled to local memory in function '_ZN2sg5fused4sm904mbtc17mbtc_forward_tileERKNS1_12MambaWeightsEiiRKNS2_6MbActsERKNS2_13MbTileScratchEPKiSD_P13__nv_bfloat16SF_Pf', 3556 bytes spill stores, 3600 bytes spill loads
  ptxas warning : Registers are spilled to local memory in function '_ZN2sg5fused4sm904mbtc18mbtc_backward_tileERKNS1_12MambaWeightsEiiiRKNS2_6MbActsERKNS2_13MbTileScratchERKNS2_9MbPartialEPKiSG_P13__nv_bfloat16SI_PfSJ_SJ_', 2500 bytes spill stores, 4068 bytes spill loads
  ptxas info    : (C7515) Potential Performance Loss: wgmma.mma_async instructions are serialized due to non wgmma instructions defining accumulator registers of a wgmma between start and end of the pipeline stage in the function '_ZN2sg5fused4sm904mbtc18mbtc_backward_tileERKNS1_12MambaWeightsEiiiRKNS2_6MbActsERKNS2_13MbTileScratchERKNS2_9MbPartialEPKiSG_P13__nv_bfloat16SI_PfSJ_SJ_'
  ptxas warning : Registers are spilled to local memory in function '_ZN2sg5fused4sm9025fused_mamba_megakernel_tcILNS1_5OptIdE7EEEvNS0_17PersistentContextEPfNS1_13MambaTokenCtxES5_fiNS1_13FusedOptStateE', 48 bytes spill stores, 108 bytes spill loads
  ptxas warning : Registers are spilled to local memory in function '_ZN2sg5fused4sm904mbtc17mbtc_forward_tileERKNS1_12MambaWeightsEiiRKNS2_6MbActsERKNS2_13MbTileScratchEPKiSD_P13__nv_bfloat16SF_Pf', 3552 bytes spill stores, 3532 bytes spill loads
  ptxas warning : Registers are spilled to local memory in function '_ZN2sg5fused4sm904mbtc18mbtc_backward_tileERKNS1_12MambaWeightsEiiiRKNS2_6MbActsERKNS2_13MbTileScratchERKNS2_9MbPartialEPKiSG_P13__nv_bfloat16SI_PfSJ_SJ_', 2252 bytes spill stores, 3804 bytes spill loads
  ptxas info    : (C7515) Potential Performance Loss: wgmma.mma_async instructions are serialized due to non wgmma instructions defining accumulator registers of a wgmma between start and end of the pipeline stage in the function '_ZN2sg5fused4sm904mbtc18mbtc_backward_tileERKNS1_12MambaWeightsEiiiRKNS2_6MbActsERKNS2_13MbTileScratchERKNS2_9MbPartialEPKiSG_P13__nv_bfloat16SI_PfSJ_SJ_'
  ptxas warning : Registers are spilled to local memory in function '_ZN2sg5fused4sm9025fused_mamba_megakernel_tcILNS1_5OptIdE4EEEvNS0_17PersistentContextEPfNS1_13MambaTokenCtxES5_fiNS1_13FusedOptStateE', 3396 bytes spill stores, 4072 bytes spill loads
  ptxas warning : Registers are spilled to local memory in function '_ZN2sg5fused4sm904mbtc17mbtc_forward_tileERKNS1_12MambaWeightsEiiRKNS2_6MbActsERKNS2_13MbTileScratchEPKiSD_P13__nv_bfloat16SF_Pf', 3556 bytes spill stores, 3600 bytes spill loads
  ptxas warning : Registers are spilled to local memory in function '_ZN2sg5fused4sm904mbtc18mbtc_backward_tileERKNS1_12MambaWeightsEiiiRKNS2_6MbActsERKNS2_13MbTileScratchERKNS2_9MbPartialEPKiSG_P13__nv_bfloat16SI_PfSJ_SJ_', 2500 bytes spill stores, 4068 bytes spill loads
  ptxas info    : (C7515) Potential Performance Loss: wgmma.mma_async instructions are serialized due to non wgmma instructions defining accumulator registers of a wgmma between start and end of the pipeline stage in the function '_ZN2sg5fused4sm904mbtc18mbtc_backward_tileERKNS1_12MambaWeightsEiiiRKNS2_6MbActsERKNS2_13MbTileScratchERKNS2_9MbPartialEPKiSG_P13__nv_bfloat16SI_PfSJ_SJ_'
  ptxas warning : Registers are spilled to local memory in function '_ZN2sg5fused4sm9025fused_mamba_megakernel_tcILNS1_5OptIdE5EEEvNS0_17PersistentContextEPfNS1_13MambaTokenCtxES5_fiNS1_13FusedOptStateE', 20 bytes spill stores, 28 bytes spill loads
  ptxas warning : Registers are spilled to local memory in function '_ZN2sg5fused4sm904mbtc17mbtc_forward_tileERKNS1_12MambaWeightsEiiRKNS2_6MbActsERKNS2_13MbTileScratchEPKiSD_P13__nv_bfloat16SF_Pf', 3536 bytes spill stores, 3516 bytes spill loads
  ptxas warning : Registers are spilled to local memory in function '_ZN2sg5fused4sm904mbtc18mbtc_backward_tileERKNS1_12MambaWeightsEiiiRKNS2_6MbActsERKNS2_13MbTileScratchERKNS2_9MbPartialEPKiSG_P13__nv_bfloat16SI_PfSJ_SJ_', 2148 bytes spill stores, 3692 bytes spill loads
  ptxas info    : (C7515) Potential Performance Loss: wgmma.mma_async instructions are serialized due to non wgmma instructions defining accumulator registers of a wgmma between start and end of the pipeline stage in the function '_ZN2sg5fused4sm904mbtc18mbtc_backward_tileERKNS1_12MambaWeightsEiiiRKNS2_6MbActsERKNS2_13MbTileScratchERKNS2_9MbPartialEPKiSG_P13__nv_bfloat16SI_PfSJ_SJ_'
  ptxas warning : Registers are spilled to local memory in function '_ZN2sg5fused4sm9025fused_mamba_megakernel_tcILNS1_5OptIdE6EEEvNS0_17PersistentContextEPfNS1_13MambaTokenCtxES5_fiNS1_13FusedOptStateE', 44 bytes spill stores, 100 bytes spill loads
  ptxas warning : Registers are spilled to local memory in function '_ZN2sg5fused4sm904mbtc17mbtc_forward_tileERKNS1_12MambaWeightsEiiRKNS2_6MbActsERKNS2_13MbTileScratchEPKiSD_P13__nv_bfloat16SF_Pf', 3552 bytes spill stores, 3532 bytes spill loads
  ptxas warning : Registers are spilled to local memory in function '_ZN2sg5fused4sm904mbtc18mbtc_backward_tileERKNS1_12MambaWeightsEiiiRKNS2_6MbActsERKNS2_13MbTileScratchERKNS2_9MbPartialEPKiSG_P13__nv_bfloat16SI_PfSJ_SJ_', 2252 bytes spill stores, 3804 bytes spill loads
  ptxas info    : (C7515) Potential Performance Loss: wgmma.mma_async instructions are serialized due to non wgmma instructions defining accumulator registers of a wgmma between start and end of the pipeline stage in the function '_ZN2sg5fused4sm904mbtc18mbtc_backward_tileERKNS1_12MambaWeightsEiiiRKNS2_6MbActsERKNS2_13MbTileScratchERKNS2_9MbPartialEPKiSG_P13__nv_bfloat16SI_PfSJ_SJ_'
  ptxas warning : Registers are spilled to local memory in function '_ZN2sg5fused4sm9025fused_mamba_megakernel_tcILNS1_5OptIdE3EEEvNS0_17PersistentContextEPfNS1_13MambaTokenCtxES5_fiNS1_13FusedOptStateE', 8 bytes spill stores, 12 bytes spill loads
  ptxas warning : Registers are spilled to local memory in function '_ZN2sg5fused4sm904mbtc17mbtc_forward_tileERKNS1_12MambaWeightsEiiRKNS2_6MbActsERKNS2_13MbTileScratchEPKiSD_P13__nv_bfloat16SF_Pf', 3536 bytes spill stores, 3516 bytes spill loads
  ptxas warning : Registers are spilled to local memory in function '_ZN2sg5fused4sm904mbtc18mbtc_backward_tileERKNS1_12MambaWeightsEiiiRKNS2_6MbActsERKNS2_13MbTileScratchERKNS2_9MbPartialEPKiSG_P13__nv_bfloat16SI_PfSJ_SJ_', 2148 bytes spill stores, 3692 bytes spill loads
  ptxas info    : (C7515) Potential Performance Loss: wgmma.mma_async instructions are serialized due to non wgmma instructions defining accumulator registers of a wgmma between start and end of the pipeline stage in the function '_ZN2sg5fused4sm904mbtc18mbtc_backward_tileERKNS1_12MambaWeightsEiiiRKNS2_6MbActsERKNS2_13MbTileScratchERKNS2_9MbPartialEPKiSG_P13__nv_bfloat16SI_PfSJ_SJ_'
  ptxas warning : Registers are spilled to local memory in function '_ZN2sg5fused4sm9025fused_mamba_megakernel_tcILNS1_5OptIdE2EEEvNS0_17PersistentContextEPfNS1_13MambaTokenCtxES5_fiNS1_13FusedOptStateE', 44 bytes spill stores, 100 bytes spill loads
  ptxas warning : Registers are spilled to local memory in function '_ZN2sg5fused4sm904mbtc17mbtc_forward_tileERKNS1_12MambaWeightsEiiRKNS2_6MbActsERKNS2_13MbTileScratchEPKiSD_P13__nv_bfloat16SF_Pf', 3552 bytes spill stores, 3532 bytes spill loads
  ptxas warning : Registers are spilled to local memory in function '_ZN2sg5fused4sm904mbtc18mbtc_backward_tileERKNS1_12MambaWeightsEiiiRKNS2_6MbActsERKNS2_13MbTileScratchERKNS2_9MbPartialEPKiSG_P13__nv_bfloat16SI_PfSJ_SJ_', 2252 bytes spill stores, 3804 bytes spill loads
  ptxas info    : (C7515) Potential Performance Loss: wgmma.mma_async instructions are serialized due to non wgmma instructions defining accumulator registers of a wgmma between start and end of the pipeline stage in the function '_ZN2sg5fused4sm904mbtc18mbtc_backward_tileERKNS1_12MambaWeightsEiiiRKNS2_6MbActsERKNS2_13MbTileScratchERKNS2_9MbPartialEPKiSG_P13__nv_bfloat16SI_PfSJ_SJ_'
  ptxas warning : Registers are spilled to local memory in function '_ZN2sg5fused4sm9025fused_mamba_megakernel_tcILNS1_5OptIdE1EEEvNS0_17PersistentContextEPfNS1_13MambaTokenCtxES5_fiNS1_13FusedOptStateE', 44 bytes spill stores, 100 bytes spill loads
  ptxas warning : Registers are spilled to local memory in function '_ZN2sg5fused4sm904mbtc17mbtc_forward_tileERKNS1_12MambaWeightsEiiRKNS2_6MbActsERKNS2_13MbTileScratchEPKiSD_P13__nv_bfloat16SF_Pf', 3552 bytes spill stores, 3532 bytes spill loads
  ptxas warning : Registers are spilled to local memory in function '_ZN2sg5fused4sm904mbtc18mbtc_backward_tileERKNS1_12MambaWeightsEiiiRKNS2_6MbActsERKNS2_13MbTileScratchERKNS2_9MbPartialEPKiSG_P13__nv_bfloat16SI_PfSJ_SJ_', 2252 bytes spill stores, 3804 bytes spill loads
  ptxas info    : (C7515) Potential Performance Loss: wgmma.mma_async instructions are serialized due to non wgmma instructions defining accumulator registers of a wgmma between start and end of the pipeline stage in the function '_ZN2sg5fused4sm904mbtc18mbtc_backward_tileERKNS1_12MambaWeightsEiiiRKNS2_6MbActsERKNS2_13MbTileScratchERKNS2_9MbPartialEPKiSG_P13__nv_bfloat16SI_PfSJ_SJ_'
  ptxas warning : Registers are spilled to local memory in function '_ZN2sg5fused4sm9025fused_mamba_megakernel_tcILNS1_5OptIdE0EEEvNS0_17PersistentContextEPfNS1_13MambaTokenCtxES5_fiNS1_13FusedOptStateE', 44 bytes spill stores, 100 bytes spill loads
  ptxas warning : Registers are spilled to local memory in function '_ZN2sg5fused4sm904mbtc17mbtc_forward_tileERKNS1_12MambaWeightsEiiRKNS2_6MbActsERKNS2_13MbTileScratchEPKiSD_P13__nv_bfloat16SF_Pf', 3552 bytes spill stores, 3532 bytes spill loads
  ptxas warning : Registers are spilled to local memory in function '_ZN2sg5fused4sm904mbtc18mbtc_backward_tileERKNS1_12MambaWeightsEiiiRKNS2_6MbActsERKNS2_13MbTileScratchERKNS2_9MbPartialEPKiSG_P13__nv_bfloat16SI_PfSJ_SJ_', 2252 bytes spill stores, 3804 bytes spill loads
  ptxas info    : 23 bytes gmem
  ptxas info    : Compiling entry function '_ZN2sg5fused4sm9025fused_mamba_megakernel_tcILNS1_5OptIdE10EEEvNS0_17PersistentContextEPfNS1_13MambaTokenCtxES5_fiNS1_13FusedOptStateE' for 'sm_90a'
  ptxas info    : Function properties for _ZN2sg5fused4sm9025fused_mamba_megakernel_tcILNS1_5OptIdE10EEEvNS0_17PersistentContextEPfNS1_13MambaTokenCtxES5_fiNS1_13FusedOptStateE
      2896 bytes stack frame, 3648 bytes spill stores, 4384 bytes spill loads
  ptxas info    : Used 255 registers, 2896 bytes cumulative stack size, 18884 bytes smem
  ptxas info    : Function properties for _ZN2sg5fused4sm904mbtc17mbtc_forward_tileERKNS1_12MambaWeightsEiiRKNS2_6MbActsERKNS2_13MbTileScratchEPKiSD_P13__nv_bfloat16SF_Pf
      0 bytes stack frame, 3612 bytes spill stores, 3884 bytes spill loads
  ptxas info    : Function properties for _ZN2sg5fused4sm904mbtc18mbtc_backward_tileERKNS1_12MambaWeightsEiiiRKNS2_6MbActsERKNS2_13MbTileScratchERKNS2_9MbPartialEPKiSG_P13__nv_bfloat16SI_PfSJ_SJ_
      0 bytes stack frame, 2920 bytes spill stores, 4392 bytes spill loads
  ptxas info    : Compiling entry function '_ZN2sg5fused4sm9025fused_mamba_megakernel_tcILNS1_5OptIdE9EEEvNS0_17PersistentContextEPfNS1_13MambaTokenCtxES5_fiNS1_13FusedOptStateE' for 'sm_90a'
  ptxas info    : Function properties for _ZN2sg5fused4sm9025fused_mamba_megakernel_tcILNS1_5OptIdE9EEEvNS0_17PersistentContextEPfNS1_13MambaTokenCtxES5_fiNS1_13FusedOptStateE
      2704 bytes stack frame, 3396 bytes spill stores, 4096 bytes spill loads
  ptxas info    : Used 255 registers, 2704 bytes cumulative stack size, 19396 bytes smem
  ptxas info    : Function properties for _ZN2sg5fused4sm904mbtc17mbtc_forward_tileERKNS1_12MambaWeightsEiiRKNS2_6MbActsERKNS2_13MbTileScratchEPKiSD_P13__nv_bfloat16SF_Pf
      0 bytes stack frame, 3556 bytes spill stores, 3600 bytes spill loads
  ptxas info    : Function properties for _ZN2sg5fused4sm904mbtc18mbtc_backward_tileERKNS1_12MambaWeightsEiiiRKNS2_6MbActsERKNS2_13MbTileScratchERKNS2_9MbPartialEPKiSG_P13__nv_bfloat16SI_PfSJ_SJ_
      0 bytes stack frame, 2500 bytes spill stores, 4068 bytes spill loads
  ptxas info    : Compiling entry function '_ZN2sg5fused4sm9025fused_mamba_megakernel_tcILNS1_5OptIdE8EEEvNS0_17PersistentContextEPfNS1_13MambaTokenCtxES5_fiNS1_13FusedOptStateE' for 'sm_90a'
  ptxas info    : Function properties for _ZN2sg5fused4sm9025fused_mamba_megakernel_tcILNS1_5OptIdE8EEEvNS0_17PersistentContextEPfNS1_13MambaTokenCtxES5_fiNS1_13FusedOptStateE
      2704 bytes stack frame, 3396 bytes spill stores, 4112 bytes spill loads
  ptxas info    : Used 255 registers, 2704 bytes cumulative stack size, 19524 bytes smem
  ptxas info    : Function properties for _ZN2sg5fused4sm904mbtc17mbtc_forward_tileERKNS1_12MambaWeightsEiiRKNS2_6MbActsERKNS2_13MbTileScratchEPKiSD_P13__nv_bfloat16SF_Pf
      0 bytes stack frame, 3556 bytes spill stores, 3600 bytes spill loads
  ptxas info    : Function properties for _ZN2sg5fused4sm904mbtc18mbtc_backward_tileERKNS1_12MambaWeightsEiiiRKNS2_6MbActsERKNS2_13MbTileScratchERKNS2_9MbPartialEPKiSG_P13__nv_bfloat16SI_PfSJ_SJ_
      0 bytes stack frame, 2500 bytes spill stores, 4068 bytes spill loads
  ptxas info    : Compiling entry function '_ZN2sg5fused4sm9025fused_mamba_megakernel_tcILNS1_5OptIdE7EEEvNS0_17PersistentContextEPfNS1_13MambaTokenCtxES5_fiNS1_13FusedOptStateE' for 'sm_90a'
  ptxas info    : Function properties for _ZN2sg5fused4sm9025fused_mamba_megakernel_tcILNS1_5OptIdE7EEEvNS0_17PersistentContextEPfNS1_13MambaTokenCtxES5_fiNS1_13FusedOptStateE
      2192 bytes stack frame, 48 bytes spill stores, 108 bytes spill loads
  ptxas info    : Used 255 registers, 2192 bytes cumulative stack size, 19012 bytes smem
  ptxas info    : Function properties for _ZN2sg5fused4sm904mbtc17mbtc_forward_tileERKNS1_12MambaWeightsEiiRKNS2_6MbActsERKNS2_13MbTileScratchEPKiSD_P13__nv_bfloat16SF_Pf
      0 bytes stack frame, 3552 bytes spill stores, 3532 bytes spill loads
  ptxas info    : Function properties for _ZN2sg5fused4sm904mbtc18mbtc_backward_tileERKNS1_12MambaWeightsEiiiRKNS2_6MbActsERKNS2_13MbTileScratchERKNS2_9MbPartialEPKiSG_P13__nv_bfloat16SI_PfSJ_SJ_
      0 bytes stack frame, 2252 bytes spill stores, 3804 bytes spill loads
  ptxas info    : Compiling entry function '_ZN2sg5fused4sm9025fused_mamba_megakernel_tcILNS1_5OptIdE4EEEvNS0_17PersistentContextEPfNS1_13MambaTokenCtxES5_fiNS1_13FusedOptStateE' for 'sm_90a'
  ptxas info    : Function properties for _ZN2sg5fused4sm9025fused_mamba_megakernel_tcILNS1_5OptIdE4EEEvNS0_17PersistentContextEPfNS1_13MambaTokenCtxES5_fiNS1_13FusedOptStateE
      2704 bytes stack frame, 3396 bytes spill stores, 4072 bytes spill loads
  ptxas info    : Used 255 registers, 2704 bytes cumulative stack size, 18884 bytes smem
  ptxas info    : Function properties for _ZN2sg5fused4sm904mbtc17mbtc_forward_tileERKNS1_12MambaWeightsEiiRKNS2_6MbActsERKNS2_13MbTileScratchEPKiSD_P13__nv_bfloat16SF_Pf
      0 bytes stack frame, 3556 bytes spill stores, 3600 bytes spill loads
  ptxas info    : Function properties for _ZN2sg5fused4sm904mbtc18mbtc_backward_tileERKNS1_12MambaWeightsEiiiRKNS2_6MbActsERKNS2_13MbTileScratchERKNS2_9MbPartialEPKiSG_P13__nv_bfloat16SI_PfSJ_SJ_
      0 bytes stack frame, 2500 bytes spill stores, 4068 bytes spill loads
  ptxas info    : Compiling entry function '_ZN2sg5fused4sm9025fused_mamba_megakernel_tcILNS1_5OptIdE5EEEvNS0_17PersistentContextEPfNS1_13MambaTokenCtxES5_fiNS1_13FusedOptStateE' for 'sm_90a'
  ptxas info    : Function properties for _ZN2sg5fused4sm9025fused_mamba_megakernel_tcILNS1_5OptIdE5EEEvNS0_17PersistentContextEPfNS1_13MambaTokenCtxES5_fiNS1_13FusedOptStateE
      2176 bytes stack frame, 20 bytes spill stores, 28 bytes spill loads
  ptxas info    : Used 255 registers, 2176 bytes cumulative stack size, 19140 bytes smem
  ptxas info    : Function properties for _ZN2sg5fused4sm904mbtc17mbtc_forward_tileERKNS1_12MambaWeightsEiiRKNS2_6MbActsERKNS2_13MbTileScratchEPKiSD_P13__nv_bfloat16SF_Pf
      0 bytes stack frame, 3536 bytes spill stores, 3516 bytes spill loads
  ptxas info    : Function properties for _ZN2sg5fused4sm904mbtc18mbtc_backward_tileERKNS1_12MambaWeightsEiiiRKNS2_6MbActsERKNS2_13MbTileScratchERKNS2_9MbPartialEPKiSG_P13__nv_bfloat16SI_PfSJ_SJ_
      0 bytes stack frame, 2148 bytes spill stores, 3692 bytes spill loads
  ptxas info    : Compiling entry function '_ZN2sg5fused4sm9025fused_mamba_megakernel_tcILNS1_5OptIdE6EEEvNS0_17PersistentContextEPfNS1_13MambaTokenCtxES5_fiNS1_13FusedOptStateE' for 'sm_90a'
  ptxas info    : Function properties for _ZN2sg5fused4sm9025fused_mamba_megakernel_tcILNS1_5OptIdE6EEEvNS0_17PersistentContextEPfNS1_13MambaTokenCtxES5_fiNS1_13FusedOptStateE
      2192 bytes stack frame, 44 bytes spill stores, 100 bytes spill loads
  ptxas info    : Used 255 registers, 2192 bytes cumulative stack size, 18884 bytes smem
  ptxas info    : Function properties for _ZN2sg5fused4sm904mbtc17mbtc_forward_tileERKNS1_12MambaWeightsEiiRKNS2_6MbActsERKNS2_13MbTileScratchEPKiSD_P13__nv_bfloat16SF_Pf
      0 bytes stack frame, 3552 bytes spill stores, 3532 bytes spill loads
  ptxas info    : Function properties for _ZN2sg5fused4sm904mbtc18mbtc_backward_tileERKNS1_12MambaWeightsEiiiRKNS2_6MbActsERKNS2_13MbTileScratchERKNS2_9MbPartialEPKiSG_P13__nv_bfloat16SI_PfSJ_SJ_
      0 bytes stack frame, 2252 bytes spill stores, 3804 bytes spill loads
  ptxas info    : Compiling entry function '_ZN2sg5fused4sm9025fused_mamba_megakernel_tcILNS1_5OptIdE3EEEvNS0_17PersistentContextEPfNS1_13MambaTokenCtxES5_fiNS1_13FusedOptStateE' for 'sm_90a'
  ptxas info    : Function properties for _ZN2sg5fused4sm9025fused_mamba_megakernel_tcILNS1_5OptIdE3EEEvNS0_17PersistentContextEPfNS1_13MambaTokenCtxES5_fiNS1_13FusedOptStateE
      2160 bytes stack frame, 8 bytes spill stores, 12 bytes spill loads
  ptxas info    : Used 255 registers, 2160 bytes cumulative stack size, 18884 bytes smem
  ptxas info    : Function properties for _ZN2sg5fused4sm904mbtc17mbtc_forward_tileERKNS1_12MambaWeightsEiiRKNS2_6MbActsERKNS2_13MbTileScratchEPKiSD_P13__nv_bfloat16SF_Pf
      0 bytes stack frame, 3536 bytes spill stores, 3516 bytes spill loads
  ptxas info    : Function properties for _ZN2sg5fused4sm904mbtc18mbtc_backward_tileERKNS1_12MambaWeightsEiiiRKNS2_6MbActsERKNS2_13MbTileScratchERKNS2_9MbPartialEPKiSG_P13__nv_bfloat16SI_PfSJ_SJ_
      0 bytes stack frame, 2148 bytes spill stores, 3692 bytes spill loads
  ptxas info    : Compiling entry function '_ZN2sg5fused4sm9025fused_mamba_megakernel_tcILNS1_5OptIdE2EEEvNS0_17PersistentContextEPfNS1_13MambaTokenCtxES5_fiNS1_13FusedOptStateE' for 'sm_90a'
  ptxas info    : Function properties for _ZN2sg5fused4sm9025fused_mamba_megakernel_tcILNS1_5OptIdE2EEEvNS0_17PersistentContextEPfNS1_13MambaTokenCtxES5_fiNS1_13FusedOptStateE
      2192 bytes stack frame, 44 bytes spill stores, 100 bytes spill loads
  ptxas info    : Used 255 registers, 2192 bytes cumulative stack size, 18884 bytes smem
  ptxas info    : Function properties for _ZN2sg5fused4sm904mbtc17mbtc_forward_tileERKNS1_12MambaWeightsEiiRKNS2_6MbActsERKNS2_13MbTileScratchEPKiSD_P13__nv_bfloat16SF_Pf
      0 bytes stack frame, 3552 bytes spill stores, 3532 bytes spill loads
  ptxas info    : Function properties for _ZN2sg5fused4sm904mbtc18mbtc_backward_tileERKNS1_12MambaWeightsEiiiRKNS2_6MbActsERKNS2_13MbTileScratchERKNS2_9MbPartialEPKiSG_P13__nv_bfloat16SI_PfSJ_SJ_
      0 bytes stack frame, 2252 bytes spill stores, 3804 bytes spill loads
  ptxas info    : Compiling entry function '_ZN2sg5fused4sm9025fused_mamba_megakernel_tcILNS1_5OptIdE1EEEvNS0_17PersistentContextEPfNS1_13MambaTokenCtxES5_fiNS1_13FusedOptStateE' for 'sm_90a'
  ptxas info    : Function properties for _ZN2sg5fused4sm9025fused_mamba_megakernel_tcILNS1_5OptIdE1EEEvNS0_17PersistentContextEPfNS1_13MambaTokenCtxES5_fiNS1_13FusedOptStateE
      2192 bytes stack frame, 44 bytes spill stores, 100 bytes spill loads
  ptxas info    : Used 255 registers, 2192 bytes cumulative stack size, 18884 bytes smem
  ptxas info    : Function properties for _ZN2sg5fused4sm904mbtc17mbtc_forward_tileERKNS1_12MambaWeightsEiiRKNS2_6MbActsERKNS2_13MbTileScratchEPKiSD_P13__nv_bfloat16SF_Pf
      0 bytes stack frame, 3552 bytes spill stores, 3532 bytes spill loads
  ptxas info    : Function properties for _ZN2sg5fused4sm904mbtc18mbtc_backward_tileERKNS1_12MambaWeightsEiiiRKNS2_6MbActsERKNS2_13MbTileScratchERKNS2_9MbPartialEPKiSG_P13__nv_bfloat16SI_PfSJ_SJ_
      0 bytes stack frame, 2252 bytes spill stores, 3804 bytes spill loads
  ptxas info    : Compiling entry function '_ZN2sg5fused4sm9025fused_mamba_megakernel_tcILNS1_5OptIdE0EEEvNS0_17PersistentContextEPfNS1_13MambaTokenCtxES5_fiNS1_13FusedOptStateE' for 'sm_90a'
  ptxas info    : Function properties for _ZN2sg5fused4sm9025fused_mamba_megakernel_tcILNS1_5OptIdE0EEEvNS0_17PersistentContextEPfNS1_13MambaTokenCtxES5_fiNS1_13FusedOptStateE
      2192 bytes stack frame, 44 bytes spill stores, 100 bytes spill loads
  ptxas info    : Used 255 registers, 2192 bytes cumulative stack size, 18884 bytes smem
  ptxas info    : Function properties for _ZN2sg5fused4sm904mbtc17mbtc_forward_tileERKNS1_12MambaWeightsEiiRKNS2_6MbActsERKNS2_13MbTileScratchEPKiSD_P13__nv_bfloat16SF_Pf
      0 bytes stack frame, 3552 bytes spill stores, 3532 bytes spill loads
  ptxas info    : Function properties for _ZN2sg5fused4sm904mbtc18mbtc_backward_tileERKNS1_12MambaWeightsEiiiRKNS2_6MbActsERKNS2_13MbTileScratchERKNS2_9MbPartialEPKiSG_P13__nv_bfloat16SI_PfSJ_SJ_
      0 bytes stack frame, 2252 bytes spill stores, 3804 bytes spill loads
  ptxas info    : Compiling entry function '_ZN3cub17CUB_200302_900_NS11EmptyKernelIvEEvv' for 'sm_90a'
  ptxas info    : Function properties for _ZN3cub17CUB_200302_900_NS11EmptyKernelIvEEvv
      0 bytes stack frame, 0 bytes spill stores, 0 bytes spill loads
  ptxas info    : Used 4 registers
  /workspace/SuperGrok1.5/./csrc/algorithms/muon.h(76): warning #737-D: using-declaration ignored -- it refers to the current namespace
    using sg::algorithms::adamw_step;
          ^

  Remark: The warnings can be suppressed with "-diag-suppress <warning-number>"

  [55/56] /usr/local/sccache-shim/nvcc --generate-dependencies-with-compile --dependency-output /dev/shm/tmp/tmp9icn1kre.build-temp/csrc/fused/sm_90/mega_decoder_real_adamw_tc_launcher.o.d -DWITH_CUDA -DWITH_CUTLASS -I/workspace/SuperGrok1.5/. -I/workspace/SuperGrok1.5/csrc/bindings -I/workspace/SuperGrok1.5/csrc -I/workspace/SuperGrok1.5/third_party/cutlass/include -I/workspace/SuperGrok1.5/third_party/cutlass/tools/util/include -I/usr/local/lib/python3.11/dist-packages/torch/include -I/usr/local/lib/python3.11/dist-packages/torch/include/torch/csrc/api/include -I/usr/local/lib/python3.11/dist-packages/torch/include/TH -I/usr/local/lib/python3.11/dist-packages/torch/include/THC -I/usr/local/cuda/include -I/usr/include/python3.11 -c -c /workspace/SuperGrok1.5/csrc/fused/sm_90/mega_decoder_real_adamw_tc_launcher.cu -o /dev/shm/tmp/tmp9icn1kre.build-temp/csrc/fused/sm_90/mega_decoder_real_adamw_tc_launcher.o -D__CUDA_NO_HALF_OPERATORS__ -D__CUDA_NO_HALF_CONVERSIONS__ -D__CUDA_NO_BFLOAT16_CONVERSIONS__ -D__CUDA_NO_HALF2_OPERATORS__ --expt-relaxed-constexpr --compiler-options ''"'"'-fPIC'"'"'' -O3 -std=c++17 -DWITH_CUDA --expt-relaxed-constexpr -Xfatbin -compress-all -Xptxas --opt-level=3 -Xptxas -v -Xptxas --warn-on-spills --extra-device-vectorization -Xcompiler -fPIC -Xcompiler -fno-strict-aliasing -Xnvlink --suppress-stack-size-warning --resource-usage --default-stream per-thread --use_fast_math -DNDEBUG -lineinfo -gencode=arch=compute_90a,code=sm_90a -gencode=arch=compute_90,code=compute_90 -DWITH_CUTLASS -DCUTLASS_NVCC_ARCHS=90a -DTORCH_API_INCLUDE_EXTENSION_H '-DPYBIND11_COMPILER_TYPE="_gcc"' '-DPYBIND11_STDLIB="_libstdcpp"' '-DPYBIND11_BUILD_ABI="_cxxabi1011"' -DTORCH_EXTENSION_NAME=_ops -D_GLIBCXX_USE_CXX11_ABI=0
  /workspace/SuperGrok1.5/./csrc/algorithms/muon.h(76): warning #737-D: using-declaration ignored -- it refers to the current namespace
    using sg::algorithms::adamw_step;
          ^

  Remark: The warnings can be suppressed with "-diag-suppress <warning-number>"

  /workspace/SuperGrok1.5/./csrc/algorithms/muon.h(76): warning #737-D: using-declaration ignored -- it refers to the current namespace
    using sg::algorithms::adamw_step;
          ^

  Remark: The warnings can be suppressed with "-diag-suppress <warning-number>"

  ptxas info    : (C7515) Potential Performance Loss: wgmma.mma_async instructions are serialized due to non wgmma instructions defining accumulator registers of a wgmma between start and end of the pipeline stage in the function '_ZN2sg5fused4sm905dectc18dectc_forward_tileERKNS1_10DecWeightsERKNS2_6DecWBfEiiRKNS2_7DecActsERKNS2_14DecTileScratchEPKiSG_P13__nv_bfloat16SI_Pf'
  ptxas warning : Registers are spilled to local memory in function '_ZN2sg5fused4sm9027fused_decoder_megakernel_tcILNS1_5OptIdE10EEEvNS0_17PersistentContextEPfNS1_15DecoderTokenCtxES5_fiNS1_13FusedOptStateE', 15388 bytes spill stores, 15924 bytes spill loads
  ptxas warning : Registers are spilled to local memory in function '_ZN2sg5fused4sm905dectc18dectc_forward_tileERKNS1_10DecWeightsERKNS2_6DecWBfEiiRKNS2_7DecActsERKNS2_14DecTileScratchEPKiSG_P13__nv_bfloat16SI_Pf', 48 bytes spill stores, 176 bytes spill loads
  ptxas info    : (C7515) Potential Performance Loss: wgmma.mma_async instructions are serialized due to non wgmma instructions defining accumulator registers of a wgmma between start and end of the pipeline stage in the function '_ZN2sg5fused4sm905dectc18dectc_forward_tileERKNS1_10DecWeightsERKNS2_6DecWBfEiiRKNS2_7DecActsERKNS2_14DecTileScratchEPKiSG_P13__nv_bfloat16SI_Pf'
  ptxas warning : Registers are spilled to local memory in function '_ZN2sg5fused4sm9027fused_decoder_megakernel_tcILNS1_5OptIdE9EEEvNS0_17PersistentContextEPfNS1_15DecoderTokenCtxES5_fiNS1_13FusedOptStateE', 15268 bytes spill stores, 15656 bytes spill loads
  ptxas info    : (C7515) Potential Performance Loss: wgmma.mma_async instructions are serialized due to non wgmma instructions defining accumulator registers of a wgmma between start and end of the pipeline stage in the function '_ZN2sg5fused4sm905dectc18dectc_forward_tileERKNS1_10DecWeightsERKNS2_6DecWBfEiiRKNS2_7DecActsERKNS2_14DecTileScratchEPKiSG_P13__nv_bfloat16SI_Pf'
  ptxas warning : Registers are spilled to local memory in function '_ZN2sg5fused4sm9027fused_decoder_megakernel_tcILNS1_5OptIdE8EEEvNS0_17PersistentContextEPfNS1_15DecoderTokenCtxES5_fiNS1_13FusedOptStateE', 15268 bytes spill stores, 15656 bytes spill loads
  ptxas info    : (C7515) Potential Performance Loss: wgmma.mma_async instructions are serialized due to non wgmma instructions defining accumulator registers of a wgmma between start and end of the pipeline stage in the function '_ZN2sg5fused4sm905dectc18dectc_forward_tileERKNS1_10DecWeightsERKNS2_6DecWBfEiiRKNS2_7DecActsERKNS2_14DecTileScratchEPKiSG_P13__nv_bfloat16SI_Pf'
  ptxas warning : Registers are spilled to local memory in function '_ZN2sg5fused4sm9027fused_decoder_megakernel_tcILNS1_5OptIdE4EEEvNS0_17PersistentContextEPfNS1_15DecoderTokenCtxES5_fiNS1_13FusedOptStateE', 15268 bytes spill stores, 15656 bytes spill loads
  ptxas info    : (C7515) Potential Performance Loss: wgmma.mma_async instructions are serialized due to non wgmma instructions defining accumulator registers of a wgmma between start and end of the pipeline stage in the function '_ZN2sg5fused4sm9027fused_decoder_megakernel_tcILNS1_5OptIdE7EEEvNS0_17PersistentContextEPfNS1_15DecoderTokenCtxES5_fiNS1_13FusedOptStateE'
  ptxas info    : (C7515) Potential Performance Loss: wgmma.mma_async instructions are serialized due to non wgmma instructions defining accumulator registers of a wgmma between start and end of the pipeline stage in the function '_ZN2sg5fused4sm9027fused_decoder_megakernel_tcILNS1_5OptIdE5EEEvNS0_17PersistentContextEPfNS1_15DecoderTokenCtxES5_fiNS1_13FusedOptStateE'
  ptxas info    : (C7515) Potential Performance Loss: wgmma.mma_async instructions are serialized due to non wgmma instructions defining accumulator registers of a wgmma between start and end of the pipeline stage in the function '_ZN2sg5fused4sm9027fused_decoder_megakernel_tcILNS1_5OptIdE6EEEvNS0_17PersistentContextEPfNS1_15DecoderTokenCtxES5_fiNS1_13FusedOptStateE'
  ptxas info    : (C7515) Potential Performance Loss: wgmma.mma_async instructions are serialized due to non wgmma instructions defining accumulator registers of a wgmma between start and end of the pipeline stage in the function '_ZN2sg5fused4sm9027fused_decoder_megakernel_tcILNS1_5OptIdE3EEEvNS0_17PersistentContextEPfNS1_15DecoderTokenCtxES5_fiNS1_13FusedOptStateE'
  ptxas info    : (C7515) Potential Performance Loss: wgmma.mma_async instructions are serialized due to non wgmma instructions defining accumulator registers of a wgmma between start and end of the pipeline stage in the function '_ZN2sg5fused4sm9027fused_decoder_megakernel_tcILNS1_5OptIdE2EEEvNS0_17PersistentContextEPfNS1_15DecoderTokenCtxES5_fiNS1_13FusedOptStateE'
  ptxas info    : (C7515) Potential Performance Loss: wgmma.mma_async instructions are serialized due to non wgmma instructions defining accumulator registers of a wgmma between start and end of the pipeline stage in the function '_ZN2sg5fused4sm9027fused_decoder_megakernel_tcILNS1_5OptIdE1EEEvNS0_17PersistentContextEPfNS1_15DecoderTokenCtxES5_fiNS1_13FusedOptStateE'
  ptxas info    : (C7515) Potential Performance Loss: wgmma.mma_async instructions are serialized due to non wgmma instructions defining accumulator registers of a wgmma between start and end of the pipeline stage in the function '_ZN2sg5fused4sm9027fused_decoder_megakernel_tcILNS1_5OptIdE0EEEvNS0_17PersistentContextEPfNS1_15DecoderTokenCtxES5_fiNS1_13FusedOptStateE'
  ptxas info    : 23 bytes gmem
  ptxas info    : Compiling entry function '_ZN2sg5fused4sm9027fused_decoder_megakernel_tcILNS1_5OptIdE10EEEvNS0_17PersistentContextEPfNS1_15DecoderTokenCtxES5_fiNS1_13FusedOptStateE' for 'sm_90a'
  ptxas info    : Function properties for _ZN2sg5fused4sm9027fused_decoder_megakernel_tcILNS1_5OptIdE10EEEvNS0_17PersistentContextEPfNS1_15DecoderTokenCtxES5_fiNS1_13FusedOptStateE
      2336 bytes stack frame, 15388 bytes spill stores, 15924 bytes spill loads
  ptxas info    : Used 255 registers, 2336 bytes cumulative stack size, 43188 bytes smem
  ptxas info    : Function properties for _ZN2sg5fused4sm905dectc18dectc_forward_tileERKNS1_10DecWeightsERKNS2_6DecWBfEiiRKNS2_7DecActsERKNS2_14DecTileScratchEPKiSG_P13__nv_bfloat16SI_Pf
      0 bytes stack frame, 48 bytes spill stores, 176 bytes spill loads
  ptxas info    : Compiling entry function '_ZN2sg5fused4sm9027fused_decoder_megakernel_tcILNS1_5OptIdE9EEEvNS0_17PersistentContextEPfNS1_15DecoderTokenCtxES5_fiNS1_13FusedOptStateE' for 'sm_90a'
  ptxas info    : Function properties for _ZN2sg5fused4sm9027fused_decoder_megakernel_tcILNS1_5OptIdE9EEEvNS0_17PersistentContextEPfNS1_15DecoderTokenCtxES5_fiNS1_13FusedOptStateE
      2112 bytes stack frame, 15268 bytes spill stores, 15656 bytes spill loads
  ptxas info    : Used 255 registers, 2112 bytes cumulative stack size, 43700 bytes smem
  ptxas info    : Function properties for _ZN2sg5fused4sm905dectc18dectc_forward_tileERKNS1_10DecWeightsERKNS2_6DecWBfEiiRKNS2_7DecActsERKNS2_14DecTileScratchEPKiSG_P13__nv_bfloat16SI_Pf
      0 bytes stack frame, 0 bytes spill stores, 0 bytes spill loads
  ptxas info    : Compiling entry function '_ZN2sg5fused4sm9027fused_decoder_megakernel_tcILNS1_5OptIdE8EEEvNS0_17PersistentContextEPfNS1_15DecoderTokenCtxES5_fiNS1_13FusedOptStateE' for 'sm_90a'
  ptxas info    : Function properties for _ZN2sg5fused4sm9027fused_decoder_megakernel_tcILNS1_5OptIdE8EEEvNS0_17PersistentContextEPfNS1_15DecoderTokenCtxES5_fiNS1_13FusedOptStateE
      2112 bytes stack frame, 15268 bytes spill stores, 15656 bytes spill loads
  ptxas info    : Used 255 registers, 2112 bytes cumulative stack size, 43828 bytes smem
  ptxas info    : Function properties for _ZN2sg5fused4sm905dectc18dectc_forward_tileERKNS1_10DecWeightsERKNS2_6DecWBfEiiRKNS2_7DecActsERKNS2_14DecTileScratchEPKiSG_P13__nv_bfloat16SI_Pf
      0 bytes stack frame, 0 bytes spill stores, 0 bytes spill loads
  ptxas info    : Compiling entry function '_ZN2sg5fused4sm9027fused_decoder_megakernel_tcILNS1_5OptIdE4EEEvNS0_17PersistentContextEPfNS1_15DecoderTokenCtxES5_fiNS1_13FusedOptStateE' for 'sm_90a'
  ptxas info    : Function properties for _ZN2sg5fused4sm9027fused_decoder_megakernel_tcILNS1_5OptIdE4EEEvNS0_17PersistentContextEPfNS1_15DecoderTokenCtxES5_fiNS1_13FusedOptStateE
      2112 bytes stack frame, 15268 bytes spill stores, 15656 bytes spill loads
  ptxas info    : Used 255 registers, 2112 bytes cumulative stack size, 43188 bytes smem
  ptxas info    : Function properties for _ZN2sg5fused4sm905dectc18dectc_forward_tileERKNS1_10DecWeightsERKNS2_6DecWBfEiiRKNS2_7DecActsERKNS2_14DecTileScratchEPKiSG_P13__nv_bfloat16SI_Pf
      0 bytes stack frame, 0 bytes spill stores, 0 bytes spill loads
  ptxas info    : Compiling entry function '_ZN2sg5fused4sm9027fused_decoder_megakernel_tcILNS1_5OptIdE7EEEvNS0_17PersistentContextEPfNS1_15DecoderTokenCtxES5_fiNS1_13FusedOptStateE' for 'sm_90a'
  ptxas info    : Function properties for _ZN2sg5fused4sm9027fused_decoder_megakernel_tcILNS1_5OptIdE7EEEvNS0_17PersistentContextEPfNS1_15DecoderTokenCtxES5_fiNS1_13FusedOptStateE
      736 bytes stack frame, 0 bytes spill stores, 0 bytes spill loads
  ptxas info    : Used 255 registers, 736 bytes cumulative stack size, 43316 bytes smem
  ptxas info    : Compiling entry function '_ZN2sg5fused4sm9027fused_decoder_megakernel_tcILNS1_5OptIdE5EEEvNS0_17PersistentContextEPfNS1_15DecoderTokenCtxES5_fiNS1_13FusedOptStateE' for 'sm_90a'
  ptxas info    : Function properties for _ZN2sg5fused4sm9027fused_decoder_megakernel_tcILNS1_5OptIdE5EEEvNS0_17PersistentContextEPfNS1_15DecoderTokenCtxES5_fiNS1_13FusedOptStateE
      736 bytes stack frame, 0 bytes spill stores, 0 bytes spill loads
  ptxas info    : Used 255 registers, 736 bytes cumulative stack size, 43444 bytes smem
  ptxas info    : Compiling entry function '_ZN2sg5fused4sm9027fused_decoder_megakernel_tcILNS1_5OptIdE6EEEvNS0_17PersistentContextEPfNS1_15DecoderTokenCtxES5_fiNS1_13FusedOptStateE' for 'sm_90a'
  ptxas info    : Function properties for _ZN2sg5fused4sm9027fused_decoder_megakernel_tcILNS1_5OptIdE6EEEvNS0_17PersistentContextEPfNS1_15DecoderTokenCtxES5_fiNS1_13FusedOptStateE
      736 bytes stack frame, 0 bytes spill stores, 0 bytes spill loads
  ptxas info    : Used 255 registers, 736 bytes cumulative stack size, 43188 bytes smem
  ptxas info    : Compiling entry function '_ZN2sg5fused4sm9027fused_decoder_megakernel_tcILNS1_5OptIdE3EEEvNS0_17PersistentContextEPfNS1_15DecoderTokenCtxES5_fiNS1_13FusedOptStateE' for 'sm_90a'
  ptxas info    : Function properties for _ZN2sg5fused4sm9027fused_decoder_megakernel_tcILNS1_5OptIdE3EEEvNS0_17PersistentContextEPfNS1_15DecoderTokenCtxES5_fiNS1_13FusedOptStateE
      736 bytes stack frame, 0 bytes spill stores, 0 bytes spill loads
  ptxas info    : Used 255 registers, 736 bytes cumulative stack size, 43188 bytes smem
  ptxas info    : Compiling entry function '_ZN2sg5fused4sm9027fused_decoder_megakernel_tcILNS1_5OptIdE2EEEvNS0_17PersistentContextEPfNS1_15DecoderTokenCtxES5_fiNS1_13FusedOptStateE' for 'sm_90a'
  ptxas info    : Function properties for _ZN2sg5fused4sm9027fused_decoder_megakernel_tcILNS1_5OptIdE2EEEvNS0_17PersistentContextEPfNS1_15DecoderTokenCtxES5_fiNS1_13FusedOptStateE
      736 bytes stack frame, 0 bytes spill stores, 0 bytes spill loads
  ptxas info    : Used 255 registers, 736 bytes cumulative stack size, 43188 bytes smem
  ptxas info    : Compiling entry function '_ZN2sg5fused4sm9027fused_decoder_megakernel_tcILNS1_5OptIdE1EEEvNS0_17PersistentContextEPfNS1_15DecoderTokenCtxES5_fiNS1_13FusedOptStateE' for 'sm_90a'
  ptxas info    : Function properties for _ZN2sg5fused4sm9027fused_decoder_megakernel_tcILNS1_5OptIdE1EEEvNS0_17PersistentContextEPfNS1_15DecoderTokenCtxES5_fiNS1_13FusedOptStateE
      736 bytes stack frame, 0 bytes spill stores, 0 bytes spill loads
  ptxas info    : Used 255 registers, 736 bytes cumulative stack size, 43188 bytes smem
  ptxas info    : Compiling entry function '_ZN2sg5fused4sm9027fused_decoder_megakernel_tcILNS1_5OptIdE0EEEvNS0_17PersistentContextEPfNS1_15DecoderTokenCtxES5_fiNS1_13FusedOptStateE' for 'sm_90a'
  ptxas info    : Function properties for _ZN2sg5fused4sm9027fused_decoder_megakernel_tcILNS1_5OptIdE0EEEvNS0_17PersistentContextEPfNS1_15DecoderTokenCtxES5_fiNS1_13FusedOptStateE
      736 bytes stack frame, 0 bytes spill stores, 0 bytes spill loads
  ptxas info    : Used 255 registers, 736 bytes cumulative stack size, 43188 bytes smem
  ptxas info    : Compiling entry function '_ZN3cub17CUB_200302_900_NS11EmptyKernelIvEEvv' for 'sm_90a'
  ptxas info    : Function properties for _ZN3cub17CUB_200302_900_NS11EmptyKernelIvEEvv
      0 bytes stack frame, 0 bytes spill stores, 0 bytes spill loads
  ptxas info    : Used 4 registers
  /workspace/SuperGrok1.5/./csrc/algorithms/muon.h(76): warning #737-D: using-declaration ignored -- it refers to the current namespace
    using sg::algorithms::adamw_step;
          ^

  Remark: The warnings can be suppressed with "-diag-suppress <warning-number>"

  [56/56] /usr/local/sccache-shim/nvcc --generate-dependencies-with-compile --dependency-output /dev/shm/tmp/tmp9icn1kre.build-temp/csrc/fused/sm_90/mega_vit_real_adamw_tc_launcher.o.d -DWITH_CUDA -DWITH_CUTLASS -I/workspace/SuperGrok1.5/. -I/workspace/SuperGrok1.5/csrc/bindings -I/workspace/SuperGrok1.5/csrc -I/workspace/SuperGrok1.5/third_party/cutlass/include -I/workspace/SuperGrok1.5/third_party/cutlass/tools/util/include -I/usr/local/lib/python3.11/dist-packages/torch/include -I/usr/local/lib/python3.11/dist-packages/torch/include/torch/csrc/api/include -I/usr/local/lib/python3.11/dist-packages/torch/include/TH -I/usr/local/lib/python3.11/dist-packages/torch/include/THC -I/usr/local/cuda/include -I/usr/include/python3.11 -c -c /workspace/SuperGrok1.5/csrc/fused/sm_90/mega_vit_real_adamw_tc_launcher.cu -o /dev/shm/tmp/tmp9icn1kre.build-temp/csrc/fused/sm_90/mega_vit_real_adamw_tc_launcher.o -D__CUDA_NO_HALF_OPERATORS__ -D__CUDA_NO_HALF_CONVERSIONS__ -D__CUDA_NO_BFLOAT16_CONVERSIONS__ -D__CUDA_NO_HALF2_OPERATORS__ --expt-relaxed-constexpr --compiler-options ''"'"'-fPIC'"'"'' -O3 -std=c++17 -DWITH_CUDA --expt-relaxed-constexpr -Xfatbin -compress-all -Xptxas --opt-level=3 -Xptxas -v -Xptxas --warn-on-spills --extra-device-vectorization -Xcompiler -fPIC -Xcompiler -fno-strict-aliasing -Xnvlink --suppress-stack-size-warning --resource-usage --default-stream per-thread --use_fast_math -DNDEBUG -lineinfo -gencode=arch=compute_90a,code=sm_90a -gencode=arch=compute_90,code=compute_90 -DWITH_CUTLASS -DCUTLASS_NVCC_ARCHS=90a -DTORCH_API_INCLUDE_EXTENSION_H '-DPYBIND11_COMPILER_TYPE="_gcc"' '-DPYBIND11_STDLIB="_libstdcpp"' '-DPYBIND11_BUILD_ABI="_cxxabi1011"' -DTORCH_EXTENSION_NAME=_ops -D_GLIBCXX_USE_CXX11_ABI=0
  /workspace/SuperGrok1.5/./csrc/algorithms/muon.h(76): warning #737-D: using-declaration ignored -- it refers to the current namespace
    using sg::algorithms::adamw_step;
          ^

  Remark: The warnings can be suppressed with "-diag-suppress <warning-number>"

  /workspace/SuperGrok1.5/./csrc/algorithms/muon.h(76): warning #737-D: using-declaration ignored -- it refers to the current namespace
    using sg::algorithms::adamw_step;
          ^

  Remark: The warnings can be suppressed with "-diag-suppress <warning-number>"

  ptxas info    : (C7515) Potential Performance Loss: wgmma.mma_async instructions are serialized due to non wgmma instructions defining accumulator registers of a wgmma between start and end of the pipeline stage in the function '_ZN2sg5fused4sm905vittc18vittc_forward_tileERKNS1_10VitWeightsEiiRKNS2_7VitActsERKNS2_14VitTileScratchEPKfPKiP13__nv_bfloat16SH_Pf'
  ptxas warning : Registers are spilled to local memory in function '_ZN2sg5fused4sm9023fused_vit_megakernel_tcILNS1_5OptIdE10EEEvNS0_17PersistentContextEPfNS1_11ViTInputCtxES5_fiNS1_13FusedOptStateE', 18240 bytes spill stores, 18980 bytes spill loads
  ptxas warning : Registers are spilled to local memory in function '_ZN2sg5fused4sm905vittc18vittc_forward_tileERKNS1_10VitWeightsEiiRKNS2_7VitActsERKNS2_14VitTileScratchEPKfPKiP13__nv_bfloat16SH_Pf', 48 bytes spill stores, 116 bytes spill loads
  ptxas info    : (C7515) Potential Performance Loss: wgmma.mma_async instructions are serialized due to non wgmma instructions defining accumulator registers of a wgmma between start and end of the pipeline stage in the function '_ZN2sg5fused4sm9023fused_vit_megakernel_tcILNS1_5OptIdE9EEEvNS0_17PersistentContextEPfNS1_11ViTInputCtxES5_fiNS1_13FusedOptStateE'
  ptxas warning : Registers are spilled to local memory in function '_ZN2sg5fused4sm9023fused_vit_megakernel_tcILNS1_5OptIdE9EEEvNS0_17PersistentContextEPfNS1_11ViTInputCtxES5_fiNS1_13FusedOptStateE', 15020 bytes spill stores, 15900 bytes spill loads
  ptxas info    : (C7515) Potential Performance Loss: wgmma.mma_async instructions are serialized due to non wgmma instructions defining accumulator registers of a wgmma between start and end of the pipeline stage in the function '_ZN2sg5fused4sm9023fused_vit_megakernel_tcILNS1_5OptIdE8EEEvNS0_17PersistentContextEPfNS1_11ViTInputCtxES5_fiNS1_13FusedOptStateE'
  ptxas warning : Registers are spilled to local memory in function '_ZN2sg5fused4sm9023fused_vit_megakernel_tcILNS1_5OptIdE8EEEvNS0_17PersistentContextEPfNS1_11ViTInputCtxES5_fiNS1_13FusedOptStateE', 15020 bytes spill stores, 15908 bytes spill loads
  ptxas info    : (C7515) Potential Performance Loss: wgmma.mma_async instructions are serialized due to non wgmma instructions defining accumulator registers of a wgmma between start and end of the pipeline stage in the function '_ZN2sg5fused4sm9023fused_vit_megakernel_tcILNS1_5OptIdE4EEEvNS0_17PersistentContextEPfNS1_11ViTInputCtxES5_fiNS1_13FusedOptStateE'
  ptxas warning : Registers are spilled to local memory in function '_ZN2sg5fused4sm9023fused_vit_megakernel_tcILNS1_5OptIdE4EEEvNS0_17PersistentContextEPfNS1_11ViTInputCtxES5_fiNS1_13FusedOptStateE', 15020 bytes spill stores, 15900 bytes spill loads
  ptxas info    : (C7515) Potential Performance Loss: wgmma.mma_async instructions are serialized due to non wgmma instructions defining accumulator registers of a wgmma between start and end of the pipeline stage in the function '_ZN2sg5fused4sm9023fused_vit_megakernel_tcILNS1_5OptIdE7EEEvNS0_17PersistentContextEPfNS1_11ViTInputCtxES5_fiNS1_13FusedOptStateE'
  ptxas warning : Registers are spilled to local memory in function '_ZN2sg5fused4sm9023fused_vit_megakernel_tcILNS1_5OptIdE7EEEvNS0_17PersistentContextEPfNS1_11ViTInputCtxES5_fiNS1_13FusedOptStateE', 8 bytes spill stores, 4 bytes spill loads
  ptxas info    : (C7515) Potential Performance Loss: wgmma.mma_async instructions are serialized due to non wgmma instructions defining accumulator registers of a wgmma between start and end of the pipeline stage in the function '_ZN2sg5fused4sm9023fused_vit_megakernel_tcILNS1_5OptIdE5EEEvNS0_17PersistentContextEPfNS1_11ViTInputCtxES5_fiNS1_13FusedOptStateE'
  ptxas info    : (C7515) Potential Performance Loss: wgmma.mma_async instructions are serialized due to non wgmma instructions defining accumulator registers of a wgmma between start and end of the pipeline stage in the function '_ZN2sg5fused4sm9023fused_vit_megakernel_tcILNS1_5OptIdE6EEEvNS0_17PersistentContextEPfNS1_11ViTInputCtxES5_fiNS1_13FusedOptStateE'
  ptxas info    : (C7515) Potential Performance Loss: wgmma.mma_async instructions are serialized due to non wgmma instructions defining accumulator registers of a wgmma between start and end of the pipeline stage in the function '_ZN2sg5fused4sm9023fused_vit_megakernel_tcILNS1_5OptIdE3EEEvNS0_17PersistentContextEPfNS1_11ViTInputCtxES5_fiNS1_13FusedOptStateE'
  ptxas warning : Registers are spilled to local memory in function '_ZN2sg5fused4sm9023fused_vit_megakernel_tcILNS1_5OptIdE3EEEvNS0_17PersistentContextEPfNS1_11ViTInputCtxES5_fiNS1_13FusedOptStateE', 8 bytes spill stores, 16 bytes spill loads
  ptxas info    : (C7515) Potential Performance Loss: wgmma.mma_async instructions are serialized due to non wgmma instructions defining accumulator registers of a wgmma between start and end of the pipeline stage in the function '_ZN2sg5fused4sm9023fused_vit_megakernel_tcILNS1_5OptIdE2EEEvNS0_17PersistentContextEPfNS1_11ViTInputCtxES5_fiNS1_13FusedOptStateE'
  ptxas info    : (C7515) Potential Performance Loss: wgmma.mma_async instructions are serialized due to non wgmma instructions defining accumulator registers of a wgmma between start and end of the pipeline stage in the function '_ZN2sg5fused4sm9023fused_vit_megakernel_tcILNS1_5OptIdE1EEEvNS0_17PersistentContextEPfNS1_11ViTInputCtxES5_fiNS1_13FusedOptStateE'
  ptxas info    : (C7515) Potential Performance Loss: wgmma.mma_async instructions are serialized due to non wgmma instructions defining accumulator registers of a wgmma between start and end of the pipeline stage in the function '_ZN2sg5fused4sm9023fused_vit_megakernel_tcILNS1_5OptIdE0EEEvNS0_17PersistentContextEPfNS1_11ViTInputCtxES5_fiNS1_13FusedOptStateE'
  ptxas info    : 23 bytes gmem
  ptxas info    : Compiling entry function '_ZN2sg5fused4sm9023fused_vit_megakernel_tcILNS1_5OptIdE10EEEvNS0_17PersistentContextEPfNS1_11ViTInputCtxES5_fiNS1_13FusedOptStateE' for 'sm_90a'
  ptxas info    : Function properties for _ZN2sg5fused4sm9023fused_vit_megakernel_tcILNS1_5OptIdE10EEEvNS0_17PersistentContextEPfNS1_11ViTInputCtxES5_fiNS1_13FusedOptStateE
      2272 bytes stack frame, 18240 bytes spill stores, 18980 bytes spill loads
  ptxas info    : Used 255 registers, 2272 bytes cumulative stack size, 9704 bytes smem
  ptxas info    : Function properties for _ZN2sg5fused4sm905vittc18vittc_forward_tileERKNS1_10VitWeightsEiiRKNS2_7VitActsERKNS2_14VitTileScratchEPKfPKiP13__nv_bfloat16SH_Pf
      0 bytes stack frame, 48 bytes spill stores, 116 bytes spill loads
  ptxas info    : Compiling entry function '_ZN2sg5fused4sm9023fused_vit_megakernel_tcILNS1_5OptIdE9EEEvNS0_17PersistentContextEPfNS1_11ViTInputCtxES5_fiNS1_13FusedOptStateE' for 'sm_90a'
  ptxas info    : Function properties for _ZN2sg5fused4sm9023fused_vit_megakernel_tcILNS1_5OptIdE9EEEvNS0_17PersistentContextEPfNS1_11ViTInputCtxES5_fiNS1_13FusedOptStateE
      1456 bytes stack frame, 15020 bytes spill stores, 15900 bytes spill loads
  ptxas info    : Used 255 registers, 1456 bytes cumulative stack size, 10212 bytes smem
  ptxas info    : Compiling entry function '_ZN2sg5fused4sm9023fused_vit_megakernel_tcILNS1_5OptIdE8EEEvNS0_17PersistentContextEPfNS1_11ViTInputCtxES5_fiNS1_13FusedOptStateE' for 'sm_90a'
  ptxas info    : Function properties for _ZN2sg5fused4sm9023fused_vit_megakernel_tcILNS1_5OptIdE8EEEvNS0_17PersistentContextEPfNS1_11ViTInputCtxES5_fiNS1_13FusedOptStateE
      1456 bytes stack frame, 15020 bytes spill stores, 15908 bytes spill loads
  ptxas info    : Used 255 registers, 1456 bytes cumulative stack size, 10340 bytes smem
  ptxas info    : Compiling entry function '_ZN2sg5fused4sm9023fused_vit_megakernel_tcILNS1_5OptIdE4EEEvNS0_17PersistentContextEPfNS1_11ViTInputCtxES5_fiNS1_13FusedOptStateE' for 'sm_90a'
  ptxas info    : Function properties for _ZN2sg5fused4sm9023fused_vit_megakernel_tcILNS1_5OptIdE4EEEvNS0_17PersistentContextEPfNS1_11ViTInputCtxES5_fiNS1_13FusedOptStateE
      1456 bytes stack frame, 15020 bytes spill stores, 15900 bytes spill loads
  ptxas info    : Used 255 registers, 1456 bytes cumulative stack size, 9700 bytes smem
  ptxas info    : Compiling entry function '_ZN2sg5fused4sm9023fused_vit_megakernel_tcILNS1_5OptIdE7EEEvNS0_17PersistentContextEPfNS1_11ViTInputCtxES5_fiNS1_13FusedOptStateE' for 'sm_90a'
  ptxas info    : Function properties for _ZN2sg5fused4sm9023fused_vit_megakernel_tcILNS1_5OptIdE7EEEvNS0_17PersistentContextEPfNS1_11ViTInputCtxES5_fiNS1_13FusedOptStateE
      688 bytes stack frame, 8 bytes spill stores, 4 bytes spill loads
  ptxas info    : Used 255 registers, 688 bytes cumulative stack size, 9828 bytes smem
  ptxas info    : Compiling entry function '_ZN2sg5fused4sm9023fused_vit_megakernel_tcILNS1_5OptIdE5EEEvNS0_17PersistentContextEPfNS1_11ViTInputCtxES5_fiNS1_13FusedOptStateE' for 'sm_90a'
  ptxas info    : Function properties for _ZN2sg5fused4sm9023fused_vit_megakernel_tcILNS1_5OptIdE5EEEvNS0_17PersistentContextEPfNS1_11ViTInputCtxES5_fiNS1_13FusedOptStateE
      672 bytes stack frame, 0 bytes spill stores, 0 bytes spill loads
  ptxas info    : Used 255 registers, 672 bytes cumulative stack size, 9956 bytes smem
  ptxas info    : Compiling entry function '_ZN2sg5fused4sm9023fused_vit_megakernel_tcILNS1_5OptIdE6EEEvNS0_17PersistentContextEPfNS1_11ViTInputCtxES5_fiNS1_13FusedOptStateE' for 'sm_90a'
  ptxas info    : Function properties for _ZN2sg5fused4sm9023fused_vit_megakernel_tcILNS1_5OptIdE6EEEvNS0_17PersistentContextEPfNS1_11ViTInputCtxES5_fiNS1_13FusedOptStateE
      672 bytes stack frame, 0 bytes spill stores, 0 bytes spill loads
  ptxas info    : Used 255 registers, 672 bytes cumulative stack size, 9700 bytes smem
  ptxas info    : Compiling entry function '_ZN2sg5fused4sm9023fused_vit_megakernel_tcILNS1_5OptIdE3EEEvNS0_17PersistentContextEPfNS1_11ViTInputCtxES5_fiNS1_13FusedOptStateE' for 'sm_90a'
  ptxas info    : Function properties for _ZN2sg5fused4sm9023fused_vit_megakernel_tcILNS1_5OptIdE3EEEvNS0_17PersistentContextEPfNS1_11ViTInputCtxES5_fiNS1_13FusedOptStateE
      688 bytes stack frame, 8 bytes spill stores, 16 bytes spill loads
  ptxas info    : Used 255 registers, 688 bytes cumulative stack size, 9700 bytes smem
  ptxas info    : Compiling entry function '_ZN2sg5fused4sm9023fused_vit_megakernel_tcILNS1_5OptIdE2EEEvNS0_17PersistentContextEPfNS1_11ViTInputCtxES5_fiNS1_13FusedOptStateE' for 'sm_90a'
  ptxas info    : Function properties for _ZN2sg5fused4sm9023fused_vit_megakernel_tcILNS1_5OptIdE2EEEvNS0_17PersistentContextEPfNS1_11ViTInputCtxES5_fiNS1_13FusedOptStateE
      672 bytes stack frame, 0 bytes spill stores, 0 bytes spill loads
  ptxas info    : Used 255 registers, 672 bytes cumulative stack size, 9700 bytes smem
  ptxas info    : Compiling entry function '_ZN2sg5fused4sm9023fused_vit_megakernel_tcILNS1_5OptIdE1EEEvNS0_17PersistentContextEPfNS1_11ViTInputCtxES5_fiNS1_13FusedOptStateE' for 'sm_90a'
  ptxas info    : Function properties for _ZN2sg5fused4sm9023fused_vit_megakernel_tcILNS1_5OptIdE1EEEvNS0_17PersistentContextEPfNS1_11ViTInputCtxES5_fiNS1_13FusedOptStateE
      672 bytes stack frame, 0 bytes spill stores, 0 bytes spill loads
  ptxas info    : Used 255 registers, 672 bytes cumulative stack size, 9700 bytes smem
  ptxas info    : Compiling entry function '_ZN2sg5fused4sm9023fused_vit_megakernel_tcILNS1_5OptIdE0EEEvNS0_17PersistentContextEPfNS1_11ViTInputCtxES5_fiNS1_13FusedOptStateE' for 'sm_90a'
  ptxas info    : Function properties for _ZN2sg5fused4sm9023fused_vit_megakernel_tcILNS1_5OptIdE0EEEvNS0_17PersistentContextEPfNS1_11ViTInputCtxES5_fiNS1_13FusedOptStateE
      672 bytes stack frame, 0 bytes spill stores, 0 bytes spill loads
  ptxas info    : Used 255 registers, 672 bytes cumulative stack size, 9700 bytes smem
  ptxas info    : Compiling entry function '_ZN3cub17CUB_200302_900_NS11EmptyKernelIvEEvv' for 'sm_90a'
  ptxas info    : Function properties for _ZN3cub17CUB_200302_900_NS11EmptyKernelIvEEvv
      0 bytes stack frame, 0 bytes spill stores, 0 bytes spill loads
  ptxas info    : Used 4 registers
  /workspace/SuperGrok1.5/./csrc/algorithms/muon.h(76): warning #737-D: using-declaration ignored -- it refers to the current namespace
    using sg::algorithms::adamw_step;
          ^

  Remark: The warnings can be suppressed with "-diag-suppress <warning-number>"

  creating /dev/shm/tmp/tmp8lkerl4o.build-lib/grokking_optimizers
  x86_64-linux-gnu-g++ -Wsign-compare -DNDEBUG -g -fwrapv -O2 -Wall -g -fstack-protector-strong -Wformat -Werror=format-security -g -fwrapv -O2 -shared -Wl,-O1 -Wl,-Bsymbolic-functions /dev/shm/tmp/tmp9icn1kre.build-temp/csrc/backends/cuda/sm_90/launch_adamw.o /dev/shm/tmp/tmp9icn1kre.build-temp/csrc/backends/cuda/sm_90/launch_grokadamw.o /dev/shm/tmp/tmp9icn1kre.build-temp/csrc/backends/cuda/sm_90/launch_grokfast.o /dev/shm/tmp/tmp9icn1kre.build-temp/csrc/backends/cuda/sm_90/launch_lion.o /dev/shm/tmp/tmp9icn1kre.build-temp/csrc/backends/cuda/sm_90/launch_looksam.o /dev/shm/tmp/tmp9icn1kre.build-temp/csrc/backends/cuda/sm_90/launch_muon.o /dev/shm/tmp/tmp9icn1kre.build-temp/csrc/backends/cuda/sm_90/launch_neuralgrok.o /dev/shm/tmp/tmp9icn1kre.build-temp/csrc/backends/cuda/sm_90/launch_prodigy.o /dev/shm/tmp/tmp9icn1kre.build-temp/csrc/backends/cuda/sm_90/launch_supergrok11.o /dev/shm/tmp/tmp9icn1kre.build-temp/csrc/backends/cuda/sm_90/launch_supergrok15.o /dev/shm/tmp/tmp9icn1kre.build-temp/csrc/backends/cuda/sm_90/launch_supergrok2.o /dev/shm/tmp/tmp9icn1kre.build-temp/csrc/backends/cuda/sm_90/models/decoder.o /dev/shm/tmp/tmp9icn1kre.build-temp/csrc/backends/cuda/sm_90/models/mamba.o /dev/shm/tmp/tmp9icn1kre.build-temp/csrc/backends/cuda/sm_90/models/vit.o /dev/shm/tmp/tmp9icn1kre.build-temp/csrc/bindings/bindings.o /dev/shm/tmp/tmp9icn1kre.build-temp/csrc/bindings/dispatch.o /dev/shm/tmp/tmp9icn1kre.build-temp/csrc/fused/sm_90/mega_decoder_real_adamw.o /dev/shm/tmp/tmp9icn1kre.build-temp/csrc/fused/sm_90/mega_decoder_real_adamw_tc_launcher.o /dev/shm/tmp/tmp9icn1kre.build-temp/csrc/fused/sm_90/mega_mamba3_adamw.o /dev/shm/tmp/tmp9icn1kre.build-temp/csrc/fused/sm_90/mega_mamba3_grokadamw.o /dev/shm/tmp/tmp9icn1kre.build-temp/csrc/fused/sm_90/mega_mamba3_grokfast.o /dev/shm/tmp/tmp9icn1kre.build-temp/csrc/fused/sm_90/mega_mamba3_lion.o /dev/shm/tmp/tmp9icn1kre.build-temp/csrc/fused/sm_90/mega_mamba3_looksam.o /dev/shm/tmp/tmp9icn1kre.build-temp/csrc/fused/sm_90/mega_mamba3_muon.o /dev/shm/tmp/tmp9icn1kre.build-temp/csrc/fused/sm_90/mega_mamba3_neuralgrok.o /dev/shm/tmp/tmp9icn1kre.build-temp/csrc/fused/sm_90/mega_mamba3_prodigy.o /dev/shm/tmp/tmp9icn1kre.build-temp/csrc/fused/sm_90/mega_mamba3_supergrok11.o /dev/shm/tmp/tmp9icn1kre.build-temp/csrc/fused/sm_90/mega_mamba3_supergrok15.o /dev/shm/tmp/tmp9icn1kre.build-temp/csrc/fused/sm_90/mega_mamba3_supergrok2.o /dev/shm/tmp/tmp9icn1kre.build-temp/csrc/fused/sm_90/mega_mamba_real_adamw.o /dev/shm/tmp/tmp9icn1kre.build-temp/csrc/fused/sm_90/mega_mamba_real_adamw_tc_launcher.o /dev/shm/tmp/tmp9icn1kre.build-temp/csrc/fused/sm_90/mega_transformer_decoder_adamw.o /dev/shm/tmp/tmp9icn1kre.build-temp/csrc/fused/sm_90/mega_transformer_decoder_grokadamw.o /dev/shm/tmp/tmp9icn1kre.build-temp/csrc/fused/sm_90/mega_transformer_decoder_grokfast.o /dev/shm/tmp/tmp9icn1kre.build-temp/csrc/fused/sm_90/mega_transformer_decoder_lion.o /dev/shm/tmp/tmp9icn1kre.build-temp/csrc/fused/sm_90/mega_transformer_decoder_looksam.o /dev/shm/tmp/tmp9icn1kre.build-temp/csrc/fused/sm_90/mega_transformer_decoder_muon.o /dev/shm/tmp/tmp9icn1kre.build-temp/csrc/fused/sm_90/mega_transformer_decoder_neuralgrok.o /dev/shm/tmp/tmp9icn1kre.build-temp/csrc/fused/sm_90/mega_transformer_decoder_prodigy.o /dev/shm/tmp/tmp9icn1kre.build-temp/csrc/fused/sm_90/mega_transformer_decoder_supergrok11.o /dev/shm/tmp/tmp9icn1kre.build-temp/csrc/fused/sm_90/mega_transformer_decoder_supergrok15.o /dev/shm/tmp/tmp9icn1kre.build-temp/csrc/fused/sm_90/mega_transformer_decoder_supergrok2.o /dev/shm/tmp/tmp9icn1kre.build-temp/csrc/fused/sm_90/mega_vit_adamw.o /dev/shm/tmp/tmp9icn1kre.build-temp/csrc/fused/sm_90/mega_vit_grokadamw.o /dev/shm/tmp/tmp9icn1kre.build-temp/csrc/fused/sm_90/mega_vit_grokfast.o /dev/shm/tmp/tmp9icn1kre.build-temp/csrc/fused/sm_90/mega_vit_lion.o /dev/shm/tmp/tmp9icn1kre.build-temp/csrc/fused/sm_90/mega_vit_looksam.o /dev/shm/tmp/tmp9icn1kre.build-temp/csrc/fused/sm_90/mega_vit_muon.o /dev/shm/tmp/tmp9icn1kre.build-temp/csrc/fused/sm_90/mega_vit_neuralgrok.o /dev/shm/tmp/tmp9icn1kre.build-temp/csrc/fused/sm_90/mega_vit_prodigy.o /dev/shm/tmp/tmp9icn1kre.build-temp/csrc/fused/sm_90/mega_vit_real_adamw.o /dev/shm/tmp/tmp9icn1kre.build-temp/csrc/fused/sm_90/mega_vit_real_adamw_tc_launcher.o /dev/shm/tmp/tmp9icn1kre.build-temp/csrc/fused/sm_90/mega_vit_supergrok11.o /dev/shm/tmp/tmp9icn1kre.build-temp/csrc/fused/sm_90/mega_vit_supergrok15.o /dev/shm/tmp/tmp9icn1kre.build-temp/csrc/fused/sm_90/mega_vit_supergrok2.o /dev/shm/tmp/tmp9icn1kre.build-temp/csrc/fused/sm_90/sg2_meta_tail.o -L/usr/local/lib/python3.11/dist-packages/torch/lib -L/usr/local/cuda/lib64 -L/usr/lib/x86_64-linux-gnu -lc10 -ltorch -ltorch_cpu -ltorch_python -lcudart -lc10_cuda -ltorch_cuda -o /dev/shm/tmp/tmp8lkerl4o.build-lib/grokking_optimizers/_ops.cpython-311-x86_64-linux-gnu.so
  copying /dev/shm/tmp/tmp8lkerl4o.build-lib/grokking_optimizers/_ops.cpython-311-x86_64-linux-gnu.so -> grokking_optimizers
  running egg_info
  creating /dev/shm/tmp/tmp9icn1kre.build-temp/grokking_optimizers.egg-info
  writing /dev/shm/tmp/tmp9icn1kre.build-temp/grokking_optimizers.egg-info/PKG-INFO
  writing dependency_links to /dev/shm/tmp/tmp9icn1kre.build-temp/grokking_optimizers.egg-info/dependency_links.txt
  writing requirements to /dev/shm/tmp/tmp9icn1kre.build-temp/grokking_optimizers.egg-info/requires.txt
  writing top-level names to /dev/shm/tmp/tmp9icn1kre.build-temp/grokking_optimizers.egg-info/top_level.txt
  writing manifest file '/dev/shm/tmp/tmp9icn1kre.build-temp/grokking_optimizers.egg-info/SOURCES.txt'
  reading manifest file '/dev/shm/tmp/tmp9icn1kre.build-temp/grokking_optimizers.egg-info/SOURCES.txt'
  reading manifest template 'MANIFEST.in'
  warning: no previously-included files matching '*.pyc' found anywhere in distribution
  warning: no previously-included files matching '*.pyo' found anywhere in distribution
  warning: no previously-included files matching '__pycache__/*' found anywhere in distribution
  no previously-included directories found matching 'build'
  no previously-included directories found matching 'dist'
  no previously-included directories found matching '.git'
  adding license file 'LICENSE'
  writing manifest file '/dev/shm/tmp/tmp9icn1kre.build-temp/grokking_optimizers.egg-info/SOURCES.txt'
  Editable install will be performed using a meta path finder.

  Options like `package-data`, `include/exclude-package-data` or
  `packages.find.exclude/include` may have no effect.

  adding '__editable___grokking_optimizers_3_0_0_finder.py'
  adding '__editable__.grokking_optimizers-3.0.0.pth'
  creating '/dev/shm/tmp/pip-wheel-br26xhj6/.tmp-c5dbmsis/grokking_optimizers-3.0.0-0.editable-cp311-cp311-linux_x86_64.whl' and adding '/dev/shm/tmp/tmpoq58eh24grokking_optimizers-3.0.0-0.editable-cp311-cp311-linux_x86_64.whl' to it
  adding 'grokking_optimizers-3.0.0.dist-info/LICENSE'
  adding 'grokking_optimizers-3.0.0.dist-info/METADATA'
  adding 'grokking_optimizers-3.0.0.dist-info/WHEEL'
  adding 'grokking_optimizers-3.0.0.dist-info/top_level.txt'
  adding 'grokking_optimizers-3.0.0.dist-info/RECORD'
  /usr/local/lib/python3.11/dist-packages/setuptools/command/editable_wheel.py:343: InformationOnly: Editable installation.
  !!

          ********************************************************************************
          Please be careful with folders in your working directory with the same
          name as your package as they may take precedence during imports.
          ********************************************************************************

  !!
    with strategy, WheelFile(wheel_path, "w") as wheel_obj:
  Building editable for grokking-optimizers (pyproject.toml): finished with status 'done'
  Created wheel for grokking-optimizers: filename=grokking_optimizers-3.0.0-0.editable-cp311-cp311-linux_x86_64.whl size=12603 sha256=a47e52457569b76d197619a2a744efa98fd5b8fb76e1efae56bae61d74abe6b7
  Stored in directory: /dev/shm/tmp/pip-ephem-wheel-cache-2dvxyqer/wheels/05/84/a2/cc4100fa1b99cd58ff32e0df6e549e4591c3289b6e96ce9626
Successfully built grokking-optimizers
Installing collected packages: grokking-optimizers
  Attempting uninstall: grokking-optimizers
    Found existing installation: grokking-optimizers 3.0.0
    Uninstalling grokking-optimizers-3.0.0:
      Removing file or directory /usr/local/lib/python3.11/dist-packages/__editable__.grokking_optimizers-3.0.0.pth
      Removing file or directory /usr/local/lib/python3.11/dist-packages/__editable___grokking_optimizers_3_0_0_finder.py
      Removing file or directory /usr/local/lib/python3.11/dist-packages/__pycache__/__editable___grokking_optimizers_3_0_0_finder.cpython-311.pyc
      Removing file or directory /usr/local/lib/python3.11/dist-packages/grokking_optimizers-3.0.0.dist-info/
      Successfully uninstalled grokking-optimizers-3.0.0
Successfully installed grokking-optimizers-3.0.0
WARNING: Running pip as the 'root' user can result in broken permissions and conflicting behaviour with the system package manager, possibly rendering your system unusable.It is recommended to use a virtual environment instead: https://pip.pypa.io/warnings/venv. Use the --root-user-action option if you know what you are doing and want to suppress this warning.

[notice] A new release of pip is available: 24.2 -> 26.1.2
[notice] To update, run: python -m pip install --upgrade pip
