{
  "summary": "Phase 0: exhaustive parallel reread of SuperGrok1.5 + compile.py capability reconcile + prompt-contradiction sweep",
  "agentCount": 11,
  "logs": [
    "parallel[6] failed: agent({schema}): StructuredOutput retry cap (5) exceeded — 5 failed calls with no valid output",
    "Phase0 readers complete: 10/11"
  ],
  "result": [
    {
      "name": "01_harness_data",
      "subsystem": "Training harness, datasets, eval, and the experiment matrix (grokking_race_v2.py)",
      "status_summary": "grokking_race_v2.py (2505 lines) is the race driver: it trains 11 optimizers across 3 models (Decoder Transformer, ViT, Mamba-3) on mod-97 algorithmic tasks, full-batch, with every step routed through a PURE L3-TC persistent wgmma megakernel (no eager fallback — non-L3 conditions hard-raise). The current data is exclusively the modular-arithmetic tasks (decoder: a÷b mod 97, 9312 samples; vit: MNIST (a+b) mod 97, 9409; mamba: chained division, 9312); FineWeb-Edu/ImageNet/GiftEval appear nowhere in the tree (Phase-3 future work). evaluate() and _eval_log forward the WHOLE held-out tensors each eval (fine at race scale, catastrophic at flagship d=1600/1664/2048, L=24-48). The race stops on VAL accuracy >=0.95 held 50 evals (early_stop_on='val'), NOT test — test is only the confirmation/report metric. The default driver MODE='D' is a full sweep: 11 optimizers x 5 seeds x 4 splits x 3 models = 660 runs at a 20000-step budget. The 33-cell / 44->99 megakernel architecture, single-source math drift guard, and MultiGPUTimingPool are all present and match the prompt; the cell registries (_FUSED_L3_REAL, _L3_WGMMA_CELLS) each contain exactly 33 unique (model,optimizer) pairs and _ops.so is built (33 MB).",
      "key_facts": [
        "3 models at RACE scale: decoder d_model=128/n_heads=4/n_layers=2/vocab=99/seq=4 (grokking_race_v2.py:261,502); ViT patch_dim=49/num_patches=16/d=128/h=4/nl=2/num_classes=p=97 (:417,423); Mamba-3 d=128/nl=2/state_dim=128/head_dim=64/expand=2/mlp_ratio=2/seq_len=8 (mamba3_block.py:601-614, _raw_model :512-515).",
        "3 models at FLAGSHIP/bench scale (MODEL_SCALES_BY_MODEL['flagship']): decoder dim_model=1600/heads=25/layers=48 (~1.5B GPT-2 XL); vit 1664/16/48 (~1.8B ViT-G/14); mamba 2048/heads=32/layers=24/state=128/head_dim=64/mlp_ratio=2 (~1.5B) — grokking_race_v2.py:251-255.",
        "Toy MODEL_SCALES (MODE E only): small{128,4,2}~420K, medium{256,8,4}~3.5M, large{512,8,6}~20M — grokking_race_v2.py:231-235.",
        "Data is mod-97 only (p=97, DEFAULT_CONFIG:260): decoder make_data a*b^-1 mod p = 9312 samples (:295-311); vit MNIST (a+b) mod p = 9409 (:314-344); mamba chained division chain_length=3 = 9312 (:347-370). NO fineweb/imagenet/gifteval anywhere in tree.",
        "Split scheme SPLITS=[0.10,0.25,0.50,0.80] (frac_train axis, :2428); val_ratio=0.10 default, auto 0.05 on 10/90 (:1825). At ft=0.50 decoder: train=4191/val=465/test=4656 — the prompt's '~4656' is the TEST split at 50/50, not the dataset size (9312).",
        "Training is FULL-BATCH: all 11 train loops pass whole tx,ty into _try_fused_train_step every step (e.g. :997,:1072,:1374; explicit note :1029-1035). No minibatching/DataLoader.",
        "evaluate() (:535-540) forwards the entire x in one model(x); acc uses logits[:, :97] (vocab 99 = p + op_tok + eq_tok). _eval_log (:740-747) forwards full train+val+test each eval, single device->host sync.",
        "EarlyStopper (:542-569): threshold=0.95, max_steps=20000, patience=50 EVALS (=500 steps at eval_every=10, :283-287). Stops on VAL acc (early_stop_on='val' :269, _stopper :690), not test. grokking_step_test_confirmed (:818-830) is the test-side check.",
        "_progressive_eval_freq(step, base_freq=10, max_freq=50, scale=0.01, thresh=500) at :696-700 is DEFINED but NOT called by live train loops (they use fixed eval_every=10, e.g. :998). Likely legacy/tuner helper.",
        "THE MATRIX (MODE='D' :2393, run_full_sweep :2051): 11 optimizers (ALL_OPTIMIZERS :2398) x 5 seeds [42,123,456,1337,3407] (SEEDS_BCD :2431) x 4 splits [0.10,0.25,0.50,0.80] (:2428) x 3 models [decoder,vit,mamba] (:2441) = 660 runs (:2446). Step budget = 20000 (early_stop_max_steps, :2314/:2405/:2415), NOT 15k.",
        "33 cells confirmed: _FUSED_L3_REAL (dispatch.py:630) and _L3_WGMMA_CELLS (:1310) each have exactly 33 unique (model,optimizer) members, 11 per model (transformer_decoder/vit/mamba3) — verified by AST eval. 99 cells = 33 x 3 archs.",
        "Optimizer key mapping: registry 'supergrok' -> dispatch key 'supergrok11', plus 'supergrok15','supergrok2' (OPT_KEY_BY_NAME :764-769, train loops :1215/:1308/:1374).",
        "L3 megakernel substrate: FusionTier.L3_FWD_BWD_OPT=3 'one persistent kernel: forward + backward + optimizer' (megakernel.py:49); barriers B0->P1(fwd+bwd combined)->B1->P2(reduce)->B2->P3(opt), 1 CTA/SM 256 thr (fused_decoder_megakernel.cuh:20-37,:294). _ops.so built (33MB).",
        "PURE L3-TC: _try_fused_train_step (:900-976) and _record_train_path (:771-800) RAISE on any non-L3 condition (fusion off, AMP on, no wgmma engine, stale ABI) — no eager/L1/scalar fallback.",
        "MultiGPUTimingPool at compile.py:4874 is an autotune-sweep timing pool (work-stealing across visible GPUs), not a training-timing pool (:4875-4890). Drift guard scripts/check_math_single_source.py exists (26693 bytes), wired as math_drift_guard self-test (compile.py:26799-26846).",
        "Dead code: in-file MambaModel/SelectiveSSMLayer (:434-489, state_dim=16) superseded by Mamba3Model (never instantiated); _maybe_wrap_cuda_graph (:895) is a no-op shim."
      ],
      "prompt_contradictions": [
        "Prompt: 'EarlyStopper currently triggers on 95% TEST accuracy.' CODE: the race stops on VAL accuracy (DEFAULT_CONFIG['early_stop_on']='val' grokking_race_v2.py:269; _stopper picks metric_name='val_acc' :690). Threshold 0.95 is correct but the metric is val, not test; test is only the post-hoc confirmation (grokking_step_test_confirmed :818-830).",
        "Prompt: 'mod-97 ~4656 samples.' CODE: 4656 is the TEST split at frac_train=0.50 only; full datasets are 9312 (decoder/mamba make_data :306, make_sequential_division :350) and 9409 (vit p*p :331). At the 10/90 split the test set is 8381 samples (grokking_race_v2.py:2428 + make_data math).",
        "Prompt: 'fused-megakernel ... fwd->barrier->bwd->barrier->opt.' CODE: forward and backward are NOT separated by a barrier — they run together per-sample in phase P1; the actual barrier topology is B0(zero)->P1(fwd+bwd)->B1->P2(deterministic reduce)->B2->P3(optimizer), no barrier after P3 (csrc/fused/sm_90/fused_decoder_megakernel.cuh:20-37).",
        "Prompt: 'step-budget (e.g. 15k).' CODE: the configured budget is 20000 steps (early_stop_max_steps default 20000, argparse :2314; _common max_steps=args.early_stop_max_steps :2405/:2415). DEFAULT_CONFIG['max_steps']=100000 (:263) is overridden by _common. No 15000 anywhere.",
        "Prompt: 'MultiGPUTimingPool is THE cross-GPU timing pool.' CODE: it is specifically the JIT-autotune sweep timing pool (fans an autotune sweep across visible GPUs via work-stealing, compile.py:4874-4890), not the race's cross-GPU training distributor (that is the mp.Process work-stealing queue in run_pipeline :1896-1961)."
      ],
      "open_questions": [
        "Does the L3-TC megakernel actually FIRE on this node for all 33 cells, or do some cells hard-raise at runtime (PURE L3-TC has no fallback, so a missing wgmma engine aborts the run)? _ops.so is built but per-cell silicon validation is Phase 1/4.",
        "Scale-up gap: the flagship configs change only model dims but eval still forwards the whole (up to 8381-sample) test tensor full-batch — is there ANY batched/sampled eval path planned, or does Phase 3 require rewriting evaluate()/_eval_log entirely for LM/forecasting metrics?",
        "There is NO LM/forecasting/ImageNet stopping analog: EarlyStopper is acc>=0.95 only. What replaces the grokking-acc trigger when Phase 3 swaps in FineWeb-Edu (perplexity), GiftEval (forecast loss), ImageNet (top-1)?",
        "_progressive_eval_freq is defined but unused by live loops — is it intended to be wired in, or dead? Confirm with the tuner code in Phase 2.",
        "supergrok2's architecture config (sg2_d_model=8, 144 experts, gru_hidden=4 :2274-2275) is tiny; how does the SG2 meta-net megakernel cell (opt_stage_supergrok2.cuh, sg2_meta_tail.cu) reconcile with the '11 optimizers' SG2 claims — Phase 2/4 needs to verify the meta-net actually runs in-kernel."
      ],
      "digest_path": "/workspace/phase0/training_harness_datasets_eval_matrix.md"
    },
    {
      "name": "02_optimizers_math",
      "subsystem": "The 11 optimizers + canonical math + single-source drift guard",
      "status_summary": "The stack has 11 optimizers, each with exactly one canonical per-element CUDA math home in csrc/algorithms/<opt>.h and a torch.optim subclass in grokking_optimizers/optimizers/<opt>.py (no Python execution fallback — the compiled kernel is the only path). OptIds 0..10 are AdamW, Lion, Grokfast, GrokAdamW, LookSAM, Prodigy, NeuralGrok, Muon, SuperGrok11, SuperGrok15, SuperGrok2 (opt_components.cuh:53-57). The single-source contract (SOURCE_OF_TRUTH.md) is enforced by scripts/check_math_single_source.py with three teeth: (1) structural — the surviving includable CUDA consumer csrc/fused/sm_90/opt_components.cuh must #include every canonical header AND call its apply symbol (1b re-inline scan + 1c SG11 cosine-gate scan), (2) content-hash manifest of the normalized canonical .h, (3) manifest-drift FAIL forcing a deliberate --update-manifest. The guard is wired into compile.py --self-test as math_drift_guard (compile.py:26799-26846) with a passes-clean + triggers-on-divergence + structural sub-check; running it live returns exit 0. SuperGrok2 is the documented exception: opt_components.cuh does NOT include supergrok2.h or call sg2_apply_step — it runs adamw_step on a precomputed st.smart_grad from a separate CSA/HCA+PEER meta-net launch, so the guard WARNs (non-fatal) for SG2. The full architecture is 99 cells (3 models x 11 optimizers x 3 archs); 33 is the per-arch (sm_90) slice. The drift surfaces that exist are: SG11/SG15/SG2 .py-vs-.h are hand-synced with no automated cross-check (only the .h is hashed), and GrokAdamW's EMA filter is re-inlined in opt_components.cuh:453-455 in a form the re-inline regexes do not catch.",
      "key_facts": [
        "11 optimizers, OptId enum 0..10: AdamW=0 Lion=1 Grokfast=2 GrokAdamW=3 LookSAM=4 Prodigy=5 NeuralGrok=6 Muon=7 SuperGrok11=8 SuperGrok15=9 SuperGrok2=10 (csrc/fused/sm_90/opt_components.cuh:53-57); string->int map dispatch.cpp:592-613",
        "Canonical math homes: csrc/algorithms/{adamw,lion,grokfast,grokadamw,looksam,prodigy,neuralgrok,muon,supergrok11,supergrok15,supergrok2}.h; OPTS list check_math_single_source.py:51-54",
        "State shapes: AdamW/Lion exp_avg(+exp_avg_sq) only (adamw.py:139-140, lion.py:109, EXTRA None); Grokfast/GrokAdamW add ema (EXTRA ema); LookSAM adds sam_direction (EXTRA sam_dir); Prodigy adds s + param_init + scalar d_factor (EXTRA s_track); NeuralGrok exp_avg/sq + per-tensor psi-net weights packed in 'extra' W1|b1|W2|b2 kPsiHidden=16 (EXTRA None); Muon momentum_buffer 2D + separate AdamW 1D group (EXTRA orth); SG11/SG15 flat exp_avgs/sqs/mus + phi-net H=32 (EXTRA mu); SG2 EXTRA smart_grad (megakernel_codegen.py:99-111)",
        "Single-source 3 triggers (check_math_single_source.py:4-41): (1) consumer stops #including canonical header [+1b re-inline scan lines 195-201, +1c SG11 cosine den_m/den_g scan lines 217-220]; (2/3) content-hash manifest drift forces deliberate --update-manifest",
        "WS-F5 fused-consumer hardening: opt_components.cuh must #include AND call each apply symbol; _FUSED_APPLY_SYMBOL (check_math_single_source.py:290-302): adamw_step, lion_step, grokfast_fused_step, grokadamw_adam_tail, looksam_apply_step, prodigy_apply_step, neuralgrok_apply_step, muon_update_step, sg11_sweep_b_step, sg15_sweep_b_step; SG2 intentionally absent",
        "Manifest hashes (scripts/optimizer_math_manifest.json:4-16): adamw 63b7c22c, grokadamw a013e986, grokfast bf992846, lion c0fa0929, looksam ce767425, muon 6e475a84, neuralgrok 7d8cebb4, prodigy 42185881, supergrok11 0e7089cd, supergrok15 fcef03e5, supergrok2 fdf5c82e; binding_regions {} (BINDING_FUNCS=() per Task #10, check_math_single_source.py:78)",
        "Drift guard wired into --self-test as math_drift_guard (compile.py:26799-26846, invoked :26920): sub-checks math_drift_guard_passes_clean, math_drift_guard_triggers_on_divergence (monkeypatches normalized_math_hash->'deadbeef' for adamw, asserts DRIFT flagged), math_structural_single_source",
        "Live run: python3 scripts/check_math_single_source.py exits 0 ('OK — single-source structural invariant holds AND no canonical-math drift') with one non-fatal WARN that opt_components.cuh does not #include supergrok2.h",
        "SG2 exception: opt_components.cuh:511-519 runs adamw_step on precomputed st.smart_grad from separate CSA/HCA+PEER launch; documented opt_components.cuh:43-45; guard SG2_SEPARATE_PATH -> WARN not FAIL (check_math_single_source.py:301,313,402-414)",
        "SG2 self-documented fused-path gap: supergrok2.h:549-578 — the fused SG2 tail does NOT call sg2_apply_step and cannot add the restored grokfast lamb_eff*slow_new term; the separate meta-net launch filling FusedOptState.smart_grad must fold it in",
        "Architecture is 99 cells = 3 models x 11 optimizers x 3 archs (megakernel_codegen.py:68,386,445; README.md:421-440 '44 components -> 99 pipelines'); 33 = per-arch sm_90 slice (fused_dispatch_table 'all 33 real sm_90 cell launchers' megakernel_codegen.py:470)",
        "Persistent megakernel confirmed: fused_decoder_megakernel.cuh:5 'ONE persistent kernel per training step', :184 gridDim.x=#SMs one CTA/SM 256 threads, :22 P1 batch-parallel fwd+bwd, :376 persistent grid-barrier, :663 phase list incl 'B1 barrier wait'; example cell mega_transformer_decoder_adamw.cu regs=168/255 smem=66560/233472 tier L3_FWD_BWD_OPT",
        "Data: all 3 models train on mod-97 (p=97): decoder (a/b) mod 97, ViT MNIST (a+b) mod 97, Mamba (a/b1/b2/b3) mod 97 (grokking_race_v2.py:8-10,497); evaluate() forwards whole x: 'logits = model(x)' (grokking_race_v2.py:536-540); EarlyStopper default threshold=0.95 metric_name=test_acc, triggers if metric_acc>=threshold (grokking_race_v2.py:543,558)",
        "MultiGPUTimingPool confirmed at compile.py:4874 — work-stealing JIT autotune sweep across visible GPUs with cross-GPU timing calibration (compile.py:4917,4981,5006)",
        "Zero references to FineWeb/GiftEval/ImageNet anywhere in .py/.md (grep count 0) — Phase 3 datasets are future work; mod-97 is the only live data"
      ],
      "prompt_contradictions": [
        "Prompt says '33 megakernels / 33 cells (11 optimizers x 3 models on sm_90)' as if 33 is the whole architecture; the codebase defines 99 cells = 3 models x 11 opt x 3 archs (megakernel_codegen.py:68,386; README.md:421-440). 33 is correct ONLY as the per-arch sm_90 slice (megakernel_codegen.py:470 'all 33 real sm_90 cell launchers'). Not a hard contradiction but the count framing is incomplete.",
        "Prompt frames the drift guard as protecting against .py<->.h drift, but the guard has NO check of any .py against the canonical .h. Only the .h is content-hashed. SG11/SG15/SG2 explicitly name their .py as source of truth (supergrok11.h:4-7, supergrok15.h:4-7, supergrok2_bilevel_adjoint.h:10-13 cites supergrok2.py:734), so a .py edit would NOT trip the guard — these 3 are an un-guarded hand-sync drift surface.",
        "Prompt's 'single-source contract enforced' is true for the math TAIL but the GrokAdamW EMA filter is re-inlined in the consumer (opt_components.cuh:453-455: ema_new = st.alpha*st.ema + (1-st.alpha)*gc; g_amp = gc + st.lamb*ema_new) in a form the re-inline regexes (check_math_single_source.py:195-201, which match beta1*exp_avg etc.) do NOT catch — only the grokadamw_adam_tail half is guarded. The EMA-filter half can drift undetected.",
        "README.md:451-453 + SOURCE_OF_TRUTH.md:14 describe per-op grokking_optimizers/kernels/sm_90/<opt>_sm90.cuh as live single-source CUDA consumers, but Task #10 REMOVED them (check_math_single_source.py:251-254); kernels/sm_90/ now holds only __init__.py. The doc describes a two-consumer model the code no longer has.",
        "README.md:470 and the generated cells (e.g. mega_transformer_decoder_adamw.cu:11) reference csrc/fused/sm_90/fused_megakernel.cuh as 'the composition seam' and #include it, but that file does NOT exist on disk (live substrate is per-model fused_{decoder,vit,mamba}_megakernel.cuh). The 99 generated mega_*.cu cells (dated 21:00) also #include a non-existent model_stages.cuh — they may not compile against the current substrate (flag for Phase 1/2 compile check)."
      ],
      "open_questions": [
        "Do the 99 generated mega_*.cu cells (which #include the non-existent csrc/fused/sm_90/fused_megakernel.cuh and model_stages.cuh and call launch_fused_megakernel<>) actually compile, or are they stale generator output superseded by the per-model fused_{decoder,vit,mamba}_megakernel.cuh path? (dated 21:00, newer than the rest of the tree)",
        "Does the separate SG2 meta-net launch that fills FusedOptState.smart_grad actually fold in the restored grokfast lamb_eff*slow_new term, or does the fused SG2 path still silently drop it as supergrok2.h:549-578 warns? Needs inspection of opt_stage_supergrok2.cuh / sg2_meta_tail.cu.",
        "Are the gfx942 transcription (opt_components.hip.hpp) and TPU JAX (pallas/launch_<opt>.py) re-expressions numerically in sync with the current canonical .h, or only structurally cross-referenced? SOURCE_OF_TRUTH.md:41-43 marks parity as 🟡 (unverified on MI300X/TPU).",
        "When Phase 3 swaps mod-97 for FineWeb-Edu/ImageNet-1k/GiftEvalPretrain, evaluate() (full-tensor forward) and EarlyStopper (95% test-acc) have no LM-perplexity / forecasting-metric analog and will not scale — confirmed as a known gap but no replacement exists yet."
      ],
      "digest_path": "/workspace/phase0/optimizers_and_drift_guard.md"
    },
    {
      "name": "03_megakernel_substrate",
      "subsystem": "Fused megakernel substrate + feasibility solver + codegen (sm_90)",
      "status_summary": "The subsystem has TWO parallel megakernel families that the prompt conflates. (A) The Python solver (megakernel.py) and generator (megakernel_codegen.py) enumerate a 99-cell matrix (3 models x 11 optimizers x 3 archs) and materialize 33 sm_90 `mega_<model>_<opt>.cu` cell files, all of which #include `csrc/fused/sm_90/fused_megakernel.cuh` and call `launch_fused_megakernel<...>`. That header DOES NOT EXIST anywhere in the repo and the sm_90 dispatch table that routed to those cells was deliberately removed (dispatch.cpp:240-243); these 33 generated cells are documented dead code (dispatch.cpp:741-742). (B) The REAL wired path is 3 hand-written per-model bf16 tensor-core (wgmma) megakernels — `fused_{decoder,vit,mamba}_megakernel_tc<Opt>` — each a genuine single `__global__` launched via a plain `<<<grid,block,dyn_smem,stream>>>` (NOT cooperative launch), structured P0(zero)->B0->P1(fwd+bwd)->B1->P2(deterministic cross-CTA grad reduce)->B2(sync_reset)->P3(apply_optimizer<Opt> tail), with the optimizer varying only in the P3 tail via an opt_id switch. The GridBarrier (megakernel_common.cuh) is a hand-built sense-reversing arrive/wait barrier needing no cooperative launch; %smid pins one persistent CTA per SM. The solver assigns ALL 33 sm_90 cells to L3 (every cell fits the 255-reg/233472-byte Hopper budget under the warp-group-split max-not-sum cost model), confirming the \"L3x33\" claim at the solver level — but it is explicitly 🟡 until ptxas/silicon, and HARDWARE_VALIDATION says the H100 race exercises the L1/eager path, not L3. Data is currently mod-97; evaluate() forwards the whole held-out tensor in one call; EarlyStopper threshold is 0.95 but the live criterion is val not test.",
      "key_facts": [
        "The persistent kernel is one __global__ with phases P0(zero)->B0->P1(batch-parallel fwd+bwd)->B1->P2(deterministic ascending-CTA grad reduce, no float atomics)->B2(sync_reset)->P3(apply_optimizer<Opt> tail), no intermediate launches: csrc/fused/sm_90/fused_decoder_megakernel.cuh:18-37,216-291 (scalar) and :673-1502 (TC)",
        "The WIRED TC kernel fused_decoder_megakernel_tc<Opt> is launched by a PLAIN <<<grid,block,dyn_smem,stream>>> (NOT cudaLaunchCooperativeKernel) at fused_decoder_megakernel.cuh:1566; ViT at fused_vit_megakernel.cuh:1178, Mamba at fused_mamba_megakernel.cuh:1273",
        "SG_TC_MEGA_BLOCK=256 (fused_decoder_megakernel.cuh:348) and SG_TUNED_MEGA_BLOCK=256 = two 128-thread Hopper warp-groups (megakernel_common.cuh:50-52)",
        "GridBarrier is hand-built sense-reversing (g_arrived + g_generation), needs NO cooperative launch, exactly 2 fences/CTA/barrier, __nanosleep backoff cap 1024; sync_reset folds task-counter reset collapsing 4 barriers to 2: megakernel_common.cuh:147-255",
        "%smid SM-pinning: sm_id() reads %%smid, host launches gridDim.x==#SMs CTAs (one per SM); nCTA = cudaDevAttrMultiProcessorCount: megakernel_common.cuh:65-73, fused_decoder_megakernel.cuh:1519-1521",
        "Solver tiers: L3_FWD_BWD_OPT=3..L0=0; L3 cost = max(max(fwd,bwd),max(opt,32)) regs and max smem (warp-group split, NOT sum): grokking_optimizers/megakernel.py:46-53,171-204",
        "sm_90 budget: max_regs_per_thread=255, max_smem_per_block=228*1024=233472; 'sm_90' is an ALIAS for 'sm_90a' in ARCH_TABLE (compile.py:1125-1126, 679-681)",
        "All 33 sm_90 cells solve to L3 (max L3 regs=176 mamba/168 decoder<=255; max smem 66560<=233472); fused_wired_cells.inc returns 'l3:<m>+<o>:sm_90' for all (e.g. :9-11) — 'L3x33' CONFIRMED at solver level",
        "csrc/fused/sm_90/fused_megakernel.cuh DOES NOT EXIST (find returns nothing; not generated by setup.py or codegen) yet all 33 generated cells #include it (megakernel_codegen.py:197, mega_vit_adamw.cu:11) and call launch_fused_megakernel (mega_vit_adamw.cu:46,50)",
        "dispatch.cpp:240-243 removed the sm_90 surrogate dispatch table + fused_megakernel.cuh; sm_90 fused_dispatch_table.inc is NEVER #included (only the gfx942 one at dispatch.cpp:382); the 33 cells are unreachable (dispatch.cpp:1124, :741-742)",
        "The REAL routed launchers are mega_{decoder,vit,mamba}_real_adamw_tc (dispatch.cpp:842,279,289) defined in *_real_adamw_tc_launcher.cu; SuperGrok2 routes via dedicated ops.sg2_fused_step / mega_decoder_sg2_tc (mega_decoder_real_adamw_tc_launcher.cu:283)",
        "SG_TUNED_GEMM_IMPL selects GEMM engine: 0=SCALAR(default fp32), 1=WGMMA(bf16 TC); launcher TUs #define SG_TUNED_GEMM_IMPL 1 (mega_decoder_real_adamw_tc_launcher.cu:30); scalar gate SG_DEC_SCALAR_MEGAKERNEL default 1 but unrouted",
        "OptId enum (opt_components.cuh:53-57): AdamW=0,Lion=1,Grokfast=2,GrokAdamW=3,LookSAM=4,Prodigy=5,NeuralGrok=6,Muon=7,SuperGrok11=8,SuperGrok15=9,SuperGrok2=10; all 11 distinct, no AdamW fallback",
        "Decoder layout: 30 tensors, 422755 floats at d=128 (vocab=99,d=128,heads=4,layers=2,seq=4); ViT: 32 tensors, 418017 floats at d=128 (vocab=97,patch=49,npatch=16); both carry SG_*_BENCH_LAYOUT dual branch d=2048: megakernel_codegen.py:567,582,770-815",
        "Data is mod-97 (grokking_race_v2.py:260 p=97); evaluate() forwards whole tensor in one model(x) call (:536-540); EarlyStopper threshold=0.95 (:543,263) but live criterion early_stop_on='val' (:269)",
        "MultiGPUTimingPool confirmed at exactly compile.py:4874 — work-stealing JIT autotune pool, one TimingWorker per visible GPU"
      ],
      "prompt_contradictions": [
        "Prompt: '33 megakernels / 33 cells exist'. Code: the 33 generated mega_<m>_<o>.cu cells are DEAD — they #include a non-existent fused_megakernel.cuh and are unrouted (dispatch.cpp:240-243,741-742,1124). The actually-compiled sm_90 reality is 3 real per-model TC kernels parameterized over OptId tails, not 33 distinct kernels.",
        "Prompt: 'is each of the 33 cells genuinely a single __global__ launch?'. Code: NO for the 33 generated cells (they call the missing launch_fused_megakernel and cannot link). YES only for the 3 real fused_{decoder,vit,mamba}_megakernel_tc<Opt> kernels that actually run (single __global__, plain <<<>>>).",
        "Prompt: 'fused-megakernel substrate: one persistent kernel, fwd->barrier->bwd->barrier->opt, single launch'. True for the real TC kernels, but the COMPONENT_CONTRACT.md / README 33-cell + fused_megakernel.cuh + launch_fused_megakernel<M,O,Tier> architecture they describe does NOT match the live code (header absent, table removed) — a doc-vs-code drift.",
        "Prompt: 'EarlyStopper triggers on 95% test accuracy'. Code: threshold IS 0.95 (grokking_race_v2.py:543,263) but the live race config sets early_stop_on='val' (:269), so it stops on VAL grokking, not test.",
        "Prompt implies L3x33 is the operative path. Code/HARDWARE_VALIDATION (quoted in COMPONENT_CONTRACT Phase status): the L3 megacells are compile-verified only; the on-silicon H100 race exercises 'eager model + fused-optimizer (L1) path, not the L3 megakernel' — so L3x33 is a solver/codegen verdict, not the silicon-validated runtime path.",
        "Prompt: 'no HBM round-trip'. Code: weight-grad partials ARE written to an HBM workspace (nCTA*total floats) and reduced through HBM in P2 (fused_decoder_megakernel.cuh:207,257-261); only the inter-op launch + grad materialization round-trip is eliminated, not all HBM traffic."
      ],
      "open_questions": [
        "Does the build actually succeed? The 33 generated mega_<m>_<o>.cu cells are globbed into _ops by setup.py:590 (csrc/fused/sm_90/*.cu) and do NOT own a PYBIND11_MODULE, so setup.py's _collect content-filter (setup.py:478-490) does NOT drop them — they would fail nvcc on the missing fused_megakernel.cuh include. Phase 1 must confirm whether some other mechanism excludes them or the build is broken.",
        "Are the 33 generated surrogate cells truly dead/safe to delete, or is some code path (tests, codegen idempotency checks, gfx942/tpu_v6e variants) still depending on them or their fused_megakernel.cuh?",
        "The solver hard-codes component reg/smem estimates (megakernel.py:74-115) flagged 🟡; what do real ptxas -v numbers give, and do any sm_90 cells actually drop below L3 on silicon (esp. SuperGrok2 smem=49152 + the SAM 2nd-backward / segmented-sort scratch)?",
        "Does megakernel_engine.py's MegakernelOptimizer/FusedBackwardHook L3/L1/L2 adapter have any live call sites, or is it (like the 33 cells) aspirational given the race runs the L1/eager path?",
        "gfx942 still #includes fused_dispatch_table.inc (dispatch.cpp:382) and the AMD cells reference fused_megakernel.hip.hpp — does that HIP twin header exist, or is the AMD path similarly broken?"
      ],
      "digest_path": "/workspace/phase0/megakernel_substrate.md"
    },
    {
      "name": "04_dispatch_bindings",
      "subsystem": "Python↔C++ dispatch, bindings, runtime fused_step path, opt-state taxonomy",
      "status_summary": "The _ops pybind module exports exactly 5 callables (detect_arch, fused_step, sg2_fused_step, sg2_meta_optimizer_tail, sg2_ws_stride) plus an inert __abi_schema__ attr; register_model_bindings is a deliberate no-op. fused_step (dispatch.cpp:632) hard-gates gemm_impl==\"wgmma\" (no scalar/eager path survives), looks up wired_fused_cell, then dispatches by model to one of 3 generic bf16 tensor-core launchers (mega_{decoder,vit,mamba}_real_adamw_tc) with an opt_id int (0-10 from wgmma_tail_opt_id) selecting the in-kernel optimizer tail; SuperGrok2 routes through the dedicated sg2_fused_step entry to mega_*_sg2_tc. The 99-cell wired_fused_cell() table is generator-emitted (megakernel.solve_all over 3 archs x 3 models x 11 optimizers) and #included into dispatch.cpp, the anti-drift contract. Per-optimizer opt-state is [m|v|extra]+loss=3*total+1 by default, with prodigy (4*total+4), SG11/15 (4*total+1+129), and SG2 ((5+GH)*total+1, GH=4) carrying larger buffers, sized identically in dispatch.cpp checks and dispatch.py allocation. CRITICAL: the 33 surrogate mega_<model>_<opt>.cu cells are untracked-by-git, uncompiled, and #include a non-existent fused_megakernel.cuh — the live .so uses only the real TC launchers + sg2_meta_tail.cu, and a fresh setup.py build would break by globbing them in. sg2_meta_optimizer_tail/sg2_ws_stride are exported+compiled but have zero live Python callers, and csrc/fused/sm_90/fused_dispatch_table.inc (the 33-surrogate router) is never #included on the CUDA build. The persistent-megakernel substrate (one CTA/SM, GridBarrier fwd->bwd->opt) exists in megakernel_common.cuh but COMPONENT_CONTRACT.md declares the L3 megacells compile-verified-only, not silicon-validated.",
      "key_facts": [
        "Exported ops surface = 5 callables: detect_arch (bindings.cpp:155), fused_step (bindings.cpp:164), sg2_fused_step (bindings.cpp:228), sg2_meta_optimizer_tail (bindings.cpp:254), sg2_ws_stride (bindings.cpp:285); confirmed in shipped .so symbol table. register_model_bindings is a no-op (bindings.cpp:96-98).",
        "fused_step hard-gates gemm_impl: TORCH_CHECK(gemm_impl == \"wgmma\", ...) at dispatch.cpp:707; scalar/eager/surrogate engines removed; want_wgmma always true (dispatch.cpp:709).",
        "model x opt -> launcher: 3 generic real-TC launchers selected by model, with opt_id int from wgmma_tail_opt_id() (dispatch.cpp:591-621): adamw=0,lion=1,grokfast=2,grokadamw=3,looksam=4,prodigy=5,neuralgrok=6,muon=7,supergrok11=8,supergrok15=9,supergrok2=10,unknown=-1. Calls mega_decoder_real_adamw_tc (dispatch.cpp:842), mega_vit_real_adamw_tc (852/952), mega_mamba_real_adamw_tc (1110).",
        "SuperGrok2 (opt_id 10) is EXCLUDED from generic fused_step blocks (dispatch.cpp:752-754, 878-880, 1020-1021) and routes via dedicated ops.sg2_fused_step -> mega_{decoder,vit,mamba}_sg2_tc (dispatch.cpp:301/318/338; Python call dispatch.py:1973).",
        "Model dims/totals (host mirrors, cross-checked vs params.numel()): decoder kDecoderTotalElems=422755, seq=4, 30 tensors, vocab=99 d=128 heads=4 layers=2 (dispatch.cpp:454-455,810); vit kVitTotalElems=418017, patch=16*49=784, 32 tensors, p=97 (dispatch.cpp:501-502,926); mamba3 kMambaTotalElems=593713, seq=8, 28 tensors (dispatch.cpp:543-544,1084). Python mirrors at dispatch.py:1274-1279.",
        "FusedScalars mirror POD = 26 fp32 fields (dispatch.cpp:204-237): lr,beta1,beta2,eps,wd,bc1,bc2,alpha,beta,lamb,alpha_max,gate,d_factor,neg_lr_scale,decay_factor,gamma,grad_clip,d0,d_coef,beta3,aux_lr,aux_beta1,aux_beta2,rho,looksam_sam,sg_rescale,gate_temp; bc1/bc2 un-inverted (1-beta^step). gfx942 twin has 15 fields (dispatch.cpp:377-380).",
        "Opt-state sizes: default 3*total+1 (dispatch.cpp:782, dispatch.py:1656); prodigy 4*total+4 [m|v|s_track|loss|param_init(total)|r_ema|s_ema|d_lr] (dispatch.cpp:780, dispatch.py:1644); SG11/15 4*total+1+(4*32+1) [m|v|mu|loss|sharpness(total)|phi_pack], H=32 (dispatch.cpp:781, dispatch.py:1645); SG2 (5+GH)*total+1, GH=4 (dispatch.py:1647-1654).",
        "Anti-drift: wired_fused_cell() generator-emitted from megakernel.solve_all() (MEGAKERNEL_ARCHS x MODELS x OPTIMIZERS = 3x3x11 = 99; megakernel.py:43,272), #included at dispatch.cpp:397 from csrc/fused/fused_wired_cells.inc; regen via megakernel_codegen.py --dispatch-table (line 1448/1495).",
        "_L3_WGMMA_CELLS and _FUSED_L3_REAL each contain exactly 33 sm_90 cells = full 3 models x 11 optimizers, zero missing (verified by import: len==33 each, dispatch.py:1310-1491 and :630-?).",
        "33 surrogate cells csrc/fused/sm_90/mega_<model>_<opt>.cu are UNTRACKED by git (git status ??), absent from shipped .so symbols, no .o in build/, and #include a NON-EXISTENT fused_megakernel.cuh + model_stages.cuh (find: neither exists). dispatch.cpp:240-243 documents their removal.",
        "LATENT BUILD HAZARD: setup.py:590 globs csrc/fused/sm_90/*.cu; _collect filter (setup.py:478-490) only drops _overlay/_selftest.cu/own-PYBIND11_MODULE TUs, so the 33 untracked surrogates WOULD be globbed in and break a fresh build (missing header).",
        "Git-tracked sm_90 .cu actually linked into _ops: 3 *_real_adamw_tc_launcher.cu + sg2_meta_tail.cu (build .o confirmed); the 3 *_real_adamw_tc.cu + decoder_tc_selftest.cu own PYBIND11_MODULE(TORCH_EXTENSION_NAME and are dropped by _collect (JIT-only).",
        "sg2_meta_optimizer_tail + sg2_ws_stride defined in sg2_meta_tail.cu:52/62 (alternate 'launch-elimination of csa_hca_step_one' persistent tail), pybind-registered + compiled, but ZERO live Python callers (only a commented ref in tests/hw/test_sg2_megakernel.py:248).",
        "csrc/fused/sm_90/fused_dispatch_table.inc (33 surrogate decls + dispatch_sm90_cell router) is NEVER #included on the CUDA build; only the gfx942 twin is #included under #if WITH_HIP (dispatch.cpp:382).",
        "__abi_schema__ drift guard is INERT: GROK_ABI_SCHEMA=1 exported (bindings.cpp:120,153) but no Python-side compatibility assert exists in dispatch.py (admitted inert at bindings.cpp:115-119).",
        "Persistent substrate megakernel_common.cuh: one CTA per SM (gridDim==#SMs, line 59), PersistentTaskCounter atomicAdd pull (92-110), GridBarrier sense-reversing arrive/wait with one barrier between fwd/bwd/opt phases (120-215); COMPONENT_CONTRACT.md declares L3 megacells compile-verified-only, no silicon validation.",
        "fused_train_step (dispatch.py:1512) is the single production path: packs flat params + int32/float input, calls ops.fused_step (dispatch.py:1990) or ops.sg2_fused_step (dispatch.py:1973), reads loss from state[3*total] (dispatch.py:2005); wgmma path truncates B to B-(B%16) for the 16-step dW K-loop (dispatch.py:1704-1713)."
      ],
      "prompt_contradictions": [
        "Prompt: '33 megakernels / 33 cells exist'. Code: the 33 surrogate mega_<model>_<opt>.cu cells are UNTRACKED by git, uncompiled, and #include a non-existent fused_megakernel.cuh; the live binary realizes the 33 routing cells via only 3 generic TC launchers + an opt_id switch (+3 SG2 launchers), not 33 distinct compiled megakernels. The 33-cell count is real only at the Python routing layer (_L3_WGMMA_CELLS/_FUSED_L3_REAL), not as 33 binaries (dispatch.cpp:240-243, git status, .so symbols).",
        "Prompt: '44 -> 99 component architecture'. Code: 99 is confirmed (3 archs x 3 models x 11 opts, megakernel.py:272), but '44' appears nowhere as a live count in the dispatch/bindings subsystem — it is not enforced or referenced by any code path examined.",
        "Prompt: 'single-source math contract + drift guard enforced'. Partially false: the wired_fused_cell table IS generator-emitted (anti-drift), but the exported-ABI drift guard is inert — GROK_ABI_SCHEMA=1 is exported yet NO Python-side __abi_schema__ assertion exists (bindings.cpp:115-119 admits 'inert until then'), so a stale-.so/new-wrapper mismatch mis-marshals silently.",
        "Prompt implies the megakernel substrate is a validated runtime path. COMPONENT_CONTRACT.md (Phase status) explicitly declares the L3 fused model x optimizer megacells 'compile-verified only on sm_90' with 'No phase is silicon-complete' and 'validated-vs-eager' still open — i.e. the single-launch fused path is not silicon-validated as the prompt's framing suggests."
      ],
      "open_questions": [
        "Are the 33 untracked surrogate .cu cells stale debris to delete, or were they meant to be regenerated against an existing header? As-is they break any fresh setup.py build (glob picks them up, missing fused_megakernel.cuh). Needs a decision in cleanup/Phase 5.",
        "Are sg2_meta_optimizer_tail + sg2_ws_stride (exported, compiled, zero live callers) intended dead code, or an unwired alternate SG2 persistent-tail path that should be wired or removed?",
        "Should csrc/fused/sm_90/fused_dispatch_table.inc (never #included on CUDA build) be deleted, or is it kept only for a TPU/codegen consumer not in scope here?",
        "When does the inert __abi_schema__ Python-side compatibility assert get added? Until then ABI drift between .so and wrappers is silent.",
        "Does fused_megakernel.cuh / model_stages.cuh exist on a branch or only in the old surrogate design? Their absence means the surrogate L3 path is fully removed, not just gated."
      ],
      "digest_path": "/workspace/phase0/dispatch_bindings.md"
    },
    {
      "name": "05_tc_substrate",
      "subsystem": "Hopper tensor-core substrate (WGMMA/TMA) + model GEMM stages",
      "status_summary": "The stack has TWO independent tensor-core GEMM engines that the prompt conflates. (1) A hand-rolled in-kernel ss-WGMMA substrate (wgmma.cuh + tile_pipeline.cuh + warp_specialize.cuh, namespace sg::sm90::wgs) that emits wgmma.mma_async...m64nNk16.f32.bf16.bf16 via inline PTX for N in {8,16,32,64,96,128}, with fp32 register accumulators, and stages operands with cp.async (LDGSTS) — explicitly NOT TMA (DESIGN makes TMA phase-2). This is the path the 33 dispatch-table megakernel cells and the decoder/vit TC model stages use, bf16-only. (2) A CUTLASS Sm90 collective path (mma.cuh, gated -DWITH_CUTLASS, default ON) that emits real TMA (cuTensorMapEncode inside op.initialize, cached operator) + WGMMA, used by host-launched Muon/SG2 and the separate _real_adamw_tc cells, supporting bf16/fp16/TF32. The FP32 tensor-core path is CUTLASS TF32 only. There is a documented dead TF32 A-transposed RS GEMM (Sm90GemmAT<tfloat32_t>) that fails a CUTLASS static_assert and is runtime-dead (vit_run_gemm_atb<float> -> cudaErrorNotSupported -> scalar fallback), exactly matching .audit_notes.md. setmaxnreg warp-specialization is real (dealloc/alloc) but the real megakernels hard-code 32/200 while tile_pipeline advertises 40/232. There are ZERO FP8/FP4/NVFP4/e4m3/e5m2 paths anywhere in the kernels. The HGMMA-in-SASS / UTMALDG-as-TMA claim holds but the audit's 256 HGMMA + 622 UTMALDG counts were measured on the CUTLASS cells, not the cp.async hand-rolled substrate.",
      "key_facts": [
        "Hand-rolled WGMMA emitted as inline PTX wgmma.mma_async.sync.aligned.m64n{8,16,32,64,96,128}k16.f32.bf16.bf16 (wgmma.cuh:447,459,472,488,512,538); atom M=64 K=16 (wgmma.cuh:142-143)",
        "In-kernel operand staging uses cp.async.cg.shared.global 16B, NOT TMA — DESIGN makes TMA phase-2 (tile_pipeline.cuh:199-204; primitives.cuh:497-508; wgmma.cuh:165)",
        "CUTLASS TMA is emitted only in mma.cuh via CollectiveBuilder<arch::Sm90,OpClassTensorOp>; cuTensorMapEncode runs inside op.initialize and is cached by a 16-slot {M,N,K,A,B,C}-keyed operator cache (mma.cuh:88-93,191-218,427-437)",
        "FP32 tensor-core path = CUTLASS TF32 only (tfloat32_t reinterpret of float*, 10-bit mantissa, FP32 accum), gated SG_FORCE_SCALAR_FP32 (mma.cuh:764-830,776-780)",
        "Dead CUTLASS TF32 A-transposed RS GEMM: Sm90GemmAT<tfloat32_t> reverted, fails 'SmemLayoutB K must be 128bytes to be transposed' static_assert; vit_run_gemm_atb<float> -> cudaErrorNotSupported -> scalar gemm_grad_weight_kernel fallback (mma.cuh:720-740; .audit_notes.md:84-90)",
        "ZERO FP8/FP4/NVFP4/e4m3/e5m2/float8 occurrences in backends/cuda/sm_90 + fused/sm_90 (grep=0); only sub-bf16 precision is TF32. Only int8 hit is unrelated TpSplit enum (tp_layer.cuh:103)",
        "setmaxnreg warp-spec: warpgroup_reg_{dealloc,alloc}<N>=setmaxnreg.{dec,inc}.sync.aligned.u32 (warp_specialize.cuh:159-171); real megakernels hard-code dealloc<32>/alloc<200> (fused_decoder_megakernel.cuh:213-214) but tile_pipeline defaults are 40/232 (tile_pipeline.cuh:92-97)",
        "33 dispatch cells = 11 optimizers (adamw,grokadamw,grokfast,lion,looksam,muon,neuralgrok,prodigy,supergrok11/15/2) x 3 models (transformer_decoder,vit,mamba3) in fused_dispatch_table.inc; 99 = 33 x 3 archs (sm_90/gfx942/tpu) per HARDWARE_VALIDATION.md:86,137",
        "Persistent single-launch megakernel = 5 phases / 4 hand-built sense-reversing GridBarriers (P0 zero->B0->P1 fwd+bwd->B1->P2 reduce->B2->P3 opt tail), one __global__, NOT cooperative grid.sync (fused_decoder_megakernel.cuh:18-37,196,203,213)",
        "Production decoder dims: VOCAB=99 d_model=128 heads=4 layers=2 seq=4 dff=512, 30 tensors, kDecTotalElems=422755 (decoder_layout.cuh:118-123, default SG_DEC_BENCH_LAYOUT=0; bench branch d=2048)",
        "ViT production: patch=49(7x7) npatch=16 seq=17(CLS+16) d_model=128 (vit_layout.cuh:176-178); Mamba3 d_model=128 prod / 1024 bench (mamba3_layout.cuh:168,57)",
        "Correctness path ships swizzle=kSwizzleNone (LayoutType NONE=0,128B=1,64B=2,32B=3); 128B-swizzle is unexercised perf hook (wgmma.cuh:157-172, used at tile_pipeline.cuh:333-334)",
        "Mamba3 base stage mb_linear/mb_linear_bwd are SCALAR FMA loops (model_stage_mamba3.cuh:361-376,440-470), NOT WGMMA; only the separate model_stage_mamba_tc.cuh TC variant wgmma's the 7 projections",
        "Audit-measured SASS on CUTLASS cells (live H100 cuobjdump): 256 HGMMA + 622 UTMALDG, all CUTLASS Sm90 collective, sm_90a-only binary, max reg 168/255, 0 live spills (.audit_notes.md:88)",
        "WITH_CUTLASS defaults ON because third_party/cutlass/include/cutlass/cutlass.h is present on disk (setup.py:119-143, verified); HGMMA-in-SASS narrated in mega_*_real_adamw_tc.cu headers (e.g. mega_vit_real_adamw_tc.cu:17)"
      ],
      "prompt_contradictions": [
        "Prompt frames the megakernel substrate as 'WGMMA/TMA (cp.async.bulk)'. The LIVE in-kernel path uses cp.async (LDGSTS), explicitly NOT TMA/cp.async.bulk (tile_pipeline.cuh:199-204, wgmma.cuh:165). TMA/UTMALDG exists ONLY in host-launched CUTLASS collectives (mma.cuh), a different path from the 33 dispatch cells.",
        "Prompt's 'TMA as UTMALDG' is true only for the CUTLASS cells. The audit's 256 HGMMA + 622 UTMALDG counts (.audit_notes.md:88) were measured on a CUTLASS _real_adamw_tc binary; the hand-rolled wgmma.cuh substrate emits HGMMA but its loads are cp.async (no UTMALDG).",
        "Prompt asks whether FP8/FP4/NVFP4 paths exist 'in the kernels'. They do NOT exist anywhere (grep=0); only TF32/bf16/fp16/fp32. Any assumption of low-precision tensor-core beyond TF32 is false.",
        "Prompt's 'fwd->barrier->bwd->barrier->opt single launch' understates the real structure: fwd+bwd share P1; the 4 barriers separate zero(P0)/reduce(P2)/opt(P3), and the barrier is a hand-built GridBarrier, not cooperative-launch grid.sync (fused_decoder_megakernel.cuh:18-37,203).",
        "Prompt's '33 cells' is the sm_90 slice of a '44->99' architecture where 99 = 33 x 3 archs (HARDWARE_VALIDATION.md:86,137); both numbers are real and consistent, not contradictory, but the relationship should be noted.",
        "Mamba-3 production stage (model_stage_mamba3.cuh) GEMMs are SCALAR, not WGMMA — only decoder/vit TC stages and the separate model_stage_mamba_tc.cuh use the WGMMA substrate. 'model GEMM stages on tensor cores' does not hold for the live mamba3 stage.",
        "Build-graph gap: every mega_*.cu cell #includes csrc/fused/sm_90/fused_megakernel.cuh (e.g. mega_mamba3_adamw.cu:11) but NO such file exists in the tree (only fused_{decoder,vit,mamba}_megakernel.cuh); it must be generated by megakernel_codegen.py at build time."
      ],
      "open_questions": [
        "Does the build actually generate the umbrella csrc/fused/sm_90/fused_megakernel.cuh (referenced by all 33 mega_*.cu cells) at compile time, or do the 33 cells fail to compile standalone? Confirm in Phase 1 against setup.py:588 / megakernel_codegen.py.",
        "Is the Sm90GemmAT<tfloat32_t> dead TF32-RS instantiation actually emitted into any shipped binary, or only into the _real_adamw_tc CUTLASS TUs? The spill is CUTLASS-internal; confirm it is the SAME instantiation the profile_maximal Tier-A check trips on.",
        "The pipelined turnkey tc_pipelined_gemm_m64nNk16 (with setmaxnreg 40/232) is exercised only by wgmma_selftest.cu; the real megakernels hard-code 32/200 and inline their own wgmma issues. Is the tile_pipeline producer/consumer path ever on a production callgraph, or is it self-test-only?",
        "vit_run_gemm_atb / the file 'vit_sm90.cuh' referenced at mma.cuh:739 do not exist by those names; where is the float-wgrad scalar-fallback dispatch actually implemented (model_stage_vit_tc.cuh)?",
        "Does any cell flip kSwizzleNone -> kSwizzle128B in a tuned build, or is the 128B-swizzle descriptor path entirely dead/unexercised across all 33 cells?"
      ],
      "digest_path": "/workspace/phase0/hopper_tensorcore_substrate.md"
    },
    {
      "name": "06_parallelism",
      "subsystem": "Implemented parallelism strategy + multi-GPU profiling pool (MultiGPUTimingPool, ParallelConfig/DistributedContext/ZeRO3Sharder, parallel/*, megakernel_engine)",
      "status_summary": "There are two distinct \"multi-GPU\" subsystems and the prompt conflates them. (1) MultiGPUTimingPool (compile.py:4874) is a work-stealing pool that fans an autotune JIT sweep of ONE optimizer's compiled kernel VARIANTS across every visible GPU; it is bound to a single opt_class at construction and its sole production caller is the per-spec autotune driver (compile.py:16382). It does NOT shard the 33 cells. It spawns one TimingWorker subprocess per device, pinned via an env overlay {CUDA_VISIBLE_DEVICES: dev}, with one dispatcher thread per worker pulling from a shared queue.Queue, plus per-GPU calibration to normalize timings into the fastest GPU's frame. (2) The DP×TP×PP+ZeRO-3 layer (distributed.py ParallelConfig/DistributedContext/ZeRO3Sharder + parallel/* + megakernel_engine.py) is real, import-safe, and CPU/1-GPU unit-tested, but is imported ONLY by tests/hw/* — it is not wired into any production race or cell sweep; it shards ONE model across ranks, not independent cells. .parallelism_design.md is explicitly DESIGN-ONLY (line 3) and describes an unbuilt NVSHMEM-TP 4D flagship. Critically, there is NO existing driver that fans the 33 cells across 8 GPUs: every implemented cell sweep (utilization.track_all, scripts/time_cell.py, wiring_check, verify_all) iterates the 33 cells sequentially on device 0. The right Phase 1/4/6 strategy is a thin outer scheduler that reuses the timing pool's per-device-subprocess pinning (visible_devices + env overlay + work-stealing queue) to run each embarrassingly-parallel cell on its own pinned GPU — NOT the DP/ZeRO-3 layer.",
      "key_facts": [
        "MultiGPUTimingPool is at compile.py:4874; its unit of work is a single compiled kernel variant .so (time(variant_so) at compile.py:5171), bound to ONE opt_class (compile.py:4909) — it parallelizes autotune variants of one cell, not the 33 cells.",
        "Sole production caller of MultiGPUTimingPool is the per-spec autotune driver: pool = MultiGPUTimingPool(OPT_CLASS[spec.optimizer], ...) at compile.py:16382, only when len(visible)>1 (compile.py:16379); else single TimingWorker (compile.py:16393).",
        "Per-device pinning: one TimingWorker per device via env_overlay {CUDA_VISIBLE_DEVICES: dev} (compile.py:4922-4926), merged into the child subprocess env at compile.py:4567-4572; TimingWorker.start spawns subprocess.Popen (compile.py:4595).",
        "Dispatch is work-stealing: one dispatcher thread per live worker (compile.py:5048) pulling from a shared queue.Queue (compile.py:4931); time() is thread-safe, pushes (payload, future) and blocks on fut.result() (compile.py:5187-5189); dead-worker items re-enqueued for siblings (compile.py:5122-5141).",
        "Cross-GPU calibration: calibrate() computes factor=worker_ref_ms/fastest_ref_ms (compile.py:5021-5023), auto-run in start() when >1 worker (compile.py:4962); _normalize_result divides slower GPUs' times into the fastest frame (compile.py:5031-5046).",
        "visible_devices('cuda') parses CUDA_VISIBLE_DEVICES, falls back to ['0'] (compile.py:4900-4907) — reusable static helper for an outer 33-cell scheduler.",
        "ParallelConfig (distributed.py:51) defaults: data_parallel=1, tensor_parallel=1, pipeline_parallel=1, expert_parallel=1, zero_stage=0, backend='nccl', use_megakernel=True, reduce_bucket_size=25_000_000; world_size=DP*TP*PP (distributed.py:136).",
        "ZeRO3Sharder (distributed.py:732) has DeepSpeed path (build_ds_config :795) + native shim (partition_optimizer_state :837, reduce_scatter_grads :864 via reduce_scatter_tensor, all_gather_params :919); _even_partition (:717) gives each rank ceil(numel/world) contiguous elements and SPLITS tensors mid-buffer.",
        "distributed.py + megakernel_engine.py + parallel/distributed_step.py are imported ONLY by tests/hw/* (test_3d_parallel.py, test_distributed_step.py, etc.) — no production race/sweep importer found.",
        "parallel/shard_map.py exists to fix the tensor-split problem: partition_tensor_granular (shard_map.py:205, greedy LPT) keeps whole tensors on one rank for PER_TENSOR_OPTIMIZERS={muon,supergrok11,supergrok15,supergrok2} (shard_map.py:53); ELEMENTWISE_OPTIMIZERS has the other 7 (shard_map.py:50). Pure-Python, CPU-only, test-only consumers.",
        "33 cells = 11 optimizers x 3 models confirmed: OPTIMIZERS + OPT_CLASS dict at dispatch.py:586-602; MODELS=[decoder,vit,mamba]/OPTS list at wiring_check.py:50-52; utilization.py:59 says 33=11x3 per arch; verify_all.py:60 N_CELLS=99 (x3 archs).",
        "Every implemented cell sweep runs sequentially on one device: utilization.track_all has 'for opt,model in cells' (utilization.py:591) with device_index=0 default (utilization.py:111); scripts/time_cell.py loops opts on the default device.",
        ".parallelism_design.md:3 header states 'Status: DESIGN-ONLY (task #22). Written CPU-only, no repo edits, no build, no GPU' and supersedes-but-reuses the distributed.py layer with unbuilt NVSHMEM-TP (.parallelism_design.md:6).",
        "Fused substrate confirmed: FusionTier.L3_FWD_BWD_OPT='one persistent kernel: forward+backward+optimizer' (megakernel.py:49); hand-built GridBarrier at csrc/fused/megakernel_common.cuh:147; phase layout P0-B0-P1-B1-P2-B2-P3 (.parallelism_design.md sec 0.1).",
        "evaluate() forwards the whole tensor: logits = model(x) over entire x with no batching (grokking_race_v2.py:536-540).",
        "EarlyStopper default threshold=0.95 metric_name='test_acc' (grokking_race_v2.py:543) but production race stops on val>=0.95 (grokking_race_v2.py:263-265,690); no LM/forecasting analog.",
        "Single-source math drift guard is ENFORCED: scripts/check_math_single_source.py:1-39 (exit 0/1), run by verify_all.py:471-475 and compile.py self-test math_drift_guard; setup.py:868 MACROS drift guard."
      ],
      "prompt_contradictions": [
        "Prompt frames MultiGPUTimingPool as 'the cross-GPU timing pool' for the 33-cell sweep, but code shows it shards autotune kernel VARIANTS of ONE optimizer/cell across GPUs (bound to one opt_class at compile.py:4909; sole caller is the per-spec autotune driver at compile.py:16382). It never enumerates or distributes the 33 cells.",
        "Prompt says the parallelism strategy is 'already in the codebase (do not redesign)' implying a 33-cells-across-8-GPUs scheduler exists. None does: utilization.track_all (compile/utilization.py:591), scripts/time_cell.py, wiring_check and verify_all all run the 33 cells sequentially on device 0.",
        "The implemented DP/TP/PP+ZeRO-3 layer (distributed.py, parallel/*, megakernel_engine.py) is imported ONLY by tests/hw/* — it is not on any production path and shards ONE model across ranks, so it is not the machinery for fanning 33 independent cells across 8 GPUs.",
        ".parallelism_design.md is explicitly DESIGN-ONLY (line 3) and describes an unbuilt NVSHMEM-TP 4D flagship that supersedes-but-reuses the existing distributed.py layer (line 6); any assumption it describes running code is wrong.",
        "ZeRO3Sharder._even_partition (distributed.py:717) splits tensors mid-buffer, which the codebase itself (parallel/shard_map.py:7-12) flags as BREAKING the per-tensor optimizers muon/SG11/SG15/SG2 — so even the implemented ZeRO-3 native shim is unsafe for 4 of the 11 optimizers, and the tensor-granular fix is CPU-only/unwired.",
        "Prompt says EarlyStopper triggers on 95% TEST accuracy; the default metric is test_acc but the production race is configured to stop on VAL grokking (val>=0.95) per grokking_race_v2.py:263-265,690."
      ],
      "open_questions": [
        "Should the Phase 1/4/6 outer 33-cell scheduler directly reuse MultiGPUTimingPool's thread+queue+env-overlay machinery, or use a fresh concurrent.futures.ProcessPoolExecutor with CUDA_VISIBLE_DEVICES per worker? Both reuse the same pinning idea.",
        "Nesting policy conflict: an individual cell's _run_autotune ALSO wants all 8 GPUs for its variant sweep, while a 33-cell scheduler wants one cell per GPU. These are mutually exclusive uses of the 8 GPUs and a policy must be chosen (one-cell-per-GPU with the autotune pool collapsed to 1 worker, vs one-cell-at-a-time using all 8 for variants).",
        "Does Phase 3's larger datasets (FineWeb-Edu/ImageNet-1k/GiftEval) push any single cell past one H100's memory? That is the only scenario where the currently test-only DistributedContext/ZeRO-3 path becomes relevant and would need production wiring first."
      ],
      "digest_path": "/workspace/phase0/parallelism_and_multigpu_timing.md"
    },
    null,
    {
      "name": "08_compile_search",
      "subsystem": "compile.py RECONCILE — search / autotuner half (Optuna TPE, XGBoost cost model + LCB pruning, BayesianEarlyStopper, Hyperband, transfer warm-start, AOT→JIT two-phase, MultiGPUTimingPool, schema-inferred #ifndef dims, per-arch search spaces)",
      "status_summary": "All five autotuner capabilities the SuperGrok2 prompt claims are PRESENT and genuinely wired in compile.py (not stubbed): Optuna TPE (run_bayesian, compile.py:6536), XGBoost-backed CostModel with bootstrap/quantile uncertainty and LCB (pred_ms - sigma) multi-fidelity pruning plus an absolute Nx-best gate, both invoked in the live _make_variant_timer.timer path (15603-15707); a six-criterion BayesianEarlyStopper (6142); a Hyperband pruner via _make_pruner (6363); cross-run transfer warm-start (sibling-optimizer cost-model transfer + Optuna study persistence + seed_trials); the two-phase AOT->JIT runtime split with a persistent warm-context TimingWorker (4525), CUDA-graph replay (3925), and ptxas -v parsing (_parse_ptxas_v_stderr, 13492); and schema-inferred -D dims scanned from kernel #ifndef SG_TUNED_X guards (1385). MultiGPUTimingPool is at the exact line the prompt cites (4874) and is a real work-stealing cross-GPU timing pool with per-GPU calibration. The prompt's structural claims (33 cells = 11 optimizers x 3 models, 44->99 component architecture, single-source math drift guard, fused single-launch megakernel substrate, mod-97 current data, whole-tensor evaluate(), 0.95-accuracy EarlyStopper) all check out, with the optimizer/model/cell counts living in dispatch.py and the L3-TC gate test, and the training-harness claims living in grokking_race_v2.py rather than compile.py. The main disagreements are precision-level: warm-start is keyed by the full (opt,model,arch) tuple not arch alone, auto-derived #ifndef dims are PINNED (card=1) rather than swept maximally, and the megakernel barrier layout is 5-phase/4-barrier (fwd+bwd fused in one phase plus a deterministic reduce phase) rather than the prompt's 3-phase fwd->barrier->bwd->barrier->opt. The measured sm_90 search space is 35 dims = ~4.2e14 cartesian candidates with FEATURE_DIM=141.",
      "key_facts": [
        "Optuna TPE wired: TPESampler(seed, n_startup_trials=startup, multivariate=True, constant_liar=False) at compile.py:6536-6541; optuna.create_study(direction='minimize', load_if_exists=True, sqlite storage) at 6549-6556; study.ask loop at 6616.",
        "CostModel (compile.py:5550) backend chain xgboost.XGBRegressor -> sklearn -> _LinearRidgeRegressor (5595-5625); uncertainty 'bootstrap' (K=5, _BOOTSTRAP_K=5 at 5574) or 'quantile' (xgb q=0.1/0.9, sigma=(q90-q10)/2 at 5728-5747); predict()->(ms,sigma) at 5752.",
        "LCB pruning = _multi_fidelity_prune_decision (compile.py:6012): prunes only when optimistic bound ms_pred - sigma_pred > margin*Q (Q = quantile-th pct of measured timings); optimistic computed at 6081, should_prune at 6082.",
        "Both cost-model gates fire in live timer _make_variant_timer.timer (15603): Nx-best threshold gate default 3.0x best with high_confidence 0<sigma<0.2*|ms| and cap cost_model_rejection_max_pct=0.8 (15630-15657); multi_fidelity LCB gate with cap multi_fidelity_max_pct=0.5 (15669-15707); cold-start floor _COST_MODEL_COLD_START_FLOOR=100 (5547,15618).",
        "BayesianEarlyStopper (compile.py:6142) should_stop (6233): plateau, EI-exhaustion vs ei_floor, coverage saturation vs coverage_growth_floor, wall-clock max_seconds, hard ceiling max_trials default 1M (6156), cost-model-rejection-exhaustion >60% vetoed (6287); auto patience max(50, trial_count//10) at 6196.",
        "Hyperband pruner: _make_pruner (compile.py:6363) -> optuna.pruners.HyperbandPruner(min_resource=1, max_resource=21, reduction_factor=3) at 6371; MedianPruner(n_warmup_steps=2) for 'median'.",
        "Transfer warm-start keyed by FULL (opt,model,arch): _cost_model_path -> cost_model_<opt>_<model>_<arch>.bin (compile.py:5908-5911); sibling-optimizer transfer at 16659-16676; _collect_sibling_trials seeds run_bayesian seed_trials (10308-10337); Optuna study persists to optuna_<opt>_<model>_<arch>.db (16702).",
        "Two-phase split: BuildSpec.runtime in {aot,jit,both} default 'both' (compile.py:8498, validated 9705); entry points build_aot (17409), build_jit (17693), build (17899); -Xptxas -v in base CUDA flags (10732); _parse_ptxas_v_stderr (13492) extracts regs_used/smem_bytes/stack_frame/spill_stores/spill_loads, parsed in _torch_load (13398).",
        "TimingWorker (compile.py:4525): one persistent warm CUDA/HIP context per sweep, use_cuda_graph=True default (4537), timeout_per_variant=180 (4538), 30s-ping/60s-grace watchdog that SIGKILLs+restarts wedged GPU (4528,4615-4694); CUDA-graph replay cuda_graph_median_ms (3925) torch.cuda.CUDAGraph + graph.replay (3958-3971) with cold-L2 flush.",
        "MultiGPUTimingPool at exactly compile.py:4874 — work-stealing across CUDA_/HIP_VISIBLE_DEVICES, one TimingWorker per device pinned via env overlay (4909-4927), per-GPU calibration factors Mandate#5 (4935-4940,4971).",
        "Schema-inferred dims: _scan_kernel_ifndef (compile.py:1385) regex ^\\s*#\\s*ifndef\\s+(SG_TUNED_[A-Z0-9_]+) at 1411, scans csrc/ + grokking_optimizers/kernels/; auto-derived dims PINNED to in-source #define default (card=1) not swept, per 1337/1491-1511.",
        "sm_90 search space (runtime-measured): _sm90_full_space (compile.py:2122) = 35 dims, cartesian_count = 420,369,924,096,000 (~4.2e14); FEATURE_DIM=141 (5333); key cards block=32, maxrregcount=58, cluster_shape=20, vec=5, unroll=8; megakernel dims mega_block/grad_tile/tile_m/tile_n/prod_regs/cons_regs swept (2156-2220).",
        "33 cells confirmed: OPTIMIZERS=11 tokens, MODELS=3 tokens (grokking_optimizers/dispatch.py:586,588); L3-TC _CELLS dict (tests/hw/test_l3tc_tail_gate.py:292) has exactly 33 <opt>/<model> keys.",
        "44->99 architecture is a README doc concept (README.md:421-440): 44 components = 33 opt*arch + 9 model*arch + 2 dispatch/compile, composed across 3 archs (sm_90/gfx942/tpu_v6e) into 99 pipelines; not a compile.py literal.",
        "Math drift guard enforced: _self_test_math_drift_guard (compile.py:26799) runs scripts/check_math_single_source.py with structural single-source + perturbation-must-trip test (26800-26839).",
        "Fused megakernel substrate is real: csrc/fused/sm_90/fused_decoder_megakernel.cuh:1-42 = ONE persistent kernel/step, 5 phases / 4 grid barriers (P0 zero/B0/P1 fwd+bwd/B1/P2 reduce/B2/P3 optimizer tail), zero intermediate launches.",
        "Training-harness claims confirmed in grokking_race_v2.py (NOT compile.py): mod-97 tasks (lines 8-10,497); evaluate() forwards whole tensor model(x) (536-540); EarlyStopper(threshold=0.95, metric_name='test_acc') fires at metric_acc>=0.95 (542-558); early_stop_threshold 0.95 (263)."
      ],
      "prompt_contradictions": [
        "Warm-start keying: prompt says 'keyed by arch'; live code keys the persisted cost model and sibling transfer by the FULL (opt,model,arch) tuple — _cost_model_path -> cost_model_<opt>_<model>_<arch>.bin (compile.py:5908-5911); sibling probe fixes (model,arch) and varies optimizer (16659-16676). Arch alone cannot locate a warm model.",
        "Schema-inferred dims '(maximal-space default)': auto-derived #ifndef dims are PINNED to a single in-source #define default (card=1 in the cartesian product), NOT swept maximally — _auto_derived_dims / _scan_kernel_ifndef deliberately avoid a blanket sweep to respect kernel static_asserts (compile.py:1337,1390-1401,1491-1511). The runtime-measured sm_90 space has 9 of 35 dims pinned to card=1. Maximal sweep applies only to hand-enumerated per-arch *_full_space dims.",
        "Megakernel barrier layout: prompt says 'fwd->barrier->bwd->barrier->opt' (3 phases / 2 barriers); real layout is P0 zero / B0 / P1 (fwd+bwd FUSED in one phase) / B1 / P2 (deterministic cross-CTA reduce) / B2 / P3 (optimizer tail) = 5 phases / 4 barriers (csrc/fused/sm_90/fused_decoder_megakernel.cuh:18-37). fwd and bwd are not separated by a barrier, and the prompt omits the reduce phase.",
        "ptxas -v 'AOT (CPU) parses': -Xptxas -v is in the BASE CUDA flag list (compile.py:10732) so it is emitted on every compile and parsed post-build in _torch_load (13398) regardless of phase; the parsed numbers are stashed by build_dir and consumed by the JIT-side cost-model featurizer and pick_winner spill reaction (6898,7004-7033) — so ptxas-v is produced during AOT compile but its consumer is the JIT/timer path, a looser split than 'AOT parses' implies."
      ],
      "open_questions": [
        "Cost model is opt-in (spec.enable_cost_model default off; toml [cost_model].enable at compile.py:5350,32668). Is it enabled in the production compile_config.toml for the 8xH100 campaign? If not, the entire LCB/Nx-best gating machinery is dormant at runtime.",
        "ptxas-v parsing reads ninja/build logs from build_dir (13406-13417). In the AOT-on-CPU subprocess, are those logs actually persisted, or does the JIT subprocess re-compile and re-emit them? Needs a silicon check in Phase 1/4 to confirm the parsed spill/reg features reach the cost model.",
        "The sm_90 space is ~4.2e14 candidates — far beyond any feasible TPE budget. Real coverage is governed by the prefilter survivor count and the configured bayesian_trials budget, neither of which is a compile.py constant (driven by compile_config.toml). What is the configured trial budget per cell?"
      ],
      "digest_path": "/workspace/phase0/compile_reconcile_search_autotuner.md"
    },
    {
      "name": "09_compile_codegen_cache",
      "subsystem": "compile.py RECONCILE — codegen / precision / cache / flags half",
      "status_summary": "compile.py (32,900 lines) is the single-file build/autotune driver for the SuperGrok2 stack. The codegen/precision/cache/flags half is largely PRESENT and well-instrumented, but with two structurally-dead seams. (1) Inline PTX (cp.async.bulk/TMA, wgmma.mma_async, tcgen05.mma.async, commit/wait groups) exists as synthesized-GEMM strings but is HARD-DISABLED: `_MMA_NATIVE_LOADS_WIRED=False` (compile.py:30179) forces `_gemm_native_mma_mainloop` to return None for every arch, so the emitter falls through to a numerically-correct SCALAR triple-loop and never emits real tensor-core PTX from this file (the real TC path is the committed csrc/ headers + CUTLASS delegation). A malformed-asm-leak guard self-test enforces this (compile.py:26528). (2) The Stream-8 device-PGO runtime hook imports `from grokking_optimizers.device_profiling import run_device_pgo_round` (compile.py:17652) but no such module exists — the code is inlined at compile.py:32288 — so the import always fails (verified live ImportError), making the post-AOT device-PGO round a silent no-op and breaking 7 self-tests; only the Optuna stall-bias enqueue path (module-local symbols, compile.py:6604/16842) actually works. ptxas flag tuning (opt-level, allow-expensive-opts, def-load-cache, register-usage-level, maxrregcount, gencode, Hopper cluster shapes), __launch_bounds__ via SG_TUNED_MIN_BLOCKS, and DEC/VIT split-K dims are all PRESENT and version-gated. Caching is fully wired: ccache+sccache+Redis-shared sccache+config-keyed JSON CompileCache (v4)+NVRTC driver cache, with toolchain version folded into cache keys. Precision is FP8(e4m3/e5m2)+FP4(e2m1) only — NVFP4, MXFP, and microscaling/block-scaling are ABSENT, and FP4/tcgen05 are not even active on the sm_90a H100 target. Megakernel codegen (L3 fwd+bwd+opt single persistent launch), verify_all 99-cell parity, single-source math drift guard, and MultiGPUTimingPool (compile.py:4874) are all PRESENT and match the prompt.",
      "key_facts": [
        "Inline PTX present as synthesized-GEMM strings: cp.async.bulk TMA (compile.py:30248), cp.async.commit_group/wait_group (compile.py:30250-30251), wgmma.mma_async.sync.aligned.m64n128k16.f32.f16.f16 (compile.py:30235/30254), wgmma.commit_group/wait_group (compile.py:30258-30259), tcgen05.mma.async+commit/wait (compile.py:30278/30290-30293)",
        "Native MMA path HARD-DISABLED: _MMA_NATIVE_LOADS_WIRED=False (compile.py:30179) -> _gemm_native_mma_mainloop returns None for sm_90a/sm_100a/gfx9xx/gfx10xx+ (compile.py:30212-30232); _emit_gemm_cuda emits scalar triple-loop instead (compile.py:30451-30470)",
        "Malformed-asm-leak guard self-test asserts no leaked asm: `'r\"(0)' not in src and \"wgmma.mma_async\" not in src` (compile.py:26528-26530); test at compile.py:26500",
        "async_depth tuned dim SG_TUNED_ASYNC_DEPTH clamped to [1,4] via _ASYNC_DEPTH_MAX (compile.py:2271-2274; self-test 20125-20133)",
        "__launch_bounds__ min-CTAs/SM via SG_TUNED_MIN_BLOCKS, dim values [1,2,3,4,6,8] default 4 (compile.py:2156)",
        "Split-K: dec_dw_splitk SG_TUNED_DEC_DW_SPLITK [1,2,4,8] (compile.py:2221), vit_dw_splitk SG_TUNED_VIT_DW_SPLITK [4,1,2,8] (compile.py:2223); SG_TUNED_MB_DW_SPLITK REMOVED 2026-06-17 — Mamba-3 TC rewrite dropped it (compile.py:2225-2228)",
        "Precision: FP8 layout enum [none,e4m3,e5m2] SG_TUNED_FP8_LAYOUT (compile.py:1918), FP4 layout enum [none,e2m1] SG_TUNED_FP4_LAYOUT (compile.py:1922); NVFP4/MXFP/microscaling ABSENT (zero tokens); the 'mx' fp4 branch at compile.py:3407 is dead",
        "sm_90a feature set _F_HOPPER = AMPERE+fp8 + tma/wgmma/cluster (compile.py:547); fp4+tcgen05 are Blackwell-only (_F_BLACKWELL compile.py:548) — FP4 NOT active on H100 target",
        "Stream-8 PGO: opt-in via --pgo (compile.py:19022) and --enable-device-pgo/--no-device-pgo (compile.py:19044-19050); spec.enable_device_pgo default False (compile.py:8555)",
        "Occupancy is an analytical estimate occupancy_estimate ~ min(1, max_threads/(block*waves_per_eu)) (compile.py:5442-5448) — no cuOccupancyMaxActiveBlocks call exists",
        "Stall->bias enqueue: _stall_to_bias_hints (compile.py:32205), bias_trial_queue calls study.enqueue_trial (compile.py:32278) from _run_bayesian (compile.py:6604), max_enqueued=25 (compile.py:16879); STALL_DIM_HINTS includes CUPTI inst_fetch (compile.py:32019/32044)",
        "Caching: _sccache_env wires ccache for host + sccache for NVCC via PYTORCH_NVCC (compile.py:11651), passes Redis env SCCACHE_REDIS_ENDPOINT/SCCACHE_REDIS/SCCACHE_S3_BUCKET (compile.py:11652-11654); CompileCache class JSON v4 (compile.py:7685); NVRTC KernelRegistry->cuModuleLoadData (compile.py:31396/31687)",
        "Toolchain folded into cache keys: _version_gated_flags_for_hash folded into host/device hashes so a compiler upgrade invalidates the cache (compile.py:17441-17443)",
        "ptxas flags via resolve_extra_nvcc_flags (compile.py:3312): opt_level [3,2] -> -Xptxas --opt-level=N (3357); allow_expensive_opts -> --allow-expensive-optimizations=true (3367); def_load_cache [ca,cg,cv,''] (3369); register_usage_level [10,-1,5,8] (3376); maxrregcount sentinel -1 omits flag (3348-3356); Hopper cluster shapes dim (2263) prefiltered to vol<=8 (2312)",
        "11 optimizers (verified len==11): adamw, grokadamw, grokfast, lion, looksam, muon, neuralgrok, prodigy, supergrok11, supergrok15, supergrok2",
        "Cardinality: 33 cells = 11 opt x 3 models PER ARCH (PIPELINES_PER_ARCH==33, compile.py:20443-20445); 44 = 11 opt x 4 archs (compile.py:25410); 99 = 3 models x 11 opt x 3 archs (megakernel.py:4; MEGAKERNEL_ARCHS=('sm_90','gfx942','tpu_v6e') megakernel.py:43; verify_all.py:60)",
        "Fused-megakernel substrate L3_FWD_BWD_OPT=3 one persistent kernel fwd+bwd+opt single launch (megakernel.py:49; megakernel_engine.py:10-12); emitters support only L3 and L1 (megakernel_codegen.py:149)",
        "Single-source math contract + drift guard ENFORCED via scripts/check_math_single_source.py self-test (compile.py:26799-26842)",
        "MultiGPUTimingPool at compile.py:4874 — cross-GPU work-stealing timing pool with per-device calibration (compile.py:4916-5012)",
        "Static-analytical per-arch prefilter: per-arch prefilter.rules Python exprs checked O(rules)/suggestion (compile.py:3209, 3047-3081); sm_90 rules incl warps<=32, tma/warpspec require block>=128, cluster vol<=8, tile_m/n %64==0 (compile.py:2300-2324); plus learned cost-model rejection gate (compile.py:15606) and roofline sub_ceiling flag (compile.py:7105-7131)",
        "verify_all 99-cell numeric parity vs fp64 PyTorch reference, N_CELLS=99 (verify_all.py:60, 614)",
        "Data-side (grokking_race_v2.py): mod-97 tasks current (lines 8-10); evaluate(model,x,y,p=97) forwards whole tensor via model(x) no batching (lines 536-540); EarlyStopper triggers on test_acc>=0.95 (lines 543, 558, CLI default 2312)"
      ],
      "prompt_contradictions": [
        "Stream-8 'run_device_pgo_round' runtime hook is DEAD: compile.py:17652 imports `from grokking_optimizers.device_profiling import run_device_pgo_round` but no device_profiling.py module exists (verified live ImportError; __init__.py has no alias). The function is inlined at compile.py:32288 and never reached by the hook, so the post-AOT device-PGO round is a permanent silent no-op even under --enable-device-pgo. (The Optuna bias-enqueue path itself works via module-local symbols.)",
        "7 device-PGO self-tests are dead-on-import for the same reason: compile.py:20306,20309,20321,20329,20357,20375,20389 all do `from grokking_optimizers import device_profiling` which ImportErrors.",
        "Inline wgmma/tcgen05/cp.async PTX EXISTS but is HARD-DISABLED: _MMA_NATIVE_LOADS_WIRED=False (compile.py:30179) forces the scalar fallback, so the synthesized-GEMM tensor-core PTX in this file never compiles into any artifact. Prompt's 'wgmma codegen' is present-but-unreachable here (real TC lives in csrc/ + CUTLASS).",
        "No NVFP4 / MXFP / microscaling: prompt lists 'FP4/NVFP4/MXFP/FP8/microscaling' but code has only FP8 (e4m3/e5m2, compile.py:1918) and FP4 (e2m1, compile.py:1922). NVFP4, MXFP, and block-scaling are ABSENT; the 'mx' fp4 branch at compile.py:3407 is dead (no dim value emits 'mx').",
        "'33 megakernels on sm_90': code defines 33 as PIPELINES_PER_ARCH (per EVERY arch), not sm_90-specific — full matrix is 99 (compile.py:20443, megakernel.py:4). The '33 on sm_90' is only correct as the sm_90 slice.",
        "SG_TUNED_MB_DW_SPLITK was REMOVED 2026-06-17 (compile.py:2225-2228); prompt lists all three SG_TUNED_{DEC,VIT,MB}_DW_SPLITK but only DEC and VIT are live.",
        "FP4 is not active on the 8xH100 sm_90a target: sm_90a feature set excludes fp4/tcgen05 (compile.py:547-548), so the fp4_layout/tcgen05_variant dims never register on this node — only FP8 layout does."
      ],
      "open_questions": [
        "Is the device_profiling import-shim intentional dead code, or should compile.py:17652 be patched to call the inlined run_device_pgo_round (compile.py:32288) directly? Determines whether device-PGO is actually exercisable in Phase 2.",
        "The intra-kernel barrier structure (fwd->barrier->bwd->barrier->opt) is asserted by the prompt but the grid.sync()/cooperative-groups barrier is NOT in the Python megakernel_codegen.py — it must live in the committed csrc/fused/sm_90/*.cuh headers. Needs Phase-1 confirmation of the actual launch + barrier mechanism.",
        "Are the SG_TUNED_* GEMM-shaping macros (tile_m/tile_n/dec_dw_splitk/vit_dw_splitk/mega_block/grad_tile/prod_regs/cons_regs) ACTUALLY consumed by the csrc kernel bodies on sm_90, or auto-pinned-dead? Several comments claim 'confirmed CONSUMED via grep' but this needs nvcc -E verification on silicon (flagged NEEDS-PARITY at compile.py:2173-2209).",
        "Whether the learned cost-model rejection gate (Stream C, compile.py:15606) and the roofline sub_ceiling gate ever fire in practice on the 33 sm_90 cells, and whether they bias the autotuner away from valid tensor-core configs."
      ],
      "digest_path": "/workspace/phase0/compile_reconcile_codegen.md"
    },
    {
      "name": "10_compile_addtargets",
      "subsystem": "compile.py RECONCILE — Stage-1 & Stage-3 ADD items, portability invariant, and prompt-assertion sweep",
      "status_summary": "grokking_optimizers/compile.py is a 32,900-line single-file build/autotune engine. Of the 9 Stage-1/Stage-3 items the SuperGrok2 prompt wants to ADD, several already exist in some form because the prompt was scoped against an old snapshot. Stage-1: the cuobjdump SASS audit (S1.1) exists only standalone in profile_maximal.py and is NOT imported into compile.py's JIT measure path; ptxas-v realized resources (S1.2) ARE parsed and fed to the cost model as training features but are NOT used as a pre-timing occupancy gate (the only pre-build prune is the learned-surrogate ms gate); device-PGO/counter-PGO (S1.3) is ON by default but runs once per AOT build via nsys whole-workload stall sampling (not ncu, not per-top-K), and the only MEASURED cost-model features are stall fractions + ptxas spill bytes — no achieved-occupancy/L2/issue-slot/DRAM features (occupancy is analytical only); L2 persistence/cudaAccessPolicyWindow (S1.4) and carveout/MaxDynamicSharedMemorySize-as-tuned-knobs (S1.5) are ABSENT (the C++ launchers set a fixed MaxDynamicSharedMemorySize but compile.py never sweeps it). Stage-3: NVRTC runtime specialization is real (S3.1) but the compile-while-benchmark producer/consumer pipeline + speculative precompile + nvJitLink are ABSENT (the pipeline is explicitly deferred per an in-code TODO); artifact GC (S3.2) is PARTIAL — an age+keep-top-N prune is loop-wired but has no size cap/LRU/LFU/ref-count pinning; content/Merkle hashing (S3.3) drives cache invalidation and a content-keyed NVRTC cubin store but the primary cache is not a CAS artifact store; negative cache + bloom (S3.4) is ABSENT. Portability is genuinely config-driven (Stream A / _DEFAULT_PROJECT_CONFIG with a passing foreign-project self-test); SuperGrok-specific names appear only as overridable defaults. Every checkable SuperGrok2-prompt assertion in scope (33 cells, 44→99, drift guard, fused megakernel, mod-97 current, evaluate() full-tensor, EarlyStopper 95%, MultiGPUTimingPool@4874) was CONFIRMED true against the code.",
      "key_facts": [
        "compile.py is 32,900 lines; the SASS-audit lives in a SEPARATE file profile_maximal.py:285 (cuobjdump -sass), counting WGMMA/TMA/MBARRIER tokens at profile_maximal.py:287-291",
        "profile_maximal is NOT imported anywhere in grokking_optimizers/ (0 hits for import profile_maximal) → S1.1 SASS audit is standalone, not a compile.py JIT hook",
        "ptxas-v is parsed by _parse_ptxas_v_stderr (compile.py:13492: regs_used/smem_bytes/stack_frame/spill_stores/spill_loads) and recorded per-config (compile.py:13575); promoted into sidecar AFTER build at compile.py:15889-15901",
        "The only MEASURED cost-model features are ptxas spill_stores_norm + stack_frame_norm (compile.py:5286-5287, 5495-5513) and stall-reason fractions (compile.py:5522-5533); occupancy_estimate is ANALYTICAL min(1,max_threads/(block*waves)) compile.py:5442-5449",
        "No cudaOccupancy/max_active_blocks/sm__/gpu__/dram__/l2_/achieved_occ tokens exist in compile.py (0 hits) → S1.3 has NO measured achieved-occupancy/L2/issue-slot/DRAM features",
        "Pre-build pruning is surrogate-ms only: absolute gate (cost_model_rejection_threshold_x=3.0 compile.py:8636) + multi-fidelity gate; cold-start floor 100 measured trials (compile.py:5547). Spills are only a POST-timing tie-break in pick_winner (compile.py:6910,6922-6927)",
        "Device-PGO (S1.3) defaults True in build() (compile.py:17949,18130) but False on BuildSpec (compile.py:8555); runs once per AOT build (compile.py:17650-17665) via nsys (compile.py:32032) — NOT ncu, NOT per-top-K; 14 stall categories in STALL_DIM_HINTS (compile.py:32009-32027)",
        "enable_cost_model=True (compile.py:8634), multi_fidelity=True (compile.py:8654) by default; cost model retrains every 20 trials from ALL trials (compile.py:16634), warm-starts from persisted+sibling models (compile.py:16646-16664)",
        "S1.4 ABSENT: 0 hits for cudaAccessPolicyWindow/PersistingL2/cudaLimitPersisting in compile.py AND csrc; only L2 use is the timing-flush buffer _make_l2_flush_buffer (compile.py:3914-3922; H100 l2_bytes=50MB compile.py:684)",
        "S1.5 ABSENT as tuned knob: csrc launchers set a FIXED cudaFuncAttributeMaxDynamicSharedMemorySize (e.g. fused_decoder_megakernel.cuh:1533-1535) but compile.py never sweeps it; no PreferredSharedMemoryCarveout anywhere; compile.py's only Carveout is CUTLASS StageCountAutoCarveout (compile.py:28420)",
        "S3.1: compile-while-benchmark pipeline ABSENT — explicit TODO at compile.py:15119-15128 says variant .so are compiled SERIALLY and a build-pool was deliberately not wired; NVRTC is REAL (_nvrtc_compile compile.py:31484, gated by enable_runtime_specialization default True in build() compile.py:17946); nvJitLink = 0 hits",
        "S3.2 PARTIAL: CompileCache.prune(max_age_days=30, keep_top_n=100) (compile.py:8349) deletes .so via p.unlink() (compile.py:8455), auto-runs after sweep (compile.py:16484-16497, prune_after_autotune default True compile.py:8558) + CLI --prune (compile.py:19174); but NO size cap / LRU / LFU / ref-count (only the tuned winner is pinned, compile.py:8410-8422)",
        "S3.3 PARTIAL: _hash_sources sha256s TU + transitive #include closure (compile.py:2965,2888) into build_sig (compile.py:15845-15852) used for invalidation (get_fresh_variant compile.py:8185); NVRTC cubin store IS content-keyed (sha256 arch|op|dtype|shape_cls|ndim|tc_sig compile.py:31434-31436); main cache keyed by (opt,model,arch,config_key), not CAS. CACHE_VERSION==4 (compile.py:195)",
        "S3.4 ABSENT: 0 hits for negative_cache/bloom/known_bad/blacklist in compile.py",
        "Portability config-driven: _DEFAULT_PROJECT_CONFIG (compile.py:32330) externalizes macro_prefix=SG_BUILD_ (32340), python_package, csrc roots, 11 optimizers (32391-32393), models [mamba,decoder,vit] (32402), -DNDEBUG (32388); foreign-project self-test passes (_self_test_portability compile.py:24821-24940 builds MP_/myop/mymodel)",
        "device_profiling module does NOT exist as a file — functions live in compile.py:32288 and a sys.modules shim (compile.py:32880-32895) aliases grokking_optimizers.device_profiling to compile.py, so the import at compile.py:17652 resolves correctly (NOT a bug)",
        "Prompt assertions CONFIRMED: 33 cells=11opt×3models (compile.py:20443, utilization.py:3); 44→99 (compile.py:25410, megakernel_codegen.py:68,413); drift guard (scripts/check_math_single_source.py); fused megakernel L3_FWD_BWD_OPT (megakernel.py:49); MultiGPUTimingPool@compile.py:4874",
        "mod-97 is current data (grokking_race_v2.py:8-10,260 p=97); FineWeb/ImageNet/GiftEval = 0 hits anywhere → Phase 3 future work; evaluate() forwards whole tensor (grokking_race_v2.py:536-540 logits=model(x)); EarlyStopper threshold=0.95 (grokking_race_v2.py:543)"
      ],
      "prompt_contradictions": [
        "S1.1 scoping: prompt asks to 'wire SASS audit into the tuning loop' as if absent — the cuobjdump -sass audit DOES exist (profile_maximal.py:285) but is standalone (not imported into compile.py); so the work is integration, not authoring. (profile_maximal.py:285-296 vs no import in compile.py)",
        "S1.3 scoping: prompt frames 'Counter PGO by default' as a new add — device-PGO is ALREADY on by default in build() (compile.py:17949,18130) and stall-reason features ALREADY feed the cost model (compile.py:5522-5533). What's actually missing is the achieved-occupancy/L2/issue-slot/DRAM measured features and the per-top-K (vs whole-workload nsys) granularity.",
        "S1.3 implies analytical occupancy needs replacing with measured — note device-PGO uses nsys (compile.py:32032), NOT ncu, so it produces stall FRACTIONS, not the achieved-occupancy/L2/DRAM hardware counters the prompt names; ncu IS used elsewhere (profile.py:456) but only for one-shot profiling, not the cost model.",
        "S1.2 scoping: prompt asks for a realized-resource→occupancy pre-timing gate as if no realized-resource handling exists — ptxas-v IS parsed and consumed (compile.py:13492, 5495-5513) and spills already gate winner selection post-timing (compile.py:6910); the genuinely missing piece is only the BEFORE-timing occupancy prune.",
        "S3.1 scoping: prompt bundles NVRTC as something to add — NVRTC runtime specialization is ALREADY implemented (compile.py:31484, default-on in build()). Only the compile-while-benchmark pipeline + speculative precompile + nvJitLink are genuinely absent (pipeline explicitly deferred per TODO compile.py:15119-15128).",
        "S3.2 scoping: prompt notes 'evict in code is L2-cache flush, NOT artifact GC' — TRUE for evict/flush tokens, but a real artifact GC named prune() already exists and is loop-wired (compile.py:8349, 16484). The missing part is narrower than 'add a GC': it is size-cap/LRU/LFU + ref-count pinning on top of the existing age+top-N prune.",
        "S3.3 scoping: prompt asks to add content-addressable/Merkle caching as if absent — content/Merkle source+include hashing already drives invalidation (compile.py:2965,2888) and the NVRTC cubin store is already content-addressed (compile.py:31434-31436); only the PRIMARY artifact cache is not yet a CAS store."
      ],
      "open_questions": [
        "S1.2/S1.3: Is the intended occupancy gate analytical (compute max-active-blocks from parsed ptxas regs/smem against ArchEntry limits, which ARE available at compile.py:5400-5402) or measured (ncu achieved_occupancy)? The code has the analytical inputs but no occupancy formula; the prompt's wording ('realized-resource → occupancy') suggests analytical-from-realized, distinct from S1.3's measured counters.",
        "S1.3: Should counter-PGO migrate from nsys stall-sampling to ncu --metrics (achieved_occupancy/l2_hit_rate/dram__throughput/issue_slot_utilization) and run per-top-K survivor, or augment the existing whole-workload pass? profile.py already shells ncu (profile.py:447-456) — could be the harvest seam.",
        "S3.2: What size budget / eviction policy is wanted (bytes cap + LRU vs LFU) and what defines a ref-count 'pin' beyond the single tuned winner — concurrently-referenced variant .so during a running sweep? record_variant (compile.py:8154) has no refcount field today.",
        "S1.5: Should PreferredSharedMemoryCarveout and the dynamic-smem size become first-class tuned dims in the search space (build_full_search_space, compile.py:2735) feeding both ptxas codegen and the C++ launcher's cudaFuncSetAttribute, or stay fixed at sizeof(smem)? Wiring a tuned carveout requires plumbing a value into the launcher, which currently hardcodes it.",
        "Does the build-pool TODO (compile.py:15119-15128) interact with the existing MultiGPUTimingPool (compile.py:4874) — i.e. is the producer/consumer pipeline expected to compile on CPU workers while the single GPU times, or compile-and-time across the 8 GPUs?"
      ],
      "digest_path": "/workspace/phase0/compile_reconcile.md"
    },
    {
      "name": "11_docs_state",
      "subsystem": "Prior-session state, the on-silicon checklist (HARDWARE_VALIDATION.md), and known open items",
      "status_summary": "This subsystem is the set of state/checklist/audit documents that record what prior sessions accomplished on the SuperGrok1.5 (SuperGrok2) 8xH100 sm_90 training stack. The central tension is doc-drift: HARDWARE_VALIDATION.md (117KB, the 99-cell on-silicon checklist) is frozen at the 2026-06-09 audit, which validated only the L1 optimizer-only path and explicitly leaves ALL 99 cells (including all 33 sm_90 L3 model×optimizer megacells) at 🟡 \"compile-verified only.\" A later campaign (2026-06-11 through 2026-06-17, recorded in .campaign_plan.md, .audit_notes.md, OPTIMIZATION_LEDGER.md, SESSION_STATE.md, HANDOFF.md) actually built, wired, gated, and roofline-tuned all 33 sm_90 L3-TC wgmma megakernels on real H100 silicon — so the code is well past the doc's markers. Campaign-claimed silicon status: parity 11/0, profile_maximal 11/0, grok race 8/11, wiring 33/33, tail-gate 33/33 in one invocation, A/A/A bit-identical, roofline measured at d=2048 with a multi-keep hill-climb (decoder 1889→618 ms ≈3.05x, roofline 2.08%→6.475%). The 3 non-grokking SuperGrok-family cells (SG11/SG15 collapse, SG2 CSA/HCA fidelity gap) are documented research-owned meta-net dynamics, not kernel-correctness bugs. Major KNOWN open items: the SG2 CSA/HCA kernel-fidelity gap, SG2 199GB workspace OOM at d=1024, BUG-04 mamba staged-opt scratch, a cleanup-#10 regression class in dev/verification harnesses (has_kernels/verify_all/profilers DOA), compile.py fp64-not-wired-into-pick_winner fake-green holes, and a CLI that inverts \"maximal.\" The mod-97 tasks are the current data and the Phase-3 real datasets (FineWeb-Edu/ImageNet/GiftEval) have zero references in the code. For the hardening audit the codebase wins; HARDWARE_VALIDATION.md's 🟡 are stale.",
      "key_facts": [
        "33 sm_90 L3 megakernel TUs exist: ls csrc/fused/sm_90/mega_*.cu minus _real_adamw_tc/_launcher = exactly 33 (11 decoder + 11 vit + 11 mamba3), all gated into the production path via _L3_WGMMA_CELLS (dispatch.py:1310)",
        "All 99 cells in HARDWARE_VALIDATION.md are marked 🟡; the L1 update note (HARDWARE_VALIDATION.md:65-70) keeps them 🟡 because they track the L3 megacell which was 'compile-verified only' as of the 2026-06-09 audit (HARDWARE_VALIDATION.md:174-180, 'dispatch.has_fused is empty by design')",
        "Campaign-claimed sm_90 silicon status (latest, durable): parity 11/0, profile_maximal 11/0, grok race 8/11 (HARDWARE_VALIDATION.md:149,154,161; .audit_notes.md INTEGRATION BUILD parity 11/0, 8/11 grok), wiring 33/33 + tail-gate 33/33 + A/A/A bit-identical (HANDOFF.md:13, SESSION_STATE.md:30)",
        "mod-97 task config: p=97, frac_train=0.5, val_ratio=0.10, num_layers=2, dim_model=128, num_heads=4, num_tokens=99, max_steps=100000, early_stop_threshold=0.95, early_stop_max_steps=20000, eval_every=10, early_stop_on='val', early_stop_patience=50, seed=42 (grokking_race_v2.py:260-290)",
        "mod-97 dataset: make_data enumerates 97x96=9312 pairs, frac_train=0.5 -> held-out test ~4656 samples (grokking_race_v2.py:295-311); matches prompt's ~4656",
        "Production decoder d=128 shape: vocab=99, d=128, heads=4, layers=2, seq=4 = _DECODER_TOTAL_ELEMS 422755 (dispatch.py:1274); ViT p=97 d=128 = 418017 (dispatch.py:1276)",
        "Roofline benchmark scale locked at d=2048 (.campaign_plan.md:18); scale-up max tier: decoder GPT-2 XL d1600/L48/h25 ~1.5B, vit ViT-G/14 d1664/L48/h16 ~1.8B, mamba Mamba-3 d2048/L24/state128 ~1.5B (grokking_race_v2.py:246-253)",
        "evaluate() forwards the whole tensor: logits=model(x) single forward (grokking_race_v2.py:535-540) — catastrophic at scale, fine at mod-97 ~4656",
        "EarlyStopper default threshold=0.95 but metric-agnostic; default early_stop_on='val' so it stops on VAL>=0.95 not test (grokking_race_v2.py:542-543, 260-269); CLI --early-stop-test-acc default 0.95 (line 2312)",
        "MultiGPUTimingPool is at compile.py:4874 exactly (class MultiGPUTimingPool:), times across all visible GPUs",
        "Megakernel structure (fused_decoder_megakernel.cuh:196 single persistent __global__, gridDim.x=#SMs, 1 CTA/SM): B0 barrier -> P1 fwd+bwd TOGETHER batch-parallel -> B1 -> P2 cross-CTA grad reduce -> B2 -> P3 opt tail (HARDWARE_VALIDATION.md:22-37; no barrier after P3)",
        "nvcc-vs-compile.py methodology exists = Track D #11 (OPTIMIZATION_LEDGER.md:46-47): A->B +0.43% ptxas flags NEUTRAL, B->C -2.09% autotuned split-K knob = the real win, A->C -1.67%; value at scale is the knob not the flag pipeline",
        "Key roofline KEEPs: decoder dW contiguous-staging +2.05x (roofline 2.08%->4.35%) + fwd/dX deeper cp.async ring +1.49x (->6.475%), cumulative ~3.05x (OPTIMIZATION_LEDGER.md:60-78); IL=4 GEMM-interleave bench -9.3% fastest but A/A/A FAILED at d=128 -> REJECTED (gate caught it)",
        "ViT bottleneck profiled d=2048/B1024: B1_barrier 51.2% DOMINANT (load imbalance), P2_dW only 3.0% -> ViT-maxing = fix B1 not GEMMs (OPTIMIZATION_LEDGER.md:149-158); ViT B1 sub-tile S=8 BAKED gave 4.02x (SESSION_STATE.md:26)",
        "single-source math drift guard = scripts/check_math_single_source.py with 3 enforced teeth, wired into --self-test as math_drift_guard (README.md:476-488); 44->99 architecture confirmed README.md:421",
        "Known open bugs: SG2 CSA/HCA CUDA kernel-fidelity gap (.audit_notes.md:174-178), SG2 ~199GB workspace at d=1024 OOMs decoder_bench (.campaign_plan.md:211, HANDOFF.md:27), BUG-04 mamba staged-opt scratch blocks muon/neuralgrok/looksam mamba (SESSION_STATE.md:106), SG11 mu-path possible regression (.audit_notes.md:170)",
        "cleanup-#10 regression class (dev harnesses, NOT shipping numeric path): has_kernels() returns False on healthy _ops (dispatch.py:~542), verify_all/profile/profile_maximal/utilization DOA, --grad-hooks raises mid-backward, decoder_kernel_mirror.py orphan -> decoder structural gate unrun (CODEBASE_AUDIT_FINDINGS.md:49-64)",
        "compile.py P0 fake-green holes (COMPILE_AUDIT.md:24-66): fp64 oracle NOT wired into pick_winner (fp32 self-consistency only), polyhedral/CUTLASS/CK winners ship template while recording generated origin, IL=4 non-determinism wins by default unless strict_numerics, CLI inverts 'maximal' (PGO/emitter/synth/polyhedral all OFF by default), Level-2 superopt ~70% scaffold",
        "Phase-2 parallelism scaffolding present (tp_layer.cuh/pp_stage_decoder_tc.cuh/sharded_optimizer_kernel.cuh/parallel_config.cuh/zero3.py) but DORMANT/test-only/GPU-unrun; decision LOCKED = 4D + ZeRO-3 + max batch (.campaign_plan.md:128-139); PP patch 0001 bit-rotted, DP=2 assert tautological (CODEBASE_AUDIT_FINDINGS.md:62-64)",
        "Self-test last green at 265/0 (SESSION_STATE.md:82); resume via /workspace/venv_selfcontained + source .fast_build_env.sh; binaries persisted (_ops.so 33M, build/ 90M)"
      ],
      "prompt_contradictions": [
        "Prompt: 'fused-megakernel substrate: fwd->barrier->bwd->barrier->opt'. Live code (fused_decoder_megakernel.cuh:22-37): the actual structure is B0 barrier -> P1 fwd+bwd TOGETHER (batch-parallel, fused per-CTA, NOT barrier-separated) -> B1 barrier -> P2 cross-CTA grad reduce -> B2 barrier -> P3 opt. There are THREE barriers (B0/B1/B2 around the grad-reduce), and fwd and bwd are NOT separated by a barrier. The 'single persistent kernel, single launch' part is correct (one __global__, gridDim.x=#SMs, 1 CTA/SM).",
        "Prompt implies '33 megakernels / 33 cells validated' as a settled fact. The PRIMARY status doc HARDWARE_VALIDATION.md (the 99-cell matrix, all rows, and §2:174-180) still marks all 33 sm_90 L3 megacells 🟡 'compile-verified only' — only the later campaign files (.campaign_plan.md / .audit_notes.md / OPTIMIZATION_LEDGER.md, 06-12..06-17) record them as silicon-validated (wiring 33/33, parity 11/0, A/A/A). The headline checklist doc is stale/contradicts the campaign code; this is doc-drift the audit must reconcile (codebase wins).",
        "Prompt: 'EarlyStopper triggers on 95% TEST accuracy.' Live code: EarlyStopper threshold defaults to 0.95 but is metric-AGNOSTIC, and DEFAULT_CONFIG sets early_stop_on='val' (grokking_race_v2.py:269) so it stops on VAL>=0.95 by default, not test. The 95% threshold mechanism is correct; the metric is val, not test.",
        "Prompt frames profile_maximal as cleanly passing. Live forensics (.audit_notes.md MAXIMALITY section, abd...a6e853f8): a raw profile_maximal run was 6P/5F/9SKIP where all 5 fails = ONE runtime-dead CUTLASS TF32-RS GEMM (MMA_64x128x8_F32TF32TF32_RS_TN) spilling 8B; it reports 11/0 only after that out-of-callgraph spill is allowlisted/pruned. The '11/0 maximal' is true only with the allowlist.",
        "Prompt: 'Phase 3 will replace mod-97 with FineWeb-Edu (decoder), ImageNet-1k (ViT), GiftEvalPretrain (Mamba).' Note the numbering collision: archived_reports/ contains PHASE3_REPORT.md..PHASE7_REPORT.md which are the OLD '44-component restructuring' phases, NOT the SuperGrok2-prompt's Phase 3. The real-dataset integration has ZERO code/doc references (grep finds no fineweb/imagenet/gifteval), confirming it is unstarted — but a reader must not conflate the archived PHASE3_REPORT.md with the prompt's Phase 3."
      ],
      "open_questions": [
        "Has the ViT B1 sub-tile S=8 bake (b0d41f8, 4.02x) been confirm-built on resume? SESSION_STATE.md:28 says the final confirm-build was DEFERRED because the GPU was busy — open queue item #1. Need to verify the shipped _ops.so contains it.",
        "Was the SG11 mu-path change reverted? .audit_notes.md:170 reports it 'may have REGRESSED' SG11 to flat after the integration build; SESSION_STATE.md open queue lists it under gate-hardening but the verdict is unrecorded.",
        "Is the SG2 199GB-at-d=1024 workspace fix landed as its own gated commit? .campaign_plan.md:211 says it was 'launched' / 'landing now' but the durable verdict is not in OPTIMIZATION_LEDGER.md.",
        "Does the current _ops.so reflect the dW-staging baseline or the reverted slower depth-2 P0 build? OPTIMIZATION_LEDGER.md:52 warns the .so was left as the slower depth-2 build at one point ('rebuild to baseline next cycle') — the actual shipped binary state needs a fresh wiring_check + roofline on silicon.",
        "The HARDWARE_VALIDATION.md 🟡->✅ markers were never updated post-campaign — should the audit treat updating them (to reflect 33/33 L3 silicon validation) as part of the deliverable, or leave the doc as the conservative pre-campaign baseline?",
        "Phase-2 distributed: the LOCKED decision is 4D + ZeRO-3 + max batch, but it is GPU-unrun and PP patch 0001 bit-rotted vs the 2592-line decoder header. The prompt says 'parallelism is already in the codebase (do not redesign)' — but bring-up is incomplete; is re-validating/regenerating the bit-rotted PP patch in scope or deferred to the 8xH100 window?"
      ],
      "digest_path": "/workspace/phase0/PRIOR_STATE_AND_CHECKLIST.md"
    }
  ],
  "workflowProgress": [
    {
      "type": "workflow_phase",
      "index": 1,
      "title": "Read"
    },
    {
      "type": "workflow_agent",
      "index": 1,
      "label": "harness+data+matrix",
      "phaseIndex": 1,
      "phaseTitle": "Read",
      "agentId": "a8998af4a5f41f552",
      "model": "claude-opus-4-8[1m]",
      "state": "done",
      "startedAt": 1782335041544,
      "queuedAt": 1782335041487,
      "attempt": 1,
      "lastToolName": "StructuredOutput",
      "lastToolSummary": "Training harness, datasets, eval, and the experiment matrix…",
      "promptPreview": "Repo root: /workspace/SuperGrok1.5. You are a Phase-0 reader for an exhaustive hardening audit of the SuperGrok2 (a.k.a. SuperGrok1.5) training stack on an 8xH100 sm_90 node.\nRULES:\n- Read EXHAUSTIVELY but efficiently: use grep/Glob to locate, then Read the relevant spans. NEVER read these (huge/generated, will waste context): _dectc_codegen/*.cudafe1.cpp (581K lines each), .build_cache/, __pycach…",
      "lastProgressAt": 1782335424983,
      "tokens": 98844,
      "toolCalls": 41,
      "durationMs": 383438,
      "resultPreview": "{\"subsystem\":\"Training harness, datasets, eval, and the experiment matrix (grokking_race_v2.py)\",\"status_summary\":\"grokking_race_v2.py (2505 lines) is the race driver: it trains 11 optimizers across 3 models (Decoder Transformer, ViT, Mamba-3) on mod-97 algorithmic tasks, full-batch, with every step routed through a PURE L3-TC persistent wgmma megakernel (no eager fallback — non-L3 conditions hard…"
    },
    {
      "type": "workflow_agent",
      "index": 2,
      "label": "optimizers+canonical-math",
      "phaseIndex": 1,
      "phaseTitle": "Read",
      "agentId": "a42e483df81d03edb",
      "model": "claude-opus-4-8[1m]",
      "state": "done",
      "startedAt": 1782335041547,
      "queuedAt": 1782335041488,
      "attempt": 1,
      "lastToolName": "StructuredOutput",
      "lastToolSummary": "The 11 optimizers + canonical math + single-source drift gu…",
      "promptPreview": "Repo root: /workspace/SuperGrok1.5. You are a Phase-0 reader for an exhaustive hardening audit of the SuperGrok2 (a.k.a. SuperGrok1.5) training stack on an 8xH100 sm_90 node.\nRULES:\n- Read EXHAUSTIVELY but efficiently: use grep/Glob to locate, then Read the relevant spans. NEVER read these (huge/generated, will waste context): _dectc_codegen/*.cudafe1.cpp (581K lines each), .build_cache/, __pycach…",
      "lastProgressAt": 1782335361357,
      "tokens": 120382,
      "toolCalls": 47,
      "durationMs": 319810,
      "resultPreview": "{\"subsystem\":\"The 11 optimizers + canonical math + single-source drift guard\",\"status_summary\":\"The stack has 11 optimizers, each with exactly one canonical per-element CUDA math home in csrc/algorithms/<opt>.h and a torch.optim subclass in grokking_optimizers/optimizers/<opt>.py (no Python execution fallback — the compiled kernel is the only path). OptIds 0..10 are AdamW, Lion, Grokfast, GrokAdam…"
    },
    {
      "type": "workflow_agent",
      "index": 3,
      "label": "megakernel-substrate",
      "phaseIndex": 1,
      "phaseTitle": "Read",
      "agentId": "aeff0286c68082e3c",
      "model": "claude-opus-4-8[1m]",
      "state": "done",
      "startedAt": 1782335041548,
      "queuedAt": 1782335041488,
      "attempt": 1,
      "lastToolName": "StructuredOutput",
      "lastToolSummary": "Fused megakernel substrate + feasibility solver + codegen (…",
      "promptPreview": "Repo root: /workspace/SuperGrok1.5. You are a Phase-0 reader for an exhaustive hardening audit of the SuperGrok2 (a.k.a. SuperGrok1.5) training stack on an 8xH100 sm_90 node.\nRULES:\n- Read EXHAUSTIVELY but efficiently: use grep/Glob to locate, then Read the relevant spans. NEVER read these (huge/generated, will waste context): _dectc_codegen/*.cudafe1.cpp (581K lines each), .build_cache/, __pycach…",
      "lastProgressAt": 1782335393862,
      "tokens": 140873,
      "toolCalls": 38,
      "durationMs": 352314,
      "resultPreview": "{\"subsystem\":\"Fused megakernel substrate + feasibility solver + codegen (sm_90)\",\"status_summary\":\"The subsystem has TWO parallel megakernel families that the prompt conflates. (A) The Python solver (megakernel.py) and generator (megakernel_codegen.py) enumerate a 99-cell matrix (3 models x 11 optimizers x 3 archs) and materialize 33 sm_90 `mega_<model>_<opt>.cu` cell files, all of which #include …"
    },
    {
      "type": "workflow_agent",
      "index": 4,
      "label": "dispatch+bindings",
      "phaseIndex": 1,
      "phaseTitle": "Read",
      "agentId": "af74ed9dfc1eb1b25",
      "model": "claude-opus-4-8[1m]",
      "state": "done",
      "startedAt": 1782335041548,
      "queuedAt": 1782335041488,
      "attempt": 1,
      "lastToolName": "StructuredOutput",
      "lastToolSummary": "Python↔C++ dispatch, bindings, runtime fused_step path, opt…",
      "promptPreview": "Repo root: /workspace/SuperGrok1.5. You are a Phase-0 reader for an exhaustive hardening audit of the SuperGrok2 (a.k.a. SuperGrok1.5) training stack on an 8xH100 sm_90 node.\nRULES:\n- Read EXHAUSTIVELY but efficiently: use grep/Glob to locate, then Read the relevant spans. NEVER read these (huge/generated, will waste context): _dectc_codegen/*.cudafe1.cpp (581K lines each), .build_cache/, __pycach…",
      "lastProgressAt": 1782335483598,
      "tokens": 141283,
      "toolCalls": 44,
      "durationMs": 442050,
      "resultPreview": "{\"subsystem\":\"Python↔C++ dispatch, bindings, runtime fused_step path, opt-state taxonomy\",\"status_summary\":\"The _ops pybind module exports exactly 5 callables (detect_arch, fused_step, sg2_fused_step, sg2_meta_optimizer_tail, sg2_ws_stride) plus an inert __abi_schema__ attr; register_model_bindings is a deliberate no-op. fused_step (dispatch.cpp:632) hard-gates gemm_impl==\\\"wgmma\\\" (no scalar/eage…"
    },
    {
      "type": "workflow_agent",
      "index": 5,
      "label": "wgmma/tma-substrate",
      "phaseIndex": 1,
      "phaseTitle": "Read",
      "agentId": "a6959a9ecc99dbabd",
      "model": "claude-opus-4-8[1m]",
      "state": "done",
      "startedAt": 1782335041549,
      "queuedAt": 1782335041488,
      "attempt": 1,
      "lastToolName": "StructuredOutput",
      "lastToolSummary": "Hopper tensor-core substrate (WGMMA/TMA) + model GEMM stages",
      "promptPreview": "Repo root: /workspace/SuperGrok1.5. You are a Phase-0 reader for an exhaustive hardening audit of the SuperGrok2 (a.k.a. SuperGrok1.5) training stack on an 8xH100 sm_90 node.\nRULES:\n- Read EXHAUSTIVELY but efficiently: use grep/Glob to locate, then Read the relevant spans. NEVER read these (huge/generated, will waste context): _dectc_codegen/*.cudafe1.cpp (581K lines each), .build_cache/, __pycach…",
      "lastProgressAt": 1782335410546,
      "tokens": 145659,
      "toolCalls": 35,
      "durationMs": 368997,
      "resultPreview": "{\"subsystem\":\"Hopper tensor-core substrate (WGMMA/TMA) + model GEMM stages\",\"status_summary\":\"The stack has TWO independent tensor-core GEMM engines that the prompt conflates. (1) A hand-rolled in-kernel ss-WGMMA substrate (wgmma.cuh + tile_pipeline.cuh + warp_specialize.cuh, namespace sg::sm90::wgs) that emits wgmma.mma_async...m64nNk16.f32.bf16.bf16 via inline PTX for N in {8,16,32,64,96,128}, w…"
    },
    {
      "type": "workflow_agent",
      "index": 6,
      "label": "parallelism+multiGPU",
      "phaseIndex": 1,
      "phaseTitle": "Read",
      "agentId": "a13e348f65713f88a",
      "model": "claude-opus-4-8[1m]",
      "state": "done",
      "startedAt": 1782335041549,
      "queuedAt": 1782335041488,
      "attempt": 1,
      "lastToolName": "StructuredOutput",
      "lastToolSummary": "Implemented parallelism strategy + multi-GPU profiling pool…",
      "promptPreview": "Repo root: /workspace/SuperGrok1.5. You are a Phase-0 reader for an exhaustive hardening audit of the SuperGrok2 (a.k.a. SuperGrok1.5) training stack on an 8xH100 sm_90 node.\nRULES:\n- Read EXHAUSTIVELY but efficiently: use grep/Glob to locate, then Read the relevant spans. NEVER read these (huge/generated, will waste context): _dectc_codegen/*.cudafe1.cpp (581K lines each), .build_cache/, __pycach…",
      "lastProgressAt": 1782335358042,
      "tokens": 98379,
      "toolCalls": 38,
      "durationMs": 316493,
      "resultPreview": "{\"subsystem\":\"Implemented parallelism strategy + multi-GPU profiling pool (MultiGPUTimingPool, ParallelConfig/DistributedContext/ZeRO3Sharder, parallel/*, megakernel_engine)\",\"status_summary\":\"There are two distinct \\\"multi-GPU\\\" subsystems and the prompt conflates them. (1) MultiGPUTimingPool (compile.py:4874) is a work-stealing pool that fans an autotune JIT sweep of ONE optimizer's compiled ker…"
    },
    {
      "type": "workflow_agent",
      "index": 7,
      "label": "profiling+verify-tooling",
      "phaseIndex": 1,
      "phaseTitle": "Read",
      "agentId": "a4655e11e6f6f6e3c",
      "model": "claude-opus-4-8[1m]",
      "state": "error",
      "startedAt": 1782335041550,
      "queuedAt": 1782335041488,
      "attempt": 1,
      "lastToolName": "StructuredOutput",
      "lastToolSummary": "Verification and profiling tooling",
      "promptPreview": "Repo root: /workspace/SuperGrok1.5. You are a Phase-0 reader for an exhaustive hardening audit of the SuperGrok2 (a.k.a. SuperGrok1.5) training stack on an 8xH100 sm_90 node.\nRULES:\n- Read EXHAUSTIVELY but efficiently: use grep/Glob to locate, then Read the relevant spans. NEVER read these (huge/generated, will waste context): _dectc_codegen/*.cudafe1.cpp (581K lines each), .build_cache/, __pycach…",
      "lastProgressAt": 1782335449422,
      "error": "agent({schema}): StructuredOutput retry cap (5) exceeded — 5 failed calls with no valid output",
      "tokens": 181087,
      "toolCalls": 32,
      "durationMs": 407872
    },
    {
      "type": "workflow_agent",
      "index": 8,
      "label": "compile-reconcile:search",
      "phaseIndex": 1,
      "phaseTitle": "Read",
      "agentId": "a9b6b3aebda41d7e1",
      "model": "claude-opus-4-8[1m]",
      "state": "done",
      "startedAt": 1782335041550,
      "queuedAt": 1782335041489,
      "attempt": 1,
      "lastToolName": "StructuredOutput",
      "lastToolSummary": "compile.py RECONCILE — search / autotuner half (Optuna TPE,…",
      "promptPreview": "Repo root: /workspace/SuperGrok1.5. You are a Phase-0 reader for an exhaustive hardening audit of the SuperGrok2 (a.k.a. SuperGrok1.5) training stack on an 8xH100 sm_90 node.\nRULES:\n- Read EXHAUSTIVELY but efficiently: use grep/Glob to locate, then Read the relevant spans. NEVER read these (huge/generated, will waste context): _dectc_codegen/*.cudafe1.cpp (581K lines each), .build_cache/, __pycach…",
      "lastProgressAt": 1782335440266,
      "tokens": 95003,
      "toolCalls": 46,
      "durationMs": 398715,
      "resultPreview": "{\"subsystem\":\"compile.py RECONCILE — search / autotuner half (Optuna TPE, XGBoost cost model + LCB pruning, BayesianEarlyStopper, Hyperband, transfer warm-start, AOT→JIT two-phase, MultiGPUTimingPool, schema-inferred #ifndef dims, per-arch search spaces)\",\"status_summary\":\"All five autotuner capabilities the SuperGrok2 prompt claims are PRESENT and genuinely wired in compile.py (not stubbed): Optu…"
    },
    {
      "type": "workflow_agent",
      "index": 9,
      "label": "compile-reconcile:codegen+cache",
      "phaseIndex": 1,
      "phaseTitle": "Read",
      "agentId": "a9ae7de49ed191337",
      "model": "claude-opus-4-8[1m]",
      "state": "done",
      "startedAt": 1782335041551,
      "queuedAt": 1782335041489,
      "attempt": 1,
      "lastToolName": "StructuredOutput",
      "lastToolSummary": "compile.py RECONCILE — codegen / precision / cache / flags …",
      "promptPreview": "Repo root: /workspace/SuperGrok1.5. You are a Phase-0 reader for an exhaustive hardening audit of the SuperGrok2 (a.k.a. SuperGrok1.5) training stack on an 8xH100 sm_90 node.\nRULES:\n- Read EXHAUSTIVELY but efficiently: use grep/Glob to locate, then Read the relevant spans. NEVER read these (huge/generated, will waste context): _dectc_codegen/*.cudafe1.cpp (581K lines each), .build_cache/, __pycach…",
      "lastProgressAt": 1782335453581,
      "tokens": 111621,
      "toolCalls": 50,
      "durationMs": 412030,
      "resultPreview": "{\"subsystem\":\"compile.py RECONCILE — codegen / precision / cache / flags half\",\"status_summary\":\"compile.py (32,900 lines) is the single-file build/autotune driver for the SuperGrok2 stack. The codegen/precision/cache/flags half is largely PRESENT and well-instrumented, but with two structurally-dead seams. (1) Inline PTX (cp.async.bulk/TMA, wgmma.mma_async, tcgen05.mma.async, commit/wait groups) …"
    },
    {
      "type": "workflow_agent",
      "index": 10,
      "label": "compile-reconcile:ADD-targets",
      "phaseIndex": 1,
      "phaseTitle": "Read",
      "agentId": "a68edd79153ef8966",
      "model": "claude-opus-4-8[1m]",
      "state": "done",
      "startedAt": 1782335041552,
      "queuedAt": 1782335041489,
      "attempt": 1,
      "lastToolName": "StructuredOutput",
      "lastToolSummary": "compile.py RECONCILE — Stage-1 & Stage-3 ADD items, portabi…",
      "promptPreview": "Repo root: /workspace/SuperGrok1.5. You are a Phase-0 reader for an exhaustive hardening audit of the SuperGrok2 (a.k.a. SuperGrok1.5) training stack on an 8xH100 sm_90 node.\nRULES:\n- Read EXHAUSTIVELY but efficiently: use grep/Glob to locate, then Read the relevant spans. NEVER read these (huge/generated, will waste context): _dectc_codegen/*.cudafe1.cpp (581K lines each), .build_cache/, __pycach…",
      "lastProgressAt": 1782335536463,
      "tokens": 130834,
      "toolCalls": 52,
      "durationMs": 494911,
      "resultPreview": "{\"subsystem\":\"compile.py RECONCILE — Stage-1 & Stage-3 ADD items, portability invariant, and prompt-assertion sweep\",\"status_summary\":\"grokking_optimizers/compile.py is a 32,900-line single-file build/autotune engine. Of the 9 Stage-1/Stage-3 items the SuperGrok2 prompt wants to ADD, several already exist in some form because the prompt was scoped against an old snapshot. Stage-1: the cuobjdump SA…"
    },
    {
      "type": "workflow_agent",
      "index": 11,
      "label": "docs+prior-state",
      "phaseIndex": 1,
      "phaseTitle": "Read",
      "agentId": "a9e6d5ee1d07b402e",
      "model": "claude-opus-4-8[1m]",
      "state": "done",
      "startedAt": 1782335041552,
      "queuedAt": 1782335041500,
      "attempt": 1,
      "lastToolName": "StructuredOutput",
      "lastToolSummary": "Prior-session state, the on-silicon checklist (HARDWARE_VAL…",
      "promptPreview": "Repo root: /workspace/SuperGrok1.5. You are a Phase-0 reader for an exhaustive hardening audit of the SuperGrok2 (a.k.a. SuperGrok1.5) training stack on an 8xH100 sm_90 node.\nRULES:\n- Read EXHAUSTIVELY but efficiently: use grep/Glob to locate, then Read the relevant spans. NEVER read these (huge/generated, will waste context): _dectc_codegen/*.cudafe1.cpp (581K lines each), .build_cache/, __pycach…",
      "lastProgressAt": 1782335363824,
      "tokens": 135192,
      "toolCalls": 30,
      "durationMs": 322271,
      "resultPreview": "{\"subsystem\":\"Prior-session state, the on-silicon checklist (HARDWARE_VALIDATION.md), and known open items\",\"status_summary\":\"This subsystem is the set of state/checklist/audit documents that record what prior sessions accomplished on the SuperGrok1.5 (SuperGrok2) 8xH100 sm_90 training stack. The central tension is doc-drift: HARDWARE_VALIDATION.md (117KB, the 99-cell on-silicon checklist) is froz…"
    }
  ],
  "totalTokens": 1399157,
  "totalToolCalls": 453
}