{
  "summary": "Exhaustive ~65-agent cover-to-cover read: compile.py (14 shards), every kernel/source file in full, prebuilt binary disasm, session-archive mine",
  "agentCount": 69,
  "logs": [
    "[decoder layout/weights/parallel] failed: API Error: Server is temporarily limiting requests (not your usage limit) · Rate limited",
    "[real_adamw_tc cells+launchers] failed: API Error: Server is temporarily limiting requests (not your usage limit) · Rate limited",
    "[tile_pipeline+primitives] failed: API Error: Server is temporarily limiting requests (not your usage limit) · Rate limited",
    "[optimizers B] failed: API Error: Server is temporarily limiting requests (not your usage limit) · Rate limited",
    "[algorithms/*.h canonical math] failed: API Error: Server is temporarily limiting requests (not your usage limit) · Rate limited",
    "[megakernel_common+common] failed: API Error: Server is temporarily limiting requests (not your usage limit) · Rate limited",
    "[opt_stage_supergrok2] failed: API Error: Server is temporarily limiting requests (not your usage limit) · Rate limited",
    "[bindings/dispatch.cpp] failed: API Error: Server is temporarily limiting requests (not your usage limit) · Rate limited",
    "[opt_components+precompute] failed: API Error: Server is temporarily limiting requests (not your usage limit) · Rate limited",
    "[test_l3tc_tail_gate+sg2_mirror] failed: API Error: Server is temporarily limiting requests (not your usage limit) · Rate limited",
    "[fused/gfx942 cells (PRESERVE)] failed: API Error: Server is temporarily limiting requests (not your usage limit) · Rate limited",
    "[gfx942 kernels B (PRESERVE)] failed: API Error: Server is temporarily limiting requests (not your usage limit) · Rate limited",
    "[reference parity+oracles] failed: API Error: Server is temporarily limiting requests (not your usage limit) · Rate limited",
    "[decoder/vit/mamba tc tests] failed: API Error: Server is temporarily limiting requests (not your usage limit) · Rate limited",
    "[dispatch tables+contract] failed: API Error: Server is temporarily limiting requests (not your usage limit) · Rate limited",
    "[hip/gfx942 backend (PRESERVE)] failed: API Error: Server is temporarily limiting requests (not your usage limit) · Rate limited",
    "[tests/hw remaining] failed: API Error: Server is temporarily limiting requests (not your usage limit) · Rate limited",
    "[tests non-hw+tpu] failed: API Error: Server is temporarily limiting requests (not your usage limit) · Rate limited",
    "[grokking_race_v2.py] failed: API Error: Server is temporarily limiting requests (not your usage limit) · Rate limited",
    "[HARDWARE_VALIDATION.md] failed: API Error: Server is temporarily limiting requests (not your usage limit) · Rate limited",
    "[planning docs 1] failed: API Error: Server is temporarily limiting requests (not your usage limit) · Rate limited",
    "[setup.py+wiring+bench] failed: API Error: Server is temporarily limiting requests (not your usage limit) · Rate limited",
    "[docs+examples+misc md] failed: API Error: Server is temporarily limiting requests (not your usage limit) · Rate limited",
    "[archived_reports] failed: API Error: Server is temporarily limiting requests (not your usage limit) · Rate limited",
    "[tuning batch A] failed: API Error: Server is temporarily limiting requests (not your usage limit) · Rate limited",
    "[pallas+tpu_v6e (PRESERVE)] failed: API Error: Server is temporarily limiting requests (not your usage limit) · Rate limited",
    "[tuning batch B] failed: API Error: Server is temporarily limiting requests (not your usage limit) · Rate limited",
    "[profile+verify tooling] failed: API Error: Server is temporarily limiting requests (not your usage limit) · Rate limited",
    "[planning docs 2] failed: API Error: Server is temporarily limiting requests (not your usage limit) · Rate limited",
    "[.perf audits] failed: API Error: Server is temporarily limiting requests (not your usage limit) · Rate limited",
    "[scripts/*] failed: API Error: Server is temporarily limiting requests (not your usage limit) · Rate limited",
    "[.regpressure+.phase2] failed: API Error: Server is temporarily limiting requests (not your usage limit) · Rate limited",
    "[results/ characterization] failed: API Error: Server is temporarily limiting requests (not your usage limit) · Rate limited",
    "Phase0c mega-read complete: 69/69 agents"
  ],
  "result": [
    {
      "name": "cp_00_1_2350",
      "area": "compile.py:1-2350 (autotuner head: docstring, imports, optional-dep auto-install, ARCH_TABLE single-source-of-truth, search-space dim/live-dead machinery, per-arch CUDA/HIP search-space builders incl. _sm90_full_space TC sweep)",
      "files_fully_read": [
        "/workspace/SuperGrok1.5/grokking_optimizers/compile.py:1-2350"
      ],
      "top_findings": [
        "Module docstring (compile.py:1-123) defines the AOT (CPU)/JIT (GPU) two-phase pipeline, cache schema v4 (CACHE_VERSION=4, line 195), and the public API build/build_aot/build_jit/CompileCache (line 116) which are all defined in later slices.",
        "ARCH_TABLE is the declared single source of truth: @dataclass ArchEntry (compile.py:433-485) + _ARCH_TABLE_PRIMARY (552-1117) + aliases (1125-1139); profile.py imports ARCH_INFO/ARCH_TABLE lazily from here to avoid a circular import (184-186).",
        "has_kernel_body=True is set ONLY for sm_90a (compile.py:690) and gfx942 (843) — every other arch is bodyless and its tuning configs collapse to one generic binary (ArchEntry doc 478-485).",
        "_sm90_full_space (compile.py:2122-2327) is the production TC sweep: declares the L3-TC megakernel tile dims tile_m/tile_n/dec_dw_splitk/vit_dw_splitk (2217-2224) read by csrc/fused/sm_90/model_stage_*_tc.cuh, plus baked-lever knobs min_blocks/prod_regs/cons_regs/mega_block/grad_tile and pipe_depth/gemm_interleave (2156-2294); first value of each dim equals the kernel #ifndef default for byte-identical untuned builds.",
        "Live/dead dim detection is auto-derived from kernel source scans: _kernel_source_macros (1348-1378) + _scan_kernel_ifndef (1385-1451) + _is_dead_dim (1546-1577); _LIVE_TUNING_DIMS floor (1300-1303) explicitly INCLUDES tile_m/tile_n/dec_dw_splitk/vit_dw_splitk for the degenerate no-source case.",
        "_MAXRREGCOUNT_UNCAPPED=-1 sentinel (compile.py:1713) OMITS the --maxrregcount flag entirely (distinct from =255); _maxrregcount_values (1716-1734) leads with it so the canonical build matches an un-flagged kernel build.",
        "Optional-dep auto-install is OPT-IN: _ensure_optional_dep (299-378) pip-installs pinned versions (_PINNED_VERSIONS 291-296) only when _auto_install_enabled() (393-401) is true; env override order GROK_NO_AUTO_INSTALL > GROK_AUTO_INSTALL > module switch.",
        "mb_dw_splitk dim was REMOVED 2026-06-17 (compile.py:2225-2228) after the Mamba-3 TC rewrite dropped the output-stationary dW split-K, so SG_TUNED_MB_DW_SPLITK is no longer read by any kernel (would emit a dead -D)."
      ],
      "bugs": [],
      "dead_code": [
        "stages_values parameter in _build_cuda_space (compile.py:1843,1853-1854), _build_cdna_space (1959,1971-1972), and _build_rdna_space (2027,2038-2039) is accepted and a default list(range(1,9)) is computed but never used to create a device dim — num_stages was dropped as a device dim and only the Pallas builder consumes it; comments at 1871-1875/1981-1982/2048-2049 mark it as intentional back-compat plumbing (not a functional defect, but genuinely-unused local computation per call)."
      ],
      "digest_path": "/workspace/phase0c/compile_py_1-2350.md"
    },
    {
      "name": "cp_01_2351_4700",
      "area": "compile.py:2351-4700 (search-space builders tail, megakernel reg-cap sweep, search-space framework, source hashing, PGO, clock-lock, timing graph/event, worker body, PallasTimer, TimingWorker)",
      "files_fully_read": [
        "/workspace/SuperGrok1.5/grokking_optimizers/compile.py:2351-4710 (assigned slice 2351-4700, read in full)"
      ],
      "top_findings": [
        "Per-arch builders tail (gfx908/90a/942/950/1030/1100/1151/1200 + tpu_v4..v7) wired via _ARCH_BUILDERS (compile.py:2581) and attached to ArchEntry by _populate_search_space_builders() at module import (compile.py:2611,2630)",
        "_gfx942_full_space (compile.py:2373) is the only hand-written CDNA builder; deliberately DROPS num_stages and omits SG_TUNED_MIN_BLOCKS/SG_TUNED_CLUSTER_SHAPE to avoid 6 binary-identical HIP builds with distinct config_keys (compile.py:2385,2402) — intentional dead-dim avoidance, PRESERVED by design",
        "megakernel_cell_search_space (compile.py:2684) is the single seam the megakernel autotune path calls; it rebinds only the maxrregcount dim's values to a per-cell sweep from _megakernel_maxrregcount_values (compile.py:2647) which lazy-imports grokking_optimizers.megakernel.solve and reads plan.regs",
        "P0.1 header-aware cache: _hash_sources (compile.py:2965) now folds the transitive repo-relative #include closure (_transitive_include_set/_walk_includes_one, compile.py:2849/2888) into source_hash so a kernel-body header edit busts the .so cache (was TUs-only -> stale HIT)",
        "_arches_with_kernel_body (compile.py:2722) restricts default sweeps to {sm_90a, gfx942} (the only archs with committed .cu/.hip.cpp bodies); matches PROJECT TRUTH production path",
        "resolve_extra_nvcc_flags (compile.py:3312) honors _MAXRREGCOUNT_UNCAPPED (-1) by OMITTING --maxrregcount (genuinely uncapped SASS, distinct from =255); also emits ptxas knobs opt_level/def_load_cache/register_usage_level with sentinel-omit semantics (compile.py:3357-3382)",
        "config_key (compile.py:3468) excludes dead tuning dims via _dead_key_dims() (P0.3, derived from _is_dead_dim) so configs differing only in a dead dim collapse to one cache entry/compile",
        "Worker body _load_so (compile.py:4051,4066) evicts __PKG__ and all submodules from sys.modules before loading each variant .so, preventing dispatch._LazyOps caches from making every later variant silently time the FIRST variant's binary; _time_with_events (compile.py:4163) uses a private torch.Generator to dodge default-gen capture-state errors after a failed graph capture"
      ],
      "bugs": [
        "resolve_extra_hipcc_flags (compile.py:3424-3427) does NOT skip the _MAXRREGCOUNT_UNCAPPED (-1) sentinel that the NVCC sibling skips (compile.py:3355); it emits -amdgpu-max-num-vgprs=N for any non-None value, so a -1 would render a malformed '=-1' VGPR cap. Reachable only if the HIP maxrregcount dim can carry -1 (depends on _maxrregcount_values at compile.py:1716, outside this slice) — flag for 1700s-slice confirmation",
        "Risk note: compile_feasibility_check (compile.py:3209,3238) eval()s prefilter rule strings in a __builtins__-overridden sandbox; embedded rules are hardcoded but the --search-space YAML override path feeds user strings through this eval (sandboxed to len/min/max/abs/int/bool only, so impact is bounded)"
      ],
      "dead_code": [],
      "digest_path": "/workspace/phase0c/compile_2351-4700.md"
    },
    {
      "name": "cp_02_4701_7050",
      "area": "compile.py:4701-7050 (TimingWorker tail, MultiGPUTimingPool, cost-model/Stream-C, Bayesian early-stop, run_bayesian, pick_winner, roofline/spill helpers)",
      "files_fully_read": [
        "/workspace/SuperGrok1.5/grokking_optimizers/compile.py:4701-7090 (assigned slice, read in full + 40 lines past boundary for context)"
      ],
      "top_findings": [
        "TimingWorker tail (compile.py:4701-4871): _force_restart re-spawn (4713), time() with MED.12 pre-lock heartbeat at 4765 to stop watchdog SIGKILLing a busy worker, ping() 4786, calibrate() 4805, _read_line() 4832 which SKIPS non-JSON banner lines (4866) so torch/pynvml warnings don't break the ready handshake",
        "MultiGPUTimingPool (compile.py:4874-5204): work-stealing fan-out, one TimingWorker per visible GPU; calibrate() at 4971 computes per-GPU normalization factors (worker_ref_ms/fastest_ref_ms) and RAISES on total failure when require=True (5009-5012); _dispatch_loop 5099 bounces items off dead workers, fails future if last worker dies (5130-5133)",
        "Cost model schema (compile.py:5243-5338): _COST_MODEL_CANONICAL_DIM_VALUES one-hots + 11 numerics (incl P1-#23 measured spill features 5286-5287) + 13 arch flags + 14 stall reasons; FEATURE_DIM hardcodes stall count=14 (5332) — VERIFIED matches STALL_DIM_HINTS (14 keys at line 32009-32027)",
        "featurize_config (compile.py:5353-5535) builds fixed (FEATURE_DIM,) vector; CostModel (5550-5864) is xgboost->sklearn->numpy-linear (_LinearRidgeRegressor 5867); load() REFUSES feature_dim mismatch (5852-5853); cold-start floor=100 trials before pruning (5547)",
        "_multi_fidelity_prune_decision (compile.py:6012-6083): conservative distributional prune — prunes only when optimistic bound ms_pred-sigma_pred > margin*Q (quantile of measured), needs >=8 finite samples, numpy-free hot path, NEVER raises",
        "BayesianEarlyStopper (compile.py:6142-6316): 6 stop criteria (hard ceiling/wall-clock/plateau/coverage-saturation/EI-exhaustion/cost-model-rejection-budget); should_stop() at 6233 sets stop_reason; Mandate #13 max_trials=1M is a SAFETY RAIL only",
        "run_bayesian (compile.py:6488-6704): TPE driver; correctly marks infeasible/fail/cost_model_pruned trials with Optuna PRUNED/FAIL state WITHOUT a value (Optuna >=4.0 requirement, guards at 6629/6642/6659/6674); calls bias_trial_queue (line 32252) when stall_info threaded through (6604)",
        "pick_winner (compile.py:6824-6974): hard gate — drops numerical_fail + non_deterministic (P0-2) + unvalidated generated origins (Mandate #16); P1-#23 tiered-spill RE-RANK via sort key (_trial_spill_breach,timing_ms) at 6925-6927; P0-1 fp64+A/A/A correctness_hook gate over top-K, fail-closed returns None (6968-6974)"
      ],
      "bugs": [
        "compile.py:5476-5477 (low confidence): arith_intensity_proxy clamp divides by 128 but comment claims '128 = vec_max * unroll_max' while canonical tables give vec_max=16 * unroll_max=32 = 512; feature still saturates monotonically (not a correctness break) but documented normalization basis is numerically inconsistent — may be intentional softer clamp"
      ],
      "dead_code": [
        "compile.py:4786 TimingWorker.ping(_from_watchdog=False): _from_watchdog keyword is accepted but never referenced in the body (cosmetic dead param only; harmless caller-side marker)",
        "compile.py:6499 run_bayesian(prefiltered=...) and compile.py:6731 topk_refine(prefiltered=...): the prefiltered param is unused inside both function bodies (only space[arch]['prefilter'] is consumed via compile_feasibility_check); interface-uniformity param, dead within these two functions"
      ],
      "digest_path": "/workspace/phase0c/compile_4701-7050.md"
    },
    {
      "name": "cp_03_7051_9400",
      "area": "compile.py:7051-9400 (roofline/correctness-gate helpers, CompileCache v3→v4 + .jsonl sidecars, BuildSpec dataclass, CUDA-toolkit bootstrap/nvcc discovery)",
      "files_fully_read": [
        "/workspace/SuperGrok1.5/grokking_optimizers/compile.py:7051-9400"
      ],
      "top_findings": [
        "_analytic_kernel_flops returns the analytic LOWER-BOUND FLOP basis 3*2*16*d*d (fwd+dgrad+wgrad) only for decoder/vit/mamba; explicitly NOT the profiled count (compile.py:7054-7091); optimizer arg is unused.",
        "roofline_for_winner computes achieved_tf/peak_tf/pct_roofline/sub_ceiling, flagging sub_ceiling when pct<_SUB_CEILING_PCT=0.10 (compile.py:7094-7132); _attach_winner_roofline annotates the winner in-place and is called at 16595 and 16996.",
        "_default_correctness_hook builds the P0-1 fp64-parity + A/A/A determinism gate hook for pick_winner; returns None off-GPU; installed at compile.py:16305 (def compile.py:7215-7280, fail-closed).",
        "CompileCache._save_locked re-reads on-disk + _merge_disk_entries (max-ISO-timestamp-wins per phase, variant_artifacts union) under fcntl.flock/Windows-sentinel before atomic tmp.replace, preventing AOT/JIT sibling clobber (compile.py:7810-8028).",
        "v4 trial path: record_trial appends to a per-entry trials_<opt>_<model>_<arch>.jsonl sidecar with fsync and rolls trial_log_summary forward in O(1) via _roll_trial_log_summary (compile.py:8195-8265, 7587-7652); main JSON strips the in-memory trial lists on save.",
        "is_jit_fresh (MED.10) now folds source/host/device cflags hashes into the JIT freshness gate with None-tolerance, fixing stale-tuned_config re-serve on header/flag edits (compile.py:8078-8107).",
        "BuildSpec.allow_nondeterministic defaults False = the IL=4 determinism trap is closed: a numerical_status=='non_deterministic' variant is rejected unconditionally by pick_winner (compile.py:8561-8573); correctness_hook field documented 8743-8759.",
        "bootstrap_cuda_toolkit orchestrates conda/nvidia-apt/apt/dnf/yum/zypper/pacman/apk/brew/winget/pypi-wheel installers in priority order, passing arch only to the nvidia-apt path for per-arch CUDA version targeting (compile.py:9296-9400)."
      ],
      "bugs": [
        "compile.py:7176-7179 — cosmetic logging defect: the '%-of-peak unavailable' branch prints `peak_tf set={best.get('pct_roofline') is not None}`, reading the wrong field (pct_roofline, just set to None in this branch) so it always logs 'peak_tf set=False'. No functional impact on winner selection or returned dict.",
        "compile.py:8404 — CompileCache.prune ranks variants by top-level `timing_ms` only, whereas the v4 summary readers (7515, 7567) accept `value_ms or timing_ms`; bayesian trials that store time under `value_ms` rank to the prunable tail (inf). Tuned winner is always preserved, so no shipping risk, but it is a ranking inconsistency."
      ],
      "dead_code": [
        "compile.py:8267-8280 — CompileCache.record_sweep has no callers anywhere in compile.py (only its own def); explicitly documented 'Back-compat' simple-grid recorder. Preserved-by-design legacy method, unused, not broken."
      ],
      "digest_path": "/workspace/phase0c/compile_7051_9400.md"
    },
    {
      "name": "cp_04_9401_11750",
      "area": "compile.py:9401-11750 (toolchain bootstrap tail, preflight/flag-probe, dry-run sweep, source/flag/ld/XLA/include resolution, ccache-sccache wiring, version probes)",
      "files_fully_read": [
        "/workspace/SuperGrok1.5/grokking_optimizers/compile.py:9401-11763"
      ],
      "top_findings": [
        "_resolve_sources (compile.py:10494) builds the production source set: bindings+launchers+models + fused L3-TC megakernel cell TUs from csrc/fused/<arch>/*.cu (10542-10562), EXCLUDING *_selftest.cu and PYBIND-owning mega_*_real_adamw_tc.cu cells via _owns_extension_module_tu — restores AOT/JIT parity (cites mega_vit_supergrok2 undefined-symbol bug)",
        "_device_cflags (compile.py:10946) is the central per-arch flag builder: NVCC_DEVICE_BASE/HIPCC_DEVICE_BASE + per-arch gencode/offload-arch + feature-gated capability macros (wgmma/tma/fp8/mfma...). SASS-only mode (10985) drops PTX fallback for has_kernel_body arches. -DNDEBUG is NOT baked in base; it comes from project TOML via _project_device_extra_flags (11237) for WGMMA de-serialization",
        "_dry_run_all_archs (compile.py:10022) runs the full pre-_torch_load slice (preflight+resolve+flag-emit) per canonical arch, CPU-safe, writes dry_run_<arch>.json; gated to has-kernel-body arches (sm_90a+gfx942) unless include_bodyless=True; pallas archs get xla_env in manifest",
        "_collect_sibling_trials (compile.py:10308) seeds Bayesian transfer learning from sibling-optimizer studies; reloads bayesian_trials from the .jsonl sidecar via _read_trial_log_records when in-memory list is stripped (10325-10333) — fixes a real cross-process cold-start",
        "_device_ldflags (compile.py:10366) tests the -dlto version gate DIRECTLY via _probe_nvcc_version()>= (11,4) instead of recursively calling _device_cflags (F-B fix, 11395-11401) to avoid running the flag-probe twice and duplicating spec.flag_probe_dropped",
        "_sccache_env (compile.py:11608) wires ccache for host TUs and sccache for nvcc via PYTORCH_NVCC='<sccache> <real-nvcc>', resolving the REAL $CUDA_HOME/bin/nvcc (not PATH 'nvcc') because a PATH nvcc that is itself a wrapper script makes sccache fail 'Compiler not supported' (observed 2026-06-12)",
        "_preflight_toolchain (compile.py:9713) emits per-arch PASS/FAIL judgment + Stream-β.2 install/alternate-arch suggestion + Agent-F2 flag-probe pass; flag-probe only runs when judgment PASS, spec.validate_flags True, _FLAG_PROBE_DISABLED off, and vendor cuda/hip",
        "install_nvcc_flags (compile.py:11296) is the public GPU-less flag source consumed by setup.py so the installed kernel's flags match what the autotuner tuned; vendor-agnostic (hip→hipcc, pallas→[]), validate_flags defaults False to avoid dropping canonical flags on install hosts lacking the device compiler"
      ],
      "bugs": [
        "compile.py:9702-9704 (cosmetic only): _validate's autotune_mode error message embeds the literal string \"{'exhaustive', 'bayesian'}\" without f-string brace-escaping used by sibling branches; message text inconsistency, the membership check itself is correct — NOT a logic/correctness bug"
      ],
      "dead_code": [],
      "digest_path": "/workspace/phase0c/compile_9401_11750.md"
    },
    {
      "name": "cp_05_11751_14100",
      "area": "compile.py:11751-14100 — flag-probe, arch auto-detect, version-gated toolchain flags, _torch_load build driver, numerical validation + entry-point discovery",
      "files_fully_read": [
        "/workspace/SuperGrok1.5/grokking_optimizers/compile.py:11751-14140"
      ],
      "top_findings": [
        "_torch_load (compile.py:13116) is THE production build driver: torch cpp_extension.load + ninja; copies ldflags to avoid quadratic growth across refine variants (13143-13151); pins per-arch TORCH_CUDA_ARCH_LIST from entry.nvcc_gencode so torch's JIT writer can't append a plain sm_90 gencode that rejects wgmma/setmaxnreg (13191-13202); supports Phase-2 incremental variant build with full-build fallback (13209-13271).",
        "_newer_compiler_flags (compile.py:12659) is the single home for ALL version-gated NVCC/HIPCC flags: CUDA 12.3 register-usage-level=10, 12.5 maxrregcount-list/allow-expensive-opts, 11.0/11.5 def-load/store-cache, 11.2 threads/diag-suppress, 12.6 split-compile, 13.0 minimal; HIP 5.0/6.0 amdgpu llvm knobs (each re-confirmed via _probe_flag_support). -dlto/-rdc deliberately NOT emitted (12783).",
        "_validate_flag_set (compile.py:12248) + _probe_flag_support (compile.py:12098) dry-run-compile each suspect flag against the real nvcc/hipcc; PTX-incompatible flags (-dlto/-rdc) probed in -c mode (12172); pair-prefix flags probed and dropped together (12296); permissive on no-compiler/tempdir-failure.",
        "_resolve_default_arch (compile.py:12522) 5-step zero-config arch cascade: torch.cuda -> rocm-smi (_ROCM_CARD_TO_GFX, MI300->gfx942) -> jax TPU (tpu_v6e) -> config[archs].default (validated) -> hardcoded sm_90a; sets global _LAST_BUILD_RESOLVED_ARCH.",
        "_validate_against_regimes (compile.py:14015) enforces the HARD numerical gate: variant must match the strict fast-math-OFF oracle on EVERY regime (_INPUT_REGIMES normal/large/small/adversarial), then _check_determinism_3x for A/A/A. TOLERANCES table (13456) fp32 1e-5/1e-6 .. fp4 5e-2/1e-2.",
        "Tier-2 entry-point discovery: _discover_entry_points (13793) runs a subprocess loading the .so + enumerating torch.ops schemas; _parse_torch_schema (13674) parses schemas into EntryArgs and RAISES ValueError on malformed schema (ERROR per 2A); empty result is a VALID Tier-1 mode-switch, not an error.",
        "_parse_ptxas_v_stderr (compile.py:13492) parses both NVCC ptxas -v (Used N registers / smem / spill) and HIPCC -Rpass-analysis (VGPRs/LDSByteSize/ScratchSize); regs/smem/stack MAXed, spill stores/loads SUMMED; results rendezvous via _LAST_PTXAS_INFO* module dicts keyed by config_key().",
        "_strict_math_flags (compile.py:13925) strips all _FAST_MATH_FLAGS and appends -DSG_STRICT_MATH=1 so the oracle reference is fast-math-OFF ground truth (mandate #9)."
      ],
      "bugs": [
        "compile.py:12008 comment claims _FLAG_PROBE_STATS is 'never read by production code' but _validate_flag_set reads ['hits'] at 12290/12344 for its log line — logging-only, harmless, comment overstates (not a functional bug).",
        "compile.py:12212-12222 _probe_flag_support returns accepted=True and caches it when tempdir creation fails — intentional bias-to-keep, but on a host where every tempdir fails a genuinely-bad flag is never stripped and only fails at build time (documented risk, by design).",
        "compile.py:14119 _render_arg_construction scalar_floats is a 6-element iter; next(scalar_floats,1e-3) makes >6 float-scalar args all collapse to 1e-3 — reduced input diversity only, oracle uses same defaults so not a correctness bug."
      ],
      "dead_code": [],
      "digest_path": "/workspace/phase0c/compile_11751-14100.md"
    },
    {
      "name": "cp_06_14101_16450",
      "area": "compile.py:14101-16450 (numerical-validation + variant-timing core + _jit_autotune driver)",
      "files_fully_read": [
        "/workspace/SuperGrok1.5/grokking_optimizers/compile.py:14101-16569"
      ],
      "top_findings": [
        "_make_variant_timer (compile.py:15060) is the central closure factory: returns timer(config) and contains _ensure_replay_setup (15185), _run_so_on_replay (15225), _plan_incremental_build (15287), _resolve_ref (15442), and the timer closure (15603).",
        "#12 GEMM-aware real-TC timer _time_megakernel_tc_step (compile.py:14990) median-times mod.tc_train_step on the real-TC cell TU built with tuned tile macros; only runs in-sweep (needs CUDA), returns None to fall back to the cheap opt.step() timer.",
        "_jit_autotune (compile.py:16230) is the top-level driver: MED.10 freshness gate (16277), P0-1 fp64 correctness-hook injection arming top-K parity+A/A/A demotion (16294-16314), uncapped exhaustive streaming (16330), worker spawn, _GpuClockLock, dispatch to _run_exhaustive/_run_bayesian.",
        "Cost-model pruning gates in timer (15612-15710): absolute-threshold gate requires sigma>0 high-confidence (15642) so an uncertainty-blind model can't prune the optimum, plus a multi-fidelity proxy gate (15669); both capped, neither affects correctness, both no-op below cold-start floor 100 (15618-15619).",
        "_capture_real_inputs (compile.py:14167) uses a __torch_dispatch__ recorder (14262) to snapshot the first call to the target op; _replay_arg_construction (14323) and _hook_capture (14376, raises loudly on failure) are the portable record-and-replay/tune_hook oracle paths.",
        "MED.6 fix in _variant_macros (compile.py:14650-14661): emitter failure now emits a LOUD warn-once WARNING instead of silently falling back to the legacy macros-only build (the old fail-OPEN bug). MED.10/P0-4 fold version-gated flags into variant/fast-math build_sig (14734, 15842).",
        "_TIMING_SCRIPT one-shot fallback (compile.py:16122): brace-escaping bug that made .format() raise KeyError('\"error\"') on every call (one-shot could never run) was already FIXED in-place (16116-16121).",
        "_strict_math_flags/fast-math contamination guard: _resolve_ref warns loudly (15506-15529) if the oracle build carries fast-math flags; _time_validate_fastmath_variants (14679) always validates generated origins across all regimes (14768)."
      ],
      "bugs": [
        "compile.py:14897-14900 vs 14840-14854 (MEDIUM): _tc_relevant_device_flags keep_macros has only 4 tile macros (SG_TUNED_TILE_M/_N/_DEC_DW_SPLITK/_VIT_DW_SPLITK), but _GEMM_TILE_DIM_NAMES routes 10 dims (incl. dec_gemm_stages, *_gemm_interleave, pipe_depth) to the real-TC timer. A config varying only one of those 6 extra dims pays a TC JIT build but the gemm-stages/interleave/pipe macros are stripped before the TC module is built, so the TC binary is byte-identical and the 'real TC' timing is just as blind to that dim as the cheap timer.",
        "compile.py:15022-15029 (LOW-MEDIUM): _time_megakernel_tc_step hardcodes AdamW hyperparams (beta1=0.9, beta2=0.98) and always builds the *_real_adamw_tc.cu cell regardless of spec.optimizer, so a non-AdamW optimizer's tile-config winner is timed on an AdamW TC step (timing-only; the fp64 parity gate validates the real op elsewhere).",
        "compile.py:14354-14355 / 14220-14222 (LOW, by design): record-and-replay captures tensors as float32 and reloads them .to(dtype=dtype); for an fp16/bf16 production op the replay inputs are fp32-rounded, not bit-identical to the real workload draw (replay is a fidelity upgrade gated behind the strict oracle, not a HARD-gate violation)."
      ],
      "dead_code": [],
      "digest_path": "/workspace/phase0c/compile_14101-16450.md"
    },
    {
      "name": "cp_07_16451_18800",
      "area": "compile.py:16451-18800 (autotune drivers + build halves + build() orchestrator + CLI main early-intercepts)",
      "files_fully_read": [
        "/workspace/SuperGrok1.5/grokking_optimizers/compile.py:16451-18800"
      ],
      "top_findings": [
        "_run_exhaustive (compile.py:16502-16598): uncapped exhaustive sweep; Fix-#2 Defect-1 routes selection through pick_winner (#16 gate) instead of inline best (16516-16521), excludes numerical_fail / non-deterministic in strict mode; merges fastmath_sink and persists mode=exhaustive.",
        "_run_bayesian (compile.py:16601-17000): TPE Stage-1 + top-K refine; Stream C cost-model wrapper _cm_wrapped_timer (16733-16836) with bounded deque(maxlen=2000), Mandate #14 n_measured, cadence retrain via _cost_model_train_from_trials (6319/5914); BayesianEarlyStopper as governing convergence (max_trials = safety rail); folds fastmath_sink, persists mode=bayesian + early_stop_info.",
        "Pallas/TPU driver _pallas_versions (17018-17038) + _pallas_autotune (17041-17169): times kwargs configs via _make_variant_timer, writes tuned_pallas_<opt>_<model>_<arch>.json manifest + cache mode=pallas. PRESERVED tpu_v6e path, not dead.",
        "Tuned-winner handoff: _export_kernel_tuned_json (17262-17304) = canonical lever (b) -> _kernel_tuned.json read by setup.py BuildExtension; _write_tuned_configs_header (17311-17402) = SECONDARY consumer, Audit fix #3 now fails LOUD on space-load failure (17329-17353).",
        "build_jit (17693-17892): Fix-#2 Bug1 re-applies _fast_math_variant_flags for _fastmath winners (17810-17826); P0-3 generalizes generated-source winner to _SOURCE_GENERATING_ORIGINS (synth/polyhedral/cutlass/ck) so the shipped .so compiles the GENERATED source not the template (17828-17872), warns+falls-back if source unavailable (no fake-green).",
        "_build_aot_pgo (17519-17668): 3-pass host PGO with Group A.15 _pgo_fallback to plain AOT on any pass failure; Stream 8 device-PGO hook run_device_pgo_round feeds stall_info sidecar back to the Bayesian queue (Stream γ.4 at 16842-16866).",
        "build() orchestrator (17899-18509): P1-#5 MAXIMAL tri-state defaults (pgo/device-pgo/emitter/runtime-spec/transfer-learning None->True; synth/polyhedral stay opt-in False); BLOCKER 2 arch auto-detect (18021-18043); Group A.1 mirrors spec toggles into spec.config gates (18213-18243).",
        "main() early intercepts (18690-18800): --self-test, HIGH.5 --so->_pgo_workload_main before main parser (18702-18709), --flag-audit, --e2e-smoke, --list-archs (Group A.9), --dry-run-all-archs start (Group A.10 rejects combo with --dry-run); function body continues past 18800 into next slice."
      ],
      "bugs": [
        "compile.py:17113-17116 — _pallas_autotune picks winner by raw timing_ms comparison and never calls pick_winner, unlike _run_exhaustive/_run_bayesian (16578/16957) which were deliberately routed through the #16/numerical gate (Fix-#2 Defect-1). Defensible today (Pallas configs are kwargs, no codegen/fp64 variant to gate) but an asymmetry: a numerically-divergent Pallas kwargs combo would be accepted on timing alone."
      ],
      "dead_code": [
        "compile.py:245 and compile.py:12020 — module global _LAST_BUILD_RESOLVED_ARCH is declared twice at module scope (both assign None); the second shadows the first at import. Harmless but redundant duplicate declaration (cleanup, not a feature removal). NOTE: the Pallas/tpu_v6e trees in this slice are PRESERVED by design and are NOT dead."
      ],
      "digest_path": "/workspace/phase0c/compile_16451-18800.md"
    },
    {
      "name": "cp_08_18801_21150",
      "area": "compile.py:18801-21150 (main() CLI tail + _e2e_smoke + first 5 _self_test_* section helpers)",
      "files_fully_read": [
        "/workspace/SuperGrok1.5/grokking_optimizers/compile.py:18801-21150 (full, paged); plus context reads 4150-4210 and 4041/4307 _WORKER_BODY boundary, 4198 inner def main"
      ],
      "top_findings": [
        "main(argv) real def is at compile.py:18690; this slice is its body — the giant argparse (18889-19325) + dispatch. parse_args at 18801... wait actual parse_args at 19325.",
        "Two pre-parsers run BEFORE the main argparse: --dry-run-all-archs early intercept (18803-18853, returns 0) and Stream A --config/--project-config pre-parse (18860-18887) that populates choices= for --optimizer/--model/--arch.",
        "P1-#5 tri-state maximal-flip threaded at the build() call site (compile.py:19596-19632): pgo/transfer_learning/enable_runtime_specialization/enable_emitter/enable_device_pgo/enable_cost_model/multi_fidelity passed via getattr(args,X,None) so absent CLI flag => None => build()'s True default survives; --pruner default flipped to hyperband (18990).",
        "--dry-run (19388-19438) temporarily slices ARCH_TABLE to one arch and restores it in a finally (19422-19424); dry-run call sites (19407,19445) deliberately pass feature toggles as plain bool, NOT the tri-state None path — intentional (manifest reflects flags as given).",
        "Runtime split --runtime both (19541-19573) does toolchain bootstrap ONCE in parent then _spawn_phase aot then jit; Group C22 surfaces the report path on AOT failure (19566-19571).",
        "_e2e_smoke (19664-19826): CPU-safe (SKIP=PASS, returns 0); builds adamw/mamba, asserts tuned_config written, early_stop_info recorded, tuned_configs.h rewritten, .so loads; reads private cache._data/cache.key (19748-19749).",
        "_self_test_search_space documents the all-live sm_90 search-space cardinality ~8.26e14 (#12 L3-TC GEMM/tile dims 576x + Wave-1 ptxas/GEMM-mainloop dims) with a 10^16 dead-inflation ceiling; GEMM macros read by csrc/fused/sm_90/model_stage_*_tc.cuh (compile.py:19890-19925, 20046-20056).",
        "_self_test_flags (20552-21148) exercises L3-TC megakernel flag emission for 8 NVIDIA + 13 AMD canonical archs incl gfx942/gfx950 + tpu XLA_FLAGS; tests _record_ptxas_info_for_cfg/_make_trial_record ptxas-v parser and install_nvcc_flags GPU-less source agreeing byte-for-byte with _device_cflags (21071-21072)."
      ],
      "bugs": [],
      "dead_code": [],
      "digest_path": "/workspace/phase0c/compile_18801-21150.md"
    },
    {
      "name": "cp_09_21151_23500",
      "area": "compile.py:21151-23500 (self-test harness slice: bayesian/early_stopping/cost_model/cache/multi_gpu_pool/clock_lock/fastmath/silent_degradation/validation_mechanism)",
      "files_fully_read": [
        "/workspace/SuperGrok1.5/grokking_optimizers/compile.py:21151-23500"
      ],
      "top_findings": [
        "This entire slice is the in-file SELF-TEST HARNESS: 9 top-level _self_test_<area>(run) drivers, each defining nested test_* closures and registering them via run(name, fn). NO production classes/functions are defined here; all production code is cross-referenced from other slices.",
        "_self_test_bayesian (compile.py:21151) covers run_bayesian winner-finding, topk_refine, bias_trial_queue wiring (stall_info->Optuna enqueue), and four Optuna>=4.0 'tell with no value' regression paths (FAIL/PRUNED-infeasible/PRUNED-cost-model/FAIL-nonfinite).",
        "_self_test_cost_model (compile.py:21519) verifies CostModel fit/predict/save-load, FEATURE_DIM==_cost_model_compute_feature_dim() (schema-drift guard, 21724), spill_stores/stack_frame measured features (P1-#23, 21743), and enable_cost_model+multi_fidelity default ON (21621).",
        "_self_test_cache (compile.py:21768) covers v2->v3->v4 migrations, jsonl sidecar spill, Bug-2 regression that save() must not mutate in-memory bayesian_trials (21969), concurrent-write flock survival (22040), corruption->.corrupt.bak rotation (22087), and P0.1 transitive-#include header-edit freshness busting (22254).",
        "_self_test_fastmath_integration (compile.py:22574) is the Fix-#2 Defect-1 INTEGRATION suite: proves _time_validate_fastmath_variants is wired into both sweep drivers, fm_sig folds version-gated flags (P0-4, 22718), and the build_jit final-rebuild source/flag swap for fastmath/synth/polyhedral winners (P0-3).",
        "test_mandate_features_have_nontest_callsites (compile.py:22973) is an AST institutional dead-code guard asserting 22 mandate functions (incl. _time_validate_fastmath_variants, _GpuClockLock, _discover_entry_points, _polyhedral_expand_variant, initialize_registry) each have >=1 non-test call site.",
        "test_no_silent_broad_except_in_production (compile.py:23268) is an AST acceptance proof of zero silent pass/continue broad-excepts in non-test code; test_kernel_tuned_json_persists_every_macro_dim_and_roundtrips (23322) validates the P0.2 stdlib-only _tuned_inject per-model nested schema incl. decoder/vit DW_SPLITK macros and cluster_shape per-axis expansion.",
        "PRESERVED gfx942/tpu_v6e test coverage present and intentional: muon/mamba/gfx942 cache key (21866), HIP_VISIBLE_DEVICES (22372), AMD --setperflevel high (22547), Pallas/TPU clock-lock n/a (22487) and fastmath N/A-for-pallas (22702)."
      ],
      "bugs": [
        "compile.py:21362-21385 — test_run_bayesian_optuna_4plus_fail_nonfinite_no_value is named/docstringed as exercising the 'not math.isfinite(value)' FAIL branch but its body only asserts 'status' in t (and notes NaN is wrapped to status='ok' by _coerce_timer_result). The named FAIL-nonfinite branch is never actually asserted to fire — weak test masquerading as branch coverage (test-quality gap, not a runtime bug)."
      ],
      "dead_code": [],
      "digest_path": "/workspace/phase0c/compile_21151-23500.md"
    },
    {
      "name": "cp_10_23501_25850",
      "area": "compile.py:23501-25850 (self-test suite slice: validation_mechanism..numerical_validation)",
      "files_fully_read": [
        "/workspace/SuperGrok1.5/grokking_optimizers/compile.py:23501-25850"
      ],
      "top_findings": [
        "This 2350-line slice is ENTIRELY self-test code (15 `_self_test_<section>(run)` functions); no production code lives here. All production targets are defined outside the slice (compile.py:1182-18690 + _enumerate_cutlass_variants at 28233).",
        "Slice opens mid-function inside `_self_test_validation_mechanism` (def at compile.py:23473) and ends mid-function inside `_self_test_numerical_validation` (def at compile.py:25821, test_compare_outputs_fail continues past line 25850).",
        "All 15 self-test sections in the slice are wired live into the `_self_test` orchestrator at compile.py:26900-26916 (verified) — nothing here is dead.",
        "P0-1 fp64 gate + P0-2 IL=4 nondeterminism trap tests at compile.py:23667-23854 guard pick_winner (6824), _default_correctness_hook (7215), correctness_cell_key (7204); cell-key map adamw/transformer_decoder->adamw/decoder, lion/mamba3->lion/mamba, muon/vit->muon/vit (compile.py:23811-23816). Cross-refs tests/hw/test_l3tc_tail_gate (_gpu_ready,_CELLS).",
        "_self_test_kernel_headers (compile.py:24289-24350) documents Task#10/Phase7-WS1: eager sm_90 per-op/per-model headers REMOVED (production=L3-TC fused megakernel + model_stage_*_tc.cuh); surviving surfaces are gfx942 (PAUSED, preserved) headers + csrc/algorithms/<opt>.h + csrc/backends/pallas single source.",
        "Default dry-run feature state (compile.py:25724-25742): enable_cost_model + multi_fidelity default ON (prune timing only, never correctness); synth_codegen/polyhedral/runtime_specialization/device_pgo/emitter/strict_numerics default OFF. Default sweep gated to body-shipping arches {sm_90a,gfx942} (compile.py:25680-25682).",
        "Codegen self-test enumerates 11 production optimizers (compile.py:25406-25409): adamw,lion,muon,prodigy,grokadamw,grokfast,looksam,neuralgrok,supergrok11,supergrok15,supergrok2; 11 opts x 4 archs = 44 render pairs must pass.",
        "AST guardrail test_buildspec_advertises_all_fields_read_by_production_code (compile.py:24716) re-parses __file__ and asserts every spec.X / getattr(spec,'X') in BuildSpec-annotated functions names a declared dataclass field — enables dropping getattr fallbacks."
      ],
      "bugs": [
        "No production bugs in this slice (it is test code). Test-fragility RISK: many tests assert exact source substrings via inspect.getsource (e.g. compile.py:23528-23534, 23659-23665, 23715-23722) so benign refactors break them; notably compile.py:23851-23854 asserts the literal double-quoted string `correctness_hook=getattr(spec, \"correctness_hook\"` in _run_exhaustive/_run_bayesian — a quote-style change in production source would silently break the test.",
        "Documented PRIOR production bug guarded here (fix is outside slice): compile.py:25461-25463 comment notes _target_cuda_version_for_arch old `tv[0] >= need[0] or ...` disjunction short-circuited True, making the minor-version floor dead; test_cuda_target_respects_arch_min (25454) now enforces tuple(tv) >= tuple(need)."
      ],
      "dead_code": [],
      "digest_path": "/workspace/phase0c/compile_23501-25850.md"
    },
    {
      "name": "cp_11_25851_28200",
      "area": "compile.py:25851-28200 (self-test tail + consolidated bundled templates / codegen emitter / CUTLASS helpers start)",
      "files_fully_read": [
        "/workspace/SuperGrok1.5/grokking_optimizers/compile.py:25851-28200"
      ],
      "top_findings": [
        "Self-test section helpers in slice: _self_test_polyhedral (26067), _self_test_synth_codegen (26227), _self_test_flag_probe (26608), _self_test_e2e_smoke (26775), _self_test_math_drift_guard (26799); plus tail of _self_test_numerical_validation (25851-26063, header is cross-slice).",
        "_self_test() orchestrator at 26864 calls 33 _self_test_<section> helpers (28 cross-slice, 5 in-slice) at 26889-26921, then _count_guard (26927) asserts total == _SELF_TEST_EXPECTED_COUNT=265 (26861, single authoritative count).",
        "test_polyhedral_origin_only_when_transformed_source_built (26191) inspects cross-slice _make_variant_timer (def 15060); I verified its 4 source-text assertions match real lines 15749/15794/15795/15797 (Mandate #20 guard against stamping origin=polyhedral without building a transformed source).",
        "MED.8 tests (26311, 26500) assert _MMA_NATIVE_LOADS_WIRED is False (def 30179) and that _gemm_native_mma_mainloop (30202) returns None for wgmma/tcgen05/mfma/wmma so _emit_gemm_cuda emits the numerically-correct SCALAR mainloop with 'NOT WIRED' marker, never the zero-fragment native opcode.",
        "Bundled-template machinery (26966-27828): 4 base templates (sm_90a/generic/gfx942/pallas) x 11 _OPTIMIZER_TEMPLATE_SPECS (27207, names verified: adamw,lion,muon,prodigy,grokadamw,grokfast,looksam,neuralgrok,supergrok11,supergrok15,supergrok2) = 44-entry _BUNDLED_TEMPLATES (27828); 4x11=44 verified.",
        "Codegen emitter: find_template (27899, Stream A overrides-first then probe order), emit_variant_source (28001, sha256(tpl_src+canonical_json(ctx))[:16] cache key, atomic .tmp->replace write), _jinja_env (27845, auto-installs jinja2 via _ensure_optional_dep; Group A.8 note: no --no-emitter flag), validate_with_nvcc_dryrun (28118, graceful when nvcc absent / non-CUDA).",
        "CUTLASS GEMM emitter helpers START in-slice (28135-28200, continue past 28200): _CUTLASS_FALLBACK_VARIANTS (28144), _CUTLASS_DTYPE_MAP (28158, incl fp8 e4m3/e5m2), _cutlass_variant_key (28174), _cutlass_tuple3 (28186, ends mid-function at 28200).",
        "_synth_pattern_for_optimizer dispatch (tested 26399/26450): muon/supergrok2->newton_schulz, grokfast->fused_adam_grad_norm, adamw/lion->adamw_update, unknown->None (Mandate #17, no silent adamw default); injectable override supported."
      ],
      "bugs": [],
      "dead_code": [],
      "digest_path": "/workspace/phase0c/compile_25851-28200.md"
    },
    {
      "name": "cp_12_28201_30550",
      "area": "compile.py:28201-30550 — CUTLASS GEMM emitter tail, Polyhedral layer (Stream B), OpGraph synth codegen (Stream D) CUDA/HIP emitters",
      "files_fully_read": [
        "/workspace/SuperGrok1.5/grokking_optimizers/compile.py:28201-30552"
      ],
      "top_findings": [
        "CUTLASS emitter tail: emit_cutlass_gemm_variants (compile.py:28478) validates sm_90a/sm_100a only, filename-caches, atomic .tmp write; _enumerate_cutlass_variants (28233) probes cutlass.op.Gemm.tile_descriptions() else curated fallback; _render_cutlass_gemm_source (28348) emits CUTLASS-3.x CollectiveBuilder .cu. Called by _emit_gemm_cuda (30421) and tests (25336/25363/25380).",
        "Polyhedral Stream B (28585-29383): all opt-in (BuildSpec.enable_polyhedral=False @8622). extract_loopnest_from_template (28747) via libclang; enumerate_schedules (28967) streams tile/perm/par/vec products; apply_schedule (29188) emits transformed launch_polyhedral_kernel. _polyhedral_expand_variant (29325) IS wired: timer calls it @15749 and consumes returned list @15757, builds+tags ORIGIN_POLYHEDRAL @15794-15798, gated by on-device oracle (#16/#20).",
        "OpGraph synth Stream D (29385+): opt-in (enable_synth_codegen=False @8548). _synth_pattern_for_optimizer (29446) Mandate#17 returns None (not silent adamw_update) for unmatched optimizer; muon/supergrok2->newton_schulz. OpGraph.topological_order (29567) Kahn + SSA + dangling-ref guards (29588-29597, documented fix).",
        "MED.8 native-MMA gate: _MMA_NATIVE_LOADS_WIRED=False (30179) makes _gemm_native_mma_mainloop (30183) ALWAYS return None after warn-once; wgmma/tcgen05 cp.async dest=literal 0 and mfma/wmma fragments zeroed would compute on zeros. _emit_gemm_cuda (30385) therefore emits numerically-correct SCALAR triple-loop. Stub #if/#else bodies (30233-30382) kept as PRESERVED wiring scaffold by explicit design.",
        "_emit_reduce_cuda (30053) hardens large-tensor max/prod with CAS device helpers _synth_atomic_max/_mul typed to accum_t (30088-30107), documented fix for sum-of-per-block-maxima bug; atomicAdd only for sum. fp64 path present (_SYNTH_DTYPE_MAP fp64->double @29515).",
        "_synth_dtype_triple (29667) MED.7: HIP bf16->__hip_bfloat16, FP8 on HIP raises loud SynthCodegenError (no portable __hip_fp8) instead of emitting uncompilable __nv_fp8_*. gfx/pallas emitter trees PRESERVED multi-arch.",
        "_heuristic_dep_vectors (28903) UNCONDITIONALLY returns [(0,)...] (28918) contradicting its docstring (no p[i]=p[i-1] detection); makes _permutation_respects_deps (28925) vacuously True — over-aggressive parallel classification, oracle-gated.",
        "Pattern factories (29706-29999) are pure data: pattern_newton_schulz (29828) = 4 wgmma GEMM nodes + combine (muon route); pattern_softmax_matmul (29784) flash-attn shape; pattern_bilevel_fusion (29961) merges sub-graphs with conflict checks."
      ],
      "bugs": [
        "compile.py:30509 (_emit_scan_cuda): down-sweep seeds sdata[n-1]=0 for ALL ops; a max parallel_scan (exclusive) would inject spurious 0 instead of -INF identity — real but opt-in/oracle-gated correctness bug.",
        "compile.py:28918 (_heuristic_dep_vectors): always returns all-zero dep vectors, contradicting docstring's claimed p[i]=p[i-1] recurrence detection; downstream over-classifies every loop as parallel (mitigated by on-device oracle gate #16/#20).",
        "compile.py:30073 (_emit_reduce_cuda): warp-fast-vs-block selection keyed on STATIC product(shape) n_elems while kernel reduces a RUNTIME n arg; mismatch when caller passes n != product(shape) (sum still correct; documented preinit contract for max/prod)."
      ],
      "dead_code": [
        "compile.py:30481 (_emit_scan_cuda): local `combine = '+' if op=='sum' else '?'` computed and never used (real combine is combine_expr).",
        "compile.py:28727 (_try_import_islpy): defined but no in-slice caller; extract_loopnest_from_template never calls it (islpy never used for dep analysis).",
        "compile.py:29373-29375 (_polyhedral_expand_variant): stash key f'{stem}__sched_{ckey}' never consumed; consumption path keys f'{ckey}:polyhedral' (15798) — orphaned introspective bookkeeping (harmless).",
        "compile.py:28343 `_ = (cpp_dt, M, N, K)` no-op; 30022/30063 unused n_elems-derived dead local in elementwise emitter; 29467 unused `dims` param in _synth_dtype_from_config; 29723 unused `g` input in pattern_adamw_update (all harmless)."
      ],
      "digest_path": "/workspace/phase0c/compile_28201-30550.md"
    },
    {
      "name": "cp_13_30551_32900",
      "area": "compile.py:30551-32900 (EOF) — Pallas synth tail, CK GEMM emitter, kernel_registry (NVRTC/hipRTC), device PGO, TOML config, legacy shim",
      "files_fully_read": [
        "/workspace/SuperGrok1.5/grokking_optimizers/compile.py (lines 30551-32900, the final slice / EOF)"
      ],
      "top_findings": [
        "synthesize_kernel (compile.py:30660) walks opgraph and dispatches cuda/hip/pallas; smoke launcher only emitted when first node is elementwise (30794), gemm/reduce/scan/scatter first nodes get launcher='' to avoid undefined-symbol references",
        "_try_synth_codegen (compile.py:30860) is the synth orchestration seam: Mandate #17 fail-safe dispatch via _synth_pattern_for_optimizer, Mandate #18 dtype, Mandate #19 shape_hint; caches to synth_sources/ with atomic tmp+replace (30999-31013)",
        "emit_ck_gemm_variants (compile.py:31161) is CDNA-only: supported_archs={gfx942,gfx950}; RDNA + gfx906/gfx1030 raise SynthCodegenError to fall back to portable triple-loop; emits DeviceGemmXdl .hip.cpp + extern C launch_ck_* (gfx942 is a PRESERVED tree, production-intended)",
        "KernelRegistry (compile.py:31396) does NVRTC/hipRTC runtime specialization; Mandate #15 bakes tuned block/vec/unroll into cubin and into the cache key (_key @ 31424); both compile paths destroy the program handle in finally (31561/31591) fixing a prior driver-memory leak",
        "initialize_registry (compile.py:31918) pulls tuned_config from cache.get(opt,model,arch)['tuned_config'] to close the autotuner->runtime loop; prewarms fp32+fp64 at shape (1024,); emits actionable cuda-python skip blocks",
        "_DEFAULT_PROJECT_CONFIG (compile.py:32330): tune_hook='grokking_optimizers.tune_hook:run' (L3-TC megakernel driver seam, 32356), device_cflags extra=['-DNDEBUG'] (WGMMA mainloop de-serialization, 32387), autotune.max_seconds=None (Group A.12 fix for old '0 stops now' bug)",
        "apply_to_buildspec (compile.py:32597) copies all Stream A-D config toggles onto spec with validation (macro_prefix Group A.11, include_paths.extra list-type Group A.13); _deep_merge (32581) deepcopies non-dict values to avoid corrupting module-global defaults",
        "_register_consolidated_module_aliases (compile.py:32880, called 32895) aliases grokking_optimizers.{codegen,kernel_registry,device_profiling,compile_config} to this module in sys.modules — live load-bearing legacy-import wiring; file EOF at 32900 is `raise SystemExit(main())`"
      ],
      "bugs": [
        "Pallas scatter lowering is a non-functional stub: _emit_node_pallas (compile.py:30644-30648) emits `out_ref[...] = jnp.take(...) if op_kind=='gather' else None`, so the scatter branch assigns None to out_ref and would fail at trace/run time. Gather works; scatter is a stub (low sev; tpu_v6e/Pallas tree is PRESERVED — flagged as correctness stub, not dead code)",
        "Incomplete wiring: bilevel_fusion is in _SYNTH_KNOWN_PATTERNS (29416) and default allowed_patterns (compile.py:32447) with a real factory pattern_bilevel_fusion (29961), but _try_synth_codegen's factory dict (compile.py:30965-30970) has no bilevel_fusion entry and it's not a GEMM pattern, so an injected optimizer->bilevel_fusion map makes _try_synth_codegen silently return None at 30972 (auto-synth path can never emit it). Default _OPTIMIZER_SYNTH_PATTERN never maps to it, so default builds are unaffected",
        "Hardening note (not a live bug): fallback TOML parser _load_toml_file (compile.py:32549) uses eval() with restricted builtins on config-file content; local-trust context but an eval-on-file-content path"
      ],
      "dead_code": [
        "_LoadedKernel._pack_args (compile.py:31735-31771): defined but has zero callers (grep-confirmed); superseded by the inline ctypes coercion inside __call__ (31788-31808), which even differs in behavior (float->c_float vs c_double). Removable in Phase 5",
        "DeviceProfilingError (compile.py:32005): constructed nowhere internally (self-documented 'not used internally'); intentional public surface for external strict-mode callers — NOT recommended for removal, listed for completeness only"
      ],
      "digest_path": "/workspace/phase0c/compile_30551-32900.md"
    },
    {
      "name": "go_dispatch",
      "area": "dispatch.py — Python↔C++ fused_step routing, 33-cell registries, state layout, SG2 path",
      "files_fully_read": [
        "/workspace/SuperGrok1.5/grokking_optimizers/dispatch.py"
      ],
      "top_findings": [
        "Two 33-cell registries, both = exactly 3 models × 11 optimizers (verified by count): _FUSED_L3_REAL (dispatch.py:630-962, L3-REAL tier marker read by race+parity tests) and _L3_WGMMA_CELLS (dispatch.py:1310-1491, the wgmma GEMM-engine gate). Membership is identical between them.",
        "gemm_impl_for_cell (dispatch.py:1494-1509) returns 'wgmma' iff (canon_model,opt) in _L3_WGMMA_CELLS else None; non-members HARD-FAIL at caller (no silent fallback). has_l3_real (dispatch.py:971-988) additionally gates the real path to impl==90 (sm_90 ONLY; gfx942/tpu keep eager via normalize_arch).",
        "fused_train_step (dispatch.py:1512-2011) is the ONE production train step: asserts cell in _FUSED_L3_REAL (KeyError else, :1590), requires fp32 params (:1613), allocates a per-model state_cache ONCE (flat|state|grad_out, reused so momentum survives), truncates B to a multiple of 16 for the wgmma dW K-loop (:1704-1713), then calls ops.fused_step or the dedicated ops.sg2_fused_step.",
        "State layout per optimizer (dispatch.py:1642-1656): default 3*total+1 ([m|v|extra]+loss); prodigy 4*total+4 (+param_init+r_ema+s_ema+d_lr); SG11/15 4*total+1+129 (kSgPhiPack=4*32+1, phi pack H=32); SG2 (5+GH)*total+1 with GH=4 => 9*total+1 ([m|v|mu|loss|sharpness|slow|gru_state*4]). loss is read from state[3*total] (:2005).",
        "SG2 dedicated path (dispatch.py:1898-1988) builds the CSA/HCA/PEER/GRU meta-net weight bundle + 6 per-tensor scalar arrays (alpha/gru_decay/lamb_eff/beta1/bc1/bc2 in named order) and calls ops.sg2_fused_step; the 41 positional args match bindings.cpp:228-245 1:1 and dispatch.cpp routes decoder(:1240)/vit(:1279)/mamba3(:1319) all to mega_*_sg2_tc — so ('mamba3','supergrok2') in the registry IS fully wired in C++.",
        "_opt_scalars_from (dispatch.py:1029-1267) is an order-sensitive optimizer-discriminating if/elif chain keyed on distinguishing param_group/instance attrs; SG2 branch (:1112) MUST precede SG11/15 (:1137) because both share meta_net+sam_rho — SG2 distinguished by meta_net.num_experts, SG11/15 by meta_net.rescale.",
        "ABI cross-check: bindings.cpp:164 fused_step declares opt_only as a DEAD slot (L1 tail removed) and gemm_impl default 'wgmma' (scalar engine removed, hard-CHECKed in dispatch.cpp); _KERNEL_PROBE_NAMES=('fused_step','sg2_fused_step') (dispatch.py:545) are the ONLY two megakernel entries the shipped _ops.so registers — confirms pure-L3-TC no-fallback contract.",
        "_try_fused_train_step (named in the task) is NOT in dispatch.py — it is the race-side wrapper at grokking_race_v2.py:900 that calls dispatch.fused_train_step and sets LAST_L3_ENGINE; other callers: tune_hook.py:300, parallel/distributed_step.py:169,202; wiring_check.py:207-235 monkeypatches it."
      ],
      "bugs": [],
      "dead_code": [
        "STALE DOC (not dead code): fused_train_step docstring dispatch.py:1565-1573 still says gemm_impl default 'scalar' -> fp32 owner-computes megakernel, but the actual default param is 'wgmma' (dispatch.py:1514) and the scalar engine was removed (bindings.cpp confirms wgmma-only). Prose drift only.",
        "STALE DOC (not dead code): _FUSED_L3_REAL block docstring dispatch.py:604/617 and fused_l3_real_cells() docstring dispatch.py:966-967 say 'Currently only (transformer_decoder, adamw)' / 'These are the ONLY L3-REAL cells', but the frozenset is now all 33 cells. The frozenset is authoritative.",
        "STALE COMMENTS (self-flagged, not dead code): inline _L3_WGMMA_CELLS comments saying 'gemm_impl_for_cell returns scalar WITHOUT this entry' (e.g. dispatch.py:1395,1403,1418,1426) predate the pure-L3-TC cut; the block header at dispatch.py:1307-1309 explicitly notes it now returns None and hard-fails."
      ],
      "digest_path": "/workspace/phase0c/dispatch.md"
    },
    {
      "name": "go_megakernel",
      "area": "megakernel*.py — L3/L1 feasibility solver (megakernel.py), DeepSpeed/Megatron fused-kernel adapter (megakernel_engine.py), and the 99-cell source/layout/dispatch generator (megakernel_codegen.py)",
      "files_fully_read": [
        "/workspace/SuperGrok1.5/grokking_optimizers/megakernel.py",
        "/workspace/SuperGrok1.5/grokking_optimizers/megakernel_engine.py",
        "/workspace/SuperGrok1.5/grokking_optimizers/megakernel_codegen.py"
      ],
      "top_findings": [
        "megakernel.py:171-204 _tier_cost: L3 reg peak is MAX of two Hopper setmaxnreg warp-groups (consumer=max(fwd,bwd), producer=max(opt,32)) NOT the old fwd+bwd+opt sum (WORKSTREAM-1 #6); L2 still uses a SUM (bwd.regs+opt.regs).",
        "megakernel.py:226-229 solve(): Pallas/TPU detected via warp_size is None (_arch_budget :135), short-circuits to L3 regs=0/smem=0 unconditionally — all 33 TPU cells report L3.",
        "megakernel.py worst-case fit on sm_90 (budget regs=255 smem=233472 per compile.py:679-681): L3 regs max=176 (mamba3), smem max=66560 (decoder/vit bwd) — every sm_90 cell fits L3; the L2 SUM path is never reached on real archs.",
        "megakernel_engine.py:140-158 dispatch_fused_megakernel enforces PURE L3-TC (task #10): L1/scalar fallback REMOVED; hard-RuntimeError (:149-154) if solver doesn't award L3; drives only ops.fused_step(..., opt_only=False, gemm_impl='wgmma'), binding only lr (full scalars need dispatch.fused_train_step).",
        "megakernel_codegen.py:146-162 _fuse_tier_tag raises ValueError on L2/L0 (only L3->'l3', L1->'l1' emittable) — replaces the old silent L2->L1 coercion wrong-kernel landmine; also guards dispatch_table() :1469.",
        "megakernel_codegen.py:214-218 _emit_cuda comment: L3 opt_only=false runs a SURROGATE element-local model fwd/bwd whose loss does NOT match eager (perf-coverage only); the numerically faithful race path is opt_only=true (L1 tail, real grad in).",
        "megakernel_codegen.py weight-layout headers are the single source of truth with build-failing static_asserts: decoder 30 tensors/422755 (:567-599), ViT 32 tensors/418017 cls_token-first (:770-815), Mamba3 45 tensors/593713 mixer-leaf-before-submodule order (:1103-1176); each carries a dual prod(d=128)/bench(d=2048 or 1024) layout under one SG_*_BENCH_LAYOUT #if guard.",
        "megakernel_codegen.py:113-141 NeuralGrok is the only optimizer with a bespoke psi-net bind (_PSI_BIND_CUDA/HIP: psi_W1/b1/W2 from extra buffer, psi_b2 read on-device); without it neuralgrok_psi_forward null-derefs."
      ],
      "bugs": [
        "megakernel_codegen.py:1188-1197 & :1242-1250 — STALE DOCSTRING vs live code: prose claims kMambaSmemFloats is a 'SAFE LARGE PLACEHOLDER (160KB/40000 floats)' shared by both branches, but emitted code :1223-1231 computes the real per-d field-by-field smem_floats (58249/232996B at d=128). Misleading; could mask real drift if trusted.",
        "megakernel_codegen.py:1232 vs :1252 — d=128 Mamba smem 232996B vs cap assert 228*1024=233472B passes by only 476 bytes; any under-counted field added to MambaSampleSmem would silently bust the sm_90 ~228KB/SM opt-in budget (GridBarrier hang) unless model_stage_mamba3.cuh's own sizeof static_assert stays in sync.",
        "megakernel_engine.py:122-123 — the int-impl fallback `else ('sm_90' if impl==90 else 'gfx942')` is effectively unreachable since normalize_arch returns a string for sm_90/gfx942; harmless but untested."
      ],
      "dead_code": [],
      "digest_path": "/workspace/phase0c/megakernel_py.md"
    },
    {
      "name": "go_opt_a",
      "area": "optimizers A (adamw, lion, grokfast, grokadamw, looksam, prodigy + __init__) — eager reference defs for the fused L3-TC tail",
      "files_fully_read": [
        "/workspace/SuperGrok1.5/grokking_optimizers/optimizers/__init__.py",
        "/workspace/SuperGrok1.5/grokking_optimizers/optimizers/adamw.py",
        "/workspace/SuperGrok1.5/grokking_optimizers/optimizers/lion.py",
        "/workspace/SuperGrok1.5/grokking_optimizers/optimizers/grokfast.py",
        "/workspace/SuperGrok1.5/grokking_optimizers/optimizers/grokadamw.py",
        "/workspace/SuperGrok1.5/grokking_optimizers/optimizers/looksam.py",
        "/workspace/SuperGrok1.5/grokking_optimizers/optimizers/prodigy.py"
      ],
      "top_findings": [
        "ALL 6 optimizers have eager step()/_single_param_step()/sam_step() REMOVED -> identical raise NotImplementedError('L3-TC megakernel only; eager .step() removed ... fused_train_step') (adamw.py:149-159, lion.py:116-127, grokfast.py:156-167, grokadamw.py:314-345, looksam.py:125-194, prodigy.py:139-155). Production path = L3-TC megakernel via fused_train_step; no Python fallback (__init__.py:5-6).",
        "What survives & is LIVE: (a) _group_cache state-buffer allocators the megakernel reads (FP32 exp_avg/exp_avg_sq/ema/s/param_init/sam_direction); (b) host-side scalar helpers read by dispatch._opt_scalars_from (dispatch.py:1029,1089-1090).",
        "adamw.py:32-54 is THE canonical _validate_grad (sparse + is_cuda + dtype + contiguity); imported by looksam.py:19 and prodigy.py:20.",
        "grokadamw.py:88-105 _adamw_step_reference is the only surviving full eager AdamW math body; explicitly 'not invoked on the hot path' (:91-95) -> the FP64-parity reference for the fused tail. Do NOT delete.",
        "GrokAdamW wires 2 grokking mechanisms: layer-wise beta1=beta1*(1-gamma)**i precomputed in _layer_beta1_by_id (grokadamw.py:210-222,235-240) + adaptive alpha=alpha_init*exp(-kappa*signal) via _alpha_for_group (grokadamw.py:253-261); signal is MAX-normalised (:242-251). Read by dispatch.py:1089-1090.",
        "grokfast.py:138-146 & grokadamw.py:300-304 seed the grad EMA with the FIRST gradient (not zeros) because the kernel applies NO EMA bias correction; must be preserved or early grokking is under-amplified.",
        "Prodigy persistent D-estimate is instance-level: _d_lr=d0(=1e-6), _r_ema/_s_ema running EMAs decayed by beta3=sqrt(beta2) (prodigy.py:71-86); plateaus instead of ratcheting; custom state_dict/load_state_dict round-trip them (:162-194). param_init=p0 snapshot at prodigy.py:127.",
        "LookSAM keeps host helpers should_sam_step (_global_step%k, looksam.py:161-164) + state_dict/load_state_dict for _global_step (:166-188); SAM cadence mirrored in dispatch.py:1226 ((step-1)%k==0), SAM phase runs in-kernel gated by FusedScalars.looksam_sam."
      ],
      "bugs": [
        "Inconsistent is_cuda validation: adamw.py:45-49 rejects non-CUDA grads, but the INLINE _validate_grad copies in lion.py:32-40, grokfast.py:32-40, grokadamw.py:77-85 omit the is_cuda check (sparse/dtype/contiguity only). LOW impact today (step() raises before any validator runs; megakernel validates separately) but if the documented 'eager path returns', Lion/Grokfast/GrokAdamW would hand a CPU grad data_ptr to the kernel.",
        "All 6 _validate_grad functions are currently UNREACHABLE from in-file code (their only callers were the removed step()/_single_param_step()); they are inert eager plumbing (looksam/prodigy import adamw's). Flagged as inert, not removable given documented 'eager path may return' intent."
      ],
      "dead_code": [
        "NONE removable. The post-raise plumbing in every _register_grad_hooks (adamw.py:177-192, lion.py:146-161, grokfast.py:186-201, grokadamw.py:364-379, looksam.py:213-228, prodigy.py:213-228) is unreachable-after-raise but RETAINED by design ('for when an eager path returns'). GrokAdamW 'decay' arg (grokadamw.py:155,185-198) is accepted+stored+silently ignored back-compat (no published role) — inert, not dead. _adamw_step_reference (grokadamw.py:88-105) is the parity reference, not dead."
      ],
      "digest_path": "/workspace/phase0c/optimizers_A.md"
    },
    {
      "name": "go_opt_b",
      "area": "go_opt_b",
      "files_fully_read": [],
      "top_findings": [],
      "bugs": [],
      "dead_code": [
        "AGENT NULL"
      ],
      "digest_path": ""
    },
    {
      "name": "go_parallel",
      "area": "parallel + distributed (grokking_optimizers/parallel/* + distributed.py, lowprec.py, tune_hook.py, mamba3_block.py, __init__.py)",
      "files_fully_read": [
        "/workspace/SuperGrok1.5/grokking_optimizers/__init__.py",
        "/workspace/SuperGrok1.5/grokking_optimizers/parallel/__init__.py",
        "/workspace/SuperGrok1.5/grokking_optimizers/parallel/shard_map.py",
        "/workspace/SuperGrok1.5/grokking_optimizers/parallel/zero3.py",
        "/workspace/SuperGrok1.5/grokking_optimizers/parallel/distributed_step.py",
        "/workspace/SuperGrok1.5/grokking_optimizers/parallel/pipeline.py",
        "/workspace/SuperGrok1.5/grokking_optimizers/distributed.py",
        "/workspace/SuperGrok1.5/grokking_optimizers/lowprec.py",
        "/workspace/SuperGrok1.5/grokking_optimizers/tune_hook.py",
        "/workspace/SuperGrok1.5/grokking_optimizers/mamba3_block.py"
      ],
      "top_findings": [
        "shard_map.py taxonomy: ELEMENTWISE={adamw,lion,grokfast,grokadamw,looksam,prodigy,neuralgrok} (shard_map.py:50-52), PER_TENSOR={muon,supergrok11,supergrok15,supergrok2} (shard_map.py:53-55); OptId 0..10 mirror of opt_components.cuh (shard_map.py:59-63); partition_tensor_granular uses deterministic LPT greedy with fully-specified tie-breaks (shard_map.py:243,247) then re-sorts to named_parameters() order (shard_map.py:254-256).",
        "distributed_step.py decomposed step is the design-6.2 B2-cut: [1] fused step on rank shard return_grad=True -> [2] fixed_order_allreduce_grad (all_gather + ascending-rank fp32 sum /world, distributed_step.py:117-135) -> [3] sharded_apply over owned slices -> [4] all-gather params; in-kernel P3 result is DISCARDED by the [4] overwrite making it bit-identical to a clean B2 cut (distributed_step.py:226-230).",
        "distributed_step._ELEMENTWISE_OPTID={adamw:0,lion:1,grokfast:2} (distributed_step.py:54) — a STRICT subset of shard_map's 7-element ELEMENTWISE set; grokadamw/looksam/prodigy/neuralgrok are loudly rejected (distributed_step.py:92-96,166).",
        "zero3.py FlatShardPlan.fingerprint() = sha256 of sorted json {mode,world,total,slices} (zero3.py:89-94) and load_sharded_checkpoint raises on ANY fingerprint/world/rank/total/numel mismatch (zero3.py:298-322) — the cross-rank A/A/A resume guard; flat_plan_for_optimizer maps tensor_granular to flat coords but uses ONE contiguous even slice/rank for elementwise (zero3.py:117-132).",
        "distributed.py is a no-kernel orchestration layer (distributed.py:1-7): ParallelConfig DPxTPxPP with NO sequence dim, EP sub-divides DP (data_parallel % expert_parallel==0, distributed.py:119-123); Megatron linearization TP fastest then PP then DP (distributed.py:235-244); every collective funnels through is_dist_available_and_initialized and no-ops single-process.",
        "distributed.py ZeRO3Sharder native shim still issues ONE collective per param (reduce_scatter_tensor / all_gather_into_tensor, distributed.py:864-966); cross-param flat-bucket ZeRO-3 is a DOCUMENTED partial-stop deferred to DeepSpeed (distributed.py:761-776). DDP ZeRO-0/1/2 path IS bucketed via all_reduce_dp_grads (distributed.py:557-591).",
        "tune_hook.py run() drives the production L3-TC path against a variant .so: aliases it as grokking_optimizers._ops AFTER evicting the package from sys.modules (tune_hook.py:129-159), forces gemm_impl='wgmma' and asserts has_l3_real + bf16 engine=='wgmma' before timing (tune_hook.py:280-289), reuses test_l3tc_tail_gate._build_cell / _sg2_l3tc_gate for the workload, returns post-step params + median ms.",
        "mamba3_block.py implements base SISO Mamba-3 Eq-25 with explicit real/imag 2x2 rotations (no torch.complex): sequential scan h=alpha*R@h + beta*R@v_prev + gamma*v_t (mamba3_block.py:436-444); RMSNorm intentionally computes in INPUT dtype to keep the fp64 1e-12 oracle exact (mamba3_block.py:204-208); NO conv1d/NO SSM-input SiLU; Mamba3Model nl mixers each paired with SwiGLU MLP -> ~1.5B."
      ],
      "bugs": [
        "lowprec.py LATENT MISMATCH (low risk): _int8_dims_ok gates in_features/out_features at %8 (lowprec.py:183-185) while _Int8MatmulFn zero-pads the token dim to %16 (lowprec.py:143 Tp=(T+15)//16*16) though the comment at lowprec.py:140-141 cites a %8 token need — over-aligning T to 16 still satisfies %8 so it is NOT a correctness bug, but the %8-gate vs %16-pad asymmetry is undocumented.",
        "distributed_step.py SCOPE ASYMMETRY (not a runtime bug): _ELEMENTWISE_OPTID (distributed_step.py:54) supports only adamw/lion/grokfast, so the decomposed step loudly rejects grokadamw/looksam/prodigy/neuralgrok that shard_map.shard_mode_for_optimizer would route 'elementwise_even' — the two modules disagree on what 'elementwise' means for the flat sharded apply."
      ],
      "dead_code": [
        "shard_map.py:101-111 TensorPlacement dataclass is exported (parallel/__init__.py:29,38) and documented as 'emitted one per tensor under tensor-granular sharding' but NO function in the module constructs or returns it (partition_elementwise_even / partition_tensor_granular both return ShardPlan with (name,start,end) slice tuples) — a public typed surface with no producer (NOT blind-removable: it is a documented public export, likely the planned 8x-window producer's return type)."
      ],
      "digest_path": "/workspace/phase0c/parallel_distributed.md"
    },
    {
      "name": "go_profile",
      "area": "go_profile",
      "files_fully_read": [],
      "top_findings": [],
      "bugs": [],
      "dead_code": [
        "AGENT NULL"
      ],
      "digest_path": ""
    },
    {
      "name": "go_gfx_a",
      "area": "gfx942 kernels A (PRESERVE): supergrok2 / mamba3 / attention / muon",
      "files_fully_read": [
        "/workspace/SuperGrok1.5/grokking_optimizers/kernels/gfx942/attention_gfx942.hip.hpp",
        "/workspace/SuperGrok1.5/grokking_optimizers/kernels/gfx942/muon_gfx942.hip.hpp",
        "/workspace/SuperGrok1.5/grokking_optimizers/kernels/gfx942/mamba3_gfx942.hip.hpp",
        "/workspace/SuperGrok1.5/grokking_optimizers/kernels/gfx942/supergrok2_gfx942.hip.hpp"
      ],
      "top_findings": [
        "All 4 files share the two-pass single-header structure: HOST (A) ATen/rocBLAS orchestration gated `!__AMDGCN__ && !SG_GFX942_DEVICE_TU`, DEVICE (B) AMDGCN kernels gated `__AMDGCN__||__HIPCC__||GROK_HIP_DEVICE`; byte-identical gate-only launch shim GROK_GFX942_LAUNCH_SHIM_ (attention:370, muon:287, mamba3:190, sg2:2009). All 🟡 amdgcn-compile-verified only; live hipcc launch + MI300X numerics deferred.",
        "attention_gfx942.hip.hpp: device fwd/bwd MFMA kernels attention_gfx942_{fwd,bwd}_mfma SG_KERNEL_BOUNDS(64,1), force-instantiated <32,true>(decoder seq=4) + <32,false>(ViT seq=17) at 783-792; DPP max+sum softmax (466-476,552-569); dead host __shfl_xor reductions already removed (92-101); unified mask sentinel -1e30f (144).",
        "muon_gfx942.hip.hpp: §5.1 Frobenius DPP wave->block->AGENT-atomic reduce (muon_frobenius_block 341-372), §5.2 Newton-Schulz bf16 MFMA muon_ns_step (481-528), §5.3 f32x4-vectorized apply muon_gfx942_apply_kernel (608-639). Inverted-weight-decay bug FIXED (param=param*decay_factor+neg_lr_scale*Y, 213-220/244-249, sm_90 a9276b5 class).",
        "mamba3_gfx942.hip.hpp: live host (A) wrappers delegate to sg::sm90::models::mamba::* (86-151); device (B) RMSNorm/conv1d-SiLU/Blelloch SSM scan fwd+bwd with LDS handoff + AGENT atomics; ssm fwd/bwd force-instantiated SEQ_LEN in {4,17,128} (748-765). mfma_matmul_bf16 here is grid-strided across wavefronts (300-357) unlike the single-wavefront drivers in the other 3.",
        "mamba3_gfx942.hip.hpp:772-2038 is a `#if 0` PRESERVED REFERENCE block (namespace grokking::gfx942, 'Do not delete') — full layer library + mfma_detail u32x4 wrappers + Mamba3Sizes/State/resources static_asserts. NOT compiled; PRESERVE.",
        "supergrok2_gfx942.hip.hpp: CSA/HCA meta-optimizer; sg2_step_one_param 11-step pipeline (674-914); device (B) attention_core_native (2260), peer_route_row<kTopK> (2311), gru_gate_row (2400), §5.ADAM f32x4 sg2_gfx942_adam_apply (2637); §5.WIRE includes bilevel-adjoint + moe-compaction device headers (2576-2577). CSA/HCA fwd force-instantiated <4>; adam <float,float>.",
        "supergrok2_gfx942.hip.hpp: moe_dynamic_expert_bwd defaults to DETERMINISTIC dense one-hot reduction; nondeterministic index_add_ atomic path opt-in via SG2_ATOMIC_MOE_BWD=1 (1887-1915, mirrors sm_90 5cb32b8). moe_scan_compacted (1925-1960) VESTIGIAL/Mamba-era, ABI-kept, Python never calls — PRESERVE.",
        "Shared device idioms verified identical across files: bf16<->f32 RNE codec (u+=0x7fffu+lsb), 16x16x16 bf16 MFMA tile with sched_group_barrier<0x008,1>/<0x100,2> interleave, kWave=64, DPP butterfly controls 0x111/112/114/118/142/143 + readlane broadcast."
      ],
      "bugs": [
        "supergrok2_gfx942.hip.hpp:502 — `(void)sqrt_d;` inside csa_hca_attention_device (446-541) references an UNDECLARED identifier: that function declares only `scale` (464), never `sqrt_d` (sqrt_d is declared at 304 in the sibling csa_hca_attention). Inside `#if defined(__HIPCC__)` so the bare amdgcn gate skips it and Stage-5 passes, but a real hipcc host pass yields `error: use of undeclared identifier 'sqrt_d'`. Latent compile defect on the hardware-gated/unexercised device-launch path; trivial fix (drop the cast)."
      ],
      "dead_code": [],
      "digest_path": "/workspace/phase0c/gfx942_kernels_A.md"
    },
    {
      "name": "go_gfx_b",
      "area": "go_gfx_b",
      "files_fully_read": [],
      "top_findings": [],
      "bugs": [],
      "dead_code": [
        "AGENT NULL"
      ],
      "digest_path": ""
    },
    {
      "name": "cs_dec_mega",
      "area": "fused_decoder_megakernel.cuh — decoder L3-TC persistent wgmma megakernel",
      "files_fully_read": [
        "/workspace/SuperGrok1.5/csrc/fused/sm_90/fused_decoder_megakernel.cuh"
      ],
      "top_findings": [
        "Two kernels: legacy fp32 SCALAR fused_decoder_megakernel<Opt> (lines 195-292, gated by SG_DEC_SCALAR_MEGAKERNEL default 1) and the PRODUCTION wgmma fused_decoder_megakernel_tc<Opt> (lines 672-1502, under SG_TUNED_GEMM_IMPL==WGMMA). SG_TUNED_GEMM_IMPL default SCALAR (line 87); wgmma path includes model_stage_decoder_tc.cuh + opt_stages_precompute.cuh + opt_stage_supergrok2.cuh (lines 99-116).",
        "TC kernel phase/barrier layout: P0+C1 bf16-cache (line 814) → B0 (818); P1 token-tile fwd+bwd (840-868) → B1 (877); P2 dW-GEMM+biases+embed-scan+lnvec-reduce (882-945), optional B1b transpose barrier (913) → B2 sync_reset (953); P3 opt tail (1411-1502). Loss reduced in fp64 by CTA0 (941-945).",
        "rebase_state<Opt> (145-163) adds off to 11 per-ELEMENT state ptrs (exp_avg..sharpness, null-guarded); per-TENSOR phi weights (sg_phi_W1/b1/W2) and NeuralGrok psi are NOT rebased (158-161).",
        "Staged optimizer phases each if-constexpr-gated (byte-identical for non-selected opts): P2.4 SAM 2nd-backward for LookSAM/SG11/SG15/SG2 (958-1110, barriers B2.4a..B2.4g, writes sam_dir or sharpness=(g_sam-g)^2); P2.5 GrokAdamW/NeuralGrok grad-norm clip (1112-1167); P2.6 Prodigy d-estimate INLINE fixed-partition reduce (1169-1251); P2.7 Muon Newton-Schulz over kDecMuon2D (1268-1322); P3-SG2 full CSA/HCA/PEER/GRU meta-net with early return (1362-1408).",
        "DecTcSmem (355-409): alignas(16) sA/sB rings sized kDecRingStages=kDecRingStagesMax, red[256], spec[9]; pipe_bars[2*kDecRingStages] ONLY under PIPE==2 (390-408). SG_DEC_TC_DYNAMIC_SMEM = PIPE && (STAGES>2) (464-468) routes DecTcSmem to dynamic smem; static_assert(sizeof<=48KB) when gate OFF (479-484), static_assert(alignof==16) (490).",
        "Occupancy/hang-freedom gates in BOTH launchers: scalar launcher asserts+returns cudaErrorLaunchOutOfResources if occ<1 (317-321); tc launcher opts func into dynamic smem via cudaFuncSetAttribute then certifies occ>=1 against real sizeof(DecTcSmem) (1531-1545), and requires tok.B%16==0 else cudaErrorInvalidValue (1555); ncta_cap param caps launch CTAs (1547-1549).",
        "Baked levers confirmed in model_stage_decoder_tc.cuh: SG_TUNED_DEC_FWD_PIPE=1 (+1.49x, line 186), SG_TUNED_DEC_FWD_STAGES=4 (line 189), SG_TUNED_DEC_DW_STAGE=1 (line 145), SG_TUNED_TILE_N=128 (line 79). PIPE=1+STAGES=4 ⇒ SG_DEC_TC_DYNAMIC_SMEM=1, so production decoder runs the dynamic-smem deep-ring path.",
        "Workspace carve algebra (494-655): dec_tc_workspace_floats sums acts + per-CTA scratch/lnvec + loss + dW-partials + 4 staged-opt regions (gated by kDecStagedOptScratch, false at bench/adamw-only) + wbf cache + embed lists + dW-transpose + realign slack; kernel pointer chain (705-796) mirrors host carve order via the SAME gated helpers; SG2 per-CTA stride is a documented OOM-at-d=1024 deep limit (596-608)."
      ],
      "bugs": [],
      "dead_code": [
        "Legacy SCALAR fused_decoder_megakernel<Opt> + launch_fused_decoder_megakernel<Opt> (lines 183-335) are OFF the production wgmma path but PRESERVED by design as the fp32 fallback (SG_DEC_SCALAR_MEGAKERNEL default 1) — NOT dead.",
        "SG_TUNED_DEC_FWD_PIPE==2 producer/consumer mbarrier engine (DecTcSmem::pipe_bars, lines 390-408 + SG_DEC_PIPE_BARS_ARG 420-424) is the DESIGN-TOURNAMENT entry-b that LOST the gate (857 vs 618ms) but is kept as a #if-gated variant — preserved, not dead.",
        "opt_stages_precompute.cuh work-steal Prodigy/Muon helpers retained for the dormant mamba path (include comment lines 102-108); TC Prodigy uses the inline fixed-partition form instead — preserved.",
        "SG_DEC_PROFILE g_dec_prof_max[8] per-phase clock64 diagnostic (657-670 + scattered) is behind a flag, off the shipped path — preserved."
      ],
      "digest_path": "/workspace/phase0c/fused_decoder_megakernel.md"
    },
    {
      "name": "cs_dec_stage",
      "area": "model_stage_decoder_tc.cuh — L3-TC decoder wgmma GEMM engine + fwd/bwd tile stages + P2 dW/embed/LN-vec grads",
      "files_fully_read": [
        "/workspace/SuperGrok1.5/csrc/fused/sm_90/model_stage_decoder_tc.cuh"
      ],
      "top_findings": [
        "BAKED levers (all #ifndef defaults): SG_TUNED_DEC_FWD_PIPE=1 with comment 'gate verdict entry-a deeper cp.async ring (+1.49x); entry-b PIPE=2 LOST (857 vs 618ms)' (model_stage_decoder_tc.cuh:185-187); SG_TUNED_DEC_FWD_STAGES=4 'gated 11/11 x3 seeds @ 618ms/6.477%' (188-190); SG_TUNED_DEC_DW_STAGE=1 (144-146); SG_TUNED_DEC_DW_SPLITK=1 (101)",
        "DW_SPLITK tournament verdicts baked in comments (93-102): G=2 beat G=4 by -2.5%/3seeds @ d=2048/B=4096, G=8 was +2.6% SLOWER; SUPERSEDED 2026-06-16 to G=1 because DW_STAGE=1 single-CTA dW is 2.05x faster than G=2-scalar (920.7 vs 1889.8 ms, gate-green x3 seeds)",
        "FWD_PIPE is a 3-way compile-time SELECTOR not a scale (227-269): PIPE=0 byte-identical S=2 ring (988-1016), PIPE=1 deeper RS=2..4 ring (winner, engine 1017-1062), PIPE=2 producer/consumer mbarrier engine (loser, engine 860-987 gated by kDecFwdPipeEngine=(kDecFwdPipe==2) at :255)",
        "Muon 2D table kDecMuon2D[11] (__constant__, 362-376): tidx{0,1,2,4,10,12,14,16,22,24,28} = tok[99,128],pos[4,128],L0/L1 in_proj[384,128]/out_proj[128,128]/ff0[512,128]/ff2[128,512],out[99,128]; tok+pos ARE 2D so take NS path (vs ViT cls_token ndim==3->AdamW); dec_is_muon_2d() routes P3 (379-383)",
        "GEMM engine tc_gemm_block_unpipelined (687-1130): kRingAsync=(S>1)&&DecTileSrcIsGmem<A>&&<B> (784-785) gates ring at compile time; M-atom interleave kIL=min(MaxAtomsM,kDecMaxIL=2) (726), d=1024 B=16384 step 2084->1624ms +28% TF/s (716); ascending-k k=0 ScaleD=0 overwrite/k>0 ScaleD=1 accumulate (759-760)",
        "DW_STAGE=1 contiguous-transpose path: dectc_dw_transpose_operands pure bf16 copy dYt[m,k]=dY[k,m]+Xt[n,k]=X[k,n] (2088-2120), kDecDwTransposeActive=(kDecDwStage==1)&&(kDecDwSplitK==1) (1994); dectc_dw_run_tile feeds DecGmemTileSrcA/B over the transpose scratch to flip kRingAsync true (2194-2219), else run_scalar lambda gather fallback",
        "Split-K dW (2230-2366) uses FLOOR-balanced chunk bounds k0=floor(kc*KS/G),k1=floor((kc+1)*KS/G) summing to KS exactly for any KS>=G to avoid the determinism-blind empty-trailing-chunk garbage-slot bug (2287-2322); deterministic ascending-kc reduce no atomics; G==1 routes to single-CTA path",
        "DecTileScratch [kLayers]-indexes qkv/ff0pre/attn/n1n2 caches because fwd-all-layers-then-bwd-all-layers would otherwise read garbage for earlier layers (the 'forward exact layer-0 grads wrong, error compounds' bug, 1294-1300); dedicated non-aliased buffers avoid the scalar alias bug at model_stages_decoder.cuh:619-625 (1281-1286)"
      ],
      "bugs": [],
      "dead_code": [],
      "digest_path": "/workspace/phase0c/model_stage_decoder_tc.md"
    },
    {
      "name": "cs_vit",
      "area": "vit kernels (csrc/fused/sm_90: fused_vit_megakernel.cuh, model_stage_vit.cuh, vit_layout.cuh)",
      "files_fully_read": [
        "/workspace/SuperGrok1.5/csrc/fused/sm_90/vit_layout.cuh",
        "/workspace/SuperGrok1.5/csrc/fused/sm_90/fused_vit_megakernel.cuh",
        "/workspace/SuperGrok1.5/csrc/fused/sm_90/model_stage_vit.cuh"
      ],
      "top_findings": [
        "Production path = TC megakernel fused_vit_megakernel_tc/launch_fused_vit_megakernel_tc (fused_vit_megakernel.cuh:500-1181); scalar fused_vit_megakernel (lines 182-346, gated SG_VIT_SCALAR_MEGAKERNEL default-ON) is the fp32 oracle/baseline twin, both PRESERVED.",
        "Baked +4.02x ViT lever is live: SG_TUNED_VIT_P1_SUBTILE_S default=8 (model_stage_vit_tc.cuh:169); drives kVitP1SubtileRows in P1 token-tile loop (fused_vit_megakernel.cuh:588-613) so idle CTAs (116/132 at B1024) absorb P1 work and the B1 spin collapses; S=64 is byte-identical to the whole-1088-tile schedule.",
        "vit_layout.cuh has two mutually-exclusive layouts under one guard: PRODUCTION d=128 (kVitTotalElems=418017, lines 169-292) and BENCH d=2048 HEADS=32 (kVitTotalElems=101058657, lines 49-168, adamw-only). Count/total/offset drift fails the BUILD via constexpr static_asserts (sum_sizes/offsets_consistent, lines 102-127/222-247).",
        "Scalar path uses DYNAMIC smem VitSampleSmem=188080 B (vit_layout.cuh:281), launcher MUST do all 3 of cudaFuncSetAttribute+occupancy+<<<>>> with sizeof(VitSampleSmem) or launch silently fails (fused_vit_megakernel.cuh:291-346). TC path uses STATIC VitTcSmem ~7KB, 0 dynamic (lines 376-381).",
        "Per-optimizer staged phases between B2 and P3, all if-constexpr'd (byte-identical for other opts): P2.4 LookSAM/SG11/SG15/SG2 SAM 2nd-backward (670-806), P2.5 GrokAdamW/NeuralGrok grad-clip (808-856), P2.6 Prodigy d-estimate FIXED-PARTITION reduce (858-920), P2.7 Muon NS orthogonalization (922-990), P3-SG2 full CSA/HCA/PEER/GRU meta-net replacing P3 (1006-1054).",
        "Determinism (HARD gate) is A/A/A by construction: all cross-CTA reductions use fixed contiguous per-CTA ranges + ascending owner-sum + NO float atomics; loss is fp64 ordered by CTA0 (fused_vit_megakernel.cuh:243-269,705-739,824-855,874-918). Prodigy deliberately uses fixed-partition over work-steal to satisfy the deterministic-reduction contract (874-888).",
        "model_stage_vit.cuh implements FULL bidirectional attention (NO causal mask, lines 358/821/850), exact-erf GELU (102-111), POST-LN, CLS-token-only head, transcribed line-for-line from tests/hw/vit_oracle.py (fp64 ~1e-15 parity asserted). Backward recomputes each layer from cached layer_in (504-542) to keep one layer live in smem.",
        "TC launcher enforces B%16==0 -> cudaErrorInvalidValue (fused_vit_megakernel.cuh:1171) because the dW K-loop contracts K=T=B*kSeq and K=B in 16-step wgmma atoms."
      ],
      "bugs": [
        "RISK (not live): Muon NS scratch literals kVitMuonMaxNumel=65536/kVitMuonMaxRows=512 are HAND-DERIVED in fused_vit_megakernel.cuh:434-435 while the kVitMuon2D table lives in model_stage_vit_tc.cuh:191-203; verified currently sufficient for all 11 2D weights (max rows=512, max numel=65536, muon_A=512^2 covers in_proj 384^2 and out.weight 97^2), but there is NO static_assert tying the two — adding a wider 2D weight to the table would silently undersize the scratch."
      ],
      "dead_code": [],
      "digest_path": "/workspace/phase0c/vit_kernels.md"
    },
    {
      "name": "cs_vit_stage",
      "area": "model_stage_vit_tc.cuh (ViT TC stages + SG_TUNED_VIT_P1_SUBTILE_S=8 lever + NEEDS-PARITY classification)",
      "files_fully_read": [
        "/workspace/SuperGrok1.5/csrc/fused/sm_90/model_stage_vit_tc.cuh"
      ],
      "top_findings": [
        "THE #1 ViT LEVER: SG_TUNED_VIT_P1_SUBTILE_S BAKED 64->8 on 2026-06-17 (model_stage_vit_tc.cuh:163-170) = 4.02x at d=2048/B=1024, B1_barrier 51.2%->41.9%, U-curve inflects at S=8 (S=4 ticks +1.2%); parity-clean 11/11 ViT cells x 3 seeds {42,7,123}, A/A/A held",
        "Lever mechanism (:125-148): kTileM locked at LCM(17,64)=1088 (:221-227) -> at B=1024 only n_tiles=16, so 116/132 CTAs spin at B1 the whole fwd+bwd (tile-count-vs-SM quantization). The knob grid-strides over kVitP1SubtileRows=kSeq*S=136 rows (:236-237), n_tiles grows ~64/S x; OFF (S=64) is BYTE-IDENTICAL (m_real guard #if'd out)",
        "NEEDS-PARITY classification block (:150-162): OFF=byte-identical; ON dW/biases/cls/pos grads BYTE-IDENTICAL (P2 reads acts by global row, ascending-k, whole-sample invariant); 10 LN-affine gamma/beta + loss are VALID fp32 reassociations under the 1e-4 reorder tol; A/A/A holds because S is a fixed deterministic partition",
        "FOUR ViT deltas vs decoder TC twin (:21-32): (1) FULL bidirectional attention no causal mask, (2) patch_proj Linear(49->128) K=49 padded to 64 replaces token embed, (3) CLS pos-0 head (rcls=si*kSeq), (4) kTileM multiple of LCM(17,64)=1088. Verified in vittc_attn_fwd/bwd_tile loops (:769-811, :1026-1099) and forward/backward_tile (:830-1020, :1109-1256)",
        "m_real pad-row guard (:373-555) gated entirely on SG_TUNED_VIT_P1_SUBTILE_S<64: srcA pad reads return 0, out gated row<m_real; when OFF the param+guard sites VANISH from source. dW/patch callers call engine directly with m_real=0x7fffffff no-op (:543-549)",
        "wgmma engine tc_gemm_block_unpipelined (:402-504): M-atom INTERLEAVE task #24 H1 port, kIL=min(MaxAtomsM,kVitMaxIL=2), kIL wgmmas/k-step into independent acc[kIL] fragments sharing ONE staged B-tile; ascending-k (k=0 ScaleD=0, k>0 ScaleD=1) so numerics bit-identical + A/A/A unchanged; kIL capped at 2 to stay register-resident (fixes prior C7515 17-wide spill, :417-422)",
        "P2 dW split-K (:1403-1576): FLOOR-BALANCED atom partition k0=floor(kc*KS/G) (:1498-1499) sums to KS for ANY KS>=G (avoids CEIL trailing-empty-chunk garbage bug, :1471-1478); empty chunk zeroed (:1503-1511); deterministic ascending-kc reduce, no float atomics -> parity + A/A/A. G==1 -> byte-identical no-scratch path",
        "Production constants (vit_layout.cuh:172-179 non-bench): D=128 HEADS=4 LAYERS=2 DFF=512 SEQ=17 VOCAB=97 NPATCH=16 PATCH=49. The lever's d=2048/HEADS=32 perf numbers are from the SG_VIT_BENCH_LAYOUT=1 tree (vit_layout.cuh:49-69), NOT production -- both PRESERVED. P1 driver loop confirmed at fused_vit_megakernel.cuh:588-613"
      ],
      "bugs": [
        "NOT a correctness bug but a smell: vittc_dw_biases warp-ownership is documented 'approximate' (model_stage_vit_tc.cuh:1607-1617, 'approximate with o itself for balance'). Verified each bias element is written by exactly one warp on one CTA (gcol%nCTA==cta AND o%nwarps==warp) -> no double/missed write; the 'approximate' refers only to warp load-BALANCE, not correctness",
        "Unresolved process TODO baked into the #define: 'Final confirm-build on return' (model_stage_vit_tc.cuh:168) -- the S=8 baked verdict still owes a final confirm-build per its own comment"
      ],
      "dead_code": [],
      "digest_path": "/workspace/phase0c/model_stage_vit_tc.md"
    },
    {
      "name": "cs_mamba",
      "area": "mamba kernels (Mamba-3 selective-scan L3-TC megakernel, sm_90)",
      "files_fully_read": [
        "/workspace/SuperGrok1.5/csrc/fused/sm_90/fused_mamba_megakernel.cuh",
        "/workspace/SuperGrok1.5/csrc/fused/sm_90/model_stage_mamba3.cuh",
        "/workspace/SuperGrok1.5/csrc/fused/sm_90/model_stage_mamba_tc.cuh",
        "/workspace/SuperGrok1.5/csrc/fused/sm_90/mamba3_layout.cuh"
      ],
      "top_findings": [
        "WHY scalar: the Mamba-3 mixer is SCAN-DOMINATED (the 7 projections are a tiny share of wall), so the production wgmma kernel fused_mamba_megakernel_tc runs the VALIDATED scalar per-sample fwd/bwd, NOT wgmma tile dW (model_stage_mamba_tc.cuh:6-13; fused_mamba_megakernel.cuh:533-541)",
        "The seq=8 register exploit: complex scan state h[Nc][2]+v_{t-1} held in per-thread REGISTERS (one thread = one SSM channel j, head h=j/head_dim), t-loop rolled 0..7; bwd recomputes fwd keeping hh[kSeq+1]+vh[kSeq] in regs, NO checkpoint (model_stage_mamba3.cuh:521-568, 596-770)",
        "c-loop deliberately NOT unrolled: per-coord arrays are runtime-indexed local mem; full unroll forces >255 regs and breaks carried state (the 't=0 right, t>0 wrong' bug) (model_stage_mamba3.cuh:527-531)",
        "smem cap: MambaSampleSmem is DYNAMIC (extern), kMambaSmemBytes=215844 B=210.79 KB at d=128 (53961 floats); HARD cap is static_assert kMambaSmemBytes<=228*1024 (mamba3_layout.cuh:270-278); red kept at 64 slots because 256-slot pushed sizeof ~0.5KB over (model_stage_mamba3.cuh:197-201)",
        "Launcher 3-step dynamic-smem opt-in (all mandatory): cudaFuncSetAttribute(MaxDynamicSharedMemorySize) + dyn_smem in occ query + dyn_smem at <<<>>>; occ<1 REFUSES rather than hangs GridBarrier (fused_mamba_megakernel.cuh:304-352, 1235-1276)",
        "5-phase/3-barrier batch-parallel design: P0 zero, B0, P1 fixed batch-slice CTA-cooperative fwd+bwd into per-CTA FULL-grad partial (no atomics), B1, P2 ascending-CTA reduce + fp64 ordered loss, B2 sync_reset, P3 apply_optimizer<Opt> (fused_mamba_megakernel.cuh:20-37, 526-1203)",
        "NO warp-group register repartition (unlike decoder/vit): all 256 threads do SYMMETRIC scan work with large register-resident state, uniform __launch_bounds__ (fused_mamba_megakernel.cuh:68-71, 210-218)",
        "occ=1 is load-bearing for determinism: SG_MBTC_MIN_BLOCKS_PER_SM=1 default; occ=2 is 1.14x faster but A/A/A-unsafe (max|Δ|=2.3e-10) due to a P1-partial->P2-reduce GridBarrier visibility race; fix lives in megakernel_common.cuh (fused_mamba_megakernel.cuh:370-388)"
      ],
      "bugs": [
        "Internal contradiction on mamba SAM dormancy: fused_mamba_megakernel.cuh:708-711 claims commit 0b57f7e FIXED the spill race and 'un-dormanted the mamba SAM 2nd-pass (looksam/mamba A/A/A bit-exact)', but the same P2.4 block header (668-676) and the dispatch carve-out language declare mamba×looksam LANDED-DORMANT/dispatch-gated to eager on the shared scan race — both cannot be current; verify against dispatch.cpp mb_looksam carve-out"
      ],
      "dead_code": [],
      "digest_path": "/workspace/phase0c/mamba_kernels.md"
    },
    {
      "name": "cs_opt_comp",
      "area": "cs_opt_comp",
      "files_fully_read": [],
      "top_findings": [],
      "bugs": [],
      "dead_code": [
        "AGENT NULL"
      ],
      "digest_path": ""
    },
    {
      "name": "cs_sg2",
      "area": "cs_sg2",
      "files_fully_read": [],
      "top_findings": [],
      "bugs": [],
      "dead_code": [
        "AGENT NULL"
      ],
      "digest_path": ""
    },
    {
      "name": "cs_dec_misc",
      "area": "cs_dec_misc",
      "files_fully_read": [],
      "top_findings": [],
      "bugs": [],
      "dead_code": [
        "AGENT NULL"
      ],
      "digest_path": ""
    },
    {
      "name": "cs_cells",
      "area": "cs_cells",
      "files_fully_read": [],
      "top_findings": [],
      "bugs": [],
      "dead_code": [
        "AGENT NULL"
      ],
      "digest_path": ""
    },
    {
      "name": "cs_wgmma",
      "area": "wgmma+mma substrate (csrc/backends/cuda/sm_90/{wgmma.cuh, mma.cuh})",
      "files_fully_read": [
        "/workspace/SuperGrok1.5/csrc/backends/cuda/sm_90/wgmma.cuh",
        "/workspace/SuperGrok1.5/csrc/backends/cuda/sm_90/mma.cuh",
        "/workspace/SuperGrok1.5/csrc/backends/cuda/sm_90/wgmma_selftest.cu"
      ],
      "top_findings": [
        "wgmma.cuh IS the production L3-TC substrate: included by model_stage_decoder_tc.cuh:60, model_stage_vit_tc.cuh:75, model_stage_mamba_tc.cuh:30, tile_pipeline.cuh:74, wgmma_selftest.cu:31; its symbols are baked into all three _dectc_codegen/*/mega_decoder_real_adamw_tc.compute_90a.cudafe1.cpp (43 wgmma refs in baseline).",
        "mma.cuh (CUTLASS Sm90 collective, where TMA/UTMALDG lives via op.initialize) is NOT included by any production code: zero non-third_party includers of sm_90/mma.cuh; only the closing-brace mma.cuh:871 references namespace sm90::mma; muon.h:9 mentions it in a comment only. By design (mma.cuh:14-18, host-launched, not device-callable, rejected for the megakernel).",
        "Production _dectc_codegen bake contains NO GemmUniversalAdapter/sm90_run_gemm/make_tma_copy/cp.async.bulk.tensor; the only 2 cuTensorMapEncode hits are CUDA driver header forward-decls (cuTensorMapEncodeTiled/Im2col), confirming the CUTLASS TMA path is unexercised by the megakernel.",
        "Descriptor bit-packing make_smem_desc (wgmma.cuh:219-241) verified: addr bits13:0, lbo>>4 bits29:16, sbo>>4 bits45:32, base_offset bits51:49, swizzle bits63:62 — NO field overlap; canonical builders make_desc_*_kmajor (wgmma.cuh:274-288) set lbo=MN*16, sbo=128 bytes matching cute Major::K.",
        "SwizzleMode enum (wgmma.cuh:167-172) = CUTLASS LayoutType (NONE=0/128B=1/64B=2/32B=3, non-size-ascending, earlier draft had 32B/128B swapped); correctness path ships kSwizzleNone (wgmma.cuh:157-165) and all production callers + selftest confirm kSwizzleNone.",
        "ss-wgmma issues wgmma_issue_n{8,16,32,64,96,128} (wgmma.cuh:442-561) hard-fix scaleA=scaleB=1 (literal '1, 1' in every asm); operand %-numbering verified correct for all six shapes; mainloop_kchain (wgmma.cuh:617-644) issues fixed-ascending k-order, k=0 ScaleD=0 overwrite then ScaleD=1 accumulate, fence/commit/wait_group<0> — bitwise-deterministic per DESIGN 3.1.",
        "mma.cuh shape-keyed operator cache (lines 156-367) keys on {M,N,K,A,B,C} because TMA tensor map encodes the global base address (lines 105-117 = load-bearing address-stability safety invariant); thread_local 16-slot direct-mapped, entry-owned workspace, mutex intentionally dropped. TF32 path flagged NOT bit-identical to scalar FP32 (lines 776-780).",
        "Fragment decode wgmma_frag_decode (wgmma.cuh:343-364): slab=i>>2, row=16*warp+(lane>>2)+8*(within>>1), col=(lane&3)*2+(within&1)+8*slab; single source of truth shared by epilogue store and gate reference (wgmma_selftest.cu:116-119)."
      ],
      "bugs": [
        "STALE/MISLEADING comment wgmma.cuh:416-421 claims 'canonical setting is TransA=0, TransB=1 ... B read transposed' but EVERY production caller and the selftest pass TransA=0,TransB=0 with both operands Major-K INTERLEAVE (tile_pipeline.cuh:335-339, model_stage_decoder_tc.cuh:759-760, model_stage_vit_tc.cuh:470-472, wgmma_selftest.cu:111). Not a code bug (function is parametric, prod passes 0,0) but doc could misdirect a future caller.",
        "Doc/impl drift wgmma.cuh:326-342 (frag-decode prose) sketches a 'group_of_8=i/8' factoring with an unfinished '+ ...' that does not match the implemented slab=i>>2 form at wgmma.cuh:343-364. Implemented form is authoritative/gate-validated; comment is incomplete (cosmetic).",
        "Latent: make_smem_desc addr field (wgmma.cuh:226,231) is (byte&0x3FFFF)>>4 OR'd at bit0 with no explicit &0x3FFF mask; safe for H100 (max 14528 < 0x3FFF for 227KB smem, verified) but would collide into reserved bits 14:15 if a future arch had >256KB smem-per-block. Not currently a bug."
      ],
      "dead_code": [
        "mma.cuh sm90_get_workspace (lines 68-81) is defined but unused by the only present code paths (the cache uses entry-OWNED workspaces, lines 274-282, and the 1x1x1 kGemm path reports workspace size 0 per lines 119-127). Within-file unused helper. NOTE: mma.cuh as a whole is unwired into the megakernel BY DESIGN (host-launched CUTLASS for Muon/SG2 behind -DWITH_CUTLASS, mma.cuh:13-18) — NOT classified as dead code, only its TMA/UTMALDG path is unexercised by the production L3-TC path."
      ],
      "digest_path": "/workspace/phase0c/wgmma_mma_substrate.md"
    },
    {
      "name": "cs_pipe",
      "area": "cs_pipe",
      "files_fully_read": [],
      "top_findings": [],
      "bugs": [],
      "dead_code": [
        "AGENT NULL"
      ],
      "digest_path": ""
    },
    {
      "name": "cs_common",
      "area": "cs_common",
      "files_fully_read": [],
      "top_findings": [],
      "bugs": [],
      "dead_code": [
        "AGENT NULL"
      ],
      "digest_path": ""
    },
    {
      "name": "cs_algos",
      "area": "cs_algos",
      "files_fully_read": [],
      "top_findings": [],
      "bugs": [],
      "dead_code": [
        "AGENT NULL"
      ],
      "digest_path": ""
    },
    {
      "name": "cs_bindings",
      "area": "cs_bindings",
      "files_fully_read": [],
      "top_findings": [],
      "bugs": [],
      "dead_code": [
        "AGENT NULL"
      ],
      "digest_path": ""
    },
    {
      "name": "cs_inc",
      "area": "cs_inc",
      "files_fully_read": [],
      "top_findings": [],
      "bugs": [],
      "dead_code": [
        "AGENT NULL"
      ],
      "digest_path": ""
    },
    {
      "name": "cs_hip",
      "area": "cs_hip",
      "files_fully_read": [],
      "top_findings": [],
      "bugs": [],
      "dead_code": [
        "AGENT NULL"
      ],
      "digest_path": ""
    },
    {
      "name": "cs_fused_gfx",
      "area": "cs_fused_gfx",
      "files_fully_read": [],
      "top_findings": [],
      "bugs": [],
      "dead_code": [
        "AGENT NULL"
      ],
      "digest_path": ""
    },
    {
      "name": "cs_pallas",
      "area": "cs_pallas",
      "files_fully_read": [],
      "top_findings": [],
      "bugs": [],
      "dead_code": [
        "AGENT NULL"
      ],
      "digest_path": ""
    },
    {
      "name": "t_gate",
      "area": "t_gate",
      "files_fully_read": [],
      "top_findings": [],
      "bugs": [],
      "dead_code": [
        "AGENT NULL"
      ],
      "digest_path": ""
    },
    {
      "name": "t_oracles",
      "area": "t_oracles",
      "files_fully_read": [],
      "top_findings": [],
      "bugs": [],
      "dead_code": [
        "AGENT NULL"
      ],
      "digest_path": ""
    },
    {
      "name": "t_tc",
      "area": "t_tc",
      "files_fully_read": [],
      "top_findings": [],
      "bugs": [],
      "dead_code": [
        "AGENT NULL"
      ],
      "digest_path": ""
    },
    {
      "name": "t_rest",
      "area": "t_rest",
      "files_fully_read": [],
      "top_findings": [],
      "bugs": [],
      "dead_code": [
        "AGENT NULL"
      ],
      "digest_path": ""
    },
    {
      "name": "t_nonhw",
      "area": "t_nonhw",
      "files_fully_read": [],
      "top_findings": [],
      "bugs": [],
      "dead_code": [
        "AGENT NULL"
      ],
      "digest_path": ""
    },
    {
      "name": "root_race",
      "area": "root_race",
      "files_fully_read": [],
      "top_findings": [],
      "bugs": [],
      "dead_code": [
        "AGENT NULL"
      ],
      "digest_path": ""
    },
    {
      "name": "root_build",
      "area": "root_build",
      "files_fully_read": [],
      "top_findings": [],
      "bugs": [],
      "dead_code": [
        "AGENT NULL"
      ],
      "digest_path": ""
    },
    {
      "name": "doc_hwval",
      "area": "doc_hwval",
      "files_fully_read": [],
      "top_findings": [],
      "bugs": [],
      "dead_code": [
        "AGENT NULL"
      ],
      "digest_path": ""
    },
    {
      "name": "doc_plan1",
      "area": "doc_plan1",
      "files_fully_read": [],
      "top_findings": [],
      "bugs": [],
      "dead_code": [
        "AGENT NULL"
      ],
      "digest_path": ""
    },
    {
      "name": "doc_plan2",
      "area": "doc_plan2",
      "files_fully_read": [],
      "top_findings": [],
      "bugs": [],
      "dead_code": [
        "AGENT NULL"
      ],
      "digest_path": ""
    },
    {
      "name": "doc_arch",
      "area": "doc_arch",
      "files_fully_read": [],
      "top_findings": [],
      "bugs": [],
      "dead_code": [
        "AGENT NULL"
      ],
      "digest_path": ""
    },
    {
      "name": "doc_misc",
      "area": "doc_misc",
      "files_fully_read": [],
      "top_findings": [],
      "bugs": [],
      "dead_code": [
        "AGENT NULL"
      ],
      "digest_path": ""
    },
    {
      "name": "tune_a",
      "area": "tune_a",
      "files_fully_read": [],
      "top_findings": [],
      "bugs": [],
      "dead_code": [
        "AGENT NULL"
      ],
      "digest_path": ""
    },
    {
      "name": "tune_b",
      "area": "tune_b",
      "files_fully_read": [],
      "top_findings": [],
      "bugs": [],
      "dead_code": [
        "AGENT NULL"
      ],
      "digest_path": ""
    },
    {
      "name": "scripts_all",
      "area": "scripts_all",
      "files_fully_read": [],
      "top_findings": [],
      "bugs": [],
      "dead_code": [
        "AGENT NULL"
      ],
      "digest_path": ""
    },
    {
      "name": "perf_dir",
      "area": "perf_dir",
      "files_fully_read": [],
      "top_findings": [],
      "bugs": [],
      "dead_code": [
        "AGENT NULL"
      ],
      "digest_path": ""
    },
    {
      "name": "regpressure",
      "area": "regpressure",
      "files_fully_read": [],
      "top_findings": [],
      "bugs": [],
      "dead_code": [
        "AGENT NULL"
      ],
      "digest_path": ""
    },
    {
      "name": "results_chr",
      "area": "results_chr",
      "files_fully_read": [],
      "top_findings": [],
      "bugs": [],
      "dead_code": [
        "AGENT NULL"
      ],
      "digest_path": ""
    },
    {
      "name": "art_so",
      "area": "Prebuilt .so disassembly (cuobjdump static: GMMA/UTMALDG/LDGSTS, resource usage, tune11 hash diff)",
      "files_fully_read": [
        "/workspace/SuperGrok1.5/tune11_out/grokking_compiled_adamw_decoder_sm_90a/build.ninja",
        "/workspace/SuperGrok1.5/tune11_out/grokking_compiled_adamw_decoder_sm_90a_2944e03f7cd60f3e/build.ninja",
        "/workspace/SuperGrok1.5/tune11_out/trials_adamw_decoder_sm_90a.jsonl",
        "/workspace/SuperGrok1.5/tune11_out/.compile_cache.json",
        "/workspace/SuperGrok1.5/.task11_perf_authoritative.log",
        "/workspace/SuperGrok1.5/task11_bench_build/A_sk4/build.ninja",
        "/workspace/SuperGrok1.5/task11_bench_build/B_sk4/build.ninja",
        "/workspace/SuperGrok1.5/task11_bench_build/C_sk2/build.ninja"
      ],
      "top_findings": [
        "All 9 .so are sm_90a persistent megakernels (sg::fused::sm90::fused_{decoder,mamba,vit}_megakernel_tc<OptId> + sg2_meta_optimizer_megakernel); GMMA==HGMMA only, two shapes: HGMMA.64x128x16.F32.BF16 (BF16->F32 main wgmma) + HGMMA.64x8x16.F16. Per file (HGMMA/LDGSTS): gopt _ops 1415/412, nvcc_fastmath 1340/352, task11 A/B/C all 45/32, tune_base 1822/352, tune_2944 2542/0, tune_7a88 3078/352, tune_aba7 2770/0.",
        "ZERO UTMALDG (TMA) in all 9 binaries despite -DCUDA_TMA_ENABLED=1; staging is cp.async (LDGSTS) or direct. SG_TUNED_TMA=0 in every hashed config.",
        "Shipped grokking_optimizers/_ops.so per-model: decoder 590 HGMMA + 412 LDGSTS, vit 825 HGMMA/0 LDGSTS, mamba 0 HGMMA/0 LDGSTS (mamba NOT tensor-core in shipped build), sg2_meta 0; production _ops (#1) and tune_base (#6) are DIFFERENT cubins (HGMMA 1415 vs 1822, decoder SHARED 26384 vs 44212) — shipped uses baked levers, tune_base has no SG_TUNED.",
        "The 4 tune11 hashes: BASE has NO SG_TUNED defines (=primary_artifact, tuned_config:null); 2944=Optuna trial3 (block832/unroll128/maxrreg176/cluster1,1,4/tileN64/async4/stages1, 15.13ms), 7a88=trial5 (block896/maxrreg128/cluster2,1,1/tileN128/stages2, 17.84ms), aba7=trial7 (block352/unroll8/maxrreg116/cluster4,2,1/splitK4, 14.71ms best) — full lever matrix in digest.",
        "ALL 3 hashed tune candidates FAILED parity gate: trials 3/5/7 numerical_status=numerical_fail; compile cache keeps tuned_config:null + BASE as primary -> none promotable to production (HARD gate held). tune11_out/.compile_cache.json variant_artifacts maps config_key->hash dir (block352/maxrreg116->aba7, block896/maxrreg128->7a88, block832/maxrreg176->2944).",
        "Observable lever->SASS effects: SG_TUNED_TILE_N=64 (2944) -> main wgmma HGMMA.64x64x16 (vs 64x128x16 in base/aba7); maxrregcount honored ONLY for 2944 (REG:175), infeasible/raised to 255 for 7a88(cap128)/aba7(cap116); SHARED budget tracks levers 2944~34KB<aba7~40KB<base~44KB<7a88~48KB; LDGSTS present(352) base/7a88 vs elided(0) 2944/aba7.",
        "task11 A_sk4/B_sk4/C_sk2 all from mega_decoder_real_adamw_tc.cu, SG_DEC_SCALAR_MEGAKERNEL=0 (persistent, not scalar), OptId0 only, identical 45 HGMMA/32 LDGSTS. A=vanilla nvcc, B=compile.py augmented flags (same defines as A, +0.43% noise), C=B with DEC_DW_SPLITK=2 vs 4 (autotuner pick, -2.09% vs B at 492ms/20.1TF/s). B vs C cubins NOT byte-identical (split-K changes DW reduction loop, not GEMM count).",
        "task11 perf (.task11_perf_authoritative.log) ~500ms / ~2% roofline = slow nvcc/bench baselines, NOT production persistent-megakernel throughput. All decoder kernels REG:255 (launch-bound), LOCAL:0 (no local spills), STACK is launch-bounds frame. cub::EmptyKernel present in every cubin (CUB device-scan dep)."
      ],
      "bugs": [
        "Mamba codegen divergence: shipped grokking_optimizers/_ops.so mamba megakernel emits 0 HGMMA, but all tune11 builds emit 482-872 HGMMA for mamba (tune11_out/.../mega_mamba_real_adamw_tc_launcher.cu) — the baked-lever production path gates the mamba GEMM off tensor cores while tune dirs route it through wgmma; confirm which is intended (not a crash, a real shipped-vs-tune divergence of 'the same' kernel).",
        "7a882d5329a20564 (maxrregcount=128) and aba71f216d321649 (maxrregcount=116) register caps are infeasible: ptxas silently emits REG:255 ignoring the cap (build.ninja line 7 --maxrregcount); the autotuner recorded these as numerical_fail (trials_adamw_decoder_sm_90a.jsonl trial 5/7), so the cap never took effect."
      ],
      "dead_code": [
        "tune11_out hash dirs 3d83340fab18e073, 7dd98c70236ad5a5, 8dcae778c7f46c47, a1605b91086dffd1, e2b6df1b5f4a3bc7, f1ee3a813228f541 contain NO built decoder/mamba/vit .cuda.o (only bindings.o/dispatch.o/sg2_meta_tail.o, ~38MB) — stub/failed-build candidate dirs with no .so artifact (not the 4 assigned; not a code path).",
        "The 3 hashed tune11 .so (2944/7a88/aba7) are retained-but-rejected autotune candidates (all numerical_fail per trials jsonl); they are NOT wired into production (compile cache tuned_config:null, primary_artifact=BASE) but are preserved tuning artifacts, not dead source."
      ],
      "digest_path": "/workspace/phase0c/prebuilt_so_disasm.md"
    },
    {
      "name": "art_dectc",
      "area": "_dectc_codegen variants (L3-TC decoder megakernel deep-ring smem codegen harness)",
      "files_fully_read": [
        "/workspace/SuperGrok1.5/_dectc_codegen/grid.cpp",
        "/workspace/SuperGrok1.5/_dectc_codegen/sizeprobe.cpp",
        "/workspace/SuperGrok1.5/_dectc_codegen/sizeprobe_dev/probe.cu",
        "/workspace/SuperGrok1.5/_dectc_codegen/baseline/err.log",
        "/workspace/SuperGrok1.5/_dectc_codegen/deep_s3/err.log",
        "/workspace/SuperGrok1.5/_dectc_codegen/deep_s3_ptx/err.log",
        "/workspace/SuperGrok1.5/_dectc_codegen/deep_s4/err.log",
        "/workspace/SuperGrok1.5/_dectc_codegen/postedit_default/err.log",
        "/workspace/SuperGrok1.5/_dectc_codegen/sizeprobe_dev/e.log",
        "/workspace/SuperGrok1.5/csrc/fused/sm_90/fused_decoder_megakernel.cuh (lines 355-492, 680-691, 1515-1569)"
      ],
      "top_findings": [
        "All 5 variants share ONE kernel sg::fused::sm90::fused_decoder_megakernel_tc<OptId=0>; HGMMA=50, wgmma.arrive=50, LDGSTS=36, DEPBAR=86, REG=255, STACK=800 are IDENTICAL across baseline/deep_s3/deep_s3_ptx/deep_s4/postedit — the upgrades change NONE of the tensor-core program, only smem placement + ring depth (cuobjdump -sass/-res-usage on extracted cubins).",
        "baseline.cubin md5==postedit.cubin md5 (67922b84, 306936B) AND address-stripped SASS diff is EMPTY AND PTX md5s match (7ee1d75f/d3fecaa2) -> postedit_default is a strict NO-OP vs baseline (identity post-edit / control).",
        "deep_s3.cubin md5==deep_s3_ptx.cubin md5 (1c979e89, 312376B) AND address-stripped SASS diff EMPTY -> the nvcc-compiled deep-ring path and the hand-PTX-edited path converge to byte-identical machine code (PTX-edit toolchain is faithful).",
        "The deep upgrade = static->dynamic smem: baseline PTX has demoted '.shared .align 16 ...E2sm[18064]' (baseline ptx:75); deep_s3_ptx replaces it with '.extern .shared .align 16 .b8 _ZN2sg5fused4sm9013sg_dectc_poolE[]' (deep_s3_ptx ptx:43) matching header fused_decoder_megakernel.cuh:688-689; static SHARED drops 44436->26384 (the 18064B DecTcSmem moved to DYNAMIC smem).",
        "Every baseline 'E2sm+X' smem ref becomes 'sg_dectc_pool+(X+8192)' in deep_s3_ptx (16384->24576, 17408->25600, ...): exact +8192B pool-base shift, 1:1 across all 36+ offsets; rest of the 14.5k-line PTX diff is pure register renumbering induced by this single structural change.",
        "Deep path measurably reduces synchronization: BAR.SYNC 143->134 (-9) and FENCE 18->9 (-9) on deep_s3/deep_s3_ptx/deep_s4 — the single-arena dynamic pool removes redundant cross-region fences/barriers the static multi-array layout needed (cuobjdump -sass counts).",
        "deep_s4 = deep_s3 + ONE extra ring stage (S=4 vs S=3): max smem offset 0x6650->0x8650 (+0x2000=+8192B = 1 ring slot sA4KB+sB4KB at TILE_N=128/IL=2); ring-index arithmetic flips from 30x 'IMAD ...0x3' (mul-by-3, depth 3 non-pow2) to 3x (depth-4 uses cheap &3 mask), so deep_s4 has FEWER instrs (18240 vs 18480) despite deeper ring.",
        "Verified probe binaries on CPU: ./sizeprobe gives sizeof(DecTcSmem)=18064(S2)/26256(S3)/34448(S4) at TILE_M=128 (18064 exactly matches baseline E2sm[18064]); probe.cu static_asserts sizeof==50832 at TILE_M=256/IL=4/S=4 (the only >48KB legal config the gate routes to dynamic); ./grid confirms only TILE_N=256 IL>=2 S=4 (49.64KB) busts the 48KB static cap. Gate = SG_DEC_TC_DYNAMIC_SMEM = PIPE && (STAGES>2) at fused_decoder_megakernel.cuh:464."
      ],
      "bugs": [],
      "dead_code": [
        "postedit_default/* is byte-identical to baseline/* (same cubin md5 67922b84 and same PTX md5s) — it carries ZERO codegen delta; it is an intentional identity/no-op control of the post-edit pipeline, NOT removable dead code, but note it adds no information beyond confirming the default post-edit is a no-op (/workspace/SuperGrok1.5/_dectc_codegen/postedit_default/)"
      ],
      "digest_path": "/workspace/phase0c/dectc_codegen_variants.md"
    },
    {
      "name": "art_build",
      "area": "build/** (pgo_instrument cells) + tune11_out/ (autotuner: report.json, trials.jsonl, optuna db, variant .so/.npy)",
      "files_fully_read": [
        "/workspace/SuperGrok1.5/build/compiled/compile_adamw_decoder_sm_90.txt",
        "/workspace/SuperGrok1.5/build/compiled/compile_lion_decoder_sm_90.txt",
        "/workspace/SuperGrok1.5/build/compiled/compile_supergrok15_vit_sm_90.txt",
        "/workspace/SuperGrok1.5/build/compiled/grokking_compiled_adamw_decoder_sm_90_pgo_instrument/build.ninja",
        "/workspace/SuperGrok1.5/build/compiled/grokking_compiled_lion_decoder_sm_90_pgo_instrument/build.ninja",
        "/workspace/SuperGrok1.5/build/compiled/.compile_cache.json",
        "/workspace/SuperGrok1.5/tune11_out/.compile_cache.json",
        "/workspace/SuperGrok1.5/tune11_out/trials_adamw_decoder_sm_90a.jsonl",
        "/workspace/SuperGrok1.5/tune11_out/optuna_adamw_decoder_sm_90a.db",
        "/workspace/SuperGrok1.5/tune11_out/report.json (2768 lines, sampled+grepped to EOF)",
        "/workspace/SuperGrok1.5/tune11_out/ref_hook_adamw_decoder_normal_s0.npy",
        "/workspace/SuperGrok1.5/tune11_out/variants/cand_2944e03f7cd60f3e.npy",
        "/workspace/SuperGrok1.5/tune11_out/variants/cand_7a882d5329a20564.npy",
        "/workspace/SuperGrok1.5/tune11_out/variants/cand_aba71f216d321649.npy"
      ],
      "top_findings": [
        "build/ is a dead/aborted PGO campaign: 12 ViT compile_*_vit_sm_90.txt all FAILED at torch's `g++-cached -v` toolchain probe (0 compile errors), e.g. compile_supergrok15_vit_sm_90.txt:47-48,124-127,217-219; NO .so produced anywhere under build/.",
        "build/compiled/.compile_cache.json has only 11 vit/sm_90 entries, ALL with primary_artifact:null, tuned_config:null, pgo_enabled:false, n_trials:0 — zero successful builds cached; no decoder entry exists.",
        "Both decoder pgo_instrument cells are interrupted partial builds: adamw .ninja_log has 5 .o (no mega_vit, no link), lion .ninja_log has only 3 .o (bindings/dispatch/sg2_meta_tail); both build.ninja:5-10 carry PGO -fprofile-generate instrument flags, no SG_TUNED_* macros.",
        "tune11_out is the real autotuner run (adamw/decoder/sm_90a, bayesian, 10-cap, max_tune_seconds=1800, PGO=False) per report.json:1-39; stopped on time budget not convergence (report.json:2758 'stop_reason=max_seconds:1860s').",
        "tune11_out/.compile_cache.json:43 tuned_config=null and primary_artifact=the UNTUNED baseline grokking_compiled_adamw_decoder_sm_90a.so (sha 5ef83c4a, 36.6MB) — the autotuner produced NO promotable tuned config; production stays on baseline.",
        "trials_adamw_decoder_sm_90a.jsonl: of 9 trials only 3 built+timed (t3=15.134ms, t5=17.843ms, t7=14.712ms) and ALL 3 are numerical_status='numerical_fail'; the other 6 are build_or_time_fail/infeasible.",
        "Baseline .so (cuobjdump) is a fully-baked sm_90a megakernel (957,480 SASS lines + sm_90 PTX fallback) exposing the production persistent wgmma symbols sg::fused::sm90::fused_{decoder,mamba,vit}_megakernel_tc<OptId 0..10>(PersistentContext,...,FusedOptState).",
        "ref_hook vs the 3 variant .npy hooks: max_abs_diff = 0.0886 / 0.0766 / 0.0806 (mean ~0.0025), i.e. ~800x the decoder 1e-4 parity gate — concrete cause of the numerical_fail; clocks were NOT locked during the sweep (report.json:35-36)."
      ],
      "bugs": [
        "Search-space bug: autotuner samples SG_TUNED_TILE_N=256, which instantiates wgmma_m64nNk16_bf16<N=256> and hard-fails the static_assert at csrc/backends/cuda/sm_90/wgmma.cuh:578 ('wgmma N must be one of {8,16,32,64,96,128}'); 5/9 trials died this way (report.json:53-55,590-592,1140-1142,1688-1690,2236-2238) via model_stage_mamba_tc.cuh:314 and model_stage_vit_tc.cuh:379.",
        "Gate-feedback bug: the numerical-parity gate is decoupled from the optuna objective. optuna_adamw_decoder_sm_90a.db marks trials 3/5/7 COMPLETE with FINITE timing values (MINIMIZE), but trials_adamw_decoder_sm_90a.jsonl marks the same three numerical_fail; an unguarded promotion would ship a numerically-wrong kernel (best_timing_ms=14.712 in .compile_cache.json:38).",
        "report.json is truncated at line 2768 mid-build of the refine-stage module f1ee3a813228f541; its build dir has stale lock/.ninja_lock and only partial .o (mega_mamba/mega_vit have only .o.d, no object, no .so) — the refine stage was killed at the 1860s budget, leaving no champion."
      ],
      "dead_code": [
        "Tuner lever SG_TUNED_GEMM_IMPL is inert: command-line -DSG_TUNED_GEMM_IMPL=SG_GEMM_IMPL_SCALAR is overridden by hard #define SG_TUNED_GEMM_IMPL 1 (TC/wgmma driver) in csrc/fused/sm_90/mega_decoder_real_adamw_tc_launcher.cu:30, mega_mamba_real_adamw_tc_launcher.cu:46, mega_vit_real_adamw_tc_launcher.cu:23 (redefinition warnings on every TU, e.g. report.json:94-105). Scalar gemm path is never selected — production is always the TC megakernel (by design), so the lever value in the tuner domain is the dead part."
      ],
      "digest_path": "/workspace/phase0c/build_tune11.md"
    },
    {
      "name": "arc_0",
      "area": "Archive shard 0/8 — prior-session transcript mining (24 subagent JSONL transcripts, 2026-06-09→06-12, branch claude/h100-audit-maximal): L3-TC wgmma megakernel construction, optimizer-conversion campaign, GEMM-pipeline hill-climb, autotuner→.so injection, Phase-2 design docs.",
      "files_fully_read": [
        "claude_session_archive/projects/-workspace-SuperGrok1-5/122b3aee-fa74-43c0-936d-39ff1eca854f/subagents/workflows/wf_42c6c6ad-b9e/agent-a2554f93962328810.jsonl",
        "claude_session_archive/projects/-/80b51e31-b580-43b6-8244-fd7633ee1338/subagents/agent-ae5e7d40d0b8e56a9.jsonl",
        "claude_session_archive/projects/-/80b51e31-b580-43b6-8244-fd7633ee1338/subagents/agent-aa9ecb65e1ac14ed9.jsonl",
        "claude_session_archive/projects/-/80b51e31-b580-43b6-8244-fd7633ee1338/subagents/agent-ac761b0d8e387c864.jsonl",
        "claude_session_archive/projects/-/752ebb5c-07a7-4eb6-bb99-b68f45f768ba/subagents/agent-ac02d8e954b443a5a.jsonl",
        "claude_session_archive/projects/-workspace-SuperGrok1-5/122b3aee-fa74-43c0-936d-39ff1eca854f/subagents/agent-a337ba68b00fc580a.jsonl",
        "claude_session_archive/projects/-workspace-SuperGrok1-5/122b3aee-fa74-43c0-936d-39ff1eca854f/subagents/agent-ae8bc979ff7058af9.jsonl",
        "claude_session_archive/projects/-workspace-SuperGrok1-5/122b3aee-fa74-43c0-936d-39ff1eca854f/subagents/agent-a07de0db4c55fbe60.jsonl",
        "claude_session_archive/projects/-/80b51e31-b580-43b6-8244-fd7633ee1338/subagents/agent-a561272137204582d.jsonl",
        "claude_session_archive/projects/-workspace-SuperGrok1-5/122b3aee-fa74-43c0-936d-39ff1eca854f/subagents/workflows/wf_d242295e-5b7/agent-a72c369bb5ed95a32.jsonl",
        "claude_session_archive/projects/-workspace-SuperGrok1-5/122b3aee-fa74-43c0-936d-39ff1eca854f/subagents/agent-adbe072023104e73b.jsonl",
        "claude_session_archive/projects/-workspace-SuperGrok1-5/122b3aee-fa74-43c0-936d-39ff1eca854f/subagents/agent-a255ed4b55bd75ef6.jsonl",
        "claude_session_archive/projects/-workspace-SuperGrok1-5/122b3aee-fa74-43c0-936d-39ff1eca854f/subagents/agent-ab5f8a6bf9b164ab7.jsonl",
        "claude_session_archive/projects/-workspace-SuperGrok1-5/122b3aee-fa74-43c0-936d-39ff1eca854f/subagents/agent-a50004266e4c67645.jsonl",
        "claude_session_archive/projects/-workspace-SuperGrok1-5/122b3aee-fa74-43c0-936d-39ff1eca854f/subagents/agent-ad5815eecfa785281.jsonl",
        "claude_session_archive/projects/-workspace-SuperGrok1-5/122b3aee-fa74-43c0-936d-39ff1eca854f/subagents/agent-a92eecf9687a9bac7.jsonl",
        "claude_session_archive/projects/-workspace-SuperGrok1-5/122b3aee-fa74-43c0-936d-39ff1eca854f/subagents/agent-ac67669299da87237.jsonl",
        "claude_session_archive/projects/-workspace-SuperGrok1-5/e69607ce-7cb4-47e7-8308-f6c08fdafbf9/subagents/workflows/wf_8a69963d-cb9/agent-ad5b3f582177a3923.jsonl",
        "claude_session_archive/projects/-workspace-SuperGrok1-5/e69607ce-7cb4-47e7-8308-f6c08fdafbf9/subagents/workflows/wf_8a69963d-cb9/agent-a816d29178a13a1e8.jsonl",
        "claude_session_archive/projects/-/80b51e31-b580-43b6-8244-fd7633ee1338/subagents/agent-a2729621a952a8877.jsonl"
      ],
      "top_findings": [
        "UPGRADED-L3-TC PRECURSOR: H1 commit 627d134 = bounded 2-wide M-atom-interleaved wgmma GEMM pipeline in the shared dectc helper (introduced knob SG_TUNED_DEC_GEMM_INTERLEAVE, default 2); decoder d=1024 B=16384 2084.25->1624.74 ms (+28.3% TF/s), d=128 no regression; C7515 STILL emitted (win = within-group MMA overlap + B-staging halving, not flag removal). ae5e7d40 :8389,8554,8704",
        "H2 commit c67cb66 = O(d*T) embedding-grad CSR (counting-sort row_start[V+1]+perm[T], built cta-0 in P1 window) + single-owner bias reduce (dectc_dw_biases was recomputing the full column-sum 132x); grad_asm 520.7->8.7ms; cumulative H1+H2 d=128 production 107.6->35.4 ms (3.0x), all gates A/A/A bit-identical. ae5e7d40 :8685",
        "PREBUILT-BINARY MECHANISM (lever b, a337ba68): compile.py tuned output was DECORATIVE (0 SG_TUNED macros in build.ninja). New _tuned_inject.py + setup.py TunedBuildExtension monkeypatches torch._write_ninja_file to inject SG_TUNED_* winners (block/vec/unroll/async_depth + maxrregcount) per-TU into the shipped _ops.so via _kernel_tuned.json; runbook AUTOTUNE_LINKAGE.md. This is what bakes levers into the prebuilt binary.",
        "Commit 821fee5 (Lane A, latest in shard, 2026-06-12T23:06): #12 tuner fix making compile.py time the REAL megakernel step + tile/split-K search dims + per-model schema + grad_clip ABI; final gate state wiring 33/33, tail-gate 33/33 (worst rel 3.166e-6), LOCAL ONLY not pushed. Session ended on weekly-limit. ac02d8e final",
        "FOUNDATIONAL (lever a, ae8bc979, 06-09): the L3 megakernel originally ran an ELEMENT-LOCAL SURROGATE (acts=GELU(param+input)), not the real graph; faithful unit was the L1 tail. Real decoder/vit/mamba TC stages (21642a2 template, mamba a255ed4b, vit adbe0720) REPLACED the surrogate afterward.",
        "grokadamw decoder->L3-TC (wf42): all 3 eager mechanisms landed - per-tensor layer-wise beta1+rebased bc1 (P3), GLOBAL grad-norm clip via new kernel P2.5 deterministic ascending-CTA reduction (inert step1, fires ~step34, single-step gate BLIND), host-side adaptive alpha; multi-step parity 1e-4 PASS with clip-OFF/static-alpha controls diverging 2.4e-3/1.3e-3. Throughput 113ms ~= adamw, 2.85x over scalar.",
        "Mamba 0.46x scalar-wins claim (commit 905a4bb) is STALE: quiet B=16384 TC=140.8ms BEATS scalar-megakernel 245.3ms (1.74x); the 0.46x was a B=64 small-batch gate artifact (too few tiles to fill SMs). Mamba roofline% structurally pinned by fp32 scan; real lever = split-K dW. wf42 :6194,6571",
        "DESIGN DOCS: DESIGN-TC-PIPELINE.md (a07de0db, 679 lines) - no in-kernel wgmma existed before it (all GEMMs were scalar fp32); commits to hand-rolled ss-wgmma + Fork-B dW-output-stationary (kills 223MB partial buffer, 11x traffic cut). .parallelism_design.md (a561272, outside repo) - 4D+ZeRO-3, B2 sync_reset:551 is the shard cut seam, muon=per-matrix/SG=per-tensor force tensor-granular shard (current _even_partition breaks them)."
      ],
      "bugs": [
        "SHARED-PRODIGY A/A/A NON-DETERMINISM: decoder+vit prodigy cells registered as 'converted' in _FUSED_L3_REAL/_L3_WGMMA_CELLS but FAIL A/A/A reproducibly (decoder loss 4.7653/4.7643/4.7662; vit nan/nan/nan); root in prodigy phaseA work-steal drain + sync_reset in csrc/fused/sm_90/opt_stages_precompute.cuh; sanitizers clean. Escalated in grokking_optimizers/dispatch.py ~line 788, mamba carve-out csrc/bindings/dispatch.cpp ~957. (mamba_dump a72c369b :670)",
        "Decoder TC forward omits in_proj/out_proj/ff0/ff2 biases (adds only head out_b) while oracle+scalar include them - latent bias-omission masked by loose 0.15 grad tolerance, in csrc/fused/sm_90/model_stage_decoder_tc.cuh. ViT port deliberately did not replicate. (vit_dump adbe0720 final)",
        "CI gap: tests/hw/parity_gate_h100.py (all real kernel-math teeth) never runs in CI; test_reference_parity.py:702 real-allclose only AdamW, other 10 = smoke; profile_maximal.py:514 Tier D reimplements Adam/Lion inline = false-green. (pkgaudit ad5815 F1/F2/F3)",
        "ref_sg_phi_forward uses tanh but kernel uses GELU - disagreeing meta-net references (test_reference_parity.py:200 vs supergrok11.h:50). (pkgaudit F7)",
        "supergrok11/15 *_sharpness_restore_all reads sam_grad/normal_grad as scalar_t but dispatches only on param dtype -> runtime error if dtypes differ; csrc/bindings/bindings.cpp:420-421. (sg11_audit ad5b3f58)",
        "compile.py _time_with_graph (L3310) bare except returns None and silently falls back to event timing; graph/event result dicts have no timer tag -> winner may be chosen under event timing with no provenance; megakernel may be uncapturable and masked. (compaudit a92eecf §6)",
        "dispatch.py:488 _LazyOps catches only ImportError, no ABI schema pin -> stale-.so TypeError at call, has_kernels() lies. (pkgaudit F6)",
        "CUDA-graph capture of fused AdamW step fails at size >=1024 (OK <=512): 'operation failed due to previous error during capture'; pre-existing. (laneA ac02d8e defect #1)",
        "TPU prodigy d-adaptation diverges from canonical: live prodigy_update uses instantaneous degree-2 partials + max-reduce; GPU path carries persistent beta3-decayed r/s EMA; TPU has none -> long-run divergence, not parity-testable. csrc/backends/pallas/_pallas_fused.py:620-626. (tpu_dump ab5f8a6 gap 1)"
      ],
      "dead_code": [
        "SG11 device code DELETED as dead (sassfix a50004): sg11_sweep_a_kernel, sg11_sweep_b_kernel, sg11_sweep_b_kernel_vec4_fp32, launcher launch_supergrok11_step, 2 orphaned using-decls in grokking_optimizers/kernels/sm_90/supergrok11_sm90.cuh - zero refs confirmed; live path launch_sg11_mu_metanet->compute_cosine_gate_fused->launch_sg11_adam_decay unchanged.",
        "compile.py cuda_graph_median_ms (L3139) is DEAD standalone; live timer is _bg_cuda_graph_median_ms (L3284). (compaudit a92eecf §3)",
        "NOTE - NOT dead (audit premise was wrong): SG15 two-sweep path (sg15_sweep_a/b_kernel) is reachable via launch_fused_supergrok15_full_step:251->launch_supergrok15_step:266 - LEFT INTACT. neuralgrok H-loop unroll lives only in canonical csrc/algorithms/neuralgrok.h (deferred, not dead)."
      ],
      "digest_path": "/workspace/phase0c/archive_shard0.md"
    },
    {
      "name": "arc_1",
      "area": "Archive shard 1/8 — prior-session transcript mining (H100 L3-TC megakernel campaign)",
      "files_fully_read": [
        "/workspace/SuperGrok1.5/claude_session_archive/projects/-workspace-SuperGrok1-5/122b3aee-fa74-43c0-936d-39ff1eca854f/subagents/workflows/wf_42c6c6ad-b9e/agent-a7196ad48912e684c.jsonl",
        "/workspace/SuperGrok1.5/claude_session_archive/projects/-workspace-SuperGrok1-5/122b3aee-fa74-43c0-936d-39ff1eca854f/subagents/workflows/wf_d242295e-5b7/agent-a888094c5a5c33f75.jsonl",
        "/workspace/SuperGrok1.5/claude_session_archive/projects/-/80b51e31-b580-43b6-8244-fd7633ee1338/subagents/agent-aac545fba54e04757.jsonl",
        "/workspace/SuperGrok1.5/claude_session_archive/projects/-/80b51e31-b580-43b6-8244-fd7633ee1338/subagents/agent-a76353d1aedc5e5a7.jsonl",
        "/workspace/SuperGrok1.5/claude_session_archive/projects/-/80b51e31-b580-43b6-8244-fd7633ee1338/subagents/agent-ae83341214d81eb69.jsonl",
        "/workspace/SuperGrok1.5/claude_session_archive/projects/-/752ebb5c-07a7-4eb6-bb99-b68f45f768ba/subagents/agent-ae2a4345dcdc0841c.jsonl",
        "/workspace/SuperGrok1.5/claude_session_archive/projects/-/80b51e31-b580-43b6-8244-fd7633ee1338/subagents/agent-ac9f2204ac995f958.jsonl",
        "/workspace/SuperGrok1.5/claude_session_archive/projects/-workspace-SuperGrok1-5/122b3aee-fa74-43c0-936d-39ff1eca854f/subagents/agent-a382d834ff4a0222c.jsonl",
        "/workspace/SuperGrok1.5/claude_session_archive/projects/-workspace-SuperGrok1-5/122b3aee-fa74-43c0-936d-39ff1eca854f/subagents/agent-ad59926ad22247544.jsonl",
        "/workspace/SuperGrok1.5/claude_session_archive/projects/-workspace-SuperGrok1-5/122b3aee-fa74-43c0-936d-39ff1eca854f/subagents/agent-a28d45e6a2904d4cc.jsonl",
        "/workspace/SuperGrok1.5/claude_session_archive/projects/-workspace-SuperGrok1-5/e69607ce-7cb4-47e7-8308-f6c08fdafbf9/subagents/workflows/wf_8a69963d-cb9/agent-a819bd88dfab4ed9a.jsonl",
        "/workspace/SuperGrok1.5/claude_session_archive/projects/-workspace-SuperGrok1-5/e69607ce-7cb4-47e7-8308-f6c08fdafbf9/subagents/workflows/wf_8a69963d-cb9/agent-ae303623be16c9008.jsonl",
        "/workspace/SuperGrok1.5/claude_session_archive/projects/-/1c90e392-69a6-471d-9d6a-8ecb7e800039.jsonl",
        "/workspace/SuperGrok1.5/claude_session_archive/projects/-workspace-SuperGrok1-5/122b3aee-fa74-43c0-936d-39ff1eca854f/subagents/agent-adc93b5cb433094d4.jsonl",
        "/workspace/SuperGrok1.5/claude_session_archive/projects/-workspace-SuperGrok1-5/122b3aee-fa74-43c0-936d-39ff1eca854f/subagents/agent-a7257e8b5f95f3f90.jsonl"
      ],
      "top_findings": [
        "ViT L3-TC 3.48x via 3 structural bug-fixes in csrc/fused/sm_90/model_stage_vit_tc.cuh: (1) acc[MaxAtomsM=17] array under #pragma unroll 1 forced local-mem -> ptxas C7515 wgmma serialization, fix single reused WgmmaAccum (716->580ms); (2) vittc_dw_biases ran full K=278528 redundantly on all 132 CTAs + strided clspos, fix partition+stride (580->370ms); (3) dw_biases serial-K -> warp-parallel reduce (370->206ms). Final 206ms/4.60TF/s/frac0.0055 (agent-a7196ad48912e684c)",
        "ViT frac 0.0055 explicitly IMPROVABLE not roofline-flat; remaining levers handed to compile.py autotuner: SG_TUNED_TILE_N/SG_TUNED_VIT_TILE_M exposed #ifndef-guarded in vit header but NOT registered; dW/P1 use unpipelined tc_gemm_block_unpipelined vs validated tc_pipelined_gemm_m64nNk16; B1_wait 64ms = 256tiles/132CTAs imbalance. This is the seam the later P1_SUBTILE_S=8 +4.02x lever used",
        "Decoder dW hill-climb H3: Move-1 dW M-atom interleave KEPT (commit a12c376, -12.7% @d=1024/-7.4% @d=128); Move-2 split-K sweep SG_TUNED_DEC_DW_SPLITK kept default G=4 (no G wins both scales); Move-3 B1 barrier deferred. Lineage H1(627d134 M-atom-interleave)+H2(c67cb66 O(d.T) embed-grad CSR) (agent-ae83341214d81eb69)",
        "HONEST RECONCILE: true live state was 17/33 L3-TC (decoder/vit/mamba 6/6/5), NOT the inflated 18 in HANDOFF; commit 0cd63c8 '7 vit cells' was actually only 3 (grokadamw/prodigy/muon), sg11/15/looksam/sg2 vit eager; neuralgrok eager on all 3 (host-coupled, in dispatch set but not taken) (agent-a76353d1aedc5e5a7)",
        "Campaign milestones from HANDOFF.md (commit 405654f): mamba TC 0.46x->2.15x vs scalar (bottleneck FIXED); muon ported to mamba L3-TC commit 6cd6ce1 (25->26/33); sibling 0b57f7e fixed wgmma-accumulator register-pressure race + __noinline__ on mbtc tiles, un-dormanted prodigy+looksam/mamba (26->28/33)",
        "profile_maximal.py 5 FAILs all traced to ONE emitted-but-never-launched CUTLASS Hopper TF32 RS A-transposed GEMM (MMA_64x128x8_F32TF32TF32_RS_TN) spilling 8 bytes; sm90_run_gemm_tf32_atb does NOT exist (reverted, CUTLASS static_assert); fix = dead-kernel allowlist +122/-9 (agent-ad59926ad22247544)",
        "SG2 test-state-leakage fixed commit f78a9e2: supergrok2_batched_step per-op oracle leaks a device-global -> sharpness collapse on back-to-back tail-gate; fix routes only supergrok2 cells through subprocess isolation via --cell CLI, test-side only +55/-0 (agent-ac9f2204ac995f958)",
        "Roofline-reality standing fact (HANDOFF): absolute frac ~0.2-0.6% of bf16 989TF/s peak is PHYSICS of tiny models (d=128,seq4-17,0.4M params,~45us math/step) NOT missing optimization; numerator counts only GEMM/conv FLOPs, elementwise=0; ALWAYS run wiring_check before roofline (the eager+L1 measurement trap)"
      ],
      "bugs": [
        "Decoder FusedScalars POD in csrc/bindings/dispatch.cpp ~line768 omitted aux_lr/aux_beta1/aux_beta2 -> 1D AdamW tail ran beta1=beta2=0 (m=g,v=g^2), failed state gate; FIXED in decoder lane (commit b53fbf9) (agent-a888094c5a5c33f75)",
        "LATENT (flagged, NOT fixed in that session): mamba FusedScalars PODs in csrc/bindings/dispatch.cpp ~lines 1021 and 1136 have the identical missing-aux-fields bug -> mamba x muon would hit it (agent-a888094c5a5c33f75)",
        "HISTORICAL (June-9 standalone headers, appears FIXED in current tree - comments now say SG11_H/SG15_H==32 at opt_stages_precompute.cuh:86 / opt_components.cuh:82): SG11/SG15 kernels hardcoded SG11_H=SG15_H=64 vs Python hidden_dim=32, runtime hidden_dim arg plumbed but ignored -> SG1.1/SG1.5 fail to grok on fused path (agent-a28d45e6a2904d4cc)",
        "HISTORICAL: SG11 smart_grad = torch::empty_like(params) (bf16 if param bf16, bindings.cpp:1312) but kernel writes it as float (cuh:309) -> type-punned buffer mismatch on bf16 (agent-a28d45e6a2904d4cc)",
        "HISTORICAL: Prodigy kernel reads param_init via data_ptr<scalar_t>() but param_init is always float -> wrong-dtype reads on bf16/fp16 at prodigy_sm90.cuh lines 300/329/478 (agent-a819bd88dfab4ed9a)",
        "HISTORICAL: Neuralgrok kernel hardcodes NG_H=64 but Python amplifier hidden_dim=128 default -> loads only first 64 of W1/b1/W2, ignores units 64-127 -> wrong gradient amplification (agent-ae303623be16c9008)",
        "LATENT validation gap: every vector binding in csrc/bindings/bindings.cpp validates only params-vs-grads length; secondary lists (exp_avgs/mus/sharpness/slows/gru_states/param_inits) unvalidated, and supergrok2_prepare_and_batched_step ~bindings.cpp:2189 has NO validation call -> ragged-list UB (agent-adc93b5cb433094d4)"
      ],
      "dead_code": [
        "Emitted-but-never-launched CUTLASS Hopper TF32 RS A-transposed GEMM (Sm90GemmAT<tfloat32_t> via MainloopSm90TmaGmmaRmemAWarpSpecialized) instantiated by SS-path headers but no launchable runner; sm90_run_gemm_tf32_atb referenced only in mma.cuh DOCUMENT-STOP comment (reverted). Dead by call-graph, intentionally allowlisted in profile_maximal.py - genuinely dead, not a candidate to wire (agent-ad59926ad22247544)",
        "hidden_dim parameter received but never referenced in launch_sg11_mu_metanet (~cuh:292) and launch_fused_supergrok15_full_step (~cuh:251) of the June-9 standalone headers - dead param (since reorganized) (agent-a28d45e6a2904d4cc)"
      ],
      "digest_path": "/workspace/phase0c/archive-shard1.md"
    },
    {
      "name": "arc_2",
      "area": "Archive shard 2/8 — prior-session transcript mining (foundational L3-TC build-out era, June 9-12 2026)",
      "files_fully_read": [
        "/workspace/SuperGrok1.5/claude_session_archive/projects/-/80b51e31-b580-43b6-8244-fd7633ee1338.jsonl (mined: verification-gauntlet plan, prebuilt/gate-harden windows, compaction handoff)",
        "/workspace/SuperGrok1.5/claude_session_archive/projects/-/80b51e31-b580-43b6-8244-fd7633ee1338/subagents/agent-a33b9826ed5c1c5bd.jsonl (multistep-gate run + batch-knee + 33/33 roofline AFTER)",
        "/workspace/SuperGrok1.5/claude_session_archive/projects/-/80b51e31-b580-43b6-8244-fd7633ee1338/subagents/agent-accfdf30c72daec7f.jsonl (final 3 mamba SG cells 30->33/33)",
        "/workspace/SuperGrok1.5/claude_session_archive/projects/-/80b51e31-b580-43b6-8244-fd7633ee1338/subagents/agent-a5d720c88d9a4da9c.jsonl (d=1024 OOM fix)",
        "/workspace/SuperGrok1.5/claude_session_archive/projects/-/80b51e31-b580-43b6-8244-fd7633ee1338/subagents/agent-a7bbaa106e63333bc.jsonl (muon/mamba diagnosis)",
        "/workspace/SuperGrok1.5/claude_session_archive/projects/-/80b51e31-b580-43b6-8244-fd7633ee1338/subagents/agent-ab0a6be7e8eabb836.jsonl (authored test_multistep_parity.py)",
        "/workspace/SuperGrok1.5/claude_session_archive/projects/-/80b51e31-b580-43b6-8244-fd7633ee1338/subagents/agent-aecd237c42ad37eea.jsonl (mamba TC split-K grad-parity debug)",
        "/workspace/SuperGrok1.5/claude_session_archive/projects/-workspace-SuperGrok1-5/122b3aee-fa74-43c0-936d-39ff1eca854f/subagents/agent-a11d8d976463f7e2c.jsonl (TC-conversion cycle 2 -> 9/33)",
        "/workspace/SuperGrok1.5/claude_session_archive/projects/-workspace-SuperGrok1-5/122b3aee-fa74-43c0-936d-39ff1eca854f/subagents/agent-a2b9257f0556f5788.jsonl (compile.py audit + autotuner->shipped-.so linkage)",
        "/workspace/SuperGrok1.5/claude_session_archive/projects/-workspace-SuperGrok1-5/122b3aee-fa74-43c0-936d-39ff1eca854f/subagents/agent-a622b85eb73ad7ed8.jsonl (SG_TUNED_* registration plan)",
        "/workspace/SuperGrok1.5/claude_session_archive/projects/-workspace-SuperGrok1-5/122b3aee-fa74-43c0-936d-39ff1eca854f/subagents/agent-ad5d89c2eb219b445.jsonl (multi-CTA-per-tensor tiling redesign START)",
        "/workspace/SuperGrok1.5/claude_session_archive/projects/-workspace-SuperGrok1-5/122b3aee-fa74-43c0-936d-39ff1eca854f/subagents/agent-ae1b6ad691fc1af7f.jsonl (suppressed-functionality audit, temporally stale)",
        "/workspace/SuperGrok1.5/claude_session_archive/projects/-workspace-SuperGrok1-5/122b3aee-fa74-43c0-936d-39ff1eca854f/subagents/agent-aa580ce8de45b65ad.jsonl (ViT phase-2 megakernel build)",
        "/workspace/SuperGrok1.5/claude_session_archive/projects/-workspace-SuperGrok1-5/122b3aee-fa74-43c0-936d-39ff1eca854f/subagents/workflows/wf_42c6c6ad-b9e/agent-add6cd61c010cc195.jsonl (mamba-lane maximization, 0.46x->2.145x)",
        "/workspace/SuperGrok1.5/claude_session_archive/projects/-workspace-SuperGrok1-5/e69607ce-7cb4-47e7-8308-f6c08fdafbf9/subagents/workflows/wf_8a69963d-cb9/agent-a1c93d8e5df668669.jsonl (attention_sm90 audit)",
        "/workspace/SuperGrok1.5/claude_session_archive/projects/-workspace-SuperGrok1-5/e69607ce-7cb4-47e7-8308-f6c08fdafbf9/subagents/workflows/wf_8a69963d-cb9/agent-a8f86ff7649ad018f.jsonl (supergrok15_sm90 audit)",
        "/workspace/SuperGrok1.5/claude_session_archive/projects/-workspace-SuperGrok1-5/e69607ce-7cb4-47e7-8308-f6c08fdafbf9/subagents/workflows/wf_8a69963d-cb9/agent-ae319f4dac9880e77.jsonl (grokadamw_sm90 audit)"
      ],
      "top_findings": [
        "SHARD SCOPE: all 25 files are the FOUNDATIONAL L3-TC build-out era (June 9-12 2026, CLI v2.1.169-173). The UPGRADED L3-TC baked levers (SG_TUNED_DEC_FWD_PIPE/FWD_STAGES/DW_STAGE/P1_SUBTILE_S, _dectc_codegen) are ABSENT from this shard (raw grep = 0 hits); the 1.49/2.05/4.02 hits here are false-positives (grad rel-errors, not the lever speedups). Those levers are from a later session outside shard 2.",
        "AUTOTUNER->SHIPPED-.so LINKAGE GAP (agent a2b9257f): kernels consume SG_TUNED_BLOCK_SIZE via #ifndef-default-256 + __launch_bounds__, but setup.py never emits -DSG_TUNED_BLOCK_SIZE -> the block-size dim (and most tuned dims) is DECORATIVE for the shipped _ops.so. A dim is swept-live (JIT sees -D via resolve_macros compile.py:2707) but only SHIPPED-live if its key is in _tuned_inject.py::MACROS (currently only 5 phase-1 keys). cluster_shape and the R2 wgmma.cuh/tile_pipeline.cuh macros are confirmed decorative.",
        "SG_TUNED_* REGISTRATION = 6-spot recipe (agent a622b85e): _sm90/_gfx942_full_space _dim() + auto _DEAD_KEY_DIMS + megakernel_cell_search_space + _COST_MODEL_CANONICAL_DIM_VALUES(4515) + _LIVE_TUNING_DIMS(1263) + _tuned_inject.py(MACROS/_EMIT_ORDER/_PERSIST_KEYS, the ship gate). Liveness auto-derived: _kernel_source_macros (compile.py:1277) greps for SG_TUNED_ token; registering a token NOT in source is worse than no-op (_pin_dead_dims:1393 drops it). Owner rule #9: all perf tuning -> compile.py, hand-tuning banned.",
        "ROOFLINE NUMBERS (quiet GPU, B=16384): mamba TC megakernel adamw/lion/grokfast = 1.452/1.449/1.435 TF/s = 0.59% roof, wall ~135ms; '0.46x' = TC was 0.46x scalar speed (only 4 projections TC, selective scan stays scalar register-resident = bottleneck). Decoder megakernel is OCCUPANCY-PINNED at 1 CTA/SM: saturates B~2k, declines past 16k -> batch does NOT buy roofline fraction; path forward = multi-CTA-per-tensor tiling. Final 33/33 AFTER table: mean roof% 1.150, median 1.293 (vs 0.48-0.49% before).",
        "MAMBA-LANE 0.46x->2.145x FLIP (agent add6cd61): forced bf16-wgmma TC wall 113.768ms vs scalar 244.035ms = 2.145x TC WINS, via 2 grad-assembly fixes (mbtc_partial_reduce by-tensor->flat-element striping using all 132 CTAs; mbtc_dw_biases single-owner striping, ~19% gain 139.9->113.2ms). 0.170% of bf16-TC peak is STRUCTURAL (scan-bound, projections saturated). occ=2 (__launch_bounds__(256,2)) measured 1.14x faster but REVERTED -- breaks A/A/A determinism (max|d|=2.3e-10 vs bit-identical); GridBarrier is 1-CTA/SM by design.",
        "33/33 L3-TC COMPLETION + 4 WON'T-GROK cells: final 3 mamba SG cells (SG11/SG15/SG2) landed A/A/A bit-deterministic (agent accfdf30, commits 4dcb7ee+379c746); race-fix 0b57f7e covered the SAM double-forward + SG2 segmented-sort. Documented WON'T-GROK (not bugs): SG11 (train 0.998@step400 then collapse 0.014), SG15 (memorize-then-collapse, inherent meta-net dynamics), SG2 (CSA indexer drops idx_UQ + /sqrt(rank=4) not /sqrt(d=8), diverges N>64), neuralgrok-on-L3 (frozen amplifier). EXPECTED grok = other 8/11.",
        "PER-KERNEL LATENT BUGS (June 9 audits): supergrok15_sm90.cuh hardcodes SG15_H=64 vs default hidden_dim=32 -> OOB reads/corrupt mu (HIGH; later FIXED in commit 94a0b2e 64->32); grokadamw_sm90.cuh Q3 path block_size floor-div -> OOB read of ea_scales when N%num_scales!=0 (HIGH, reachable via grokadamw_step_q3); attention_sm90.cuh softmax_lse wrong dtype (expects fp32, binding passes as ActT) -> silent corruption under bf16.",
        "VERIFICATION-GAUNTLET PLAN + 4 OPEN AUDIT FINDINGS (main session 80b51e31): (a) vaporware multistep gates referenced but never defined in test_l3tc_tail_gate.py:303-339 [later AUTHORED as test_multistep_parity.py, GPU-run green commit 3555ff9]; (b) check_math_single_source.py:377 apply-call check is WARN-only (has TODO harden-to-fail); (c) ci.yml:1316 runs 'pytest -m not hw' -> HW gate excluded from CI (all runners CPU-only); (d) SG2/vit test-state-leakage (per-op oracle perturbs device-global -> NaN; needs subprocess-per-cell isolation). profile_maximal audits SASS not PTX; WGMMA shows as HGMMA (grep wgmma=0 is false-neg)."
      ],
      "bugs": [
        "supergrok15_sm90.cuh: SG15_H hardcoded 64 vs default SharpnessMetaNet hidden_dim=32 -> kernel reads W1[0..127]/b1[0..63]/W2[0..63] OOB while Python passes [32,2]/[32]/[1,32]; hidden_dim plumbed but ignored (agent a8f86ff7, HIGH; reported FIXED in commit 94a0b2e per agent a2b9257f). Verify current HEAD.",
        "grokadamw_sm90.cuh:284,239-240: Q3 quantized path -- integer floor-div block_size too small when N not divisible by num-scales -> scale_idx=i/block_size exceeds range -> OOB read of ea_scales at :240; reachable via pybind grokadamw_step_q3 (agent ae319f4d, HIGH). Verify current HEAD.",
        "attention_sm90.cuh fwd/bwd bindings: softmax_lse passed with wrong dtype interpretation -- kernel expects fp32 buffer but binding passes as ActT -> silent numeric corruption under bf16/fp16 activations (agent a1c93d8e, Class A). Verify current HEAD.",
        "supergrok15_sm90.cuh sharpness buffer read as float* unconditionally, but sam_step makes it inherit param dtype (bf16/fp16 after SAM) and the C++ binding validates only param-grad dtype, never sharpness -> latent bf16 SAM-path bug (agent a8f86ff7, MEDIUM).",
        "scripts/check_math_single_source.py:375-384: dead #include with no apply-symbol call only WARNs (_emit_warning returns without appending to failures) -> main() exits 0; a wrong-path/dead include passes the single-source gate. Has explicit TODO to harden post opt_components.cuh rename (audit finding b, main session)."
      ],
      "dead_code": [
        "(temporal-stale, do NOT treat as live finding) agent ae1b6ad6 (06-09 HEAD 8dd034e) claimed the entire 33-cell L3 megakernel matrix + _FUSED_REGISTRY were runtime-dead -- but this is CONTRADICTED by the later 06-10..06-12 state where _try_fused_train_step is wired and wiring_check --require-all observes engine=='wgmma' live for 33/33. The path was DEAD at 06-09 and WIRED by 06-10+, so this is NOT a current dead-code finding.",
        "compile.py polyhedral codegen (enable_polyhedral=False, :6946) and synth codegen (enable_synth_codegen=False, :6897) are opt-in default-OFF -- never run with defaults but NOT strictly dead (emit compilable identity-copy variant when libclang absent); labeling-honesty fixes only (agent a2b9257f). Preserved by design, not a removal candidate.",
        "gfx942 SG_TUNED_WAVES_PER_EU / LDS_PADDING / mfma_shape / scheduler_hint dims are registered in _gfx942_full_space but have NO source consumer -> pinned dead by _pin_dead_dims; reviving needs amdgpu_waves_per_eu attr / LDS-pad consumers first (agent a622b85e). NOTE: gfx942 tree is PRESERVED by design -- this is a tuning-dim wiring gap, not a removal candidate.",
        "csrc #if 0 legacy mamba_adapter selective-scan namespace -- intentionally-removed superseded code (CSA/HCA replaces it for SG2), NOT suppression (agent ae1b6ad6)."
      ],
      "digest_path": "/workspace/phase0c/archive-shard2.md"
    },
    {
      "name": "arc_3",
      "area": "Prior-session transcript archive — shard 3/8 (25 jsonl, 2026-06-09..06-12: TC substrate, 33-cell L3-TC conversion, autotuner seam, cleanup inventory, the 0.49%-roofline diagnosis, distributed pre-tests)",
      "files_fully_read": [
        "/workspace/SuperGrok1.5/claude_session_archive/projects/-/80b51e31-b580-43b6-8244-fd7633ee1338/subagents/agent-ab84b56863ce63c98.jsonl",
        "/workspace/SuperGrok1.5/claude_session_archive/projects/-workspace-SuperGrok1-5/122b3aee-fa74-43c0-936d-39ff1eca854f/subagents/agent-ac16dbfbe6f08fc1a.jsonl",
        "/workspace/SuperGrok1.5/claude_session_archive/projects/-workspace-SuperGrok1-5/122b3aee-fa74-43c0-936d-39ff1eca854f/subagents/agent-aa6d0a8bd0a0113a0.jsonl",
        "/workspace/SuperGrok1.5/claude_session_archive/projects/-workspace-SuperGrok1-5/122b3aee-fa74-43c0-936d-39ff1eca854f/subagents/agent-ad5f80a2f2a233f76.jsonl",
        "/workspace/SuperGrok1.5/claude_session_archive/projects/-/80b51e31-b580-43b6-8244-fd7633ee1338/subagents/agent-a6310f29ddb606e3c.jsonl",
        "/workspace/SuperGrok1.5/claude_session_archive/projects/-/80b51e31-b580-43b6-8244-fd7633ee1338/subagents/agent-a3b054528dd318870.jsonl",
        "/workspace/SuperGrok1.5/claude_session_archive/projects/-workspace-SuperGrok1-5/122b3aee-fa74-43c0-936d-39ff1eca854f/subagents/agent-ae1c8ed966c0b6202.jsonl",
        "/workspace/SuperGrok1.5/claude_session_archive/projects/-/80b51e31-b580-43b6-8244-fd7633ee1338/subagents/agent-a043064f3a6c29dc4.jsonl",
        "/workspace/SuperGrok1.5/claude_session_archive/projects/-workspace-SuperGrok1-5/122b3aee-fa74-43c0-936d-39ff1eca854f/subagents/workflows/wf_f0fca671-0b3/agent-a1ba0631097f8eaf6.jsonl"
      ],
      "top_findings": [
        "SHARD PLACEMENT: all 25 files date 06-09..06-12 = the PRE-UPGRADE era. None contain the SG_TUNED upgrade-lever tokens (FWD_PIPE/FWD_STAGES/SUBTILE/DW_STAGE/deep_s3/deep_s4/_dectc_codegen) — that work lives in a later session held by another shard. This shard holds the substrate + the diagnosis that MOTIVATED those levers.",
        "THE 0.49%-ROOFLINE DIAGNOSIS (agent-ab84b56863ce63c98.jsonl, task #13, commit 79d3840): decoder L3-TC megakernel at d=1024 B=16384 = 2090.9 ms/step = 4.739 TF/s = 0.48% of 989 TF/s bf16 roofline. clock64 per-phase split: P1_bwd 24.0% / P1_fwd 22.1% / P2_grad_asm 21.9% / P2_dW 18.2% / barriers 13.4%. Root cause #1 = ptxas C7515 serialized wgmma at occupancy=1 (no warp-group to hide latency) -> the seed of FWD_PIPE/FWD_STAGES. dW is NOT load-starved (12352 work items / 132 SMs = 94 waves) -> intrinsic per-CTA inefficiency -> DW_STAGE.",
        "Hill-climb loop infra committed (79d3840): csrc/fused/sm_90/decoder_layout.cuh dual-layout via SG_DEC_BENCH_LAYOUT (d=128 prod / d=1024 bench), tuning/decoder_bench.py JIT bench-variant extension, SG_DEC_PROFILE clock64 timers in fused_decoder_megakernel.cuh, runbook /workspace/.hillclimb_loop.md. ncu/nsys UNAVAILABLE in container (ERR_NVGPUCTRPERM) -> clock64 timers are the only diagnosis instrument.",
        "AUTOTUNER SILENT-DROP TRAP (agent-ac16dbfbe6f08fc1a.jsonl, compile.py:13994/14001-02): _export_kernel_tuned_json persists ONLY 5 SAFE dims (block/vec/unroll/async_depth/maxrregcount) to _kernel_tuned.json; new wgmma dims (TILE_N/pipeline-depth/etc.) get tuned + written to tuned_configs.h but SILENTLY DROPPED from the canonical JSON setup.py bakes. Must expand _tuned_inject.export_winner SAFE allowlist or the win ships nothing. Explains why later levers were header-baked + PTX-edited not autotuner-carried.",
        "HEADER-EDIT CACHE-BLINDNESS BUG (compile.py: _hash_sources:2264 + _resolve_sources:8631 glob only *.cu/*.cpp, never .cuh/.h; gate is_aot_fresh:14189): editing a kernel/algorithm header and re-running the autotuner yields a cache HIT -> rebuild/re-tune skipped. search_space_hash IS folded in (14178) so only C++ header edits are blind. Breaks the re-tune-after-header-change workflow used to bake levers.",
        "TC SUBSTRATE ORIGIN (agent-ad5f80a2f2a233f76.jsonl): built csrc/backends/cuda/sm_90/wgmma.cuh per DESIGN-TC-PIPELINE.md (hand-rolled ss-wgmma m64nNk16, bf16-in/fp32-accum, mbarrier producer/consumer via cp.async, TMA explicitly phase-2-not-built, SG_TUNED_* tile-N/pipeline-depth template params with doc defaults, occupancy>=1-or-refuse hang-freedom). The layer the FWD_PIPE/FWD_STAGES levers tune.",
        "SG2->L3-TC (agent-a6310f29ddb606e3c.jsonl, commit 66b0f97, 28->30/33): in-kernel bitonic SEGMENTED SORT (strategy A total-order key (|grad|,idx), lock-step with oracle via torch.sort(stable=True) — bf16 grads collide ~413 ties). HONEST won't-grok caveat MUST be carried: in-kernel CSA lightning-indexer drops idx_UQ + /sqrt(rank) vs /sqrt(d) (supergrok2.h:227-228 vs supergrok2_bilevel_adjoint.h:156-157), diverges N>64; gate REPORTS via N>64 fidelity probe, not suppressed.",
        "DISTRIBUTED PRE-TESTS (agent-a3b054528dd318870.jsonl, task #25, commit ef433ac, production 33/33-green): sharded_optimizer_kernel<Opt> == in-kernel P3 fused tail bit-identical (torch.equal, maxd=0) for {adamw,lion,grokfast}x{decoder,vit,mamba}; DP=2 loopback both ranks cuda:0 cross-rank+3xA/A/A bit-identical; CUDA-graph [fused-step->sharded-opt] 5 replays maxd=0. 16/16 tests green, _ops untouched, builds isolated in /workspace/.torch_ext."
      ],
      "bugs": [
        "compile.py header-edit cache blindness: _hash_sources (compile.py:2264) hashes only explicit *.cu/*.cpp sources; _resolve_sources (compile.py:8631) never returns .cuh/.h headers; is_aot_fresh gate (compile.py:14189) -> editing a kernel header + re-running autotuner is a cache HIT, skips rebuild/re-tune (HIGH; reported, unfixed in shard)",
        "Autotuner silent-drop of non-SAFE dims: _export_kernel_tuned_json (compile.py:13994, docstring 14001-14002) persists only 5 SAFE dims to _kernel_tuned.json; new wgmma/pipeline dims are dropped from the JSON setup.py bakes unless _tuned_inject.export_winner allowlist is expanded (HIGH; reported, unfixed in shard)",
        "dispatch.py:546 _KERNEL_PROBE_NAMES lists 'sg15_fused_step' but the real binding is 'supergrok15_fused_step' (bindings.cpp:3518) -> probe permanently false, currently masked by other any()-probes (reported in cleanup inventory agent-aa6d0a8b)",
        "README.md:10-16 claims sm_90 'verified on real silicon / 11/0 parity / 8/11 grok' but HARDWARE_VALIDATION.md marks every cell 🟡 (compile-verified only) at :63-77 and :79-111 — direct doc contradiction (reported in cleanup inventory)",
        "_kernel_tuned.json atomicity/corruption at product-build time is untested (compile.py review section 4.2) and setup.py import-order vs the compile_config alias shim is unverified (3.1) — both flagged UNCONFIRMED by the prior agent"
      ],
      "dead_code": [
        "~26 zero-Python-ref exported pybind bindings re-verified in agent-aa6d0a8b cleanup inventory (underlying C++/device fns kept): grokfast_ema/grokfast_adam (bindings.cpp:3477/3478), grokadamw_clip_step (3463), looksam non-_all variants (3498-3505), muon_momentum_normalize/muon_ns_combine[_update_fused] (3510-3512), sg15_sam_perturb (3517), prodigy_dlr_reduce (3486), moe_scan_compacted — DELETE-binding candidates only, flagged against an in-flight tree so re-verify vs current HEAD before acting",
        "Phantom optional-import emitter: compile.py:12320 'from grokking_optimizers.codegen import emit_variant_source, CodegenError' (module absent, try-guarded) = a stubbed variant-source emitter, conceptual ancestor of the later _dectc_codegen PTX-edit path; compile.py:14831 compile_config import resolves via runtime alias (KEEP - deliberate consolidation shim, not dead)",
        "Surrogate csrc/fused/sm_90/model_stages.cuh + old fused_megakernel.cuh path: cleanup inventory marks DELETE only AFTER all real per-model stage headers land + the 33 cells re-point (post-siblings execution item, not currently removable)"
      ],
      "digest_path": "/workspace/phase0c/archive_shard3.md"
    },
    {
      "name": "arc_4",
      "area": "Archive shard 4/8 — prior-session transcript mining (24 jsonl; H100 L3-TC wgmma megakernel campaign: prodigy NaN fix, wave-2 vit lane, compile-layer plan, Fable overnight orchestrator)",
      "files_fully_read": [
        "/workspace/phase0c/archive_shard4.md",
        "claude_session_archive/projects/-/80b51e31-b580-43b6-8244-fd7633ee1338/subagents/agent-a4599501cf3e4acb1.jsonl (matched segments)",
        "claude_session_archive/projects/-workspace-SuperGrok1-5/122b3aee-fa74-43c0-936d-39ff1eca854f/subagents/workflows/wf_694d43eb-253/agent-a64577e2c484fddd8.jsonl (matched segments)",
        "claude_session_archive/projects/-/752ebb5c-07a7-4eb6-bb99-b68f45f768ba.jsonl (matched segments)",
        "claude_session_archive/projects/-/80b51e31-b580-43b6-8244-fd7633ee1338/subagents/agent-ab87b30415aef88b7.jsonl (firstlast+last)",
        "claude_session_archive/projects/-workspace-SuperGrok1-5/122b3aee-fa74-43c0-936d-39ff1eca854f/subagents/agent-ad726484e6f77dd23.jsonl (firstlast+last)",
        "claude_session_archive/projects/-/80b51e31-b580-43b6-8244-fd7633ee1338/subagents/agent-a04ac217433c9fe86.jsonl (last report)",
        "claude_session_archive/projects/-workspace-SuperGrok1-5/122b3aee-fa74-43c0-936d-39ff1eca854f/subagents/agent-a9b74825ee2407fb9.jsonl (last report)",
        "claude_session_archive/projects/-workspace-SuperGrok1-5/122b3aee-fa74-43c0-936d-39ff1eca854f/subagents/agent-a68e8db68f08a7952.jsonl (last report)",
        "claude_session_archive/projects/-workspace-SuperGrok1-5/122b3aee-fa74-43c0-936d-39ff1eca854f/subagents/agent-ac1dfcae2c3e7ff56.jsonl (last report)",
        "claude_session_archive/projects/-workspace-SuperGrok1-5/122b3aee-fa74-43c0-936d-39ff1eca854f/subagents/agent-a7916f7209e007852.jsonl (last report)",
        "11 further shard files characterized via first-prompt + final-message extraction (a64aa97,a92bb750,ad8bedd6,aa6e79db,a2ef7ccd,a40fe0be,ae2fa1ab,acb5c98e,a1ce0f8e,a45cc1db,aad121e8,a9cbf5f9,a68597b8,87373acc)"
      ],
      "top_findings": [
        "UPGRADED L3-TC prodigy NaN+nondeterminism fix needs TWO defects fixed, attribution-proven (agent-a4599501): (1) NaN = ragged-tile GEMM OOB over-read fixed by m_atoms=ceil(nrows/64) clamp in model_stage_{decoder,vit,mamba}_tc.cuh dectc_gemm_fwd (reads X/dY rows [nrows,kTileM) into workspace tail where P2.6 d-values sit; finite fresh, NaN on reuse via bf16 wgmma grad~1e20); (2) non-determinism = prodigy P2.6 work-steal reduction, fixed by FIXED-PARTITION flat reduce mirroring grokadamw P2.5. Attribution: work-steal+m_atoms=20/20 nondet/0 NaN; both fixes=0/20.",
        "Wave-2 vit lane (wf_694d43eb): split-K dW added to model_stage_vit_tc.cuh + fused_vit_megakernel.cuh -> 4.60->5.73 TF/s (1.24x); grokadamw/vit GREEN 5.69; muon/vit GREEN 4.06 (P2.7 grid-cooperative Newton-Schulz, 11 kVitMuon2D matrices, needs append-only FusedScalars aux_lr/aux_beta1/aux_beta2 for the 1D AdamW group's independent HPs); prodigy/vit A/A/A-NaN regressed; looksam/SG11/SG15/SG2 BLOCKED loud+cited.",
        "SG11 gate clamp->sigmoid canonical-math change COMMITTED 1d3c8a6 (agent-ab87b30): gate=sigmoid(gate_temperature*cos), new sg11_finalize_gate() in csrc/algorithms/supergrok11.h, gate_temp plumbed through FusedScalars ABI + 3 megakernel callers; check_math_single_source updated+PASS; SG11 dec/vit/mamba PASS (rel 2.84e-8/4.04e-8/5.57e-8); wiring_check 33/33.",
        "Fable orchestrator overnight report (752ebb5c): 19 commits all-green; decoder d=1024 2.15x (10.2 TF/s), decoder prod 3.28x (32.8ms), vit prod 1.35x (spills 6.4KB->0), all-33 roofline mean 0.38%->1.15% wgmma; 4 kept opts (M-atom-interleave -> O(d.T) embed-grad 60x phase win -> dW-interleave -> vit/mamba port); ROOFLINE REALITY = ~0.2-1.3% bf16 peak is PHYSICS of tiny models (d=128, seq4-17, 0.4M params), not missing optimization.",
        "Compile-layer plan (agent-a04ac217, read-only): tuner searches WRONG dims - grid shape HARD-PINNED one-CTA/SM in host launchers (fused_decoder_megakernel.cuh:284,291; vit:807-817; mamba:299,307), no multi-CTA/split-K dim in _sm90_full_space (compile.py:1834-1926); SG_TUNED_TILE_N/TILE_M/SPLITK all unswept; 0/33 cells tuned (_kernel_tuned.json absent); sccache NOT installed so CUDA TUs uncached (compile.py:10189-10192).",
        "compile.py single-writer fix-wave (agent-a9b74825): 10 fixes, 238 self-tests green (was 231); P0.1 header-blind cache now folds #include closure into source_hash; P0.2 persists ALL macro winner dims; P0.3 _DEAD_KEY_DIMS revive bug fixed; HIGH.4 batched-Bayesian DEFERRED (shared ninja build_dir + torch.ops global race). Pairs with the #12 tuner JIT-import defect (bindings.cpp:3439 PYBIND11_MODULE(_ops) module-name pinning).",
        "Phase-2 multi-GPU authoring COMMITTED ab8c313 (Lane C, 18 files/4637 lines): NVSHMEM NOT installed (TP on bit-exact loopback seam, NvshmemTransport only under -DSG_HAS_NVSHMEM); ZeRO-3 FlatShardPlan+Zero3FlatParamStore; PP layer-range patch PTX-identity (sole delta one reordered mov) + 1F1B + PP=2 BIT-identity gate; 55 CPU tests green; 8x residual = NVSHMEM-TP validation + scaling measurements.",
        "Flat-stride bug-class audit (agent-ac1dfc): 2 REAL bugs found+fixed in model_stage_vit.cuh vit_linear_bwd (out_proj ldDX 128->512 dctx-into-ff0; in_proj ldY 384->512 dqkv-into-gact); ~70 seams checked; mamba3/SG2/opt_stages_precompute/decoder-driver CLEAN."
      ],
      "bugs": [
        "NaN root cause (FIXED in prior session, verify present in live tree): ragged-tile GEMM OOB over-read in model_stage_{decoder,vit,mamba}_tc.cuh dectc_gemm_fwd/_fwd_f32/dx_f32 — issues full kAtomsM M-atoms for ragged last tile, reading X/dY rows past valid data into workspace tail; fix is m_atoms=ceil(nrows/64) clamp",
        "Non-determinism (FIXED, edit-war risk): prodigy P2.6 work-steal reduction (prodigy_precompute_reduce_phaseA + bar.sync_reset(ctx.g_next_task)) in fused_{decoder,vit,mamba}_megakernel.cuh exposes a latent GridBarrier cross-CTA visibility weakness (csrc/fused/megakernel_common.cuh uses volatile+__threadfence legacy pattern); fix = FIXED-PARTITION flat reduce. Peer agents repeatedly reverted the fix to work-steal — orchestrator must keep fixed-partition or determinism regresses",
        "neuralgrok learned amplifier FROZEN at random init: mark_amplifier_dirty() (grokking_optimizers/optimizers/neuralgrok.py:295/302) has ZERO callers, so the fused kernel uses initial random MLP weights for the whole run; also get_weights() drops the middle layer for neural_layers=3 (neuralgrok.py:94-96). Fix = call opt.mark_amplifier_dirty() after aopt.step() in train_neuralgrok",
        "JIT tuner-validation defect (pre-existing): csrc/bindings/bindings.cpp ~line 3439 pins PYBIND11_MODULE(_ops), so torch cpp_extension load()'s import-by-extension-name step can never succeed for grokking_compiled_<hash> JIT modules — blocks the autotuner's TimingWorker from timing real TC variants",
        "HIP n_tasks fix incomplete: csrc/bindings/dispatch.cpp:418 still buggy (agent-ae2fa1ab) — gfx942 path not yet current",
        "SG2 fused step cannot run standalone on this build: a [-1,44] reshape inside launch_csa_hca_step vs input size 192 (kernel-internal CSA/HCA config mismatch) — SG2 parity blocked at kernel level (agent-acb5c98)"
      ],
      "dead_code": [
        "grokadamw Q3 quantization: grokadamw_step_q3 binding (csrc/bindings/bindings.cpp:3349) is unreachable — the Python class never calls it (agent-a7916f72). NOTE: optional mechanism, not necessarily prune-worthy — flag, do not auto-remove",
        "grokadamw gamma/decay constructor args (grokking_optimizers/optimizers/grokadamw.py): accepted by __init__ but the *_fused_step call has no slot — dead constructor args (ad726 removed the dead c.get reads from the race side)",
        "sg11 lamb/ramp and sg2 lamb_eff: passed-but-(void)-ed in the kernels (vestigial, agent-a7916f72)",
        "mb_linear / mb_linear_bwd in model_stage_mamba3.cuh: defined but never called (every mamba linear-bwd is hand-rolled inline); mb_linear_bwd carries the latent packed-stride form but has no live reader — left untouched per 'don't fix unused' (agent-ac1dfc)",
        "pre-forward _try_fused_step+continue pattern in 9 race train loops (neuralgrok/grokadamw/supergrok11/15/2/grokfast/muon/looksam/prodigy): dead because _FUSED_READY_OPTIMIZERS=('adamw','lion') only (dispatch.py) — removed by agent-ad726 fix #6",
        "_FUSED_REGISTRY={} (grokking_optimizers/dispatch.py:601): the L3 'fused (model,opt,arch) megakernel' has_fused() path is dead in the race; trainers fall through to per-optimizer fused _ops.* kernels (known/intended TP — eager models + fused optimizers)"
      ],
      "digest_path": "/workspace/phase0c/archive_shard4.md"
    },
    {
      "name": "arc_5",
      "area": "Archive shard 5/8 — prior-session transcript mining (24 jsonl files): roofline re-measure, Fork-B decoder TC kernel, d-scaling, cp.async ring, SG2/SG11 fixes, autotuner, kernel-audit synthesis",
      "files_fully_read": [
        "claude_session_archive/projects/-workspace-SuperGrok1-5/122b3aee-fa74-43c0-936d-39ff1eca854f/subagents/agent-ae4e8350c4947f417.jsonl",
        "claude_session_archive/projects/-workspace-SuperGrok1-5/122b3aee-fa74-43c0-936d-39ff1eca854f/subagents/agent-a6bd46c6f23dd4843.jsonl",
        "claude_session_archive/projects/-/80b51e31-b580-43b6-8244-fd7633ee1338/subagents/agent-a5003ea822de6977a.jsonl (final report + decisions)",
        "claude_session_archive/projects/-/80b51e31-b580-43b6-8244-fd7633ee1338/subagents/agent-a64c698394f7c1df4.jsonl (final report)",
        "claude_session_archive/projects/-/752ebb5c-07a7-4eb6-bb99-b68f45f768ba/subagents/agent-a079345f308cf15d1.jsonl (final report)",
        "claude_session_archive/projects/-workspace-SuperGrok1-5/122b3aee-fa74-43c0-936d-39ff1eca854f/subagents/agent-a85cab5cdd4fd683c.jsonl (final report)",
        "claude_session_archive/projects/-workspace-SuperGrok1-5/122b3aee-fa74-43c0-936d-39ff1eca854f/subagents/agent-a1fdf95c388e480da.jsonl (final report)",
        "claude_session_archive/projects/-workspace-SuperGrok1-5/e69607ce-7cb4-47e7-8308-f6c08fdafbf9/subagents/workflows/wf_8a69963d-cb9/agent-ab04d209ad183314a.jsonl (final synthesis)",
        "all 24 shard files: task prompts + matched high-value segments read"
      ],
      "top_findings": [
        "ROOFLINE headline (agent-ae4e8350 L2453-2468, clean min-of-3 fp32): L3-scalar megakernel is SLOWER than eager at production scale — decoder eager>=4.9x L3, vit>=14.8x, mamba>=1.2x; TC(bf16) is fastest megakernel path (decoder 1.467/vit 1.135/mamba 1.504 TF/s) and mamba TC BEATS mamba eager. Honest negative result kept per no-suppression.",
        "FLOP-TRAP (agent-ae4e8350 L63,L2450): a fused megakernel registers ~ZERO FLOPs in torch.profiler (2.2 vs 42.3 GF/step, 19x); roofline.py pass-3 must set use_fused=False. Precision gate: _try_fused_train_step returns None unless matmul_precision==fp32, so bf16-default decoder ran eager+L1 not L3.",
        "Fork-B decoder TC kernel (agent-a6bd46c6) fully authored+validated: loss rel 2.5e-4, grads layer-0~=layer-1 (max wt 0.098/bias 0.070), determinism A/A/A bit-exact, dW-GEMM isolation 3.3e-7, SASS 18x HGMMA.64x128x16.F32.BF16 + 0 spills + 251 regs + occ=1. THREE backward bugs found+fixed: ff0/in_proj dX Kin/Nout swap (4x overflow), dW double-mbase, single-buffered per-layer LN/qkv/ff0pre/attn caches.",
        "Task #14 (agent-a5003ea, commit 555c0bc): TC megakernel smem is d-INDEPENDENT (~13.5KB) and builds end-to-end up to d=2048; the dead scalar fallback megakernel ptxas HARD-STOPS at d>=768 (329,688B smem) and is now compile-gated SG_DEC_SCALAR_MEGAKERNEL (default ON). roof% FLAT at 0.49% across d=128->1024 (achieved TF/s 1.4->4.9); open lever = multi-CTA-per-tensor tiling, not d.",
        "ENDGAME #13 cp.async ring (agent-a64c698): clean revert; ring BLOCKED on current engine by (a) fp32-weights-on-read can't async the dominant operand, (b) dW transposed-strided needs TMA-transpose (phase-2), (c) shared tc_gemm_block_unpipelined already at 255 regs with 2636/2672B spills = no headroom. Live baseline d=1024 B=16384 = 968.5ms / 10.23 TF/s / 1.03% MFU. cp.async/mbarrier infra EXISTS (tile_pipeline.cuh/warp_specialize.cuh) but unwired into megakernel.",
        "Lane D ring (agent-a079345) delivered fwd/dX-only cp.async ring as patch .regpressure/0005-decoder-cpasync-ring-fwddx.patch (on 642e360+0001+0002): LDGSTS.128 0->32/kernel, single-pass cells 0->0 spills, wgmma web SASS-identical (parity by construction); GPU keep-if-better gate OWED. Sidesteps blocker (a) via bf16 prestage (patch 0001).",
        "d=1024 bench OOM (agent-a64c698): tuning/decoder_bench.py --d 1024 OOMs 191.97 GiB at HEAD due to commit 7656ea6 unconditionally carving SG2 kDecSG2Nmax=4d^2 scratch even for AdamW; ~35-line SG_DEC_BENCH_LAYOUT gate (fused_decoder_megakernel.cuh:443-455) fixes it, was reverted, must re-apply first next session.",
        "SuperGrok2 sg2_meta_tail (agent-a85cab, commit 48e4364): full CSA/HCA/PEER/GRU meta-net persistent megakernel wired+parity-validated (B1 max|dparam| 4.66e-10, max|dslow| 0 exact, max|dmu| 2.16e-6); 4 files, header untouched. Also fixed a gate-invisibility bug (@hw was skipif so -m hw matched 0 tests / vacuously green)."
      ],
      "bugs": [
        "LIVE-AT-TRANSCRIPT-TIME, since FIXED: muon_sm90.cuh:258 inverted weight-decay (p + neg_lr_scale*y - decay_factor*p retains 2% not 98% of param; host decay_factor=1-lr*wd=0.98) — synthesis P1 (agent-ab04d209); verified FIXED in live repo (gfx942 muon_gfx942.hip.hpp:215-220,247-249 now mul_(decay_factor) with explicit 'previous mul_(1-decay_factor) inverted it' comment; sm_90 path reorganized away from that file).",
        "SuperGrok11 apply branch on the DEAD path (agent-af30a39 L153): apply_optimizer<SuperGrok11> used sg11_sweep_b_step (g+(1-gate)*alpha*mu) instead of the LIVE eager g_eff = grad + lamb_eff*mu where lamb_eff=ramp*lamb*(1-gate)*alpha — differ by ramp*lamb factor (per-tensor for SG11). Session interrupted before fix landed.",
        "SuperGrok2 grokfast lamb*slow term silently (void)-ed + mu repurposed in canonical sg2_apply_step (csrc/algorithms/supergrok2.h) — source fix authored (agent-a1fdf95) restoring slow_state + lamb_eff (smart_grad = g + alpha*mu_new + lamb_eff*slow_new), not committed.",
        "grokking_race_v2.py wraps opt.sam_step/bilevel_step/meta_step in 'except Exception: warnings.warn' so SuperGrok2's sam_step was 100% broken for weeks unnoticed (known reference case cited in suppressed-functionality audit agent-ad78e252).",
        "Recurring 'source-written-but-eager' false-done: a cell is only DONE when fresh FORCE_CUDA=1 ./build.sh + wiring_check.py prints path=L3-TC-megakernel(wgmma) AND tail_gate A/A/A passes; prior false-done caused a 23-vs-16 wiring drift (agent-af30a39, agent-a9ed515)."
      ],
      "dead_code": [
        "Dead-but-PRESERVED-by-design scalar fallback decoder megakernel (fused_decoder_megakernel *SampleSmem per-sample path) — wiring 33/33 NEVER uses it; compile-gated SG_DEC_SCALAR_MEGAKERNEL (default ON) in fused_decoder_megakernel.cuh; ptxas hard-stops it at d>=768. This is the intentional decouple (commit 555c0bc), NOT to be removed — production is the TC wgmma path (agent-a5003ea).",
        "PRIOR-STATE (not current): grokking_optimizers/dispatch.py:601 _FUSED_REGISTRY = {} (intentionally empty) made has_fused() always False so the eager race never reached the fused sm_90 kernels (agent-ab04d209 synthesis) — verified _FUSED_REGISTRY no longer present in live dispatch.py, so this is stale handoff history, not a current dead-code claim.",
        "Dead tuner dim neuralgrok inner_steps (stored in defaults, never read by step()) removed in agent-a1fdf95 source fix; sg11/sg2 DEAD sweep_b vs LIVE g_eff paths coexist in the opt headers (the DEAD one was wired by SG11 apply — see bugs)."
      ],
      "digest_path": "/workspace/phase0c/archive_shard5.md"
    },
    {
      "name": "arc_6",
      "area": "Archive shard 6/8 — prior-session transcript mining (claude/h100-audit-maximal campaign: L3-TC cell conversion 4→33/33, overnight H1/H2/H3 perf hill-climb, d=2048 roofline-maximization design, reg-pressure + parallelism + TPU/gfx942 pre-work)",
      "files_fully_read": [
        "/workspace/SuperGrok1.5/claude_session_archive/projects/-workspace-SuperGrok1-5/122b3aee-fa74-43c0-936d-39ff1eca854f.jsonl (21.8MB main transcript — all user-directive turns + cell-count arc + final fork read in full; tool-result spans skimmed)",
        "/workspace/SuperGrok1.5/claude_session_archive/projects/-/80b51e31.../subagents/agent-a1ae398ae64e7092c.jsonl (roofline-max d=2048 playbook)",
        "/workspace/SuperGrok1.5/claude_session_archive/projects/-/80b51e31.../subagents/agent-ac4e1130b65eb27d4.jsonl (SG11/SG15 host meta-net)",
        "/workspace/SuperGrok1.5/claude_session_archive/projects/-/80b51e31.../subagents/agent-ae0856cce1c9dfe22.jsonl (mamba A/A/A race fix)",
        "/workspace/SuperGrok1.5/claude_session_archive/projects/-/80b51e31.../subagents/agent-a98901b9663f29dd8.jsonl (final validation smoke)",
        "/workspace/SuperGrok1.5/claude_session_archive/projects/-/80b51e31.../subagents/agent-a50fc0496349c36c4.jsonl (parallel_config pre-work)",
        "/workspace/SuperGrok1.5/claude_session_archive/projects/-/80b51e31.../subagents/agent-a65960d8eb08f362d.jsonl (vit distinctive-math audit)",
        "/workspace/SuperGrok1.5/claude_session_archive/projects/-/752ebb5c.../subagents/agent-a194376b46c25c553.jsonl (Lane-B reg-pressure + full morning report)",
        "/workspace/SuperGrok1.5/claude_session_archive/projects/-workspace-SuperGrok1-5/122b3aee.../subagents/agent-a863dcbebb3b558d9.jsonl (decoder real-adamw PHASE-1)",
        "/workspace/SuperGrok1.5/claude_session_archive/projects/-workspace-SuperGrok1-5/122b3aee.../subagents/agent-a6d9f8f069c84c293.jsonl (decoder-TC bias fix)",
        "/workspace/SuperGrok1.5/claude_session_archive/projects/-workspace-SuperGrok1-5/122b3aee.../subagents/agent-ae55432a93eb83a38.jsonl (prodigy P2.6 fixed-partition)",
        "/workspace/SuperGrok1.5/claude_session_archive/projects/-workspace-SuperGrok1-5/122b3aee.../subagents/agent-aa0e3c37b0520c256.jsonl (9 optimizer precompute stages)",
        "/workspace/SuperGrok1.5/claude_session_archive/projects/-workspace-SuperGrok1-5/122b3aee.../subagents/agent-a43b87bd5da6079f6.jsonl (SG2 meta-net in-kernel)",
        "/workspace/SuperGrok1.5/claude_session_archive/projects/-workspace-SuperGrok1-5/122b3aee.../subagents/agent-ad0c5b2f4586bf610.jsonl (vit/mamba integrator)",
        "/workspace/SuperGrok1.5/claude_session_archive/projects/-workspace-SuperGrok1-5/122b3aee.../subagents/agent-ada2f0e60b2e71d6e.jsonl (race-harness audit)",
        "/workspace/SuperGrok1.5/claude_session_archive/projects/-workspace-SuperGrok1-5/122b3aee.../subagents/agent-ac32a82f161af5daf.jsonl (compile.py 21001-28041 review)",
        "/workspace/SuperGrok1.5/claude_session_archive/projects/-workspace-SuperGrok1-5/122b3aee.../subagents/agent-a2309b8411926a710.jsonl (SG11 secondary fix)",
        "/workspace/SuperGrok1.5/claude_session_archive/projects/-workspace-SuperGrok1-5/122b3aee.../subagents/agent-a30c9b9afbc6633d8.jsonl (TPU pallas tunables, incomplete)",
        "/workspace/SuperGrok1.5/claude_session_archive/projects/-workspace-SuperGrok1-5/122b3aee.../subagents/workflows/wf_22d3ec02/agent-af69ae1b2844d05e2.jsonl (SAM-tier-2 looksam lane)",
        "/workspace/SuperGrok1.5/claude_session_archive/projects/-workspace-SuperGrok1-5/122b3aee.../subagents/workflows/wf_694d43eb/agent-ae687b16d45c9251c.jsonl (mamba wave-2, died on rate-limit)",
        "/workspace/SuperGrok1.5/claude_session_archive/projects/-workspace-SuperGrok1-5/e69607ce.../wf_8a69963d/agent-a61ac501f24dc8300.jsonl (repo cleanup plan)",
        "/workspace/SuperGrok1.5/claude_session_archive/projects/-workspace-SuperGrok1-5/e69607ce.../wf_8a69963d/agent-ac12c67849e8e592f.jsonl (SG2 PEER shape-bug trace)",
        "remaining 3 tiny files (agent-ab23531c, wf_f0fca671 journal, agent-a2309b8) read in full"
      ],
      "top_findings": [
        "TERMINOLOGY MISMATCH: the brief's baked-lever names SG_TUNED_DEC_FWD_PIPE/FWD_STAGES(+1.49x)/DW_STAGE(+2.05x)/P1_SUBTILE_S=8(+4.02x) and '_dectc_codegen PTX-edit variants' do NOT appear in this shard; this shard's overnight levers are H1/H2/H3 with different multipliers (627d134/c67cb66/a12c376). The '_dectc' token here is only the dectc_* engine-function family, not a PTX codegen. The FWD_PIPE/SUBTILE naming is a LATER session",
        "The 4 KEPT overnight optimizations (morning report, agent a194376b REC8, HEAD=642e360, 33/33 wiring): H1=627d134 M-atom-interleaved wgmma (2 atoms share staged B-tile, halved weight HBM, d1024 -22%); H2=c67cb66 O(d*T) embed-grad CSR + single-owner bias reduce (grad_asm 520.7->8.7ms 60x, prod 3.0x); H3=a12c376 dW-tile interleave (-30.7%); ports 5273f99/f560b89 to vit(spills->0)/mamba. Headline: decoder d128 3.28x, all-33 roofline 0.38%->mean1.15%",
        "d=2048 roofline-maximization playbook (agent a1ae398a) is the upgraded-L3-TC design: Piece1 d2048 benchmark (cell dims baked constexpr in decoder_layout.cuh:23/vit_layout.cuh:37/mamba3_layout.cuh:30, SSOT megakernel_codegen.py:567/702/891, only --decoder-layout emitter works); Piece2 autotuner gaps (no TILE_M/TILE_N/DW_SPLITK in compile.py _sm90_full_space:1834, _kernel_tuned.json ABSENT, GEMM-BLIND timer compile.py:13470 times only opt.step()); Piece3 multi-CTA-per-tensor (grid pinned launch_ctas=n_sms decoder:994/vit:1020/mamba:915)",
        "Mamba A/A/A race fix (agent ae0856cc, commit 0b57f7e, 26->28/33): root cause = mb_scan_bwd (model_stage_mamba3.cuh:535) ~2KB/thread frame spills; SAM 2nd-pass crosses spill threshold -> ptxas spills the 64-reg projection-GEMM fp32 accumulator INSIDE the wgmma window (STACK 2112 deterministic vs STACK 3024 LookSAM racy); sanitizers all 0. Fix: fuse dB/dC reduce + drop a_save(recompute) + __noinline__ on tile fns",
        "SG11/SG15 host meta-net (agent ac4e1130, commit 97b070e, ->33/33): wired host-side bilevel meta_step + phi-snapshot into train_supergrok/15 (neuralgrok pattern, host Python only); rescale moves off 0 (SG11 0->+7.5e-3), mu nonzero, real L3 wgmma fires; honest memorize-then-collapse, does NOT grok. SG11/15 rescale=0->mu=0 degenerating to AdamW was INTENDED (tunable), confirmed by vit distinctive-math audit (agent a65960d8: all 8 opts authentic, none secretly AdamW)",
        "Decoder-TC FORWARD bias bug (agent a6d9f8f): dectc_forward_tile omitted in_proj/out_proj/ff0/ff2 biases (only head out_b present), masked by 0.15 grad tol; fixed in HEAD via 95d9b76, loss rel 2.52e-4->2.85e-5. PROCESS GAP: commit 95d9b76 msg claims '+tightened gate' but diff touched only .cuh; the bug-catching 1e-4 gate (test_decoder_tc.py:493) was never committed",
        "Final validation (agent a98901b9, HEAD f78a9e2 33/33): prodigy/decoder GROKS step 1270 (L3-TC bf16, test-confirmed), SG11/decoder memorize-then-collapse; multi-step training proven intact. Parallelism Phase-2 pre-work (agent a50fc04, commit 26517ac): parallel_config.cuh ParConfig<DP,TP,PP,SP,ZeRO> + all 11 OptIds x {SingleGPU,ZeRO-2,ZeRO-3} compile-clean",
        "Owner directive arc (main transcript): metric=roofline-ceiling not watts (REC3719), NO functionality suppression (REC3167), bf16 default (REC4110), NO CUDA graphs->persistent megakernels (REC4230), SG2 meta in-kernel (REC4998), L3-TC ONLY in production remove eager+L3-scalar (REC8024/8461), max batch per model. FINAL turn REC9325 ('scale up the task not more optimizations') = genesis of the d=2048 campaign"
      ],
      "bugs": [
        "Decoder-TC test gate is silently un-tightened: commit 95d9b76 shipped the .cuh bias fix but its message lied about '+tightened gate'; _TC_LOSS_REL stayed slack 5e-3 in committed history so tests/hw/test_decoder_tc.py cannot catch the bias-omission regression; the 1e-4 gate exists only uncommitted at test_decoder_tc.py:493 (agent a6d9f8f report)",
        "Mamba x adamw cell BLOCKED by a forward-LN stride bug in frozen model_stage_mamba3.cuh lines 699/704 (agent ad0c5b2); seam exonerated by bypass harness, needs owner sign-off to edit the frozen header",
        "Race-harness patience is UNREACHABLE: grokking_race_v2.py:261 patience counts EVALS not steps; with eval_every 100->10 every run hits max_steps and wall_time/total_steps stop differentiating (agent ada2f0e H1); also confirmed live in agent a98901b9 (prodigy ran to 15000-step cap despite grokking at 1270)",
        "Race-harness component_failures dict dropped from JSON output (agent ada2f0e H2); matmul_precision bf16 not recorded in OPTIMIZER_CONFIGS provenance (M4)",
        "gfx942 (PRESERVED tree): __nv_bfloat16-in-HIP dtype map is a load-bearing bug for bf16/fp8 synth + zero-fragment MMA mainloops numeric hazard (agent ac32a82 compile.py 21001-28041 review)",
        "tpu_v6e (PRESERVED tree): pre-fix Pallas SG2 live path _pallas_fused.py sg2_update silently dropped the grokfast slow-EMA and mis-scaled the expert term (FIXED in the archived TPU lane, main transcript REC6650); day-1 gap: prodigy persistent beta3 r/s EMA real divergence on TPU live path still open",
        "Tuner JIT path structurally broken: bindings.cpp pins PYBIND11_MODULE(_ops) so a JIT variant module can never import; #12 tuner GPU validation INCOMPLETE, partial fix preserved at /workspace/.orphan_12_jit_fix.diff (morning report)",
        "SG2 workspace design does not scale: 199GB at d=1024 (de-pinned 7656ea6, bench scopes it out 642e360); needs a workspace redesign before SG2 can run at the d=2048 roofline scale (morning report)"
      ],
      "dead_code": [
        "work-steal helpers prodigy_precompute_reduce_phaseA/B in opt_stages_precompute.cuh are UNUSED by the active decoder/vit path after the fixed-partition P2.6 rewrite (agent ae55432) — but EXPLICITLY KEPT for the dormant mamba branch reference, so NOT dead by design",
        "optimizer_precompute_stage<Opt> is a real stage only for Prodigy(phaseA); for Muon/SG11/SG15 it is an intentional documented no-op (per-shape helpers do the work) — by design, not dead (agent aa0e3c37)",
        "grokking_race_v2.py config key log_every is never read (agent ada2f0e M8); lion betas[1]=0.99 is hardcoded and not settable (L2) — minor config dead-ends, not removable kernel code"
      ],
      "digest_path": "/workspace/phase0c/archive_shard6.md"
    },
    {
      "name": "arc_7",
      "area": "Archive shard 7/8 — prior-session transcript mining (wgmma-substrate bringup + per-cell L3-TC conversion campaign, 2026-06-09 to 06-12)",
      "files_fully_read": [
        "claude_session_archive/projects/-workspace-SuperGrok1-5/122b3aee-fa74-43c0-936d-39ff1eca854f/subagents/workflows/wf_694d43eb-253/journal.jsonl",
        "claude_session_archive/projects/-workspace-SuperGrok1-5/122b3aee-fa74-43c0-936d-39ff1eca854f/subagents/workflows/wf_22d3ec02-e19/journal.jsonl",
        "claude_session_archive/projects/-workspace-SuperGrok1-5/122b3aee-fa74-43c0-936d-39ff1eca854f/subagents/agent-ae6f9cfa0856dc56a.jsonl (matched segments + final report)",
        "claude_session_archive/projects/-workspace-SuperGrok1-5/122b3aee-fa74-43c0-936d-39ff1eca854f/subagents/agent-a87939bd911d7493b.jsonl (final report + matched segments)",
        "claude_session_archive/projects/-/80b51e31-b580-43b6-8244-fd7633ee1338/subagents/agent-a228af2616024c94c.jsonl (final report + segments)",
        "claude_session_archive/projects/-/80b51e31-b580-43b6-8244-fd7633ee1338/subagents/agent-ac596b81e509ded54.jsonl (final report)",
        "claude_session_archive/projects/-/80b51e31-b580-43b6-8244-fd7633ee1338/subagents/agent-a550294e2b5aa31a2.jsonl (final report)",
        "claude_session_archive/projects/-/80b51e31-b580-43b6-8244-fd7633ee1338/subagents/agent-ae39cd4d033209210.jsonl (full audit report)",
        "claude_session_archive/projects/-workspace-SuperGrok1-5/122b3aee-fa74-43c0-936d-39ff1eca854f/subagents/agent-ab266aa13723be112.jsonl (final report)",
        "claude_session_archive/projects/-workspace-SuperGrok1-5/122b3aee-fa74-43c0-936d-39ff1eca854f/subagents/agent-a06072956aa6839fc.jsonl (mechanism-drop table)",
        "claude_session_archive/projects/-workspace-SuperGrok1-5/122b3aee-fa74-43c0-936d-39ff1eca854f/subagents/agent-a4ee747e8b9de5a84.jsonl (wgmma substrate bugs)",
        "claude_session_archive/projects/-workspace-SuperGrok1-5/122b3aee-fa74-43c0-936d-39ff1eca854f/subagents/agent-a6e853f87463f0f87.jsonl (profile_maximal)",
        "claude_session_archive/projects/-workspace-SuperGrok1-5/122b3aee-fa74-43c0-936d-39ff1eca854f/subagents/agent-a3367899cdd0af81c.jsonl (mamba race root-cause, rate-limited)",
        "claude_session_archive/projects/-workspace-SuperGrok1-5/122b3aee-fa74-43c0-936d-39ff1eca854f/subagents/agent-aa26ca8d4c934d57e.jsonl (prodigy d-pin, API-cut)",
        "claude_session_archive/projects/-workspace-SuperGrok1-5/122b3aee-fa74-43c0-936d-39ff1eca854f/subagents/agent-ac35e460feb2ee6bf.jsonl (SG2 GRU fix)",
        "claude_session_archive/projects/-workspace-SuperGrok1-5/122b3aee-fa74-43c0-936d-39ff1eca854f/subagents/agent-ad3624ac54e923711.jsonl (SASS maximality)",
        "claude_session_archive/projects/-workspace-SuperGrok1-5/122b3aee-fa74-43c0-936d-39ff1eca854f/subagents/agent-a24f3c6b28e6bf91f.jsonl (binding hardening)",
        "claude_session_archive/projects/-/80b51e31-b580-43b6-8244-fd7633ee1338/subagents/agent-a6ab46a94bcabf1c3.jsonl (SG2 plan)",
        "claude_session_archive/projects/-/80b51e31-b580-43b6-8244-fd7633ee1338/subagents/agent-aa365e6b732d3be4d.jsonl (fit-ceiling)",
        "claude_session_archive/projects/-/752ebb5c-07a7-4eb6-bb99-b68f45f768ba/subagents/agent-ab8560fdde3bcb140.jsonl (Phase-2 multi-GPU)",
        "claude_session_archive/projects/-workspace-SuperGrok1-5/e69607ce-7cb4-47e7-8308-f6c08fdafbf9.jsonl (4MB main bringup, final state + segments)",
        "claude_session_archive/projects/-workspace-SuperGrok1-5/e69607ce-7cb4-47e7-8308-f6c08fdafbf9/subagents/workflows/wf_8a69963d-cb9/agent-acb0479f55a6e834e.jsonl (Muon WD bug)",
        "claude_session_archive/projects/-workspace-SuperGrok1-5/e69607ce-7cb4-47e7-8308-f6c08fdafbf9/subagents/workflows/wf_8a69963d-cb9/agent-a6eb0bc85afb24b9a.jsonl (LookSAM audit)",
        "claude_session_archive/projects/-workspace-SuperGrok1-5/122b3aee-fa74-43c0-936d-39ff1eca854f/subagents/agent-adbc6679815eb84f1.jsonl (R2.4, user-interrupted)"
      ],
      "top_findings": [
        "ERA: this shard (dated 2026-06-09..06-12) PREDATES the upgraded-L3-TC baked levers — zero hits for FWD_PIPE/FWD_STAGES/DW_STAGE/P1_SUBTILE_S/_dectc_codegen across all 24 files; the 1.49/4.02/2.05 grep matches are coincidental profiler/UUID fragments, not lever speedups. It documents the substrate the levers were later built on.",
        "wgmma race-path wired (agent-ae6f9cfa): new launcher TUs mega_{decoder,vit}_real_adamw_tc_launcher.cu + gemm_impl_for_cell; KEY PERF FACT = at grok sizes bf16 TC is SLOWER than eager-adamw (decoder ~0.57x, vit ~0.17x) and only mamba scalar-L3 beats eager (~1.8x); all 33 roofline rows <3% of roofline (latency-bound). No commit.",
        "OWNER BASELINE 'all 33 cells L3-TC' was NOT reached (agent-a87939bd): 4/33 converted (adamw+lion x{decoder,vit} wgmma, adamw/mamba scalar), 29 blocked each cited. Premise overturned: grokfast/grokadamw/neuralgrok are NOT 'nothing-needed' (state-aware gate catches grokfast ema cold-start rel 0.98). lion is the only genuinely-direct new convert.",
        "Committed perf win c67cb66 (agent-a228af2): embedding-grad assembly O(V.d.T)->O(d.T) via counting-sort + single-owner bias-reduce; d=128 production 105.8->35.4 ms (3.0x), grad_asm 80.6->8.0 ms; A/A/A bit-identical, wiring 33/33, test_decoder_tc 18/18.",
        "sm_90 autotuner 3-defect fix committed 84db23f (agent-ac596b81): (1) GEMM-BLIND winner-timer fixed (was timing opt.step() on dummy param via surrogate TU; now _time_megakernel_tc_step builds real-TC TU with tuned macros at compile.py:13179/13673), (2) added tile_m/tile_n/{dec,vit,mb}_dw_splitk dims -> SG_TUNED_* macros, (3) per-model tuned schema. This is the producer of the SG_TUNED_* macros the later baked levers extend.",
        "wgmma substrate had 3 correctness bugs fixed (agent-a4ee747): wrong CUTLASS K-major smem layout + descriptor LBO/SBO + TransB=1 (should be 0, gave A=I max_err 1.178); pipeline deadlock from elect_one_sync electing per-warp leader on init(1) barriers (fixed init(128)+all-128-arrive); 18/18 gates pass, no commit.",
        "Committed cells: looksam/vit GREEN fb997a9 (4.194 TF/s, A/A/A bit-identical); looksam/mamba land-dormant-BLOCKED 3725472; mamba muon 6cd6ce1 (25->26/33). Wave-2 vit (wf_694d43eb): muon/vit GREEN 4.06 + grokadamw/vit GREEN 5.69 via append-only aux_lr/aux_beta1/aux_beta2 FusedScalars widening; prodigy/vit REGRESSED (A/A/A NaN, not green).",
        "Mechanism-DROP audit (agent-a06072956): SG2 is the exemplar — lamb (void)-discarded at supergrok2_sm90.cuh:1805/1885 + mu buffer repurposed (slow-grad EMA ref vs expert-output EMA kernel); SG11 lamb dead-in-both vs SG15 lamb live (bindings.cpp:1358 vs :1486). All other 8 optimizers EQUIVALENT. parity infra is transcribed from kernels so cannot catch this class."
      ],
      "bugs": [
        "Muon L1 standalone inverted weight-decay: muon_sm90.cuh:256-258 computed p*(1-decay_factor) instead of canonical muon.h:71-72 p*decay_factor; retained ~2% of weights/step. FIXED in bringup session (agent-acb0479f / main e69607ce) -> Muon went flat-at-random to grokking at 600 steps. Verify shipped tree has the fix.",
        "SG2 lamb dropped + mu repurposed: supergrok2_sm90.cuh:1805,:1885 '(void)lamb_eff'; kernel runs g+alpha*mu_new with mu=expert-output EMA, while reference (supergrok2.py:2362-2364) is smart_grad + lamb_eff*(slow-grad EMA) -> race executes a different algorithm. Orthogonal GRU/sort fix (agent-ac35e460) addressed an 85%-wrong expert output but not the lamb-drop.",
        "SG11 lamb dead in every path: bindings.cpp:1358 '(void)lamb;(void)ramp;' while sibling SG15 (bindings.cpp:1486) runs the parallel lamb_eff=ramp*gate_signal*lamb mechanism live -> lying constructor arg, no-suppression collision (agent-a06072956).",
        "Mamba TC forward stale/uninitialized sA shared-memory read (un-isolated): zeroing field=1 (sA GEMM tile) fixes the first A/A/A call; causes nondeterministic grad (loss ~5e-5, grad ~1e-3, intermittent NaN) even on SAM-off steps; blocks 5 mamba L3-TC cells prodigy/looksam/sg11/sg15 (muon survives due to lower register pressure). Root cause not found before session was rate-limited (agent-a3367899).",
        "prodigy/vit L3-TC A/A/A NaN regression: nondeterministic, compute-sanitizer clean, reproduces only in gate re-run harness; likely from unconditional +2MB muon NS scratch growth in shared vit_tc_workspace_floats; not isolated, not masked (wf_694d43eb).",
        "fused_step n_tasks set to element count caused 4.1 GB OOB (compute-sanitizer caught) — fixed in bringup; flagged here as a historical plumbing hazard for the launcher boundary (main e69607ce)."
      ],
      "dead_code": [
        "Unbound/uncalled LookSAM L1 kernels: looksam_apply_kernel, looksam_apply_kernel_vec4_fp32, looksam_set_direction_kernel not bound to Python; looksam_direction_adjust_kernel bound but uncalled (agent-a6eb0bc audit). Not exercised by the race.",
        "TF32-RS GEMM kernel is runtime-dead: the float A-transposed path returns cudaErrorNotSupported -> scalar fallback (mma.cuh DOCUMENT-STOP); it is the source of the only register spill flagged by profile_maximal (agent-a6e853f). NOTE: gfx942/tpu_v6e/jax/pallas SKIPs in profile_maximal are preserved-by-design backends, NOT dead.",
        "SG_TUNED_VIT_TILE_M macro intentionally NOT swept by the autotuner: its static_assert requires a multiple of LCM(kSeq=17,64)=1088, so {64,128,256} all fail to compile -> only one legal value (agent-ac596b81). This is a deliberate skip, not dead code."
      ],
      "digest_path": "/workspace/phase0c/archive-shard-7.md"
    }
  ],
  "workflowProgress": [
    {
      "type": "workflow_phase",
      "index": 1,
      "title": "MegaRead"
    },
    {
      "type": "workflow_agent",
      "index": 1,
      "label": "compile.py:1-2350",
      "phaseIndex": 1,
      "phaseTitle": "MegaRead",
      "agentId": "adb6b53eead962ad7",
      "model": "claude-opus-4-8[1m]",
      "state": "done",
      "startedAt": 1782337842563,
      "queuedAt": 1782337842528,
      "attempt": 1,
      "lastToolName": "StructuredOutput",
      "lastToolSummary": "compile.py:1-2350 (autotuner head: docstring, imports, opti…",
      "promptPreview": "Repo root: /workspace/SuperGrok1.5. You are a Phase-0c EXHAUSTIVE reader (a prior pass grep-skimmed and missed things). READ YOUR ASSIGNED FILES COMPLETELY — every line, paging through ANY truncation via offset/limit until EOF. Do NOT grep-skim; actually read top to bottom. Cite file:line for every claim. CPU-ONLY: never launch GPU kernels / torch.cuda; static tools only (Read/Grep/Glob; for binar…",
      "lastProgressAt": 1782337997168,
      "tokens": 71836,
      "toolCalls": 8,
      "durationMs": 154605,
      "resultPreview": "{\"area\":\"compile.py:1-2350 (autotuner head: docstring, imports, optional-dep auto-install, ARCH_TABLE single-source-of-truth, search-space dim/live-dead machinery, per-arch CUDA/HIP search-space builders incl. _sm90_full_space TC sweep)\",\"files_fully_read\":[\"/workspace/SuperGrok1.5/grokking_optimizers/compile.py:1-2350\"],\"top_findings\":[\"Module docstring (compile.py:1-123) defines the AOT (CPU)/JI…"
    },
    {
      "type": "workflow_agent",
      "index": 2,
      "label": "compile.py:2351-4700",
      "phaseIndex": 1,
      "phaseTitle": "MegaRead",
      "agentId": "a124fc522175157a1",
      "model": "claude-opus-4-8[1m]",
      "state": "done",
      "startedAt": 1782337842564,
      "queuedAt": 1782337842528,
      "attempt": 1,
      "lastToolName": "StructuredOutput",
      "lastToolSummary": "compile.py:2351-4700 (search-space builders tail, megakerne…",
      "promptPreview": "Repo root: /workspace/SuperGrok1.5. You are a Phase-0c EXHAUSTIVE reader (a prior pass grep-skimmed and missed things). READ YOUR ASSIGNED FILES COMPLETELY — every line, paging through ANY truncation via offset/limit until EOF. Do NOT grep-skim; actually read top to bottom. Cite file:line for every claim. CPU-ONLY: never launch GPU kernels / torch.cuda; static tools only (Read/Grep/Glob; for binar…",
      "lastProgressAt": 1782338035702,
      "tokens": 70452,
      "toolCalls": 10,
      "durationMs": 193137,
      "resultPreview": "{\"area\":\"compile.py:2351-4700 (search-space builders tail, megakernel reg-cap sweep, search-space framework, source hashing, PGO, clock-lock, timing graph/event, worker body, PallasTimer, TimingWorker)\",\"files_fully_read\":[\"/workspace/SuperGrok1.5/grokking_optimizers/compile.py:2351-4710 (assigned slice 2351-4700, read in full)\"],\"top_findings\":[\"Per-arch builders tail (gfx908/90a/942/950/1030/110…"
    },
    {
      "type": "workflow_agent",
      "index": 3,
      "label": "compile.py:4701-7050",
      "phaseIndex": 1,
      "phaseTitle": "MegaRead",
      "agentId": "a9cabf622cb772173",
      "model": "claude-opus-4-8[1m]",
      "state": "done",
      "startedAt": 1782337842566,
      "queuedAt": 1782337842528,
      "attempt": 1,
      "lastToolName": "StructuredOutput",
      "lastToolSummary": "compile.py:4701-7050 (TimingWorker tail, MultiGPUTimingPool…",
      "promptPreview": "Repo root: /workspace/SuperGrok1.5. You are a Phase-0c EXHAUSTIVE reader (a prior pass grep-skimmed and missed things). READ YOUR ASSIGNED FILES COMPLETELY — every line, paging through ANY truncation via offset/limit until EOF. Do NOT grep-skim; actually read top to bottom. Cite file:line for every claim. CPU-ONLY: never launch GPU kernels / torch.cuda; static tools only (Read/Grep/Glob; for binar…",
      "lastProgressAt": 1782338036039,
      "tokens": 74096,
      "toolCalls": 11,
      "durationMs": 193472,
      "resultPreview": "{\"area\":\"compile.py:4701-7050 (TimingWorker tail, MultiGPUTimingPool, cost-model/Stream-C, Bayesian early-stop, run_bayesian, pick_winner, roofline/spill helpers)\",\"files_fully_read\":[\"/workspace/SuperGrok1.5/grokking_optimizers/compile.py:4701-7090 (assigned slice, read in full + 40 lines past boundary for context)\"],\"top_findings\":[\"TimingWorker tail (compile.py:4701-4871): _force_restart re-spa…"
    },
    {
      "type": "workflow_agent",
      "index": 4,
      "label": "compile.py:7051-9400",
      "phaseIndex": 1,
      "phaseTitle": "MegaRead",
      "agentId": "a3cd33b3c653326d1",
      "model": "claude-opus-4-8[1m]",
      "state": "done",
      "startedAt": 1782337842566,
      "queuedAt": 1782337842528,
      "attempt": 1,
      "lastToolName": "StructuredOutput",
      "lastToolSummary": "compile.py:7051-9400 (roofline/correctness-gate helpers, Co…",
      "promptPreview": "Repo root: /workspace/SuperGrok1.5. You are a Phase-0c EXHAUSTIVE reader (a prior pass grep-skimmed and missed things). READ YOUR ASSIGNED FILES COMPLETELY — every line, paging through ANY truncation via offset/limit until EOF. Do NOT grep-skim; actually read top to bottom. Cite file:line for every claim. CPU-ONLY: never launch GPU kernels / torch.cuda; static tools only (Read/Grep/Glob; for binar…",
      "lastProgressAt": 1782338022493,
      "tokens": 73340,
      "toolCalls": 7,
      "durationMs": 179927,
      "resultPreview": "{\"area\":\"compile.py:7051-9400 (roofline/correctness-gate helpers, CompileCache v3→v4 + .jsonl sidecars, BuildSpec dataclass, CUDA-toolkit bootstrap/nvcc discovery)\",\"files_fully_read\":[\"/workspace/SuperGrok1.5/grokking_optimizers/compile.py:7051-9400\"],\"top_findings\":[\"_analytic_kernel_flops returns the analytic LOWER-BOUND FLOP basis 3*2*16*d*d (fwd+dgrad+wgrad) only for decoder/vit/mamba; explic…"
    },
    {
      "type": "workflow_agent",
      "index": 5,
      "label": "compile.py:9401-11750",
      "phaseIndex": 1,
      "phaseTitle": "MegaRead",
      "agentId": "afdbb4b77795f2dad",
      "model": "claude-opus-4-8[1m]",
      "state": "done",
      "startedAt": 1782337842567,
      "queuedAt": 1782337842528,
      "attempt": 1,
      "lastToolName": "StructuredOutput",
      "lastToolSummary": "compile.py:9401-11750 (toolchain bootstrap tail, preflight/…",
      "promptPreview": "Repo root: /workspace/SuperGrok1.5. You are a Phase-0c EXHAUSTIVE reader (a prior pass grep-skimmed and missed things). READ YOUR ASSIGNED FILES COMPLETELY — every line, paging through ANY truncation via offset/limit until EOF. Do NOT grep-skim; actually read top to bottom. Cite file:line for every claim. CPU-ONLY: never launch GPU kernels / torch.cuda; static tools only (Read/Grep/Glob; for binar…",
      "lastProgressAt": 1782338068497,
      "tokens": 82263,
      "toolCalls": 12,
      "durationMs": 225930,
      "resultPreview": "{\"area\":\"compile.py:9401-11750 (toolchain bootstrap tail, preflight/flag-probe, dry-run sweep, source/flag/ld/XLA/include resolution, ccache-sccache wiring, version probes)\",\"files_fully_read\":[\"/workspace/SuperGrok1.5/grokking_optimizers/compile.py:9401-11763\"],\"top_findings\":[\"_resolve_sources (compile.py:10494) builds the production source set: bindings+launchers+models + fused L3-TC megakernel…"
    },
    {
      "type": "workflow_agent",
      "index": 6,
      "label": "compile.py:11751-14100",
      "phaseIndex": 1,
      "phaseTitle": "MegaRead",
      "agentId": "a9bffc3366fc06781",
      "model": "claude-opus-4-8[1m]",
      "state": "done",
      "startedAt": 1782337842567,
      "queuedAt": 1782337842528,
      "attempt": 1,
      "lastToolName": "StructuredOutput",
      "lastToolSummary": "compile.py:11751-14100 — flag-probe, arch auto-detect, vers…",
      "promptPreview": "Repo root: /workspace/SuperGrok1.5. You are a Phase-0c EXHAUSTIVE reader (a prior pass grep-skimmed and missed things). READ YOUR ASSIGNED FILES COMPLETELY — every line, paging through ANY truncation via offset/limit until EOF. Do NOT grep-skim; actually read top to bottom. Cite file:line for every claim. CPU-ONLY: never launch GPU kernels / torch.cuda; static tools only (Read/Grep/Glob; for binar…",
      "lastProgressAt": 1782338018550,
      "tokens": 73783,
      "toolCalls": 10,
      "durationMs": 175983,
      "resultPreview": "{\"area\":\"compile.py:11751-14100 — flag-probe, arch auto-detect, version-gated toolchain flags, _torch_load build driver, numerical validation + entry-point discovery\",\"files_fully_read\":[\"/workspace/SuperGrok1.5/grokking_optimizers/compile.py:11751-14140\"],\"top_findings\":[\"_torch_load (compile.py:13116) is THE production build driver: torch cpp_extension.load + ninja; copies ldflags to avoid quadr…"
    },
    {
      "type": "workflow_agent",
      "index": 7,
      "label": "compile.py:14101-16450",
      "phaseIndex": 1,
      "phaseTitle": "MegaRead",
      "agentId": "aeab0cb48e4c9e9ce",
      "model": "claude-opus-4-8[1m]",
      "state": "done",
      "startedAt": 1782337842568,
      "queuedAt": 1782337842528,
      "attempt": 1,
      "lastToolName": "StructuredOutput",
      "lastToolSummary": "compile.py:14101-16450 (numerical-validation + variant-timi…",
      "promptPreview": "Repo root: /workspace/SuperGrok1.5. You are a Phase-0c EXHAUSTIVE reader (a prior pass grep-skimmed and missed things). READ YOUR ASSIGNED FILES COMPLETELY — every line, paging through ANY truncation via offset/limit until EOF. Do NOT grep-skim; actually read top to bottom. Cite file:line for every claim. CPU-ONLY: never launch GPU kernels / torch.cuda; static tools only (Read/Grep/Glob; for binar…",
      "lastProgressAt": 1782338069496,
      "tokens": 83720,
      "toolCalls": 8,
      "durationMs": 226928,
      "resultPreview": "{\"area\":\"compile.py:14101-16450 (numerical-validation + variant-timing core + _jit_autotune driver)\",\"files_fully_read\":[\"/workspace/SuperGrok1.5/grokking_optimizers/compile.py:14101-16569\"],\"top_findings\":[\"_make_variant_timer (compile.py:15060) is the central closure factory: returns timer(config) and contains _ensure_replay_setup (15185), _run_so_on_replay (15225), _plan_incremental_build (1528…"
    },
    {
      "type": "workflow_agent",
      "index": 8,
      "label": "compile.py:16451-18800",
      "phaseIndex": 1,
      "phaseTitle": "MegaRead",
      "agentId": "a290653baba9b857c",
      "model": "claude-opus-4-8[1m]",
      "state": "done",
      "startedAt": 1782337842568,
      "queuedAt": 1782337842528,
      "attempt": 1,
      "lastToolName": "StructuredOutput",
      "lastToolSummary": "compile.py:16451-18800 (autotune drivers + build halves + b…",
      "promptPreview": "Repo root: /workspace/SuperGrok1.5. You are a Phase-0c EXHAUSTIVE reader (a prior pass grep-skimmed and missed things). READ YOUR ASSIGNED FILES COMPLETELY — every line, paging through ANY truncation via offset/limit until EOF. Do NOT grep-skim; actually read top to bottom. Cite file:line for every claim. CPU-ONLY: never launch GPU kernels / torch.cuda; static tools only (Read/Grep/Glob; for binar…",
      "lastProgressAt": 1782338014614,
      "tokens": 74882,
      "toolCalls": 10,
      "durationMs": 172046,
      "resultPreview": "{\"area\":\"compile.py:16451-18800 (autotune drivers + build halves + build() orchestrator + CLI main early-intercepts)\",\"files_fully_read\":[\"/workspace/SuperGrok1.5/grokking_optimizers/compile.py:16451-18800\"],\"top_findings\":[\"_run_exhaustive (compile.py:16502-16598): uncapped exhaustive sweep; Fix-#2 Defect-1 routes selection through pick_winner (#16 gate) instead of inline best (16516-16521), excl…"
    },
    {
      "type": "workflow_agent",
      "index": 9,
      "label": "compile.py:18801-21150",
      "phaseIndex": 1,
      "phaseTitle": "MegaRead",
      "agentId": "a82d64e08ab6839b2",
      "model": "claude-opus-4-8[1m]",
      "state": "done",
      "startedAt": 1782337842569,
      "queuedAt": 1782337842528,
      "attempt": 1,
      "lastToolName": "StructuredOutput",
      "lastToolSummary": "compile.py:18801-21150 (main() CLI tail + _e2e_smoke + firs…",
      "promptPreview": "Repo root: /workspace/SuperGrok1.5. You are a Phase-0c EXHAUSTIVE reader (a prior pass grep-skimmed and missed things). READ YOUR ASSIGNED FILES COMPLETELY — every line, paging through ANY truncation via offset/limit until EOF. Do NOT grep-skim; actually read top to bottom. Cite file:line for every claim. CPU-ONLY: never launch GPU kernels / torch.cuda; static tools only (Read/Grep/Glob; for binar…",
      "lastProgressAt": 1782338072516,
      "tokens": 86137,
      "toolCalls": 13,
      "durationMs": 229947,
      "resultPreview": "{\"area\":\"compile.py:18801-21150 (main() CLI tail + _e2e_smoke + first 5 _self_test_* section helpers)\",\"files_fully_read\":[\"/workspace/SuperGrok1.5/grokking_optimizers/compile.py:18801-21150 (full, paged); plus context reads 4150-4210 and 4041/4307 _WORKER_BODY boundary, 4198 inner def main\"],\"top_findings\":[\"main(argv) real def is at compile.py:18690; this slice is its body — the giant argparse (…"
    },
    {
      "type": "workflow_agent",
      "index": 10,
      "label": "compile.py:21151-23500",
      "phaseIndex": 1,
      "phaseTitle": "MegaRead",
      "agentId": "a693b41447ea1f0cf",
      "model": "claude-opus-4-8[1m]",
      "state": "done",
      "startedAt": 1782337842569,
      "queuedAt": 1782337842528,
      "attempt": 1,
      "lastToolName": "StructuredOutput",
      "lastToolSummary": "compile.py:21151-23500 (self-test harness slice: bayesian/e…",
      "promptPreview": "Repo root: /workspace/SuperGrok1.5. You are a Phase-0c EXHAUSTIVE reader (a prior pass grep-skimmed and missed things). READ YOUR ASSIGNED FILES COMPLETELY — every line, paging through ANY truncation via offset/limit until EOF. Do NOT grep-skim; actually read top to bottom. Cite file:line for every claim. CPU-ONLY: never launch GPU kernels / torch.cuda; static tools only (Read/Grep/Glob; for binar…",
      "lastProgressAt": 1782338002280,
      "tokens": 76140,
      "toolCalls": 7,
      "durationMs": 159711,
      "resultPreview": "{\"area\":\"compile.py:21151-23500 (self-test harness slice: bayesian/early_stopping/cost_model/cache/multi_gpu_pool/clock_lock/fastmath/silent_degradation/validation_mechanism)\",\"files_fully_read\":[\"/workspace/SuperGrok1.5/grokking_optimizers/compile.py:21151-23500\"],\"top_findings\":[\"This entire slice is the in-file SELF-TEST HARNESS: 9 top-level _self_test_<area>(run) drivers, each defining nested …"
    },
    {
      "type": "workflow_agent",
      "index": 11,
      "label": "compile.py:23501-25850",
      "phaseIndex": 1,
      "phaseTitle": "MegaRead",
      "agentId": "a549d9103a64d0280",
      "model": "claude-opus-4-8[1m]",
      "state": "done",
      "startedAt": 1782337842570,
      "queuedAt": 1782337842529,
      "attempt": 1,
      "lastToolName": "StructuredOutput",
      "lastToolSummary": "compile.py:23501-25850 (self-test suite slice: validation_m…",
      "promptPreview": "Repo root: /workspace/SuperGrok1.5. You are a Phase-0c EXHAUSTIVE reader (a prior pass grep-skimmed and missed things). READ YOUR ASSIGNED FILES COMPLETELY — every line, paging through ANY truncation via offset/limit until EOF. Do NOT grep-skim; actually read top to bottom. Cite file:line for every claim. CPU-ONLY: never launch GPU kernels / torch.cuda; static tools only (Read/Grep/Glob; for binar…",
      "lastProgressAt": 1782338030186,
      "tokens": 77615,
      "toolCalls": 10,
      "durationMs": 187616,
      "resultPreview": "{\"area\":\"compile.py:23501-25850 (self-test suite slice: validation_mechanism..numerical_validation)\",\"files_fully_read\":[\"/workspace/SuperGrok1.5/grokking_optimizers/compile.py:23501-25850\"],\"top_findings\":[\"This 2350-line slice is ENTIRELY self-test code (15 `_self_test_<section>(run)` functions); no production code lives here. All production targets are defined outside the slice (compile.py:1182…"
    },
    {
      "type": "workflow_agent",
      "index": 12,
      "label": "compile.py:25851-28200",
      "phaseIndex": 1,
      "phaseTitle": "MegaRead",
      "agentId": "a2cd30aae1e12091c",
      "model": "claude-opus-4-8[1m]",
      "state": "done",
      "startedAt": 1782337842570,
      "queuedAt": 1782337842529,
      "attempt": 1,
      "lastToolName": "StructuredOutput",
      "lastToolSummary": "compile.py:25851-28200 (self-test tail + consolidated bundl…",
      "promptPreview": "Repo root: /workspace/SuperGrok1.5. You are a Phase-0c EXHAUSTIVE reader (a prior pass grep-skimmed and missed things). READ YOUR ASSIGNED FILES COMPLETELY — every line, paging through ANY truncation via offset/limit until EOF. Do NOT grep-skim; actually read top to bottom. Cite file:line for every claim. CPU-ONLY: never launch GPU kernels / torch.cuda; static tools only (Read/Grep/Glob; for binar…",
      "lastProgressAt": 1782338012092,
      "tokens": 78435,
      "toolCalls": 8,
      "durationMs": 169521,
      "resultPreview": "{\"area\":\"compile.py:25851-28200 (self-test tail + consolidated bundled templates / codegen emitter / CUTLASS helpers start)\",\"files_fully_read\":[\"/workspace/SuperGrok1.5/grokking_optimizers/compile.py:25851-28200\"],\"top_findings\":[\"Self-test section helpers in slice: _self_test_polyhedral (26067), _self_test_synth_codegen (26227), _self_test_flag_probe (26608), _self_test_e2e_smoke (26775), _self_…"
    },
    {
      "type": "workflow_agent",
      "index": 13,
      "label": "compile.py:28201-30550",
      "phaseIndex": 1,
      "phaseTitle": "MegaRead",
      "agentId": "a123ae745d0b759e8",
      "model": "claude-opus-4-8[1m]",
      "state": "done",
      "startedAt": 1782337842571,
      "queuedAt": 1782337842529,
      "attempt": 1,
      "lastToolName": "StructuredOutput",
      "lastToolSummary": "compile.py:28201-30550 — CUTLASS GEMM emitter tail, Polyhed…",
      "promptPreview": "Repo root: /workspace/SuperGrok1.5. You are a Phase-0c EXHAUSTIVE reader (a prior pass grep-skimmed and missed things). READ YOUR ASSIGNED FILES COMPLETELY — every line, paging through ANY truncation via offset/limit until EOF. Do NOT grep-skim; actually read top to bottom. Cite file:line for every claim. CPU-ONLY: never launch GPU kernels / torch.cuda; static tools only (Read/Grep/Glob; for binar…",
      "lastProgressAt": 1782338046428,
      "tokens": 76975,
      "toolCalls": 11,
      "durationMs": 203856,
      "resultPreview": "{\"area\":\"compile.py:28201-30550 — CUTLASS GEMM emitter tail, Polyhedral layer (Stream B), OpGraph synth codegen (Stream D) CUDA/HIP emitters\",\"files_fully_read\":[\"/workspace/SuperGrok1.5/grokking_optimizers/compile.py:28201-30552\"],\"top_findings\":[\"CUTLASS emitter tail: emit_cutlass_gemm_variants (compile.py:28478) validates sm_90a/sm_100a only, filename-caches, atomic .tmp write; _enumerate_cutla…"
    },
    {
      "type": "workflow_agent",
      "index": 14,
      "label": "compile.py:30551-32900",
      "phaseIndex": 1,
      "phaseTitle": "MegaRead",
      "agentId": "a1d99d32a7669a02f",
      "model": "claude-opus-4-8[1m]",
      "state": "done",
      "startedAt": 1782337842571,
      "queuedAt": 1782337842529,
      "attempt": 1,
      "lastToolName": "StructuredOutput",
      "lastToolSummary": "compile.py:30551-32900 (EOF) — Pallas synth tail, CK GEMM e…",
      "promptPreview": "Repo root: /workspace/SuperGrok1.5. You are a Phase-0c EXHAUSTIVE reader (a prior pass grep-skimmed and missed things). READ YOUR ASSIGNED FILES COMPLETELY — every line, paging through ANY truncation via offset/limit until EOF. Do NOT grep-skim; actually read top to bottom. Cite file:line for every claim. CPU-ONLY: never launch GPU kernels / torch.cuda; static tools only (Read/Grep/Glob; for binar…",
      "lastProgressAt": 1782338046494,
      "tokens": 73743,
      "toolCalls": 12,
      "durationMs": 203923,
      "resultPreview": "{\"area\":\"compile.py:30551-32900 (EOF) — Pallas synth tail, CK GEMM emitter, kernel_registry (NVRTC/hipRTC), device PGO, TOML config, legacy shim\",\"files_fully_read\":[\"/workspace/SuperGrok1.5/grokking_optimizers/compile.py (lines 30551-32900, the final slice / EOF)\"],\"top_findings\":[\"synthesize_kernel (compile.py:30660) walks opgraph and dispatches cuda/hip/pallas; smoke launcher only emitted when …"
    },
    {
      "type": "workflow_agent",
      "index": 15,
      "label": "dispatch.py",
      "phaseIndex": 1,
      "phaseTitle": "MegaRead",
      "agentId": "ab02067fbaf1e1e6d",
      "model": "claude-opus-4-8[1m]",
      "state": "done",
      "startedAt": 1782337842572,
      "queuedAt": 1782337842529,
      "attempt": 1,
      "lastToolName": "StructuredOutput",
      "lastToolSummary": "dispatch.py — Python↔C++ fused_step routing, 33-cell regist…",
      "promptPreview": "Repo root: /workspace/SuperGrok1.5. You are a Phase-0c EXHAUSTIVE reader (a prior pass grep-skimmed and missed things). READ YOUR ASSIGNED FILES COMPLETELY — every line, paging through ANY truncation via offset/limit until EOF. Do NOT grep-skim; actually read top to bottom. Cite file:line for every claim. CPU-ONLY: never launch GPU kernels / torch.cuda; static tools only (Read/Grep/Glob; for binar…",
      "lastProgressAt": 1782338056990,
      "tokens": 95248,
      "toolCalls": 16,
      "durationMs": 214418,
      "resultPreview": "{\"area\":\"dispatch.py — Python↔C++ fused_step routing, 33-cell registries, state layout, SG2 path\",\"files_fully_read\":[\"/workspace/SuperGrok1.5/grokking_optimizers/dispatch.py\"],\"top_findings\":[\"Two 33-cell registries, both = exactly 3 models × 11 optimizers (verified by count): _FUSED_L3_REAL (dispatch.py:630-962, L3-REAL tier marker read by race+parity tests) and _L3_WGMMA_CELLS (dispatch.py:1310…"
    },
    {
      "type": "workflow_agent",
      "index": 16,
      "label": "megakernel*.py",
      "phaseIndex": 1,
      "phaseTitle": "MegaRead",
      "agentId": "a0401b856296fb195",
      "model": "claude-opus-4-8[1m]",
      "state": "done",
      "startedAt": 1782337842572,
      "queuedAt": 1782337842529,
      "attempt": 1,
      "lastToolName": "StructuredOutput",
      "lastToolSummary": "megakernel*.py — L3/L1 feasibility solver (megakernel.py), …",
      "promptPreview": "Repo root: /workspace/SuperGrok1.5. You are a Phase-0c EXHAUSTIVE reader (a prior pass grep-skimmed and missed things). READ YOUR ASSIGNED FILES COMPLETELY — every line, paging through ANY truncation via offset/limit until EOF. Do NOT grep-skim; actually read top to bottom. Cite file:line for every claim. CPU-ONLY: never launch GPU kernels / torch.cuda; static tools only (Read/Grep/Glob; for binar…",
      "lastProgressAt": 1782338062443,
      "tokens": 83781,
      "toolCalls": 16,
      "durationMs": 219871,
      "resultPreview": "{\"area\":\"megakernel*.py — L3/L1 feasibility solver (megakernel.py), DeepSpeed/Megatron fused-kernel adapter (megakernel_engine.py), and the 99-cell source/layout/dispatch generator (megakernel_codegen.py)\",\"files_fully_read\":[\"/workspace/SuperGrok1.5/grokking_optimizers/megakernel.py\",\"/workspace/SuperGrok1.5/grokking_optimizers/megakernel_engine.py\",\"/workspace/SuperGrok1.5/grokking_optimizers/me…"
    },
    {
      "type": "workflow_agent",
      "index": 17,
      "label": "optimizers A",
      "phaseIndex": 1,
      "phaseTitle": "MegaRead",
      "agentId": "a805b93d803313a27",
      "model": "claude-opus-4-8[1m]",
      "state": "done",
      "startedAt": 1782337997169,
      "queuedAt": 1782337842529,
      "attempt": 1,
      "lastToolName": "StructuredOutput",
      "lastToolSummary": "optimizers A (adamw, lion, grokfast, grokadamw, looksam, pr…",
      "promptPreview": "Repo root: /workspace/SuperGrok1.5. You are a Phase-0c EXHAUSTIVE reader (a prior pass grep-skimmed and missed things). READ YOUR ASSIGNED FILES COMPLETELY — every line, paging through ANY truncation via offset/limit until EOF. Do NOT grep-skim; actually read top to bottom. Cite file:line for every claim. CPU-ONLY: never launch GPU kernels / torch.cuda; static tools only (Read/Grep/Glob; for binar…",
      "lastProgressAt": 1782338141117,
      "tokens": 49162,
      "toolCalls": 12,
      "durationMs": 143947,
      "resultPreview": "{\"area\":\"optimizers A (adamw, lion, grokfast, grokadamw, looksam, prodigy + __init__) — eager reference defs for the fused L3-TC tail\",\"files_fully_read\":[\"/workspace/SuperGrok1.5/grokking_optimizers/optimizers/__init__.py\",\"/workspace/SuperGrok1.5/grokking_optimizers/optimizers/adamw.py\",\"/workspace/SuperGrok1.5/grokking_optimizers/optimizers/lion.py\",\"/workspace/SuperGrok1.5/grokking_optimizers/…"
    },
    {
      "type": "workflow_agent",
      "index": 18,
      "label": "optimizers B",
      "phaseIndex": 1,
      "phaseTitle": "MegaRead",
      "agentId": "a63aaade01e73021d",
      "model": "claude-opus-4-8[1m]",
      "state": "error",
      "startedAt": 1782338002281,
      "queuedAt": 1782337842529,
      "attempt": 1,
      "lastToolName": "Bash",
      "lastToolSummary": "cd /workspace/SuperGrok1.5 && grep -rn \"forward_for_bilevel…",
      "promptPreview": "Repo root: /workspace/SuperGrok1.5. You are a Phase-0c EXHAUSTIVE reader (a prior pass grep-skimmed and missed things). READ YOUR ASSIGNED FILES COMPLETELY — every line, paging through ANY truncation via offset/limit until EOF. Do NOT grep-skim; actually read top to bottom. Cite file:line for every claim. CPU-ONLY: never launch GPU kernels / torch.cuda; static tools only (Read/Grep/Glob; for binar…",
      "lastProgressAt": 1782338081709,
      "error": "API Error: Server is temporarily limiting requests (not your usage limit) · Rate limited",
      "tokens": 107360,
      "toolCalls": 18,
      "durationMs": 79428
    },
    {
      "type": "workflow_agent",
      "index": 19,
      "label": "parallel+distributed",
      "phaseIndex": 1,
      "phaseTitle": "MegaRead",
      "agentId": "a4120732509bb440c",
      "model": "claude-opus-4-8[1m]",
      "state": "done",
      "startedAt": 1782338012093,
      "queuedAt": 1782337842529,
      "attempt": 1,
      "lastToolName": "StructuredOutput",
      "lastToolSummary": "parallel + distributed (grokking_optimizers/parallel/* + di…",
      "promptPreview": "Repo root: /workspace/SuperGrok1.5. You are a Phase-0c EXHAUSTIVE reader (a prior pass grep-skimmed and missed things). READ YOUR ASSIGNED FILES COMPLETELY — every line, paging through ANY truncation via offset/limit until EOF. Do NOT grep-skim; actually read top to bottom. Cite file:line for every claim. CPU-ONLY: never launch GPU kernels / torch.cuda; static tools only (Read/Grep/Glob; for binar…",
      "lastProgressAt": 1782338248284,
      "tokens": 104339,
      "toolCalls": 18,
      "durationMs": 236190,
      "resultPreview": "{\"area\":\"parallel + distributed (grokking_optimizers/parallel/* + distributed.py, lowprec.py, tune_hook.py, mamba3_block.py, __init__.py)\",\"files_fully_read\":[\"/workspace/SuperGrok1.5/grokking_optimizers/__init__.py\",\"/workspace/SuperGrok1.5/grokking_optimizers/parallel/__init__.py\",\"/workspace/SuperGrok1.5/grokking_optimizers/parallel/shard_map.py\",\"/workspace/SuperGrok1.5/grokking_optimizers/par…"
    },
    {
      "type": "workflow_agent",
      "index": 20,
      "label": "profile+verify tooling",
      "phaseIndex": 1,
      "phaseTitle": "MegaRead",
      "agentId": "a8dc8356c06c808ff",
      "model": "claude-opus-4-8[1m]",
      "state": "error",
      "startedAt": 1782338014615,
      "queuedAt": 1782337842529,
      "attempt": 1,
      "lastToolName": "Bash",
      "lastToolSummary": "cd /workspace/SuperGrok1.5 2>/dev/null || true echo \"=== di…",
      "promptPreview": "Repo root: /workspace/SuperGrok1.5. You are a Phase-0c EXHAUSTIVE reader (a prior pass grep-skimmed and missed things). READ YOUR ASSIGNED FILES COMPLETELY — every line, paging through ANY truncation via offset/limit until EOF. Do NOT grep-skim; actually read top to bottom. Cite file:line for every claim. CPU-ONLY: never launch GPU kernels / torch.cuda; static tools only (Read/Grep/Glob; for binar…",
      "lastProgressAt": 1782338096019,
      "error": "API Error: Server is temporarily limiting requests (not your usage limit) · Rate limited",
      "tokens": 94720,
      "toolCalls": 12,
      "durationMs": 81404
    },
    {
      "type": "workflow_agent",
      "index": 21,
      "label": "gfx942 kernels A (PRESERVE)",
      "phaseIndex": 1,
      "phaseTitle": "MegaRead",
      "agentId": "aecff33b880f490aa",
      "model": "claude-opus-4-8[1m]",
      "state": "done",
      "startedAt": 1782338018551,
      "queuedAt": 1782337842529,
      "attempt": 1,
      "lastToolName": "StructuredOutput",
      "lastToolSummary": "gfx942 kernels A (PRESERVE): supergrok2 / mamba3 / attentio…",
      "promptPreview": "Repo root: /workspace/SuperGrok1.5. You are a Phase-0c EXHAUSTIVE reader (a prior pass grep-skimmed and missed things). READ YOUR ASSIGNED FILES COMPLETELY — every line, paging through ANY truncation via offset/limit until EOF. Do NOT grep-skim; actually read top to bottom. Cite file:line for every claim. CPU-ONLY: never launch GPU kernels / torch.cuda; static tools only (Read/Grep/Glob; for binar…",
      "lastProgressAt": 1782338211256,
      "tokens": 180153,
      "toolCalls": 15,
      "durationMs": 192705,
      "resultPreview": "{\"area\":\"gfx942 kernels A (PRESERVE): supergrok2 / mamba3 / attention / muon\",\"files_fully_read\":[\"/workspace/SuperGrok1.5/grokking_optimizers/kernels/gfx942/attention_gfx942.hip.hpp\",\"/workspace/SuperGrok1.5/grokking_optimizers/kernels/gfx942/muon_gfx942.hip.hpp\",\"/workspace/SuperGrok1.5/grokking_optimizers/kernels/gfx942/mamba3_gfx942.hip.hpp\",\"/workspace/SuperGrok1.5/grokking_optimizers/kernels…"
    },
    {
      "type": "workflow_agent",
      "index": 22,
      "label": "gfx942 kernels B (PRESERVE)",
      "phaseIndex": 1,
      "phaseTitle": "MegaRead",
      "agentId": "ac5b60eed2d7838e2",
      "model": "claude-opus-4-8[1m]",
      "state": "error",
      "startedAt": 1782338022494,
      "queuedAt": 1782337842529,
      "attempt": 1,
      "lastToolName": "Bash",
      "lastToolSummary": "cd /workspace/SuperGrok1.5/grokking_optimizers/kernels/sm_9…",
      "promptPreview": "Repo root: /workspace/SuperGrok1.5. You are a Phase-0c EXHAUSTIVE reader (a prior pass grep-skimmed and missed things). READ YOUR ASSIGNED FILES COMPLETELY — every line, paging through ANY truncation via offset/limit until EOF. Do NOT grep-skim; actually read top to bottom. Cite file:line for every claim. CPU-ONLY: never launch GPU kernels / torch.cuda; static tools only (Read/Grep/Glob; for binar…",
      "lastProgressAt": 1782338092419,
      "error": "API Error: Server is temporarily limiting requests (not your usage limit) · Rate limited",
      "tokens": 140842,
      "toolCalls": 15,
      "durationMs": 69925
    },
    {
      "type": "workflow_agent",
      "index": 23,
      "label": "fused_decoder_megakernel.cuh",
      "phaseIndex": 1,
      "phaseTitle": "MegaRead",
      "agentId": "a7fe28b3e2e9ceb5f",
      "model": "claude-opus-4-8[1m]",
      "state": "done",
      "startedAt": 1782338030189,
      "queuedAt": 1782337842529,
      "attempt": 1,
      "lastToolName": "StructuredOutput",
      "lastToolSummary": "fused_decoder_megakernel.cuh — decoder L3-TC persistent wgm…",
      "promptPreview": "Repo root: /workspace/SuperGrok1.5. You are a Phase-0c EXHAUSTIVE reader (a prior pass grep-skimmed and missed things). READ YOUR ASSIGNED FILES COMPLETELY — every line, paging through ANY truncation via offset/limit until EOF. Do NOT grep-skim; actually read top to bottom. Cite file:line for every claim. CPU-ONLY: never launch GPU kernels / torch.cuda; static tools only (Read/Grep/Glob; for binar…",
      "lastProgressAt": 1782338212961,
      "tokens": 77003,
      "toolCalls": 8,
      "durationMs": 182769,
      "resultPreview": "{\"area\":\"fused_decoder_megakernel.cuh — decoder L3-TC persistent wgmma megakernel\",\"files_fully_read\":[\"/workspace/SuperGrok1.5/csrc/fused/sm_90/fused_decoder_megakernel.cuh\"],\"top_findings\":[\"Two kernels: legacy fp32 SCALAR fused_decoder_megakernel<Opt> (lines 195-292, gated by SG_DEC_SCALAR_MEGAKERNEL default 1) and the PRODUCTION wgmma fused_decoder_megakernel_tc<Opt> (lines 672-1502, under SG_…"
    },
    {
      "type": "workflow_agent",
      "index": 24,
      "label": "model_stage_decoder_tc.cuh",
      "phaseIndex": 1,
      "phaseTitle": "MegaRead",
      "agentId": "a299fdc762c4d0b66",
      "model": "claude-opus-4-8[1m]",
      "state": "done",
      "startedAt": 1782338035703,
      "queuedAt": 1782337842529,
      "attempt": 1,
      "lastToolName": "StructuredOutput",
      "lastToolSummary": "model_stage_decoder_tc.cuh — L3-TC decoder wgmma GEMM engin…",
      "promptPreview": "Repo root: /workspace/SuperGrok1.5. You are a Phase-0c EXHAUSTIVE reader (a prior pass grep-skimmed and missed things). READ YOUR ASSIGNED FILES COMPLETELY — every line, paging through ANY truncation via offset/limit until EOF. Do NOT grep-skim; actually read top to bottom. Cite file:line for every claim. CPU-ONLY: never launch GPU kernels / torch.cuda; static tools only (Read/Grep/Glob; for binar…",
      "lastProgressAt": 1782338226391,
      "tokens": 106457,
      "toolCalls": 10,
      "durationMs": 190688,
      "resultPreview": "{\"area\":\"model_stage_decoder_tc.cuh — L3-TC decoder wgmma GEMM engine + fwd/bwd tile stages + P2 dW/embed/LN-vec grads\",\"files_fully_read\":[\"/workspace/SuperGrok1.5/csrc/fused/sm_90/model_stage_decoder_tc.cuh\"],\"top_findings\":[\"BAKED levers (all #ifndef defaults): SG_TUNED_DEC_FWD_PIPE=1 with comment 'gate verdict entry-a deeper cp.async ring (+1.49x); entry-b PIPE=2 LOST (857 vs 618ms)' (model_st…"
    },
    {
      "type": "workflow_agent",
      "index": 25,
      "label": "vit kernels",
      "phaseIndex": 1,
      "phaseTitle": "MegaRead",
      "agentId": "afbf799d679d9e86b",
      "model": "claude-opus-4-8[1m]",
      "state": "done",
      "startedAt": 1782338036039,
      "queuedAt": 1782337842529,
      "attempt": 1,
      "lastToolName": "StructuredOutput",
      "lastToolSummary": "vit kernels (csrc/fused/sm_90: fused_vit_megakernel.cuh, mo…",
      "promptPreview": "Repo root: /workspace/SuperGrok1.5. You are a Phase-0c EXHAUSTIVE reader (a prior pass grep-skimmed and missed things). READ YOUR ASSIGNED FILES COMPLETELY — every line, paging through ANY truncation via offset/limit until EOF. Do NOT grep-skim; actually read top to bottom. Cite file:line for every claim. CPU-ONLY: never launch GPU kernels / torch.cuda; static tools only (Read/Grep/Glob; for binar…",
      "lastProgressAt": 1782338254862,
      "tokens": 100043,
      "toolCalls": 14,
      "durationMs": 218823,
      "resultPreview": "{\"area\":\"vit kernels (csrc/fused/sm_90: fused_vit_megakernel.cuh, model_stage_vit.cuh, vit_layout.cuh)\",\"files_fully_read\":[\"/workspace/SuperGrok1.5/csrc/fused/sm_90/vit_layout.cuh\",\"/workspace/SuperGrok1.5/csrc/fused/sm_90/fused_vit_megakernel.cuh\",\"/workspace/SuperGrok1.5/csrc/fused/sm_90/model_stage_vit.cuh\"],\"top_findings\":[\"Production path = TC megakernel fused_vit_megakernel_tc/launch_fused_…"
    },
    {
      "type": "workflow_agent",
      "index": 26,
      "label": "model_stage_vit_tc.cuh",
      "phaseIndex": 1,
      "phaseTitle": "MegaRead",
      "agentId": "a10ac3f5c2eaddb5d",
      "model": "claude-opus-4-8[1m]",
      "state": "done",
      "startedAt": 1782338046428,
      "queuedAt": 1782337842530,
      "attempt": 1,
      "lastToolName": "StructuredOutput",
      "lastToolSummary": "model_stage_vit_tc.cuh (ViT TC stages + SG_TUNED_VIT_P1_SUB…",
      "promptPreview": "Repo root: /workspace/SuperGrok1.5. You are a Phase-0c EXHAUSTIVE reader (a prior pass grep-skimmed and missed things). READ YOUR ASSIGNED FILES COMPLETELY — every line, paging through ANY truncation via offset/limit until EOF. Do NOT grep-skim; actually read top to bottom. Cite file:line for every claim. CPU-ONLY: never launch GPU kernels / torch.cuda; static tools only (Read/Grep/Glob; for binar…",
      "lastProgressAt": 1782338223629,
      "tokens": 80877,
      "toolCalls": 11,
      "durationMs": 177201,
      "resultPreview": "{\"area\":\"model_stage_vit_tc.cuh (ViT TC stages + SG_TUNED_VIT_P1_SUBTILE_S=8 lever + NEEDS-PARITY classification)\",\"files_fully_read\":[\"/workspace/SuperGrok1.5/csrc/fused/sm_90/model_stage_vit_tc.cuh\"],\"top_findings\":[\"THE #1 ViT LEVER: SG_TUNED_VIT_P1_SUBTILE_S BAKED 64->8 on 2026-06-17 (model_stage_vit_tc.cuh:163-170) = 4.02x at d=2048/B=1024, B1_barrier 51.2%->41.9%, U-curve inflects at S=8 (S=…"
    },
    {
      "type": "workflow_agent",
      "index": 27,
      "label": "mamba kernels",
      "phaseIndex": 1,
      "phaseTitle": "MegaRead",
      "agentId": "a2e2317c9722ccb77",
      "model": "claude-opus-4-8[1m]",
      "state": "done",
      "startedAt": 1782338046495,
      "queuedAt": 1782337842530,
      "attempt": 1,
      "lastToolName": "StructuredOutput",
      "lastToolSummary": "mamba kernels (Mamba-3 selective-scan L3-TC megakernel, sm_…",
      "promptPreview": "Repo root: /workspace/SuperGrok1.5. You are a Phase-0c EXHAUSTIVE reader (a prior pass grep-skimmed and missed things). READ YOUR ASSIGNED FILES COMPLETELY — every line, paging through ANY truncation via offset/limit until EOF. Do NOT grep-skim; actually read top to bottom. Cite file:line for every claim. CPU-ONLY: never launch GPU kernels / torch.cuda; static tools only (Read/Grep/Glob; for binar…",
      "lastProgressAt": 1782338247030,
      "tokens": 114126,
      "toolCalls": 10,
      "durationMs": 200534,
      "resultPreview": "{\"area\":\"mamba kernels (Mamba-3 selective-scan L3-TC megakernel, sm_90)\",\"files_fully_read\":[\"/workspace/SuperGrok1.5/csrc/fused/sm_90/fused_mamba_megakernel.cuh\",\"/workspace/SuperGrok1.5/csrc/fused/sm_90/model_stage_mamba3.cuh\",\"/workspace/SuperGrok1.5/csrc/fused/sm_90/model_stage_mamba_tc.cuh\",\"/workspace/SuperGrok1.5/csrc/fused/sm_90/mamba3_layout.cuh\"],\"top_findings\":[\"WHY scalar: the Mamba-3 …"
    },
    {
      "type": "workflow_agent",
      "index": 28,
      "label": "opt_components+precompute",
      "phaseIndex": 1,
      "phaseTitle": "MegaRead",
      "agentId": "a76cd9a4549fd1507",
      "model": "claude-opus-4-8[1m]",
      "state": "error",
      "startedAt": 1782338056991,
      "queuedAt": 1782337842530,
      "attempt": 1,
      "lastToolName": "Read",
      "lastToolSummary": "/workspace/SuperGrok1.5/csrc/algorithms/neuralgrok.h",
      "promptPreview": "Repo root: /workspace/SuperGrok1.5. You are a Phase-0c EXHAUSTIVE reader (a prior pass grep-skimmed and missed things). READ YOUR ASSIGNED FILES COMPLETELY — every line, paging through ANY truncation via offset/limit until EOF. Do NOT grep-skim; actually read top to bottom. Cite file:line for every claim. CPU-ONLY: never launch GPU kernels / torch.cuda; static tools only (Read/Grep/Glob; for binar…",
      "lastProgressAt": 1782338082874,
      "error": "API Error: Server is temporarily limiting requests (not your usage limit) · Rate limited",
      "tokens": 55294,
      "toolCalls": 14,
      "durationMs": 25882
    },
    {
      "type": "workflow_agent",
      "index": 29,
      "label": "opt_stage_supergrok2",
      "phaseIndex": 1,
      "phaseTitle": "MegaRead",
      "agentId": "a2b763b95dbf68f1a",
      "model": "claude-opus-4-8[1m]",
      "state": "error",
      "startedAt": 1782338062444,
      "queuedAt": 1782337842530,
      "attempt": 1,
      "lastToolName": "Bash",
      "lastToolSummary": "cd /workspace/SuperGrok1.5 && grep -n \"sg2_csa_compress_kv\\…",
      "promptPreview": "Repo root: /workspace/SuperGrok1.5. You are a Phase-0c EXHAUSTIVE reader (a prior pass grep-skimmed and missed things). READ YOUR ASSIGNED FILES COMPLETELY — every line, paging through ANY truncation via offset/limit until EOF. Do NOT grep-skim; actually read top to bottom. Cite file:line for every claim. CPU-ONLY: never launch GPU kernels / torch.cuda; static tools only (Read/Grep/Glob; for binar…",
      "lastProgressAt": 1782338082626,
      "error": "API Error: Server is temporarily limiting requests (not your usage limit) · Rate limited",
      "tokens": 48251,
      "toolCalls": 5,
      "durationMs": 20182
    },
    {
      "type": "workflow_agent",
      "index": 30,
      "label": "decoder layout/weights/parallel",
      "phaseIndex": 1,
      "phaseTitle": "MegaRead",
      "agentId": "a79fdf99dfdf4c167",
      "model": "claude-opus-4-8[1m]",
      "state": "error",
      "startedAt": 1782338068498,
      "queuedAt": 1782337842530,
      "attempt": 1,
      "lastToolName": "Read",
      "lastToolSummary": "/workspace/SuperGrok1.5/csrc/fused/sm_90/dec_weights.cuh",
      "promptPreview": "Repo root: /workspace/SuperGrok1.5. You are a Phase-0c EXHAUSTIVE reader (a prior pass grep-skimmed and missed things). READ YOUR ASSIGNED FILES COMPLETELY — every line, paging through ANY truncation via offset/limit until EOF. Do NOT grep-skim; actually read top to bottom. Cite file:line for every claim. CPU-ONLY: never launch GPU kernels / torch.cuda; static tools only (Read/Grep/Glob; for binar…",
      "lastProgressAt": 1782338080060,
      "error": "API Error: Server is temporarily limiting requests (not your usage limit) · Rate limited",
      "tokens": 12014,
      "toolCalls": 3,
      "durationMs": 11562
    },
    {
      "type": "workflow_agent",
      "index": 31,
      "label": "real_adamw_tc cells+launchers",
      "phaseIndex": 1,
      "phaseTitle": "MegaRead",
      "agentId": "afb6ca684e3d73958",
      "model": "claude-opus-4-8[1m]",
      "state": "error",
      "startedAt": 1782338069497,
      "queuedAt": 1782337842530,
      "attempt": 1,
      "lastToolName": "Read",
      "lastToolSummary": "/workspace/SuperGrok1.5/csrc/fused/sm_90/mega_decoder_real_…",
      "promptPreview": "Repo root: /workspace/SuperGrok1.5. You are a Phase-0c EXHAUSTIVE reader (a prior pass grep-skimmed and missed things). READ YOUR ASSIGNED FILES COMPLETELY — every line, paging through ANY truncation via offset/limit until EOF. Do NOT grep-skim; actually read top to bottom. Cite file:line for every claim. CPU-ONLY: never launch GPU kernels / torch.cuda; static tools only (Read/Grep/Glob; for binar…",
      "lastProgressAt": 1782338080844,
      "error": "API Error: Server is temporarily limiting requests (not your usage limit) · Rate limited",
      "tokens": 10395,
      "toolCalls": 5,
      "durationMs": 11347
    },
    {
      "type": "workflow_agent",
      "index": 32,
      "label": "wgmma+mma substrate",
      "phaseIndex": 1,
      "phaseTitle": "MegaRead",
      "agentId": "a5739cbbde413c000",
      "model": "claude-opus-4-8[1m]",
      "state": "done",
      "startedAt": 1782338072517,
      "queuedAt": 1782337842530,
      "attempt": 1,
      "lastToolName": "StructuredOutput",
      "lastToolSummary": "wgmma+mma substrate (csrc/backends/cuda/sm_90/{wgmma.cuh, m…",
      "promptPreview": "Repo root: /workspace/SuperGrok1.5. You are a Phase-0c EXHAUSTIVE reader (a prior pass grep-skimmed and missed things). READ YOUR ASSIGNED FILES COMPLETELY — every line, paging through ANY truncation via offset/limit until EOF. Do NOT grep-skim; actually read top to bottom. Cite file:line for every claim. CPU-ONLY: never launch GPU kernels / torch.cuda; static tools only (Read/Grep/Glob; for binar…",
      "lastProgressAt": 1782338292496,
      "tokens": 78279,
      "toolCalls": 17,
      "durationMs": 219979,
      "resultPreview": "{\"area\":\"wgmma+mma substrate (csrc/backends/cuda/sm_90/{wgmma.cuh, mma.cuh})\",\"files_fully_read\":[\"/workspace/SuperGrok1.5/csrc/backends/cuda/sm_90/wgmma.cuh\",\"/workspace/SuperGrok1.5/csrc/backends/cuda/sm_90/mma.cuh\",\"/workspace/SuperGrok1.5/csrc/backends/cuda/sm_90/wgmma_selftest.cu\"],\"top_findings\":[\"wgmma.cuh IS the production L3-TC substrate: included by model_stage_decoder_tc.cuh:60, model_s…"
    },
    {
      "type": "workflow_agent",
      "index": 33,
      "label": "tile_pipeline+primitives",
      "phaseIndex": 1,
      "phaseTitle": "MegaRead",
      "agentId": "a2cfaba34b4659276",
      "model": "claude-opus-4-8[1m]",
      "state": "error",
      "startedAt": 1782338080062,
      "queuedAt": 1782337842530,
      "attempt": 1,
      "promptPreview": "Repo root: /workspace/SuperGrok1.5. You are a Phase-0c EXHAUSTIVE reader (a prior pass grep-skimmed and missed things). READ YOUR ASSIGNED FILES COMPLETELY — every line, paging through ANY truncation via offset/limit until EOF. Do NOT grep-skim; actually read top to bottom. Cite file:line for every claim. CPU-ONLY: never launch GPU kernels / torch.cuda; static tools only (Read/Grep/Glob; for binar…",
      "lastProgressAt": 1782338081001,
      "error": "API Error: Server is temporarily limiting requests (not your usage limit) · Rate limited",
      "tokens": 0,
      "toolCalls": 0,
      "durationMs": 939
    },
    {
      "type": "workflow_agent",
      "index": 34,
      "label": "megakernel_common+common",
      "phaseIndex": 1,
      "phaseTitle": "MegaRead",
      "agentId": "acaddb606a99beeba",
      "model": "claude-opus-4-8[1m]",
      "state": "error",
      "startedAt": 1782338080845,
      "queuedAt": 1782337842530,
      "attempt": 1,
      "promptPreview": "Repo root: /workspace/SuperGrok1.5. You are a Phase-0c EXHAUSTIVE reader (a prior pass grep-skimmed and missed things). READ YOUR ASSIGNED FILES COMPLETELY — every line, paging through ANY truncation via offset/limit until EOF. Do NOT grep-skim; actually read top to bottom. Cite file:line for every claim. CPU-ONLY: never launch GPU kernels / torch.cuda; static tools only (Read/Grep/Glob; for binar…",
      "lastProgressAt": 1782338082113,
      "error": "API Error: Server is temporarily limiting requests (not your usage limit) · Rate limited",
      "tokens": 0,
      "toolCalls": 0,
      "durationMs": 1268
    },
    {
      "type": "workflow_agent",
      "index": 35,
      "label": "algorithms/*.h canonical math",
      "phaseIndex": 1,
      "phaseTitle": "MegaRead",
      "agentId": "a904c6a4ac6678850",
      "model": "claude-opus-4-8[1m]",
      "state": "error",
      "startedAt": 1782338081002,
      "queuedAt": 1782337842530,
      "attempt": 1,
      "promptPreview": "Repo root: /workspace/SuperGrok1.5. You are a Phase-0c EXHAUSTIVE reader (a prior pass grep-skimmed and missed things). READ YOUR ASSIGNED FILES COMPLETELY — every line, paging through ANY truncation via offset/limit until EOF. Do NOT grep-skim; actually read top to bottom. Cite file:line for every claim. CPU-ONLY: never launch GPU kernels / torch.cuda; static tools only (Read/Grep/Glob; for binar…",
      "lastProgressAt": 1782338082106,
      "error": "API Error: Server is temporarily limiting requests (not your usage limit) · Rate limited",
      "tokens": 0,
      "toolCalls": 0,
      "durationMs": 1104
    },
    {
      "type": "workflow_agent",
      "index": 36,
      "label": "bindings/dispatch.cpp",
      "phaseIndex": 1,
      "phaseTitle": "MegaRead",
      "agentId": "ab318a70abe251ed3",
      "model": "claude-opus-4-8[1m]",
      "state": "error",
      "startedAt": 1782338081710,
      "queuedAt": 1782337842530,
      "attempt": 1,
      "promptPreview": "Repo root: /workspace/SuperGrok1.5. You are a Phase-0c EXHAUSTIVE reader (a prior pass grep-skimmed and missed things). READ YOUR ASSIGNED FILES COMPLETELY — every line, paging through ANY truncation via offset/limit until EOF. Do NOT grep-skim; actually read top to bottom. Cite file:line for every claim. CPU-ONLY: never launch GPU kernels / torch.cuda; static tools only (Read/Grep/Glob; for binar…",
      "lastProgressAt": 1782338082696,
      "error": "API Error: Server is temporarily limiting requests (not your usage limit) · Rate limited",
      "tokens": 0,
      "toolCalls": 0,
      "durationMs": 986
    },
    {
      "type": "workflow_agent",
      "index": 37,
      "label": "dispatch tables+contract",
      "phaseIndex": 1,
      "phaseTitle": "MegaRead",
      "agentId": "a01ed2a9bd5d30e48",
      "model": "claude-opus-4-8[1m]",
      "state": "error",
      "startedAt": 1782338082107,
      "queuedAt": 1782337842530,
      "attempt": 1,
      "lastToolName": "Bash",
      "lastToolSummary": "wc -l /workspace/SuperGrok1.5/csrc/fused/megakernel_common_…",
      "promptPreview": "Repo root: /workspace/SuperGrok1.5. You are a Phase-0c EXHAUSTIVE reader (a prior pass grep-skimmed and missed things). READ YOUR ASSIGNED FILES COMPLETELY — every line, paging through ANY truncation via offset/limit until EOF. Do NOT grep-skim; actually read top to bottom. Cite file:line for every claim. CPU-ONLY: never launch GPU kernels / torch.cuda; static tools only (Read/Grep/Glob; for binar…",
      "lastProgressAt": 1782338093235,
      "error": "API Error: Server is temporarily limiting requests (not your usage limit) · Rate limited",
      "tokens": 29664,
      "toolCalls": 5,
      "durationMs": 11128
    },
    {
      "type": "workflow_agent",
      "index": 38,
      "label": "hip/gfx942 backend (PRESERVE)",
      "phaseIndex": 1,
      "phaseTitle": "MegaRead",
      "agentId": "a53ba83ccfeae7d97",
      "model": "claude-opus-4-8[1m]",
      "state": "error",
      "startedAt": 1782338082114,
      "queuedAt": 1782337842530,
      "attempt": 1,
      "lastToolName": "Read",
      "lastToolSummary": "/workspace/SuperGrok1.5/csrc/backends/hip/gfx942/supergrok2…",
      "promptPreview": "Repo root: /workspace/SuperGrok1.5. You are a Phase-0c EXHAUSTIVE reader (a prior pass grep-skimmed and missed things). READ YOUR ASSIGNED FILES COMPLETELY — every line, paging through ANY truncation via offset/limit until EOF. Do NOT grep-skim; actually read top to bottom. Cite file:line for every claim. CPU-ONLY: never launch GPU kernels / torch.cuda; static tools only (Read/Grep/Glob; for binar…",
      "lastProgressAt": 1782338093378,
      "error": "API Error: Server is temporarily limiting requests (not your usage limit) · Rate limited",
      "tokens": 12391,
      "toolCalls": 3,
      "durationMs": 11264
    },
    {
      "type": "workflow_agent",
      "index": 39,
      "label": "fused/gfx942 cells (PRESERVE)",
      "phaseIndex": 1,
      "phaseTitle": "MegaRead",
      "agentId": "a3f7e3f5fb6ad0a7e",
      "model": "claude-opus-4-8[1m]",
      "state": "error",
      "startedAt": 1782338082626,
      "queuedAt": 1782337842530,
      "attempt": 1,
      "lastToolName": "Read",
      "lastToolSummary": "/workspace/SuperGrok1.5/csrc/fused/gfx942/opt_components.hi…",
      "promptPreview": "Repo root: /workspace/SuperGrok1.5. You are a Phase-0c EXHAUSTIVE reader (a prior pass grep-skimmed and missed things). READ YOUR ASSIGNED FILES COMPLETELY — every line, paging through ANY truncation via offset/limit until EOF. Do NOT grep-skim; actually read top to bottom. Cite file:line for every claim. CPU-ONLY: never launch GPU kernels / torch.cuda; static tools only (Read/Grep/Glob; for binar…",
      "lastProgressAt": 1782338092061,
      "error": "API Error: Server is temporarily limiting requests (not your usage limit) · Rate limited",
      "tokens": 12606,
      "toolCalls": 4,
      "durationMs": 9435
    },
    {
      "type": "workflow_agent",
      "index": 40,
      "label": "pallas+tpu_v6e (PRESERVE)",
      "phaseIndex": 1,
      "phaseTitle": "MegaRead",
      "agentId": "af4840329fc2ba137",
      "model": "claude-opus-4-8[1m]",
      "state": "error",
      "startedAt": 1782338082696,
      "queuedAt": 1782337842530,
      "attempt": 1,
      "lastToolName": "Read",
      "lastToolSummary": "/workspace/SuperGrok1.5/csrc/backends/pallas/v6e/__init__.py",
      "promptPreview": "Repo root: /workspace/SuperGrok1.5. You are a Phase-0c EXHAUSTIVE reader (a prior pass grep-skimmed and missed things). READ YOUR ASSIGNED FILES COMPLETELY — every line, paging through ANY truncation via offset/limit until EOF. Do NOT grep-skim; actually read top to bottom. Cite file:line for every claim. CPU-ONLY: never launch GPU kernels / torch.cuda; static tools only (Read/Grep/Glob; for binar…",
      "lastProgressAt": 1782338095600,
      "error": "API Error: Server is temporarily limiting requests (not your usage limit) · Rate limited",
      "tokens": 14771,
      "toolCalls": 5,
      "durationMs": 12903
    },
    {
      "type": "workflow_agent",
      "index": 41,
      "label": "test_l3tc_tail_gate+sg2_mirror",
      "phaseIndex": 1,
      "phaseTitle": "MegaRead",
      "agentId": "a72c5c1e4b65795dd",
      "model": "claude-opus-4-8[1m]",
      "state": "error",
      "startedAt": 1782338082875,
      "queuedAt": 1782337842530,
      "attempt": 1,
      "lastToolName": "Read",
      "lastToolSummary": "/workspace/SuperGrok1.5/tests/hw/test_l3tc_tail_gate.py",
      "promptPreview": "Repo root: /workspace/SuperGrok1.5. You are a Phase-0c EXHAUSTIVE reader (a prior pass grep-skimmed and missed things). READ YOUR ASSIGNED FILES COMPLETELY — every line, paging through ANY truncation via offset/limit until EOF. Do NOT grep-skim; actually read top to bottom. Cite file:line for every claim. CPU-ONLY: never launch GPU kernels / torch.cuda; static tools only (Read/Grep/Glob; for binar…",
      "lastProgressAt": 1782338091735,
      "error": "API Error: Server is temporarily limiting requests (not your usage limit) · Rate limited",
      "tokens": 55252,
      "toolCalls": 3,
      "durationMs": 8860
    },
    {
      "type": "workflow_agent",
      "index": 42,
      "label": "reference parity+oracles",
      "phaseIndex": 1,
      "phaseTitle": "MegaRead",
      "agentId": "ad195f6c530609d5a",
      "model": "claude-opus-4-8[1m]",
      "state": "error",
      "startedAt": 1782338091736,
      "queuedAt": 1782337842530,
      "attempt": 1,
      "promptPreview": "Repo root: /workspace/SuperGrok1.5. You are a Phase-0c EXHAUSTIVE reader (a prior pass grep-skimmed and missed things). READ YOUR ASSIGNED FILES COMPLETELY — every line, paging through ANY truncation via offset/limit until EOF. Do NOT grep-skim; actually read top to bottom. Cite file:line for every claim. CPU-ONLY: never launch GPU kernels / torch.cuda; static tools only (Read/Grep/Glob; for binar…",
      "lastProgressAt": 1782338092866,
      "error": "API Error: Server is temporarily limiting requests (not your usage limit) · Rate limited",
      "tokens": 0,
      "toolCalls": 0,
      "durationMs": 1129
    },
    {
      "type": "workflow_agent",
      "index": 43,
      "label": "decoder/vit/mamba tc tests",
      "phaseIndex": 1,
      "phaseTitle": "MegaRead",
      "agentId": "a32166bd781ff4c87",
      "model": "claude-opus-4-8[1m]",
      "state": "error",
      "startedAt": 1782338092062,
      "queuedAt": 1782337842531,
      "attempt": 1,
      "promptPreview": "Repo root: /workspace/SuperGrok1.5. You are a Phase-0c EXHAUSTIVE reader (a prior pass grep-skimmed and missed things). READ YOUR ASSIGNED FILES COMPLETELY — every line, paging through ANY truncation via offset/limit until EOF. Do NOT grep-skim; actually read top to bottom. Cite file:line for every claim. CPU-ONLY: never launch GPU kernels / torch.cuda; static tools only (Read/Grep/Glob; for binar…",
      "lastProgressAt": 1782338093017,
      "error": "API Error: Server is temporarily limiting requests (not your usage limit) · Rate limited",
      "tokens": 0,
      "toolCalls": 0,
      "durationMs": 955
    },
    {
      "type": "workflow_agent",
      "index": 44,
      "label": "tests/hw remaining",
      "phaseIndex": 1,
      "phaseTitle": "MegaRead",
      "agentId": "a6c951021e7d3bd50",
      "model": "claude-opus-4-8[1m]",
      "state": "error",
      "startedAt": 1782338092420,
      "queuedAt": 1782337842531,
      "attempt": 1,
      "promptPreview": "Repo root: /workspace/SuperGrok1.5. You are a Phase-0c EXHAUSTIVE reader (a prior pass grep-skimmed and missed things). READ YOUR ASSIGNED FILES COMPLETELY — every line, paging through ANY truncation via offset/limit until EOF. Do NOT grep-skim; actually read top to bottom. Cite file:line for every claim. CPU-ONLY: never launch GPU kernels / torch.cuda; static tools only (Read/Grep/Glob; for binar…",
      "lastProgressAt": 1782338093414,
      "error": "API Error: Server is temporarily limiting requests (not your usage limit) · Rate limited",
      "tokens": 0,
      "toolCalls": 0,
      "durationMs": 994
    },
    {
      "type": "workflow_agent",
      "index": 45,
      "label": "tests non-hw+tpu",
      "phaseIndex": 1,
      "phaseTitle": "MegaRead",
      "agentId": "aa9e1b9df870026b1",
      "model": "claude-opus-4-8[1m]",
      "state": "error",
      "startedAt": 1782338092866,
      "queuedAt": 1782337842531,
      "attempt": 1,
      "promptPreview": "Repo root: /workspace/SuperGrok1.5. You are a Phase-0c EXHAUSTIVE reader (a prior pass grep-skimmed and missed things). READ YOUR ASSIGNED FILES COMPLETELY — every line, paging through ANY truncation via offset/limit until EOF. Do NOT grep-skim; actually read top to bottom. Cite file:line for every claim. CPU-ONLY: never launch GPU kernels / torch.cuda; static tools only (Read/Grep/Glob; for binar…",
      "lastProgressAt": 1782338094229,
      "error": "API Error: Server is temporarily limiting requests (not your usage limit) · Rate limited",
      "tokens": 0,
      "toolCalls": 0,
      "durationMs": 1363
    },
    {
      "type": "workflow_agent",
      "index": 46,
      "label": "grokking_race_v2.py",
      "phaseIndex": 1,
      "phaseTitle": "MegaRead",
      "agentId": "a3e4bd4e52e9f178e",
      "model": "claude-opus-4-8[1m]",
      "state": "error",
      "startedAt": 1782338093017,
      "queuedAt": 1782337842531,
      "attempt": 1,
      "promptPreview": "Repo root: /workspace/SuperGrok1.5. You are a Phase-0c EXHAUSTIVE reader (a prior pass grep-skimmed and missed things). READ YOUR ASSIGNED FILES COMPLETELY — every line, paging through ANY truncation via offset/limit until EOF. Do NOT grep-skim; actually read top to bottom. Cite file:line for every claim. CPU-ONLY: never launch GPU kernels / torch.cuda; static tools only (Read/Grep/Glob; for binar…",
      "lastProgressAt": 1782338094311,
      "error": "API Error: Server is temporarily limiting requests (not your usage limit) · Rate limited",
      "tokens": 0,
      "toolCalls": 0,
      "durationMs": 1294
    },
    {
      "type": "workflow_agent",
      "index": 47,
      "label": "setup.py+wiring+bench",
      "phaseIndex": 1,
      "phaseTitle": "MegaRead",
      "agentId": "a6c8fffafc76c9094",
      "model": "claude-opus-4-8[1m]",
      "state": "error",
      "startedAt": 1782338093235,
      "queuedAt": 1782337842531,
      "attempt": 1,
      "promptPreview": "Repo root: /workspace/SuperGrok1.5. You are a Phase-0c EXHAUSTIVE reader (a prior pass grep-skimmed and missed things). READ YOUR ASSIGNED FILES COMPLETELY — every line, paging through ANY truncation via offset/limit until EOF. Do NOT grep-skim; actually read top to bottom. Cite file:line for every claim. CPU-ONLY: never launch GPU kernels / torch.cuda; static tools only (Read/Grep/Glob; for binar…",
      "lastProgressAt": 1782338094540,
      "error": "API Error: Server is temporarily limiting requests (not your usage limit) · Rate limited",
      "tokens": 0,
      "toolCalls": 0,
      "durationMs": 1305
    },
    {
      "type": "workflow_agent",
      "index": 48,
      "label": "HARDWARE_VALIDATION.md",
      "phaseIndex": 1,
      "phaseTitle": "MegaRead",
      "agentId": "aea1393c636abf58b",
      "model": "claude-opus-4-8[1m]",
      "state": "error",
      "startedAt": 1782338093379,
      "queuedAt": 1782337842531,
      "attempt": 1,
      "promptPreview": "Repo root: /workspace/SuperGrok1.5. You are a Phase-0c EXHAUSTIVE reader (a prior pass grep-skimmed and missed things). READ YOUR ASSIGNED FILES COMPLETELY — every line, paging through ANY truncation via offset/limit until EOF. Do NOT grep-skim; actually read top to bottom. Cite file:line for every claim. CPU-ONLY: never launch GPU kernels / torch.cuda; static tools only (Read/Grep/Glob; for binar…",
      "lastProgressAt": 1782338094336,
      "error": "API Error: Server is temporarily limiting requests (not your usage limit) · Rate limited",
      "tokens": 0,
      "toolCalls": 0,
      "durationMs": 957
    },
    {
      "type": "workflow_agent",
      "index": 49,
      "label": "planning docs 1",
      "phaseIndex": 1,
      "phaseTitle": "MegaRead",
      "agentId": "a3f5ff1226d029110",
      "model": "claude-opus-4-8[1m]",
      "state": "error",
      "startedAt": 1782338093414,
      "queuedAt": 1782337842531,
      "attempt": 1,
      "promptPreview": "Repo root: /workspace/SuperGrok1.5. You are a Phase-0c EXHAUSTIVE reader (a prior pass grep-skimmed and missed things). READ YOUR ASSIGNED FILES COMPLETELY — every line, paging through ANY truncation via offset/limit until EOF. Do NOT grep-skim; actually read top to bottom. Cite file:line for every claim. CPU-ONLY: never launch GPU kernels / torch.cuda; static tools only (Read/Grep/Glob; for binar…",
      "lastProgressAt": 1782338094448,
      "error": "API Error: Server is temporarily limiting requests (not your usage limit) · Rate limited",
      "tokens": 0,
      "toolCalls": 0,
      "durationMs": 1034
    },
    {
      "type": "workflow_agent",
      "index": 50,
      "label": "planning docs 2",
      "phaseIndex": 1,
      "phaseTitle": "MegaRead",
      "agentId": "a6214d671c8b71bf0",
      "model": "claude-opus-4-8[1m]",
      "state": "error",
      "startedAt": 1782338094230,
      "queuedAt": 1782337842531,
      "attempt": 1,
      "promptPreview": "Repo root: /workspace/SuperGrok1.5. You are a Phase-0c EXHAUSTIVE reader (a prior pass grep-skimmed and missed things). READ YOUR ASSIGNED FILES COMPLETELY — every line, paging through ANY truncation via offset/limit until EOF. Do NOT grep-skim; actually read top to bottom. Cite file:line for every claim. CPU-ONLY: never launch GPU kernels / torch.cuda; static tools only (Read/Grep/Glob; for binar…",
      "lastProgressAt": 1782338096061,
      "error": "API Error: Server is temporarily limiting requests (not your usage limit) · Rate limited",
      "tokens": 0,
      "toolCalls": 0,
      "durationMs": 1831
    },
    {
      "type": "workflow_agent",
      "index": 51,
      "label": "archived_reports",
      "phaseIndex": 1,
      "phaseTitle": "MegaRead",
      "agentId": "a7e9a39d21e5d88d3",
      "model": "claude-opus-4-8[1m]",
      "state": "error",
      "startedAt": 1782338094311,
      "queuedAt": 1782337842531,
      "attempt": 1,
      "promptPreview": "Repo root: /workspace/SuperGrok1.5. You are a Phase-0c EXHAUSTIVE reader (a prior pass grep-skimmed and missed things). READ YOUR ASSIGNED FILES COMPLETELY — every line, paging through ANY truncation via offset/limit until EOF. Do NOT grep-skim; actually read top to bottom. Cite file:line for every claim. CPU-ONLY: never launch GPU kernels / torch.cuda; static tools only (Read/Grep/Glob; for binar…",
      "lastProgressAt": 1782338095371,
      "error": "API Error: Server is temporarily limiting requests (not your usage limit) · Rate limited",
      "tokens": 0,
      "toolCalls": 0,
      "durationMs": 1060
    },
    {
      "type": "workflow_agent",
      "index": 52,
      "label": "docs+examples+misc md",
      "phaseIndex": 1,
      "phaseTitle": "MegaRead",
      "agentId": "a54b6c7240cbd420d",
      "model": "claude-opus-4-8[1m]",
      "state": "error",
      "startedAt": 1782338094336,
      "queuedAt": 1782337842531,
      "attempt": 1,
      "promptPreview": "Repo root: /workspace/SuperGrok1.5. You are a Phase-0c EXHAUSTIVE reader (a prior pass grep-skimmed and missed things). READ YOUR ASSIGNED FILES COMPLETELY — every line, paging through ANY truncation via offset/limit until EOF. Do NOT grep-skim; actually read top to bottom. Cite file:line for every claim. CPU-ONLY: never launch GPU kernels / torch.cuda; static tools only (Read/Grep/Glob; for binar…",
      "lastProgressAt": 1782338095179,
      "error": "API Error: Server is temporarily limiting requests (not your usage limit) · Rate limited",
      "tokens": 0,
      "toolCalls": 0,
      "durationMs": 842
    },
    {
      "type": "workflow_agent",
      "index": 53,
      "label": "tuning batch A",
      "phaseIndex": 1,
      "phaseTitle": "MegaRead",
      "agentId": "a34000e3970304a33",
      "model": "claude-opus-4-8[1m]",
      "state": "error",
      "startedAt": 1782338094448,
      "queuedAt": 1782337842531,
      "attempt": 1,
      "promptPreview": "Repo root: /workspace/SuperGrok1.5. You are a Phase-0c EXHAUSTIVE reader (a prior pass grep-skimmed and missed things). READ YOUR ASSIGNED FILES COMPLETELY — every line, paging through ANY truncation via offset/limit until EOF. Do NOT grep-skim; actually read top to bottom. Cite file:line for every claim. CPU-ONLY: never launch GPU kernels / torch.cuda; static tools only (Read/Grep/Glob; for binar…",
      "lastProgressAt": 1782338095491,
      "error": "API Error: Server is temporarily limiting requests (not your usage limit) · Rate limited",
      "tokens": 0,
      "toolCalls": 0,
      "durationMs": 1043
    },
    {
      "type": "workflow_agent",
      "index": 54,
      "label": "tuning batch B",
      "phaseIndex": 1,
      "phaseTitle": "MegaRead",
      "agentId": "a85a1fabee1e3f2ce",
      "model": "claude-opus-4-8[1m]",
      "state": "error",
      "startedAt": 1782338094541,
      "queuedAt": 1782337842531,
      "attempt": 1,
      "promptPreview": "Repo root: /workspace/SuperGrok1.5. You are a Phase-0c EXHAUSTIVE reader (a prior pass grep-skimmed and missed things). READ YOUR ASSIGNED FILES COMPLETELY — every line, paging through ANY truncation via offset/limit until EOF. Do NOT grep-skim; actually read top to bottom. Cite file:line for every claim. CPU-ONLY: never launch GPU kernels / torch.cuda; static tools only (Read/Grep/Glob; for binar…",
      "lastProgressAt": 1782338095957,
      "error": "API Error: Server is temporarily limiting requests (not your usage limit) · Rate limited",
      "tokens": 0,
      "toolCalls": 0,
      "durationMs": 1416
    },
    {
      "type": "workflow_agent",
      "index": 55,
      "label": "scripts/*",
      "phaseIndex": 1,
      "phaseTitle": "MegaRead",
      "agentId": "a99a0c93b0b1a6e97",
      "model": "claude-opus-4-8[1m]",
      "state": "error",
      "startedAt": 1782338095180,
      "queuedAt": 1782337842531,
      "attempt": 1,
      "promptPreview": "Repo root: /workspace/SuperGrok1.5. You are a Phase-0c EXHAUSTIVE reader (a prior pass grep-skimmed and missed things). READ YOUR ASSIGNED FILES COMPLETELY — every line, paging through ANY truncation via offset/limit until EOF. Do NOT grep-skim; actually read top to bottom. Cite file:line for every claim. CPU-ONLY: never launch GPU kernels / torch.cuda; static tools only (Read/Grep/Glob; for binar…",
      "lastProgressAt": 1782338096344,
      "error": "API Error: Server is temporarily limiting requests (not your usage limit) · Rate limited",
      "tokens": 0,
      "toolCalls": 0,
      "durationMs": 1163
    },
    {
      "type": "workflow_agent",
      "index": 56,
      "label": ".perf audits",
      "phaseIndex": 1,
      "phaseTitle": "MegaRead",
      "agentId": "a46c15d832941da1a",
      "model": "claude-opus-4-8[1m]",
      "state": "error",
      "startedAt": 1782338095372,
      "queuedAt": 1782337842531,
      "attempt": 1,
      "promptPreview": "Repo root: /workspace/SuperGrok1.5. You are a Phase-0c EXHAUSTIVE reader (a prior pass grep-skimmed and missed things). READ YOUR ASSIGNED FILES COMPLETELY — every line, paging through ANY truncation via offset/limit until EOF. Do NOT grep-skim; actually read top to bottom. Cite file:line for every claim. CPU-ONLY: never launch GPU kernels / torch.cuda; static tools only (Read/Grep/Glob; for binar…",
      "lastProgressAt": 1782338096253,
      "error": "API Error: Server is temporarily limiting requests (not your usage limit) · Rate limited",
      "tokens": 0,
      "toolCalls": 0,
      "durationMs": 881
    },
    {
      "type": "workflow_agent",
      "index": 57,
      "label": ".regpressure+.phase2",
      "phaseIndex": 1,
      "phaseTitle": "MegaRead",
      "agentId": "a36fa0b561a888620",
      "model": "claude-opus-4-8[1m]",
      "state": "error",
      "startedAt": 1782338095491,
      "queuedAt": 1782337842531,
      "attempt": 1,
      "promptPreview": "Repo root: /workspace/SuperGrok1.5. You are a Phase-0c EXHAUSTIVE reader (a prior pass grep-skimmed and missed things). READ YOUR ASSIGNED FILES COMPLETELY — every line, paging through ANY truncation via offset/limit until EOF. Do NOT grep-skim; actually read top to bottom. Cite file:line for every claim. CPU-ONLY: never launch GPU kernels / torch.cuda; static tools only (Read/Grep/Glob; for binar…",
      "lastProgressAt": 1782338096361,
      "error": "API Error: Server is temporarily limiting requests (not your usage limit) · Rate limited",
      "tokens": 0,
      "toolCalls": 0,
      "durationMs": 870
    },
    {
      "type": "workflow_agent",
      "index": 58,
      "label": "results/ characterization",
      "phaseIndex": 1,
      "phaseTitle": "MegaRead",
      "agentId": "a6876c3a2d875368f",
      "model": "claude-opus-4-8[1m]",
      "state": "error",
      "startedAt": 1782338095600,
      "queuedAt": 1782337842531,
      "attempt": 1,
      "promptPreview": "Repo root: /workspace/SuperGrok1.5. You are a Phase-0c EXHAUSTIVE reader (a prior pass grep-skimmed and missed things). READ YOUR ASSIGNED FILES COMPLETELY — every line, paging through ANY truncation via offset/limit until EOF. Do NOT grep-skim; actually read top to bottom. Cite file:line for every claim. CPU-ONLY: never launch GPU kernels / torch.cuda; static tools only (Read/Grep/Glob; for binar…",
      "lastProgressAt": 1782338096498,
      "error": "API Error: Server is temporarily limiting requests (not your usage limit) · Rate limited",
      "tokens": 0,
      "toolCalls": 0,
      "durationMs": 898
    },
    {
      "type": "workflow_agent",
      "index": 59,
      "label": "prebuilt .so disasm",
      "phaseIndex": 1,
      "phaseTitle": "MegaRead",
      "agentId": "a120d8bcaa711cf4c",
      "model": "claude-opus-4-8[1m]",
      "state": "done",
      "startedAt": 1782338095957,
      "queuedAt": 1782337842531,
      "attempt": 1,
      "lastToolName": "StructuredOutput",
      "lastToolSummary": "Prebuilt .so disassembly (cuobjdump static: GMMA/UTMALDG/LD…",
      "promptPreview": "Repo root: /workspace/SuperGrok1.5. You are a Phase-0c EXHAUSTIVE reader (a prior pass grep-skimmed and missed things). READ YOUR ASSIGNED FILES COMPLETELY — every line, paging through ANY truncation via offset/limit until EOF. Do NOT grep-skim; actually read top to bottom. Cite file:line for every claim. CPU-ONLY: never launch GPU kernels / torch.cuda; static tools only (Read/Grep/Glob; for binar…",
      "lastProgressAt": 1782338560534,
      "tokens": 80198,
      "toolCalls": 29,
      "durationMs": 464577,
      "resultPreview": "{\"area\":\"Prebuilt .so disassembly (cuobjdump static: GMMA/UTMALDG/LDGSTS, resource usage, tune11 hash diff)\",\"files_fully_read\":[\"/workspace/SuperGrok1.5/tune11_out/grokking_compiled_adamw_decoder_sm_90a/build.ninja\",\"/workspace/SuperGrok1.5/tune11_out/grokking_compiled_adamw_decoder_sm_90a_2944e03f7cd60f3e/build.ninja\",\"/workspace/SuperGrok1.5/tune11_out/trials_adamw_decoder_sm_90a.jsonl\",\"/works…"
    },
    {
      "type": "workflow_agent",
      "index": 60,
      "label": "_dectc_codegen variants",
      "phaseIndex": 1,
      "phaseTitle": "MegaRead",
      "agentId": "a9844de13bedc7b6d",
      "model": "claude-opus-4-8[1m]",
      "state": "done",
      "startedAt": 1782338096019,
      "queuedAt": 1782337842531,
      "attempt": 1,
      "lastToolName": "StructuredOutput",
      "lastToolSummary": "_dectc_codegen variants (L3-TC decoder megakernel deep-ring…",
      "promptPreview": "Repo root: /workspace/SuperGrok1.5. You are a Phase-0c EXHAUSTIVE reader (a prior pass grep-skimmed and missed things). READ YOUR ASSIGNED FILES COMPLETELY — every line, paging through ANY truncation via offset/limit until EOF. Do NOT grep-skim; actually read top to bottom. Cite file:line for every claim. CPU-ONLY: never launch GPU kernels / torch.cuda; static tools only (Read/Grep/Glob; for binar…",
      "lastProgressAt": 1782338625365,
      "tokens": 90794,
      "toolCalls": 40,
      "durationMs": 529346,
      "resultPreview": "{\"area\":\"_dectc_codegen variants (L3-TC decoder megakernel deep-ring smem codegen harness)\",\"files_fully_read\":[\"/workspace/SuperGrok1.5/_dectc_codegen/grid.cpp\",\"/workspace/SuperGrok1.5/_dectc_codegen/sizeprobe.cpp\",\"/workspace/SuperGrok1.5/_dectc_codegen/sizeprobe_dev/probe.cu\",\"/workspace/SuperGrok1.5/_dectc_codegen/baseline/err.log\",\"/workspace/SuperGrok1.5/_dectc_codegen/deep_s3/err.log\",\"/wo…"
    },
    {
      "type": "workflow_agent",
      "index": 61,
      "label": "build/+tune11 tree",
      "phaseIndex": 1,
      "phaseTitle": "MegaRead",
      "agentId": "a101e23f00c79ea6e",
      "model": "claude-opus-4-8[1m]",
      "state": "done",
      "startedAt": 1782338096062,
      "queuedAt": 1782337842531,
      "attempt": 1,
      "lastToolName": "StructuredOutput",
      "lastToolSummary": "build/** (pgo_instrument cells) + tune11_out/ (autotuner: r…",
      "promptPreview": "Repo root: /workspace/SuperGrok1.5. You are a Phase-0c EXHAUSTIVE reader (a prior pass grep-skimmed and missed things). READ YOUR ASSIGNED FILES COMPLETELY — every line, paging through ANY truncation via offset/limit until EOF. Do NOT grep-skim; actually read top to bottom. Cite file:line for every claim. CPU-ONLY: never launch GPU kernels / torch.cuda; static tools only (Read/Grep/Glob; for binar…",
      "lastProgressAt": 1782338431128,
      "tokens": 140569,
      "toolCalls": 32,
      "durationMs": 335066,
      "resultPreview": "{\"area\":\"build/** (pgo_instrument cells) + tune11_out/ (autotuner: report.json, trials.jsonl, optuna db, variant .so/.npy)\",\"files_fully_read\":[\"/workspace/SuperGrok1.5/build/compiled/compile_adamw_decoder_sm_90.txt\",\"/workspace/SuperGrok1.5/build/compiled/compile_lion_decoder_sm_90.txt\",\"/workspace/SuperGrok1.5/build/compiled/compile_supergrok15_vit_sm_90.txt\",\"/workspace/SuperGrok1.5/build/compi…"
    },
    {
      "type": "workflow_agent",
      "index": 62,
      "label": "archive shard 0/8",
      "phaseIndex": 1,
      "phaseTitle": "MegaRead",
      "agentId": "af94cf8bad469bc70",
      "model": "claude-opus-4-8[1m]",
      "state": "done",
      "startedAt": 1782338096254,
      "queuedAt": 1782337842532,
      "attempt": 1,
      "lastToolName": "StructuredOutput",
      "lastToolSummary": "Archive shard 0/8 — prior-session transcript mining (24 sub…",
      "promptPreview": "Repo root: /workspace/SuperGrok1.5. You are a Phase-0c EXHAUSTIVE reader (a prior pass grep-skimmed and missed things). READ YOUR ASSIGNED FILES COMPLETELY — every line, paging through ANY truncation via offset/limit until EOF. Do NOT grep-skim; actually read top to bottom. Cite file:line for every claim. CPU-ONLY: never launch GPU kernels / torch.cuda; static tools only (Read/Grep/Glob; for binar…",
      "lastProgressAt": 1782338575985,
      "tokens": 142132,
      "toolCalls": 32,
      "durationMs": 479731,
      "resultPreview": "{\"area\":\"Archive shard 0/8 — prior-session transcript mining (24 subagent JSONL transcripts, 2026-06-09→06-12, branch claude/h100-audit-maximal): L3-TC wgmma megakernel construction, optimizer-conversion campaign, GEMM-pipeline hill-climb, autotuner→.so injection, Phase-2 design docs.\",\"files_fully_read\":[\"claude_session_archive/projects/-workspace-SuperGrok1-5/122b3aee-fa74-43c0-936d-39ff1eca854f…"
    },
    {
      "type": "workflow_agent",
      "index": 63,
      "label": "archive shard 1/8",
      "phaseIndex": 1,
      "phaseTitle": "MegaRead",
      "agentId": "a7054b1382379adf8",
      "model": "claude-opus-4-8[1m]",
      "state": "done",
      "startedAt": 1782338096344,
      "queuedAt": 1782337842532,
      "attempt": 1,
      "lastToolName": "StructuredOutput",
      "lastToolSummary": "Archive shard 1/8 — prior-session transcript mining (H100 L…",
      "promptPreview": "Repo root: /workspace/SuperGrok1.5. You are a Phase-0c EXHAUSTIVE reader (a prior pass grep-skimmed and missed things). READ YOUR ASSIGNED FILES COMPLETELY — every line, paging through ANY truncation via offset/limit until EOF. Do NOT grep-skim; actually read top to bottom. Cite file:line for every claim. CPU-ONLY: never launch GPU kernels / torch.cuda; static tools only (Read/Grep/Glob; for binar…",
      "lastProgressAt": 1782338631443,
      "tokens": 133696,
      "toolCalls": 37,
      "durationMs": 535099,
      "resultPreview": "{\"area\":\"Archive shard 1/8 — prior-session transcript mining (H100 L3-TC megakernel campaign)\",\"files_fully_read\":[\"/workspace/SuperGrok1.5/claude_session_archive/projects/-workspace-SuperGrok1-5/122b3aee-fa74-43c0-936d-39ff1eca854f/subagents/workflows/wf_42c6c6ad-b9e/agent-a7196ad48912e684c.jsonl\",\"/workspace/SuperGrok1.5/claude_session_archive/projects/-workspace-SuperGrok1-5/122b3aee-fa74-43c0-…"
    },
    {
      "type": "workflow_agent",
      "index": 64,
      "label": "archive shard 2/8",
      "phaseIndex": 1,
      "phaseTitle": "MegaRead",
      "agentId": "a8633ad38e54a84ab",
      "model": "claude-opus-4-8[1m]",
      "state": "done",
      "startedAt": 1782338096362,
      "queuedAt": 1782337842532,
      "attempt": 1,
      "lastToolName": "StructuredOutput",
      "lastToolSummary": "Archive shard 2/8 — prior-session transcript mining (founda…",
      "promptPreview": "Repo root: /workspace/SuperGrok1.5. You are a Phase-0c EXHAUSTIVE reader (a prior pass grep-skimmed and missed things). READ YOUR ASSIGNED FILES COMPLETELY — every line, paging through ANY truncation via offset/limit until EOF. Do NOT grep-skim; actually read top to bottom. Cite file:line for every claim. CPU-ONLY: never launch GPU kernels / torch.cuda; static tools only (Read/Grep/Glob; for binar…",
      "lastProgressAt": 1782338671894,
      "tokens": 137161,
      "toolCalls": 38,
      "durationMs": 575532,
      "resultPreview": "{\"area\":\"Archive shard 2/8 — prior-session transcript mining (foundational L3-TC build-out era, June 9-12 2026)\",\"files_fully_read\":[\"/workspace/SuperGrok1.5/claude_session_archive/projects/-/80b51e31-b580-43b6-8244-fd7633ee1338.jsonl (mined: verification-gauntlet plan, prebuilt/gate-harden windows, compaction handoff)\",\"/workspace/SuperGrok1.5/claude_session_archive/projects/-/80b51e31-b580-43b6-…"
    },
    {
      "type": "workflow_agent",
      "index": 65,
      "label": "archive shard 3/8",
      "phaseIndex": 1,
      "phaseTitle": "MegaRead",
      "agentId": "a12e2b7ec327f6612",
      "model": "claude-opus-4-8[1m]",
      "state": "done",
      "startedAt": 1782338096499,
      "queuedAt": 1782337842532,
      "attempt": 1,
      "lastToolName": "StructuredOutput",
      "lastToolSummary": "Prior-session transcript archive — shard 3/8 (25 jsonl, 202…",
      "promptPreview": "Repo root: /workspace/SuperGrok1.5. You are a Phase-0c EXHAUSTIVE reader (a prior pass grep-skimmed and missed things). READ YOUR ASSIGNED FILES COMPLETELY — every line, paging through ANY truncation via offset/limit until EOF. Do NOT grep-skim; actually read top to bottom. Cite file:line for every claim. CPU-ONLY: never launch GPU kernels / torch.cuda; static tools only (Read/Grep/Glob; for binar…",
      "lastProgressAt": 1782338573594,
      "tokens": 99142,
      "toolCalls": 32,
      "durationMs": 477095,
      "resultPreview": "{\"area\":\"Prior-session transcript archive — shard 3/8 (25 jsonl, 2026-06-09..06-12: TC substrate, 33-cell L3-TC conversion, autotuner seam, cleanup inventory, the 0.49%-roofline diagnosis, distributed pre-tests)\",\"files_fully_read\":[\"/workspace/SuperGrok1.5/claude_session_archive/projects/-/80b51e31-b580-43b6-8244-fd7633ee1338/subagents/agent-ab84b56863ce63c98.jsonl\",\"/workspace/SuperGrok1.5/claud…"
    },
    {
      "type": "workflow_agent",
      "index": 66,
      "label": "archive shard 4/8",
      "phaseIndex": 1,
      "phaseTitle": "MegaRead",
      "agentId": "af83531f30597bb61",
      "model": "claude-opus-4-8[1m]",
      "state": "done",
      "startedAt": 1782338141118,
      "queuedAt": 1782337842532,
      "attempt": 1,
      "lastToolName": "StructuredOutput",
      "lastToolSummary": "Archive shard 4/8 — prior-session transcript mining (24 jso…",
      "promptPreview": "Repo root: /workspace/SuperGrok1.5. You are a Phase-0c EXHAUSTIVE reader (a prior pass grep-skimmed and missed things). READ YOUR ASSIGNED FILES COMPLETELY — every line, paging through ANY truncation via offset/limit until EOF. Do NOT grep-skim; actually read top to bottom. Cite file:line for every claim. CPU-ONLY: never launch GPU kernels / torch.cuda; static tools only (Read/Grep/Glob; for binar…",
      "lastProgressAt": 1782338638195,
      "tokens": 226821,
      "toolCalls": 33,
      "durationMs": 497076,
      "resultPreview": "{\"area\":\"Archive shard 4/8 — prior-session transcript mining (24 jsonl; H100 L3-TC wgmma megakernel campaign: prodigy NaN fix, wave-2 vit lane, compile-layer plan, Fable overnight orchestrator)\",\"files_fully_read\":[\"/workspace/phase0c/archive_shard4.md\",\"claude_session_archive/projects/-/80b51e31-b580-43b6-8244-fd7633ee1338/subagents/agent-a4599501cf3e4acb1.jsonl (matched segments)\",\"claude_sessio…"
    },
    {
      "type": "workflow_agent",
      "index": 67,
      "label": "archive shard 5/8",
      "phaseIndex": 1,
      "phaseTitle": "MegaRead",
      "agentId": "ad9ce25226c84eb43",
      "model": "claude-opus-4-8[1m]",
      "state": "done",
      "startedAt": 1782338211258,
      "queuedAt": 1782337842532,
      "attempt": 1,
      "lastToolName": "StructuredOutput",
      "lastToolSummary": "Archive shard 5/8 — prior-session transcript mining (24 jso…",
      "promptPreview": "Repo root: /workspace/SuperGrok1.5. You are a Phase-0c EXHAUSTIVE reader (a prior pass grep-skimmed and missed things). READ YOUR ASSIGNED FILES COMPLETELY — every line, paging through ANY truncation via offset/limit until EOF. Do NOT grep-skim; actually read top to bottom. Cite file:line for every claim. CPU-ONLY: never launch GPU kernels / torch.cuda; static tools only (Read/Grep/Glob; for binar…",
      "lastProgressAt": 1782338786392,
      "tokens": 251923,
      "toolCalls": 40,
      "durationMs": 575134,
      "resultPreview": "{\"area\":\"Archive shard 5/8 — prior-session transcript mining (24 jsonl files): roofline re-measure, Fork-B decoder TC kernel, d-scaling, cp.async ring, SG2/SG11 fixes, autotuner, kernel-audit synthesis\",\"files_fully_read\":[\"claude_session_archive/projects/-workspace-SuperGrok1-5/122b3aee-fa74-43c0-936d-39ff1eca854f/subagents/agent-ae4e8350c4947f417.jsonl\",\"claude_session_archive/projects/-workspac…"
    },
    {
      "type": "workflow_agent",
      "index": 68,
      "label": "archive shard 6/8",
      "phaseIndex": 1,
      "phaseTitle": "MegaRead",
      "agentId": "abc7fa146081d0554",
      "model": "claude-opus-4-8[1m]",
      "state": "done",
      "startedAt": 1782338212962,
      "queuedAt": 1782337842532,
      "attempt": 1,
      "lastToolName": "StructuredOutput",
      "lastToolSummary": "Archive shard 6/8 — prior-session transcript mining (claude…",
      "promptPreview": "Repo root: /workspace/SuperGrok1.5. You are a Phase-0c EXHAUSTIVE reader (a prior pass grep-skimmed and missed things). READ YOUR ASSIGNED FILES COMPLETELY — every line, paging through ANY truncation via offset/limit until EOF. Do NOT grep-skim; actually read top to bottom. Cite file:line for every claim. CPU-ONLY: never launch GPU kernels / torch.cuda; static tools only (Read/Grep/Glob; for binar…",
      "lastProgressAt": 1782338778916,
      "tokens": 176259,
      "toolCalls": 39,
      "durationMs": 565954,
      "resultPreview": "{\"area\":\"Archive shard 6/8 — prior-session transcript mining (claude/h100-audit-maximal campaign: L3-TC cell conversion 4→33/33, overnight H1/H2/H3 perf hill-climb, d=2048 roofline-maximization design, reg-pressure + parallelism + TPU/gfx942 pre-work)\",\"files_fully_read\":[\"/workspace/SuperGrok1.5/claude_session_archive/projects/-workspace-SuperGrok1-5/122b3aee-fa74-43c0-936d-39ff1eca854f.jsonl (21…"
    },
    {
      "type": "workflow_agent",
      "index": 69,
      "label": "archive shard 7/8",
      "phaseIndex": 1,
      "phaseTitle": "MegaRead",
      "agentId": "ac66d078e4ed5c0e4",
      "model": "claude-opus-4-8[1m]",
      "state": "done",
      "startedAt": 1782338223630,
      "queuedAt": 1782337842532,
      "attempt": 1,
      "lastToolName": "StructuredOutput",
      "lastToolSummary": "Archive shard 7/8 — prior-session transcript mining (wgmma-…",
      "promptPreview": "Repo root: /workspace/SuperGrok1.5. You are a Phase-0c EXHAUSTIVE reader (a prior pass grep-skimmed and missed things). READ YOUR ASSIGNED FILES COMPLETELY — every line, paging through ANY truncation via offset/limit until EOF. Do NOT grep-skim; actually read top to bottom. Cite file:line for every claim. CPU-ONLY: never launch GPU kernels / torch.cuda; static tools only (Read/Grep/Glob; for binar…",
      "lastProgressAt": 1782338739517,
      "tokens": 131941,
      "toolCalls": 33,
      "durationMs": 515887,
      "resultPreview": "{\"area\":\"Archive shard 7/8 — prior-session transcript mining (wgmma-substrate bringup + per-cell L3-TC conversion campaign, 2026-06-09 to 06-12)\",\"files_fully_read\":[\"claude_session_archive/projects/-workspace-SuperGrok1-5/122b3aee-fa74-43c0-936d-39ff1eca854f/subagents/workflows/wf_694d43eb-253/journal.jsonl\",\"claude_session_archive/projects/-workspace-SuperGrok1-5/122b3aee-fa74-43c0-936d-39ff1eca…"
    }
  ],
  "totalTokens": 4347081,
  "totalToolCalls": 761
}