{"op_code":0,"worker_id":"c1373e89-0510-4e0c-8411-2641f38c0e4e-125812117037056","study_name":"adamw__decoder","directions":[1]}
{"op_code":0,"worker_id":"fe05402a-a869-4754-9116-215216aac7fa-125812117037056","study_name":"neuralgrok__decoder","directions":[1]}
{"op_code":0,"worker_id":"c3ca6430-8c86-4b2f-82d0-7f527081d26f-125812117037056","study_name":"grokadamw__decoder","directions":[1]}
{"op_code":0,"worker_id":"df938c81-a6d1-4609-8202-3af9a47996f3-125812117037056","study_name":"supergrok__decoder","directions":[1]}
{"op_code":0,"worker_id":"e2b03819-cdc6-4d60-82e1-c564ece58b35-125812117037056","study_name":"supergrok15__decoder","directions":[1]}
{"op_code":0,"worker_id":"b885a5f1-aeb8-4f28-8c89-74b5efde7f76-125812117037056","study_name":"supergrok2__decoder","directions":[1]}
{"op_code":0,"worker_id":"c7673bc1-85a1-41d8-8e7b-0854c2c6f4d6-125812117037056","study_name":"grokfast__decoder","directions":[1]}
{"op_code":0,"worker_id":"bf704501-577e-4c52-860d-014bf727dda8-125812117037056","study_name":"muon__decoder","directions":[1]}
{"op_code":0,"worker_id":"078b332c-6ecd-41f1-96e5-97656c1d8b2b-125812117037056","study_name":"lion__decoder","directions":[1]}
{"op_code":0,"worker_id":"3b10ead3-bd6c-4b9a-bee2-e6d31169d373-125812117037056","study_name":"looksam__decoder","directions":[1]}
{"op_code":0,"worker_id":"2353f8d1-481f-4534-883a-1fc8fd1d53d1-125812117037056","study_name":"prodigy__decoder","directions":[1]}
{"op_code":4,"worker_id":"c1373e89-0510-4e0c-8411-2641f38c0e4e-125812117037056","study_id":0,"datetime_start":"2026-06-09T22:29:04.867841"}
{"op_code":5,"worker_id":"c1373e89-0510-4e0c-8411-2641f38c0e4e-125812117037056","trial_id":0,"param_name":"lr","param_value_internal":0.0011576160601673156,"distribution":"{\"name\": \"FloatDistribution\", \"attributes\": {\"step\": null, \"low\": 0.0002, \"high\": 0.005, \"log\": true}}"}
{"op_code":5,"worker_id":"c1373e89-0510-4e0c-8411-2641f38c0e4e-125812117037056","trial_id":0,"param_name":"beta1","param_value_internal":0.8671865315032211,"distribution":"{\"name\": \"FloatDistribution\", \"attributes\": {\"step\": null, \"low\": 0.85, \"high\": 0.95, \"log\": false}}"}
{"op_code":5,"worker_id":"c1373e89-0510-4e0c-8411-2641f38c0e4e-125812117037056","trial_id":0,"param_name":"beta2","param_value_internal":0.9922201245695225,"distribution":"{\"name\": \"FloatDistribution\", \"attributes\": {\"step\": null, \"low\": 0.95, \"high\": 0.9995, \"log\": false}}"}
{"op_code":5,"worker_id":"c1373e89-0510-4e0c-8411-2641f38c0e4e-125812117037056","trial_id":0,"param_name":"weight_decay","param_value_internal":0.34316742743792855,"distribution":"{\"name\": \"FloatDistribution\", \"attributes\": {\"step\": null, \"low\": 0.2, \"high\": 4.0, \"log\": true}}"}
{"op_code":0,"worker_id":"8a8951f4-3a9d-4afc-9ce7-4a6adc9e1f82-134298457083904","study_name":"adamw__decoder","directions":[1]}
{"op_code":0,"worker_id":"acda76b1-c8bc-4eeb-a394-fa2c360a827d-134298457083904","study_name":"neuralgrok__decoder","directions":[1]}
{"op_code":0,"worker_id":"923fe3fa-2117-428e-9eca-68a837306b50-134298457083904","study_name":"grokadamw__decoder","directions":[1]}
{"op_code":0,"worker_id":"482982b5-a922-4913-a742-24daa99d3dea-134298457083904","study_name":"supergrok__decoder","directions":[1]}
{"op_code":0,"worker_id":"0f33ef27-95fa-42ce-a67f-34533269600b-134298457083904","study_name":"supergrok15__decoder","directions":[1]}
{"op_code":0,"worker_id":"c201df27-4dbf-4098-8ddf-9840b4c20092-134298457083904","study_name":"supergrok2__decoder","directions":[1]}
{"op_code":0,"worker_id":"bd7d5556-d7fe-4b0b-8b2f-2c17e70a769a-134298457083904","study_name":"grokfast__decoder","directions":[1]}
{"op_code":0,"worker_id":"90c7ae5a-8d93-4b78-a0e5-90c453c557ce-134298457083904","study_name":"muon__decoder","directions":[1]}
{"op_code":0,"worker_id":"0de572de-fd9c-4ddb-a27f-6ddc15458617-134298457083904","study_name":"lion__decoder","directions":[1]}
{"op_code":0,"worker_id":"45e5138d-4f84-4a46-a2ad-7b16d076df55-134298457083904","study_name":"looksam__decoder","directions":[1]}
{"op_code":0,"worker_id":"882811a1-e3f7-41b8-840e-71890448dfa0-134298457083904","study_name":"prodigy__decoder","directions":[1]}
{"op_code":7,"worker_id":"c1373e89-0510-4e0c-8411-2641f38c0e4e-125812117037056","trial_id":0,"step":1,"intermediate_value":0.025081395637243986}
{"op_code":4,"worker_id":"8a8951f4-3a9d-4afc-9ce7-4a6adc9e1f82-134298457083904","study_id":0,"datetime_start":"2026-06-09T22:29:16.017214"}
{"op_code":5,"worker_id":"8a8951f4-3a9d-4afc-9ce7-4a6adc9e1f82-134298457083904","trial_id":1,"param_name":"lr","param_value_internal":0.002688712893605852,"distribution":"{\"name\": \"FloatDistribution\", \"attributes\": {\"step\": null, \"low\": 0.0002, \"high\": 0.005, \"log\": true}}"}
{"op_code":5,"worker_id":"8a8951f4-3a9d-4afc-9ce7-4a6adc9e1f82-134298457083904","trial_id":1,"param_name":"beta1","param_value_internal":0.8616506972333066,"distribution":"{\"name\": \"FloatDistribution\", \"attributes\": {\"step\": null, \"low\": 0.85, \"high\": 0.95, \"log\": false}}"}
{"op_code":5,"worker_id":"8a8951f4-3a9d-4afc-9ce7-4a6adc9e1f82-134298457083904","trial_id":1,"param_name":"beta2","param_value_internal":0.9848621204520889,"distribution":"{\"name\": \"FloatDistribution\", \"attributes\": {\"step\": null, \"low\": 0.95, \"high\": 0.9995, \"log\": false}}"}
{"op_code":5,"worker_id":"8a8951f4-3a9d-4afc-9ce7-4a6adc9e1f82-134298457083904","trial_id":1,"param_name":"weight_decay","param_value_internal":0.9597756895390301,"distribution":"{\"name\": \"FloatDistribution\", \"attributes\": {\"step\": null, \"low\": 0.2, \"high\": 4.0, \"log\": true}}"}
{"op_code":0,"worker_id":"8a74aafb-d0ba-437b-9ee0-cf172bc95240-131931312840704","study_name":"adamw__decoder","directions":[1]}
{"op_code":0,"worker_id":"166771ac-9d6c-43b2-8930-cb04f2e2ac76-131931312840704","study_name":"neuralgrok__decoder","directions":[1]}
{"op_code":0,"worker_id":"59e347b5-032f-491f-afd9-6973fbd2d18c-131931312840704","study_name":"grokadamw__decoder","directions":[1]}
{"op_code":0,"worker_id":"20c99f7f-6f1c-42b3-bd74-b2ddda54b2f1-131931312840704","study_name":"supergrok__decoder","directions":[1]}
{"op_code":0,"worker_id":"cfa7cb94-b77f-4716-8fe4-e4643e827b59-131931312840704","study_name":"supergrok15__decoder","directions":[1]}
{"op_code":0,"worker_id":"e262b5ce-0ea1-49b1-a313-65216387fdb5-131931312840704","study_name":"supergrok2__decoder","directions":[1]}
{"op_code":0,"worker_id":"edf4a419-eec0-48f2-b3f8-6728e1d31718-131931312840704","study_name":"grokfast__decoder","directions":[1]}
{"op_code":0,"worker_id":"efceda00-b67f-4292-a395-2beefb744c2d-140631721078784","study_name":"adamw__decoder","directions":[1]}
{"op_code":0,"worker_id":"91b6d08e-cec3-4610-ad1c-53a931e64035-140631721078784","study_name":"neuralgrok__decoder","directions":[1]}
{"op_code":0,"worker_id":"4b469541-353e-4739-bb7e-5778bf1c6ce5-140631721078784","study_name":"grokadamw__decoder","directions":[1]}
{"op_code":0,"worker_id":"598e4f0c-6c05-4086-a714-23904d8554ed-140631721078784","study_name":"supergrok__decoder","directions":[1]}
{"op_code":0,"worker_id":"39cd6dc1-8f65-4f4a-ad40-3407f44bf6bc-140631721078784","study_name":"supergrok15__decoder","directions":[1]}
{"op_code":0,"worker_id":"3ef9b74a-0617-44d6-ab75-ba17e59f63fd-140631721078784","study_name":"supergrok2__decoder","directions":[1]}
{"op_code":0,"worker_id":"0b28a2c7-e298-4476-9607-1b80781ffa04-140631721078784","study_name":"grokfast__decoder","directions":[1]}
{"op_code":0,"worker_id":"b58cf2f4-95c7-4d77-acab-2f1a2c71b54a-140631721078784","study_name":"muon__decoder","directions":[1]}
{"op_code":0,"worker_id":"dfc10243-30d6-41c3-9ec4-c068af1a0d15-140631721078784","study_name":"lion__decoder","directions":[1]}
{"op_code":0,"worker_id":"189eef76-b186-4c18-b398-b59650420e7e-140631721078784","study_name":"looksam__decoder","directions":[1]}
{"op_code":0,"worker_id":"b428897e-2417-4368-af47-1272a68504ce-140631721078784","study_name":"prodigy__decoder","directions":[1]}
{"op_code":4,"worker_id":"efceda00-b67f-4292-a395-2beefb744c2d-140631721078784","study_id":0,"datetime_start":"2026-06-09T22:29:17.073910"}
{"op_code":5,"worker_id":"efceda00-b67f-4292-a395-2beefb744c2d-140631721078784","trial_id":2,"param_name":"lr","param_value_internal":0.0008565293722924722,"distribution":"{\"name\": \"FloatDistribution\", \"attributes\": {\"step\": null, \"low\": 0.0002, \"high\": 0.005, \"log\": true}}"}
{"op_code":5,"worker_id":"efceda00-b67f-4292-a395-2beefb744c2d-140631721078784","trial_id":2,"param_name":"beta1","param_value_internal":0.9336803373557624,"distribution":"{\"name\": \"FloatDistribution\", \"attributes\": {\"step\": null, \"low\": 0.85, \"high\": 0.95, \"log\": false}}"}
{"op_code":5,"worker_id":"efceda00-b67f-4292-a395-2beefb744c2d-140631721078784","trial_id":2,"param_name":"beta2","param_value_internal":0.974510993649918,"distribution":"{\"name\": \"FloatDistribution\", \"attributes\": {\"step\": null, \"low\": 0.95, \"high\": 0.9995, \"log\": false}}"}
{"op_code":5,"worker_id":"efceda00-b67f-4292-a395-2beefb744c2d-140631721078784","trial_id":2,"param_name":"weight_decay","param_value_internal":1.9548824288747957,"distribution":"{\"name\": \"FloatDistribution\", \"attributes\": {\"step\": null, \"low\": 0.2, \"high\": 4.0, \"log\": true}}"}
{"op_code":0,"worker_id":"bbb1f6e2-13a2-4356-8ebb-6965e7a357e1-131931312840704","study_name":"muon__decoder","directions":[1]}
{"op_code":0,"worker_id":"61c57318-a0a2-4e53-bfd0-c1ec28f5d1b6-131931312840704","study_name":"lion__decoder","directions":[1]}
{"op_code":0,"worker_id":"503e830c-9525-4658-ac58-074f020b5727-131931312840704","study_name":"looksam__decoder","directions":[1]}
{"op_code":0,"worker_id":"7da40e89-1118-4927-9ec0-3e164cd1e8f4-131931312840704","study_name":"prodigy__decoder","directions":[1]}
{"op_code":4,"worker_id":"8a74aafb-d0ba-437b-9ee0-cf172bc95240-131931312840704","study_id":0,"datetime_start":"2026-06-09T22:29:17.941507"}
{"op_code":5,"worker_id":"8a74aafb-d0ba-437b-9ee0-cf172bc95240-131931312840704","trial_id":3,"param_name":"lr","param_value_internal":0.003872639391054715,"distribution":"{\"name\": \"FloatDistribution\", \"attributes\": {\"step\": null, \"low\": 0.0002, \"high\": 0.005, \"log\": true}}"}
{"op_code":5,"worker_id":"8a74aafb-d0ba-437b-9ee0-cf172bc95240-131931312840704","trial_id":3,"param_name":"beta1","param_value_internal":0.9080579177135406,"distribution":"{\"name\": \"FloatDistribution\", \"attributes\": {\"step\": null, \"low\": 0.85, \"high\": 0.95, \"log\": false}}"}
{"op_code":5,"worker_id":"8a74aafb-d0ba-437b-9ee0-cf172bc95240-131931312840704","trial_id":3,"param_name":"beta2","param_value_internal":0.9984848390636939,"distribution":"{\"name\": \"FloatDistribution\", \"attributes\": {\"step\": null, \"low\": 0.95, \"high\": 0.9995, \"log\": false}}"}
{"op_code":5,"worker_id":"8a74aafb-d0ba-437b-9ee0-cf172bc95240-131931312840704","trial_id":3,"param_name":"weight_decay","param_value_internal":1.8645260030089423,"distribution":"{\"name\": \"FloatDistribution\", \"attributes\": {\"step\": null, \"low\": 0.2, \"high\": 4.0, \"log\": true}}"}
{"op_code":7,"worker_id":"c1373e89-0510-4e0c-8411-2641f38c0e4e-125812117037056","trial_id":0,"step":2,"intermediate_value":0.009550419170409441}
{"op_code":7,"worker_id":"c1373e89-0510-4e0c-8411-2641f38c0e4e-125812117037056","trial_id":0,"step":3,"intermediate_value":0.016837154515087605}
{"op_code":7,"worker_id":"c1373e89-0510-4e0c-8411-2641f38c0e4e-125812117037056","trial_id":0,"step":4,"intermediate_value":0.03415460139513016}
{"op_code":7,"worker_id":"c1373e89-0510-4e0c-8411-2641f38c0e4e-125812117037056","trial_id":0,"step":5,"intermediate_value":0.0330777931958437}
{"op_code":7,"worker_id":"c1373e89-0510-4e0c-8411-2641f38c0e4e-125812117037056","trial_id":0,"step":6,"intermediate_value":0.023282610811293125}
{"op_code":7,"worker_id":"c1373e89-0510-4e0c-8411-2641f38c0e4e-125812117037056","trial_id":0,"step":7,"intermediate_value":0.024356340058147907}
{"op_code":7,"worker_id":"c1373e89-0510-4e0c-8411-2641f38c0e4e-125812117037056","trial_id":0,"step":8,"intermediate_value":0.03116586245596409}
{"op_code":7,"worker_id":"c1373e89-0510-4e0c-8411-2641f38c0e4e-125812117037056","trial_id":0,"step":9,"intermediate_value":0.02877671830356121}
{"op_code":7,"worker_id":"c1373e89-0510-4e0c-8411-2641f38c0e4e-125812117037056","trial_id":0,"step":10,"intermediate_value":0.03068864904344082}
{"op_code":7,"worker_id":"c1373e89-0510-4e0c-8411-2641f38c0e4e-125812117037056","trial_id":0,"step":11,"intermediate_value":0.03188168164342642}
{"op_code":7,"worker_id":"c1373e89-0510-4e0c-8411-2641f38c0e4e-125812117037056","trial_id":0,"step":12,"intermediate_value":0.028654335997998714}
{"op_code":7,"worker_id":"c1373e89-0510-4e0c-8411-2641f38c0e4e-125812117037056","trial_id":0,"step":13,"intermediate_value":0.029489459469914436}
{"op_code":7,"worker_id":"c1373e89-0510-4e0c-8411-2641f38c0e4e-125812117037056","trial_id":0,"step":14,"intermediate_value":0.029728065244853497}
{"op_code":7,"worker_id":"c1373e89-0510-4e0c-8411-2641f38c0e4e-125812117037056","trial_id":0,"step":15,"intermediate_value":0.030324582010507584}
{"op_code":7,"worker_id":"c1373e89-0510-4e0c-8411-2641f38c0e4e-125812117037056","trial_id":0,"step":16,"intermediate_value":0.030801795423030853}
{"op_code":7,"worker_id":"c1373e89-0510-4e0c-8411-2641f38c0e4e-125812117037056","trial_id":0,"step":17,"intermediate_value":0.030205278657376766}
{"op_code":7,"worker_id":"c1373e89-0510-4e0c-8411-2641f38c0e4e-125812117037056","trial_id":0,"step":18,"intermediate_value":0.03223343379795551}
{"op_code":7,"worker_id":"8a8951f4-3a9d-4afc-9ce7-4a6adc9e1f82-134298457083904","trial_id":1,"step":1,"intermediate_value":0.012536079622805119}
{"op_code":7,"worker_id":"c1373e89-0510-4e0c-8411-2641f38c0e4e-125812117037056","trial_id":0,"step":19,"intermediate_value":0.032349659129977226}
{"op_code":7,"worker_id":"8a8951f4-3a9d-4afc-9ce7-4a6adc9e1f82-134298457083904","trial_id":1,"step":2,"intermediate_value":0.016956457868218422}
{"op_code":7,"worker_id":"c1373e89-0510-4e0c-8411-2641f38c0e4e-125812117037056","trial_id":0,"step":20,"intermediate_value":0.03211105242371559}
{"op_code":7,"worker_id":"8a8951f4-3a9d-4afc-9ce7-4a6adc9e1f82-134298457083904","trial_id":1,"step":3,"intermediate_value":0.013132596388459206}
{"op_code":7,"worker_id":"8a8951f4-3a9d-4afc-9ce7-4a6adc9e1f82-134298457083904","trial_id":1,"step":4,"intermediate_value":0.008950823685154319}
{"op_code":7,"worker_id":"8a8951f4-3a9d-4afc-9ce7-4a6adc9e1f82-134298457083904","trial_id":1,"step":5,"intermediate_value":0.021615443751215935}
{"op_code":7,"worker_id":"8a8951f4-3a9d-4afc-9ce7-4a6adc9e1f82-134298457083904","trial_id":1,"step":6,"intermediate_value":0.0330777931958437}
{"op_code":7,"worker_id":"8a8951f4-3a9d-4afc-9ce7-4a6adc9e1f82-134298457083904","trial_id":1,"step":7,"intermediate_value":0.03259750176221132}
{"op_code":7,"worker_id":"8a8951f4-3a9d-4afc-9ce7-4a6adc9e1f82-134298457083904","trial_id":1,"step":8,"intermediate_value":0.02650687750428915}
{"op_code":7,"worker_id":"8a8951f4-3a9d-4afc-9ce7-4a6adc9e1f82-134298457083904","trial_id":1,"step":9,"intermediate_value":0.024830473586916924}
{"op_code":7,"worker_id":"8a8951f4-3a9d-4afc-9ce7-4a6adc9e1f82-134298457083904","trial_id":1,"step":10,"intermediate_value":0.025784899480640888}
{"op_code":7,"worker_id":"8a8951f4-3a9d-4afc-9ce7-4a6adc9e1f82-134298457083904","trial_id":1,"step":11,"intermediate_value":0.026620022021234035}
{"op_code":7,"worker_id":"8a8951f4-3a9d-4afc-9ce7-4a6adc9e1f82-134298457083904","trial_id":1,"step":12,"intermediate_value":0.02733584214001894}
{"op_code":7,"worker_id":"8a8951f4-3a9d-4afc-9ce7-4a6adc9e1f82-134298457083904","trial_id":1,"step":13,"intermediate_value":0.029963593930006027}
{"op_code":7,"worker_id":"8a8951f4-3a9d-4afc-9ce7-4a6adc9e1f82-134298457083904","trial_id":1,"step":14,"intermediate_value":0.02889294270426035}
{"op_code":7,"worker_id":"8a8951f4-3a9d-4afc-9ce7-4a6adc9e1f82-134298457083904","trial_id":1,"step":15,"intermediate_value":0.03139523230493069}
{"op_code":7,"worker_id":"8a8951f4-3a9d-4afc-9ce7-4a6adc9e1f82-134298457083904","trial_id":1,"step":16,"intermediate_value":0.030440807342529297}
{"op_code":7,"worker_id":"8a8951f4-3a9d-4afc-9ce7-4a6adc9e1f82-134298457083904","trial_id":1,"step":17,"intermediate_value":0.0311535457149148}
{"op_code":7,"worker_id":"8a8951f4-3a9d-4afc-9ce7-4a6adc9e1f82-134298457083904","trial_id":1,"step":18,"intermediate_value":0.03413920849561691}
{"op_code":7,"worker_id":"8a8951f4-3a9d-4afc-9ce7-4a6adc9e1f82-134298457083904","trial_id":1,"step":19,"intermediate_value":0.0387951135635376}
{"op_code":7,"worker_id":"8a8951f4-3a9d-4afc-9ce7-4a6adc9e1f82-134298457083904","trial_id":1,"step":20,"intermediate_value":0.03365891519933939}
{"op_code":7,"worker_id":"8a8951f4-3a9d-4afc-9ce7-4a6adc9e1f82-134298457083904","trial_id":1,"step":21,"intermediate_value":0.035925677977502346}
{"op_code":7,"worker_id":"8a8951f4-3a9d-4afc-9ce7-4a6adc9e1f82-134298457083904","trial_id":1,"step":22,"intermediate_value":0.03879203461110592}
{"op_code":7,"worker_id":"8a8951f4-3a9d-4afc-9ce7-4a6adc9e1f82-134298457083904","trial_id":1,"step":23,"intermediate_value":0.038672732189297676}
{"op_code":7,"worker_id":"8a8951f4-3a9d-4afc-9ce7-4a6adc9e1f82-134298457083904","trial_id":1,"step":24,"intermediate_value":0.04403829853981733}
{"op_code":7,"worker_id":"8a8951f4-3a9d-4afc-9ce7-4a6adc9e1f82-134298457083904","trial_id":1,"step":25,"intermediate_value":0.04403829853981733}
{"op_code":7,"worker_id":"8a8951f4-3a9d-4afc-9ce7-4a6adc9e1f82-134298457083904","trial_id":1,"step":26,"intermediate_value":0.04678227286785841}
{"op_code":7,"worker_id":"8a8951f4-3a9d-4afc-9ce7-4a6adc9e1f82-134298457083904","trial_id":1,"step":27,"intermediate_value":0.049049037508666515}
{"op_code":7,"worker_id":"8a8951f4-3a9d-4afc-9ce7-4a6adc9e1f82-134298457083904","trial_id":1,"step":28,"intermediate_value":0.05621031112968922}
{"op_code":7,"worker_id":"efceda00-b67f-4292-a395-2beefb744c2d-140631721078784","trial_id":2,"step":1,"intermediate_value":0.023288767784833908}
{"op_code":7,"worker_id":"8a8951f4-3a9d-4afc-9ce7-4a6adc9e1f82-134298457083904","trial_id":1,"step":29,"intermediate_value":0.05871568061411381}
{"op_code":7,"worker_id":"c1373e89-0510-4e0c-8411-2641f38c0e4e-125812117037056","trial_id":0,"step":21,"intermediate_value":0.03067633416503668}
{"op_code":7,"worker_id":"efceda00-b67f-4292-a395-2beefb744c2d-140631721078784","trial_id":2,"step":2,"intermediate_value":0.015163830481469631}
{"op_code":7,"worker_id":"efceda00-b67f-4292-a395-2beefb744c2d-140631721078784","trial_id":2,"step":3,"intermediate_value":0.012178170029073954}
{"op_code":7,"worker_id":"efceda00-b67f-4292-a395-2beefb744c2d-140631721078784","trial_id":2,"step":4,"intermediate_value":0.01349050598219037}
{"op_code":7,"worker_id":"efceda00-b67f-4292-a395-2beefb744c2d-140631721078784","trial_id":2,"step":5,"intermediate_value":0.01910699624568224}
{"op_code":7,"worker_id":"efceda00-b67f-4292-a395-2beefb744c2d-140631721078784","trial_id":2,"step":6,"intermediate_value":0.01743367128074169}
{"op_code":7,"worker_id":"efceda00-b67f-4292-a395-2beefb744c2d-140631721078784","trial_id":2,"step":7,"intermediate_value":0.02483971044421196}
{"op_code":7,"worker_id":"efceda00-b67f-4292-a395-2beefb744c2d-140631721078784","trial_id":2,"step":8,"intermediate_value":0.029850447550415993}
{"op_code":7,"worker_id":"efceda00-b67f-4292-a395-2beefb744c2d-140631721078784","trial_id":2,"step":9,"intermediate_value":0.0292508527636528}
{"op_code":7,"worker_id":"efceda00-b67f-4292-a395-2beefb744c2d-140631721078784","trial_id":2,"step":10,"intermediate_value":0.028535032644867897}
{"op_code":7,"worker_id":"efceda00-b67f-4292-a395-2beefb744c2d-140631721078784","trial_id":2,"step":11,"intermediate_value":0.02889294270426035}
{"op_code":7,"worker_id":"efceda00-b67f-4292-a395-2beefb744c2d-140631721078784","trial_id":2,"step":12,"intermediate_value":0.02710031531751156}
{"op_code":7,"worker_id":"c1373e89-0510-4e0c-8411-2641f38c0e4e-125812117037056","trial_id":0,"step":22,"intermediate_value":0.03019912075251341}
{"op_code":7,"worker_id":"efceda00-b67f-4292-a395-2beefb744c2d-140631721078784","trial_id":2,"step":13,"intermediate_value":0.028054741211235523}
{"op_code":7,"worker_id":"c1373e89-0510-4e0c-8411-2641f38c0e4e-125812117037056","trial_id":0,"step":23,"intermediate_value":0.03270448837429285}
{"op_code":7,"worker_id":"efceda00-b67f-4292-a395-2beefb744c2d-140631721078784","trial_id":2,"step":14,"intermediate_value":0.028412651270627975}
{"op_code":7,"worker_id":"c1373e89-0510-4e0c-8411-2641f38c0e4e-125812117037056","trial_id":0,"step":24,"intermediate_value":0.03413612861186266}
{"op_code":7,"worker_id":"efceda00-b67f-4292-a395-2beefb744c2d-140631721078784","trial_id":2,"step":15,"intermediate_value":0.02685862872749567}
{"op_code":7,"worker_id":"c1373e89-0510-4e0c-8411-2641f38c0e4e-125812117037056","trial_id":0,"step":25,"intermediate_value":0.03497125115245581}
{"op_code":7,"worker_id":"c1373e89-0510-4e0c-8411-2641f38c0e4e-125812117037056","trial_id":0,"step":26,"intermediate_value":0.035925677977502346}
{"op_code":7,"worker_id":"c1373e89-0510-4e0c-8411-2641f38c0e4e-125812117037056","trial_id":0,"step":27,"intermediate_value":0.03819243889302015}
{"op_code":7,"worker_id":"c1373e89-0510-4e0c-8411-2641f38c0e4e-125812117037056","trial_id":0,"step":28,"intermediate_value":0.040697808377444744}
{"op_code":7,"worker_id":"c1373e89-0510-4e0c-8411-2641f38c0e4e-125812117037056","trial_id":0,"step":29,"intermediate_value":0.04332248028367758}
{"op_code":7,"worker_id":"c1373e89-0510-4e0c-8411-2641f38c0e4e-125812117037056","trial_id":0,"step":30,"intermediate_value":0.04570854362100363}
{"op_code":7,"worker_id":"c1373e89-0510-4e0c-8411-2641f38c0e4e-125812117037056","trial_id":0,"step":31,"intermediate_value":0.04869112651795149}
{"op_code":7,"worker_id":"c1373e89-0510-4e0c-8411-2641f38c0e4e-125812117037056","trial_id":0,"step":32,"intermediate_value":0.049526250921189785}
{"op_code":7,"worker_id":"c1373e89-0510-4e0c-8411-2641f38c0e4e-125812117037056","trial_id":0,"step":33,"intermediate_value":0.05227022524923086}
{"op_code":7,"worker_id":"c1373e89-0510-4e0c-8411-2641f38c0e4e-125812117037056","trial_id":0,"step":34,"intermediate_value":0.05071928258985281}
{"op_code":7,"worker_id":"c1373e89-0510-4e0c-8411-2641f38c0e4e-125812117037056","trial_id":0,"step":35,"intermediate_value":0.0540597727522254}
{"op_code":7,"worker_id":"c1373e89-0510-4e0c-8411-2641f38c0e4e-125812117037056","trial_id":0,"step":36,"intermediate_value":0.05501419957727194}
{"op_code":7,"worker_id":"8a8951f4-3a9d-4afc-9ce7-4a6adc9e1f82-134298457083904","trial_id":1,"step":30,"intermediate_value":0.0610986677929759}
{"op_code":7,"worker_id":"c1373e89-0510-4e0c-8411-2641f38c0e4e-125812117037056","trial_id":0,"step":37,"intermediate_value":0.059667027555406094}
{"op_code":7,"worker_id":"efceda00-b67f-4292-a395-2beefb744c2d-140631721078784","trial_id":2,"step":16,"intermediate_value":0.028770560398697853}
{"op_code":7,"worker_id":"c1373e89-0510-4e0c-8411-2641f38c0e4e-125812117037056","trial_id":0,"step":38,"intermediate_value":0.06205309089273214}
{"op_code":7,"worker_id":"efceda00-b67f-4292-a395-2beefb744c2d-140631721078784","trial_id":2,"step":17,"intermediate_value":0.029009167104959488}
{"op_code":7,"worker_id":"efceda00-b67f-4292-a395-2beefb744c2d-140631721078784","trial_id":2,"step":18,"intermediate_value":0.03008289635181427}
{"op_code":7,"worker_id":"c1373e89-0510-4e0c-8411-2641f38c0e4e-125812117037056","trial_id":0,"step":39,"intermediate_value":0.06551288720220327}
{"op_code":7,"worker_id":"efceda00-b67f-4292-a395-2beefb744c2d-140631721078784","trial_id":2,"step":19,"intermediate_value":0.031275929883122444}
{"op_code":7,"worker_id":"8a8951f4-3a9d-4afc-9ce7-4a6adc9e1f82-134298457083904","trial_id":1,"step":31,"intermediate_value":0.06182064488530159}
{"op_code":7,"worker_id":"8a8951f4-3a9d-4afc-9ce7-4a6adc9e1f82-134298457083904","trial_id":1,"step":32,"intermediate_value":0.06420362927019596}
{"op_code":7,"worker_id":"8a8951f4-3a9d-4afc-9ce7-4a6adc9e1f82-134298457083904","trial_id":1,"step":33,"intermediate_value":0.06825686153024435}
{"op_code":7,"worker_id":"8a8951f4-3a9d-4afc-9ce7-4a6adc9e1f82-134298457083904","trial_id":1,"step":34,"intermediate_value":0.07040739990770817}
{"op_code":7,"worker_id":"8a8951f4-3a9d-4afc-9ce7-4a6adc9e1f82-134298457083904","trial_id":1,"step":35,"intermediate_value":0.07171665783971548}
{"op_code":7,"worker_id":"8a8951f4-3a9d-4afc-9ce7-4a6adc9e1f82-134298457083904","trial_id":1,"step":36,"intermediate_value":0.07183596026152372}
{"op_code":7,"worker_id":"8a8951f4-3a9d-4afc-9ce7-4a6adc9e1f82-134298457083904","trial_id":1,"step":37,"intermediate_value":0.08329523354768753}
{"op_code":7,"worker_id":"8a8951f4-3a9d-4afc-9ce7-4a6adc9e1f82-134298457083904","trial_id":1,"step":38,"intermediate_value":0.08639403991401196}
{"op_code":7,"worker_id":"8a8951f4-3a9d-4afc-9ce7-4a6adc9e1f82-134298457083904","trial_id":1,"step":39,"intermediate_value":0.09164030384272337}
{"op_code":7,"worker_id":"8a8951f4-3a9d-4afc-9ce7-4a6adc9e1f82-134298457083904","trial_id":1,"step":40,"intermediate_value":0.09951739571988583}
{"op_code":7,"worker_id":"8a8951f4-3a9d-4afc-9ce7-4a6adc9e1f82-134298457083904","trial_id":1,"step":41,"intermediate_value":0.1121666207909584}
{"op_code":7,"worker_id":"8a8951f4-3a9d-4afc-9ce7-4a6adc9e1f82-134298457083904","trial_id":1,"step":42,"intermediate_value":0.12015993893146515}
{"op_code":7,"worker_id":"8a8951f4-3a9d-4afc-9ce7-4a6adc9e1f82-134298457083904","trial_id":1,"step":43,"intermediate_value":0.12218809872865677}
{"op_code":7,"worker_id":"8a8951f4-3a9d-4afc-9ce7-4a6adc9e1f82-134298457083904","trial_id":1,"step":44,"intermediate_value":0.12385834008455276}
{"op_code":7,"worker_id":"8a8951f4-3a9d-4afc-9ce7-4a6adc9e1f82-134298457083904","trial_id":1,"step":45,"intermediate_value":0.11551018990576267}
{"op_code":7,"worker_id":"efceda00-b67f-4292-a395-2beefb744c2d-140631721078784","trial_id":2,"step":20,"intermediate_value":0.029602604918181896}
{"op_code":7,"worker_id":"8a8951f4-3a9d-4afc-9ce7-4a6adc9e1f82-134298457083904","trial_id":1,"step":46,"intermediate_value":0.134831165894866}
{"op_code":7,"worker_id":"efceda00-b67f-4292-a395-2beefb744c2d-140631721078784","trial_id":2,"step":21,"intermediate_value":0.031392152421176434}
{"op_code":7,"worker_id":"efceda00-b67f-4292-a395-2beefb744c2d-140631721078784","trial_id":2,"step":22,"intermediate_value":0.03234657924622297}
{"op_code":7,"worker_id":"efceda00-b67f-4292-a395-2beefb744c2d-140631721078784","trial_id":2,"step":23,"intermediate_value":0.03318170178681612}
{"op_code":7,"worker_id":"efceda00-b67f-4292-a395-2beefb744c2d-140631721078784","trial_id":2,"step":24,"intermediate_value":0.03592875599861145}
{"op_code":7,"worker_id":"efceda00-b67f-4292-a395-2beefb744c2d-140631721078784","trial_id":2,"step":25,"intermediate_value":0.037599002942442894}
{"op_code":7,"worker_id":"efceda00-b67f-4292-a395-2beefb744c2d-140631721078784","trial_id":2,"step":26,"intermediate_value":0.03724109195172787}
{"op_code":7,"worker_id":"8a8951f4-3a9d-4afc-9ce7-4a6adc9e1f82-134298457083904","trial_id":1,"step":47,"intermediate_value":0.14175383746623993}
{"op_code":7,"worker_id":"efceda00-b67f-4292-a395-2beefb744c2d-140631721078784","trial_id":2,"step":27,"intermediate_value":0.03783760964870453}
{"op_code":7,"worker_id":"efceda00-b67f-4292-a395-2beefb744c2d-140631721078784","trial_id":2,"step":28,"intermediate_value":0.03926924802362919}
{"op_code":7,"worker_id":"efceda00-b67f-4292-a395-2beefb744c2d-140631721078784","trial_id":2,"step":29,"intermediate_value":0.040700888261199}
{"op_code":7,"worker_id":"efceda00-b67f-4292-a395-2beefb744c2d-140631721078784","trial_id":2,"step":30,"intermediate_value":0.04057850409299135}
{"op_code":7,"worker_id":"c1373e89-0510-4e0c-8411-2641f38c0e4e-125812117037056","trial_id":0,"step":40,"intermediate_value":0.07183596026152372}
{"op_code":7,"worker_id":"efceda00-b67f-4292-a395-2beefb744c2d-140631721078784","trial_id":2,"step":31,"intermediate_value":0.042725964449346066}
{"op_code":7,"worker_id":"c1373e89-0510-4e0c-8411-2641f38c0e4e-125812117037056","trial_id":0,"step":41,"intermediate_value":0.07183596026152372}
{"op_code":7,"worker_id":"efceda00-b67f-4292-a395-2beefb744c2d-140631721078784","trial_id":2,"step":32,"intermediate_value":0.04678535275161266}
{"op_code":7,"worker_id":"efceda00-b67f-4292-a395-2beefb744c2d-140631721078784","trial_id":2,"step":33,"intermediate_value":0.048336295410990715}
{"op_code":7,"worker_id":"efceda00-b67f-4292-a395-2beefb744c2d-140631721078784","trial_id":2,"step":34,"intermediate_value":0.05048375390470028}
{"op_code":7,"worker_id":"efceda00-b67f-4292-a395-2beefb744c2d-140631721078784","trial_id":2,"step":35,"intermediate_value":0.04976485576480627}
{"op_code":7,"worker_id":"efceda00-b67f-4292-a395-2beefb744c2d-140631721078784","trial_id":2,"step":36,"intermediate_value":0.05119649600237608}
{"op_code":7,"worker_id":"efceda00-b67f-4292-a395-2beefb744c2d-140631721078784","trial_id":2,"step":37,"intermediate_value":0.05429838132113218}
{"op_code":7,"worker_id":"efceda00-b67f-4292-a395-2beefb744c2d-140631721078784","trial_id":2,"step":38,"intermediate_value":0.05788055621087551}
{"op_code":7,"worker_id":"efceda00-b67f-4292-a395-2beefb744c2d-140631721078784","trial_id":2,"step":39,"intermediate_value":0.06014732085168362}
{"op_code":7,"worker_id":"efceda00-b67f-4292-a395-2beefb744c2d-140631721078784","trial_id":2,"step":40,"intermediate_value":0.06217547692358494}
{"op_code":7,"worker_id":"efceda00-b67f-4292-a395-2beefb744c2d-140631721078784","trial_id":2,"step":41,"intermediate_value":0.060263543389737606}
{"op_code":7,"worker_id":"efceda00-b67f-4292-a395-2beefb744c2d-140631721078784","trial_id":2,"step":42,"intermediate_value":0.06229169946163893}
{"op_code":7,"worker_id":"8a8951f4-3a9d-4afc-9ce7-4a6adc9e1f82-134298457083904","trial_id":1,"step":48,"intermediate_value":0.148673415184021}
{"op_code":7,"worker_id":"8a8951f4-3a9d-4afc-9ce7-4a6adc9e1f82-134298457083904","trial_id":1,"step":49,"intermediate_value":0.1566728986799717}
{"op_code":7,"worker_id":"8a8951f4-3a9d-4afc-9ce7-4a6adc9e1f82-134298457083904","trial_id":1,"step":50,"intermediate_value":0.1576180886477232}
{"op_code":7,"worker_id":"8a8951f4-3a9d-4afc-9ce7-4a6adc9e1f82-134298457083904","trial_id":1,"step":51,"intermediate_value":0.17337227053940296}
{"op_code":7,"worker_id":"8a74aafb-d0ba-437b-9ee0-cf172bc95240-131931312840704","trial_id":3,"step":1,"intermediate_value":0.016240638215094805}
{"op_code":7,"worker_id":"8a8951f4-3a9d-4afc-9ce7-4a6adc9e1f82-134298457083904","trial_id":1,"step":52,"intermediate_value":0.1430661678314209}
{"op_code":7,"worker_id":"efceda00-b67f-4292-a395-2beefb744c2d-140631721078784","trial_id":2,"step":43,"intermediate_value":0.06491637136787176}
{"op_code":7,"worker_id":"8a74aafb-d0ba-437b-9ee0-cf172bc95240-131931312840704","trial_id":3,"step":2,"intermediate_value":0.010388621129095554}
{"op_code":7,"worker_id":"8a74aafb-d0ba-437b-9ee0-cf172bc95240-131931312840704","trial_id":3,"step":3,"intermediate_value":0.012774686329066753}
{"op_code":7,"worker_id":"8a74aafb-d0ba-437b-9ee0-cf172bc95240-131931312840704","trial_id":3,"step":4,"intermediate_value":0.016598548274487257}
{"op_code":7,"worker_id":"8a74aafb-d0ba-437b-9ee0-cf172bc95240-131931312840704","trial_id":3,"step":5,"intermediate_value":0.016837154515087605}
{"op_code":7,"worker_id":"8a74aafb-d0ba-437b-9ee0-cf172bc95240-131931312840704","trial_id":3,"step":6,"intermediate_value":0.012416776735335588}
{"op_code":7,"worker_id":"8a74aafb-d0ba-437b-9ee0-cf172bc95240-131931312840704","trial_id":3,"step":7,"intermediate_value":0.024717328138649464}
{"op_code":7,"worker_id":"8a74aafb-d0ba-437b-9ee0-cf172bc95240-131931312840704","trial_id":3,"step":8,"intermediate_value":0.027103394269943237}
{"op_code":7,"worker_id":"8a74aafb-d0ba-437b-9ee0-cf172bc95240-131931312840704","trial_id":3,"step":9,"intermediate_value":0.027941595762968063}
{"op_code":7,"worker_id":"8a74aafb-d0ba-437b-9ee0-cf172bc95240-131931312840704","trial_id":3,"step":10,"intermediate_value":0.02602966409176588}
{"op_code":7,"worker_id":"8a74aafb-d0ba-437b-9ee0-cf172bc95240-131931312840704","trial_id":3,"step":11,"intermediate_value":0.02829950489103794}
{"op_code":7,"worker_id":"8a8951f4-3a9d-4afc-9ce7-4a6adc9e1f82-134298457083904","trial_id":1,"step":53,"intermediate_value":0.14688078872859478}
{"op_code":7,"worker_id":"c1373e89-0510-4e0c-8411-2641f38c0e4e-125812117037056","trial_id":0,"step":42,"intermediate_value":0.07446062844246626}
{"op_code":7,"worker_id":"8a74aafb-d0ba-437b-9ee0-cf172bc95240-131931312840704","trial_id":3,"step":12,"intermediate_value":0.030089054256677628}
{"op_code":7,"worker_id":"8a74aafb-d0ba-437b-9ee0-cf172bc95240-131931312840704","trial_id":3,"step":13,"intermediate_value":0.026861708611249924}
{"op_code":7,"worker_id":"8a74aafb-d0ba-437b-9ee0-cf172bc95240-131931312840704","trial_id":3,"step":14,"intermediate_value":0.030801795423030853}
{"op_code":7,"worker_id":"8a74aafb-d0ba-437b-9ee0-cf172bc95240-131931312840704","trial_id":3,"step":15,"intermediate_value":0.032117209397256374}
{"op_code":7,"worker_id":"8a74aafb-d0ba-437b-9ee0-cf172bc95240-131931312840704","trial_id":3,"step":16,"intermediate_value":0.02698101196438074}
{"op_code":7,"worker_id":"8a74aafb-d0ba-437b-9ee0-cf172bc95240-131931312840704","trial_id":3,"step":17,"intermediate_value":0.026739326305687428}
{"op_code":7,"worker_id":"8a74aafb-d0ba-437b-9ee0-cf172bc95240-131931312840704","trial_id":3,"step":18,"intermediate_value":0.03008289635181427}
{"op_code":7,"worker_id":"8a74aafb-d0ba-437b-9ee0-cf172bc95240-131931312840704","trial_id":3,"step":19,"intermediate_value":0.031753143295645714}
{"op_code":7,"worker_id":"8a74aafb-d0ba-437b-9ee0-cf172bc95240-131931312840704","trial_id":3,"step":20,"intermediate_value":0.027455144561827183}
{"op_code":7,"worker_id":"8a74aafb-d0ba-437b-9ee0-cf172bc95240-131931312840704","trial_id":3,"step":21,"intermediate_value":0.0311535457149148}
{"op_code":7,"worker_id":"8a74aafb-d0ba-437b-9ee0-cf172bc95240-131931312840704","trial_id":3,"step":22,"intermediate_value":0.038198597729206085}
{"op_code":7,"worker_id":"8a74aafb-d0ba-437b-9ee0-cf172bc95240-131931312840704","trial_id":3,"step":23,"intermediate_value":0.03568707127124071}
{"op_code":7,"worker_id":"8a74aafb-d0ba-437b-9ee0-cf172bc95240-131931312840704","trial_id":3,"step":24,"intermediate_value":0.03795383218675852}
{"op_code":7,"worker_id":"8a74aafb-d0ba-437b-9ee0-cf172bc95240-131931312840704","trial_id":3,"step":25,"intermediate_value":0.03711870964616537}
{"op_code":7,"worker_id":"8a74aafb-d0ba-437b-9ee0-cf172bc95240-131931312840704","trial_id":3,"step":26,"intermediate_value":0.03807313647121191}
{"op_code":7,"worker_id":"8a74aafb-d0ba-437b-9ee0-cf172bc95240-131931312840704","trial_id":3,"step":27,"intermediate_value":0.041652233339846134}
{"op_code":7,"worker_id":"8a74aafb-d0ba-437b-9ee0-cf172bc95240-131931312840704","trial_id":3,"step":28,"intermediate_value":0.04427690710872412}
{"op_code":7,"worker_id":"8a74aafb-d0ba-437b-9ee0-cf172bc95240-131931312840704","trial_id":3,"step":29,"intermediate_value":0.044634814374148846}
{"op_code":7,"worker_id":"8a74aafb-d0ba-437b-9ee0-cf172bc95240-131931312840704","trial_id":3,"step":30,"intermediate_value":0.04201014246791601}
{"op_code":7,"worker_id":"8a74aafb-d0ba-437b-9ee0-cf172bc95240-131931312840704","trial_id":3,"step":31,"intermediate_value":0.050480674020946026}
{"op_code":7,"worker_id":"8a74aafb-d0ba-437b-9ee0-cf172bc95240-131931312840704","trial_id":3,"step":32,"intermediate_value":0.048094610683619976}
{"op_code":7,"worker_id":"8a74aafb-d0ba-437b-9ee0-cf172bc95240-131931312840704","trial_id":3,"step":33,"intermediate_value":0.05453698616474867}
{"op_code":7,"worker_id":"efceda00-b67f-4292-a395-2beefb744c2d-140631721078784","trial_id":2,"step":44,"intermediate_value":0.0707653108984232}
{"op_code":7,"worker_id":"8a8951f4-3a9d-4afc-9ce7-4a6adc9e1f82-134298457083904","trial_id":1,"step":54,"intermediate_value":0.16966771893203259}
{"op_code":7,"worker_id":"8a74aafb-d0ba-437b-9ee0-cf172bc95240-131931312840704","trial_id":3,"step":34,"intermediate_value":0.055730017833411694}
{"op_code":7,"worker_id":"efceda00-b67f-4292-a395-2beefb744c2d-140631721078784","trial_id":2,"step":45,"intermediate_value":0.07148112915456295}
{"op_code":7,"worker_id":"8a8951f4-3a9d-4afc-9ce7-4a6adc9e1f82-134298457083904","trial_id":1,"step":55,"intermediate_value":0.1990194022655487}
{"op_code":7,"worker_id":"8a74aafb-d0ba-437b-9ee0-cf172bc95240-131931312840704","trial_id":3,"step":35,"intermediate_value":0.05895120929926634}
{"op_code":7,"worker_id":"efceda00-b67f-4292-a395-2beefb744c2d-140631721078784","trial_id":2,"step":46,"intermediate_value":0.07577604614198208}
{"op_code":7,"worker_id":"8a8951f4-3a9d-4afc-9ce7-4a6adc9e1f82-134298457083904","trial_id":1,"step":56,"intermediate_value":0.21608284302055836}
{"op_code":7,"worker_id":"8a74aafb-d0ba-437b-9ee0-cf172bc95240-131931312840704","trial_id":3,"step":36,"intermediate_value":0.064200553111732}
{"op_code":7,"worker_id":"efceda00-b67f-4292-a395-2beefb744c2d-140631721078784","trial_id":2,"step":47,"intermediate_value":0.07887793146073818}
{"op_code":7,"worker_id":"8a8951f4-3a9d-4afc-9ce7-4a6adc9e1f82-134298457083904","trial_id":1,"step":57,"intermediate_value":0.22670082934200764}
{"op_code":7,"worker_id":"c1373e89-0510-4e0c-8411-2641f38c0e4e-125812117037056","trial_id":0,"step":43,"intermediate_value":0.07672739308327436}
{"op_code":7,"worker_id":"8a8951f4-3a9d-4afc-9ce7-4a6adc9e1f82-134298457083904","trial_id":1,"step":58,"intermediate_value":0.24173304624855518}
{"op_code":7,"worker_id":"efceda00-b67f-4292-a395-2beefb744c2d-140631721078784","trial_id":2,"step":48,"intermediate_value":0.08078678511083126}
{"op_code":7,"worker_id":"8a8951f4-3a9d-4afc-9ce7-4a6adc9e1f82-134298457083904","trial_id":1,"step":59,"intermediate_value":0.23838331829756498}
{"op_code":7,"worker_id":"8a8951f4-3a9d-4afc-9ce7-4a6adc9e1f82-134298457083904","trial_id":1,"step":60,"intermediate_value":0.24113653786480427}
{"op_code":7,"worker_id":"8a8951f4-3a9d-4afc-9ce7-4a6adc9e1f82-134298457083904","trial_id":1,"step":61,"intermediate_value":0.23182163666933775}
{"op_code":7,"worker_id":"8a8951f4-3a9d-4afc-9ce7-4a6adc9e1f82-134298457083904","trial_id":1,"step":62,"intermediate_value":0.27561517246067524}
{"op_code":7,"worker_id":"8a8951f4-3a9d-4afc-9ce7-4a6adc9e1f82-134298457083904","trial_id":1,"step":63,"intermediate_value":0.2850431986153126}
{"op_code":7,"worker_id":"c1373e89-0510-4e0c-8411-2641f38c0e4e-125812117037056","trial_id":0,"step":44,"intermediate_value":0.07839764188975096}
{"op_code":7,"worker_id":"8a8951f4-3a9d-4afc-9ce7-4a6adc9e1f82-134298457083904","trial_id":1,"step":64,"intermediate_value":0.2833606405183673}
{"op_code":7,"worker_id":"c1373e89-0510-4e0c-8411-2641f38c0e4e-125812117037056","trial_id":0,"step":45,"intermediate_value":0.08448210638016462}
{"op_code":7,"worker_id":"8a8951f4-3a9d-4afc-9ce7-4a6adc9e1f82-134298457083904","trial_id":1,"step":65,"intermediate_value":0.2867103684693575}
{"op_code":7,"worker_id":"8a8951f4-3a9d-4afc-9ce7-4a6adc9e1f82-134298457083904","trial_id":1,"step":66,"intermediate_value":0.2839571638032794}
{"op_code":7,"worker_id":"8a8951f4-3a9d-4afc-9ce7-4a6adc9e1f82-134298457083904","trial_id":1,"step":67,"intermediate_value":0.3047220855951309}
{"op_code":7,"worker_id":"8a8951f4-3a9d-4afc-9ce7-4a6adc9e1f82-134298457083904","trial_id":1,"step":68,"intermediate_value":0.3205863367766142}
{"op_code":7,"worker_id":"8a8951f4-3a9d-4afc-9ce7-4a6adc9e1f82-134298457083904","trial_id":1,"step":69,"intermediate_value":0.33180086128413677}
{"op_code":7,"worker_id":"8a8951f4-3a9d-4afc-9ce7-4a6adc9e1f82-134298457083904","trial_id":1,"step":70,"intermediate_value":0.31784852035343647}
{"op_code":7,"worker_id":"8a8951f4-3a9d-4afc-9ce7-4a6adc9e1f82-134298457083904","trial_id":1,"step":71,"intermediate_value":0.35482947528362274}
{"op_code":7,"worker_id":"8a8951f4-3a9d-4afc-9ce7-4a6adc9e1f82-134298457083904","trial_id":1,"step":72,"intermediate_value":0.36497025191783905}
{"op_code":7,"worker_id":"8a8951f4-3a9d-4afc-9ce7-4a6adc9e1f82-134298457083904","trial_id":1,"step":73,"intermediate_value":0.37248326651751995}
{"op_code":7,"worker_id":"8a8951f4-3a9d-4afc-9ce7-4a6adc9e1f82-134298457083904","trial_id":1,"step":74,"intermediate_value":0.4075614959001541}
{"op_code":7,"worker_id":"8a8951f4-3a9d-4afc-9ce7-4a6adc9e1f82-134298457083904","trial_id":1,"step":75,"intermediate_value":0.4216454513370991}
{"op_code":7,"worker_id":"8a8951f4-3a9d-4afc-9ce7-4a6adc9e1f82-134298457083904","trial_id":1,"step":76,"intermediate_value":0.4303484410047531}
{"op_code":7,"worker_id":"8a8951f4-3a9d-4afc-9ce7-4a6adc9e1f82-134298457083904","trial_id":1,"step":77,"intermediate_value":0.43905450217425823}
{"op_code":7,"worker_id":"8a8951f4-3a9d-4afc-9ce7-4a6adc9e1f82-134298457083904","trial_id":1,"step":78,"intermediate_value":0.44251735508441925}
{"op_code":7,"worker_id":"8a8951f4-3a9d-4afc-9ce7-4a6adc9e1f82-134298457083904","trial_id":1,"step":79,"intermediate_value":0.4412050396203995}
{"op_code":7,"worker_id":"8a8951f4-3a9d-4afc-9ce7-4a6adc9e1f82-134298457083904","trial_id":1,"step":80,"intermediate_value":0.4472925830632448}
{"op_code":7,"worker_id":"8a8951f4-3a9d-4afc-9ce7-4a6adc9e1f82-134298457083904","trial_id":1,"step":81,"intermediate_value":0.43046466819942}
{"op_code":7,"worker_id":"8a8951f4-3a9d-4afc-9ce7-4a6adc9e1f82-134298457083904","trial_id":1,"step":82,"intermediate_value":0.43930234387516975}
{"op_code":7,"worker_id":"8a74aafb-d0ba-437b-9ee0-cf172bc95240-131931312840704","trial_id":3,"step":37,"intermediate_value":0.06479706894606352}
{"op_code":7,"worker_id":"8a8951f4-3a9d-4afc-9ce7-4a6adc9e1f82-134298457083904","trial_id":1,"step":83,"intermediate_value":0.45802678167819977}
{"op_code":7,"worker_id":"c1373e89-0510-4e0c-8411-2641f38c0e4e-125812117037056","trial_id":0,"step":46,"intermediate_value":0.09044727217406034}
{"op_code":7,"worker_id":"8a74aafb-d0ba-437b-9ee0-cf172bc95240-131931312840704","trial_id":3,"step":38,"intermediate_value":0.06885337736457586}
{"op_code":7,"worker_id":"efceda00-b67f-4292-a395-2beefb744c2d-140631721078784","trial_id":2,"step":49,"intermediate_value":0.08245703391730785}
{"op_code":7,"worker_id":"8a8951f4-3a9d-4afc-9ce7-4a6adc9e1f82-134298457083904","trial_id":1,"step":84,"intermediate_value":0.46196378767490387}
{"op_code":7,"worker_id":"8a74aafb-d0ba-437b-9ee0-cf172bc95240-131931312840704","trial_id":3,"step":39,"intermediate_value":0.07279346697032452}
{"op_code":7,"worker_id":"efceda00-b67f-4292-a395-2beefb744c2d-140631721078784","trial_id":2,"step":50,"intermediate_value":0.08687124960124493}
{"op_code":7,"worker_id":"8a8951f4-3a9d-4afc-9ce7-4a6adc9e1f82-134298457083904","trial_id":1,"step":85,"intermediate_value":0.47365550696849823}
{"op_code":7,"worker_id":"8a74aafb-d0ba-437b-9ee0-cf172bc95240-131931312840704","trial_id":3,"step":40,"intermediate_value":0.06527428235858679}
{"op_code":7,"worker_id":"efceda00-b67f-4292-a395-2beefb744c2d-140631721078784","trial_id":2,"step":51,"intermediate_value":0.08973760902881622}
{"op_code":7,"worker_id":"efceda00-b67f-4292-a395-2beefb744c2d-140631721078784","trial_id":2,"step":52,"intermediate_value":0.0904503520578146}
{"op_code":7,"worker_id":"efceda00-b67f-4292-a395-2beefb744c2d-140631721078784","trial_id":2,"step":53,"intermediate_value":0.0964185893535614}
{"op_code":7,"worker_id":"efceda00-b67f-4292-a395-2beefb744c2d-140631721078784","trial_id":2,"step":54,"intermediate_value":0.09856604784727097}
{"op_code":7,"worker_id":"c1373e89-0510-4e0c-8411-2641f38c0e4e-125812117037056","trial_id":0,"step":47,"intermediate_value":0.0943873580545187}
{"op_code":7,"worker_id":"efceda00-b67f-4292-a395-2beefb744c2d-140631721078784","trial_id":2,"step":55,"intermediate_value":0.10262235999107361}
{"op_code":7,"worker_id":"c1373e89-0510-4e0c-8411-2641f38c0e4e-125812117037056","trial_id":0,"step":48,"intermediate_value":0.09808267932385206}
{"op_code":7,"worker_id":"8a8951f4-3a9d-4afc-9ce7-4a6adc9e1f82-134298457083904","trial_id":1,"step":86,"intermediate_value":0.49012245424091816}
{"op_code":7,"worker_id":"efceda00-b67f-4292-a395-2beefb744c2d-140631721078784","trial_id":2,"step":56,"intermediate_value":0.10811030864715576}
{"op_code":7,"worker_id":"8a8951f4-3a9d-4afc-9ce7-4a6adc9e1f82-134298457083904","trial_id":1,"step":87,"intermediate_value":0.4946498107165098}
{"op_code":7,"worker_id":"efceda00-b67f-4292-a395-2beefb744c2d-140631721078784","trial_id":2,"step":57,"intermediate_value":0.10560186766088009}
{"op_code":7,"worker_id":"8a8951f4-3a9d-4afc-9ce7-4a6adc9e1f82-134298457083904","trial_id":1,"step":88,"intermediate_value":0.500140830874443}
{"op_code":7,"worker_id":"c1373e89-0510-4e0c-8411-2641f38c0e4e-125812117037056","trial_id":0,"step":49,"intermediate_value":0.10727210901677608}
{"op_code":7,"worker_id":"efceda00-b67f-4292-a395-2beefb744c2d-140631721078784","trial_id":2,"step":58,"intermediate_value":0.11538781225681305}
{"op_code":7,"worker_id":"c1373e89-0510-4e0c-8411-2641f38c0e4e-125812117037056","trial_id":0,"step":50,"intermediate_value":0.11085121147334576}
{"op_code":7,"worker_id":"efceda00-b67f-4292-a395-2beefb744c2d-140631721078784","trial_id":2,"step":59,"intermediate_value":0.11645845882594585}
{"op_code":7,"worker_id":"c1373e89-0510-4e0c-8411-2641f38c0e4e-125812117037056","trial_id":0,"step":51,"intermediate_value":0.11311488877981901}
{"op_code":7,"worker_id":"efceda00-b67f-4292-a395-2beefb744c2d-140631721078784","trial_id":2,"step":60,"intermediate_value":0.11729358695447445}
{"op_code":7,"worker_id":"c1373e89-0510-4e0c-8411-2641f38c0e4e-125812117037056","trial_id":0,"step":52,"intermediate_value":0.12457108311355114}
{"op_code":7,"worker_id":"c1373e89-0510-4e0c-8411-2641f38c0e4e-125812117037056","trial_id":0,"step":53,"intermediate_value":0.12480968795716763}
{"op_code":7,"worker_id":"c1373e89-0510-4e0c-8411-2641f38c0e4e-125812117037056","trial_id":0,"step":54,"intermediate_value":0.11311796866357327}
{"op_code":7,"worker_id":"c1373e89-0510-4e0c-8411-2641f38c0e4e-125812117037056","trial_id":0,"step":55,"intermediate_value":0.09498079400509596}
{"op_code":7,"worker_id":"c1373e89-0510-4e0c-8411-2641f38c0e4e-125812117037056","trial_id":0,"step":56,"intermediate_value":0.12815017811954021}
{"op_code":7,"worker_id":"c1373e89-0510-4e0c-8411-2641f38c0e4e-125812117037056","trial_id":0,"step":57,"intermediate_value":0.11991825513541698}
{"op_code":7,"worker_id":"8a74aafb-d0ba-437b-9ee0-cf172bc95240-131931312840704","trial_id":3,"step":41,"intermediate_value":0.07195526268333197}
{"op_code":7,"worker_id":"c1373e89-0510-4e0c-8411-2641f38c0e4e-125812117037056","trial_id":0,"step":58,"intermediate_value":0.150579197332263}
{"op_code":7,"worker_id":"8a74aafb-d0ba-437b-9ee0-cf172bc95240-131931312840704","trial_id":3,"step":42,"intermediate_value":0.07159735541790724}
{"op_code":7,"worker_id":"c1373e89-0510-4e0c-8411-2641f38c0e4e-125812117037056","trial_id":0,"step":59,"intermediate_value":0.14115424267947674}
{"op_code":7,"worker_id":"8a8951f4-3a9d-4afc-9ce7-4a6adc9e1f82-134298457083904","trial_id":1,"step":89,"intermediate_value":0.5056318808346987}
{"op_code":7,"worker_id":"efceda00-b67f-4292-a395-2beefb744c2d-140631721078784","trial_id":2,"step":61,"intermediate_value":0.12015685997903347}
{"op_code":7,"worker_id":"8a74aafb-d0ba-437b-9ee0-cf172bc95240-131931312840704","trial_id":3,"step":43,"intermediate_value":0.08496239595115185}
{"op_code":7,"worker_id":"c1373e89-0510-4e0c-8411-2641f38c0e4e-125812117037056","trial_id":0,"step":60,"intermediate_value":0.15391968004405499}
{"op_code":7,"worker_id":"8a74aafb-d0ba-437b-9ee0-cf172bc95240-131931312840704","trial_id":3,"step":44,"intermediate_value":0.07911345642060041}
{"op_code":7,"worker_id":"c1373e89-0510-4e0c-8411-2641f38c0e4e-125812117037056","trial_id":0,"step":61,"intermediate_value":0.16429906897246838}
{"op_code":7,"worker_id":"8a74aafb-d0ba-437b-9ee0-cf172bc95240-131931312840704","trial_id":3,"step":45,"intermediate_value":0.07816210947930813}
{"op_code":7,"worker_id":"c1373e89-0510-4e0c-8411-2641f38c0e4e-125812117037056","trial_id":0,"step":62,"intermediate_value":0.16740095429122448}
{"op_code":7,"worker_id":"8a74aafb-d0ba-437b-9ee0-cf172bc95240-131931312840704","trial_id":3,"step":46,"intermediate_value":0.08138330094516277}
{"op_code":7,"worker_id":"c1373e89-0510-4e0c-8411-2641f38c0e4e-125812117037056","trial_id":0,"step":63,"intermediate_value":0.18040193151682615}
{"op_code":7,"worker_id":"8a74aafb-d0ba-437b-9ee0-cf172bc95240-131931312840704","trial_id":3,"step":47,"intermediate_value":0.08890248835086823}
{"op_code":7,"worker_id":"c1373e89-0510-4e0c-8411-2641f38c0e4e-125812117037056","trial_id":0,"step":64,"intermediate_value":0.18446132354438305}
{"op_code":7,"worker_id":"8a8951f4-3a9d-4afc-9ce7-4a6adc9e1f82-134298457083904","trial_id":1,"step":90,"intermediate_value":0.5080179441720247}
{"op_code":7,"worker_id":"c1373e89-0510-4e0c-8411-2641f38c0e4e-125812117037056","trial_id":0,"step":65,"intermediate_value":0.19436348788440228}
{"op_code":7,"worker_id":"8a74aafb-d0ba-437b-9ee0-cf172bc95240-131931312840704","trial_id":3,"step":48,"intermediate_value":0.09295264165848494}
{"op_code":7,"worker_id":"8a8951f4-3a9d-4afc-9ce7-4a6adc9e1f82-134298457083904","trial_id":1,"step":91,"intermediate_value":0.5114777255803347}
{"op_code":7,"worker_id":"c1373e89-0510-4e0c-8411-2641f38c0e4e-125812117037056","trial_id":0,"step":66,"intermediate_value":0.2025954257696867}
{"op_code":7,"worker_id":"8a74aafb-d0ba-437b-9ee0-cf172bc95240-131931312840704","trial_id":3,"step":49,"intermediate_value":0.09606375731527805}
{"op_code":7,"worker_id":"8a8951f4-3a9d-4afc-9ce7-4a6adc9e1f82-134298457083904","trial_id":1,"step":92,"intermediate_value":0.5109974294900894}
{"op_code":7,"worker_id":"c1373e89-0510-4e0c-8411-2641f38c0e4e-125812117037056","trial_id":0,"step":67,"intermediate_value":0.20808337442576885}
{"op_code":7,"worker_id":"8a74aafb-d0ba-437b-9ee0-cf172bc95240-131931312840704","trial_id":3,"step":50,"intermediate_value":0.09342985134571791}
{"op_code":7,"worker_id":"8a8951f4-3a9d-4afc-9ce7-4a6adc9e1f82-134298457083904","trial_id":1,"step":93,"intermediate_value":0.5154147315770388}
{"op_code":7,"worker_id":"c1373e89-0510-4e0c-8411-2641f38c0e4e-125812117037056","trial_id":0,"step":68,"intermediate_value":0.20796406082808971}
{"op_code":7,"worker_id":"efceda00-b67f-4292-a395-2beefb744c2d-140631721078784","trial_id":2,"step":62,"intermediate_value":0.12242362461984158}
{"op_code":7,"worker_id":"8a74aafb-d0ba-437b-9ee0-cf172bc95240-131931312840704","trial_id":3,"step":51,"intermediate_value":0.09367153607308865}
{"op_code":7,"worker_id":"8a8951f4-3a9d-4afc-9ce7-4a6adc9e1f82-134298457083904","trial_id":1,"step":94,"intermediate_value":0.516488479450345}
{"op_code":7,"worker_id":"c1373e89-0510-4e0c-8411-2641f38c0e4e-125812117037056","trial_id":0,"step":69,"intermediate_value":0.21202038042247295}
{"op_code":7,"worker_id":"c1373e89-0510-4e0c-8411-2641f38c0e4e-125812117037056","trial_id":0,"step":70,"intermediate_value":0.20092209707945585}
{"op_code":7,"worker_id":"c1373e89-0510-4e0c-8411-2641f38c0e4e-125812117037056","trial_id":0,"step":71,"intermediate_value":0.21631529740989208}
{"op_code":7,"worker_id":"c1373e89-0510-4e0c-8411-2641f38c0e4e-125812117037056","trial_id":0,"step":72,"intermediate_value":0.22001061867922544}
{"op_code":7,"worker_id":"efceda00-b67f-4292-a395-2beefb744c2d-140631721078784","trial_id":2,"step":63,"intermediate_value":0.1213498916476965}
{"op_code":7,"worker_id":"8a74aafb-d0ba-437b-9ee0-cf172bc95240-131931312840704","trial_id":3,"step":52,"intermediate_value":0.10667251329869032}
{"op_code":7,"worker_id":"8a74aafb-d0ba-437b-9ee0-cf172bc95240-131931312840704","trial_id":3,"step":53,"intermediate_value":0.11299559008330107}
{"op_code":7,"worker_id":"8a74aafb-d0ba-437b-9ee0-cf172bc95240-131931312840704","trial_id":3,"step":54,"intermediate_value":0.11430792044848204}
{"op_code":7,"worker_id":"8a74aafb-d0ba-437b-9ee0-cf172bc95240-131931312840704","trial_id":3,"step":55,"intermediate_value":0.12230123858898878}
{"op_code":7,"worker_id":"8a74aafb-d0ba-437b-9ee0-cf172bc95240-131931312840704","trial_id":3,"step":56,"intermediate_value":0.12385526113212109}
{"op_code":7,"worker_id":"8a74aafb-d0ba-437b-9ee0-cf172bc95240-131931312840704","trial_id":3,"step":57,"intermediate_value":0.11967657040804625}
{"op_code":7,"worker_id":"8a74aafb-d0ba-437b-9ee0-cf172bc95240-131931312840704","trial_id":3,"step":58,"intermediate_value":0.1118056308478117}
{"op_code":7,"worker_id":"8a74aafb-d0ba-437b-9ee0-cf172bc95240-131931312840704","trial_id":3,"step":59,"intermediate_value":0.12385218124836683}
{"op_code":7,"worker_id":"8a74aafb-d0ba-437b-9ee0-cf172bc95240-131931312840704","trial_id":3,"step":60,"intermediate_value":0.1220626337453723}
{"op_code":7,"worker_id":"8a74aafb-d0ba-437b-9ee0-cf172bc95240-131931312840704","trial_id":3,"step":61,"intermediate_value":0.12623825203627348}
{"op_code":7,"worker_id":"8a74aafb-d0ba-437b-9ee0-cf172bc95240-131931312840704","trial_id":3,"step":62,"intermediate_value":0.1181256277486682}
{"op_code":7,"worker_id":"8a74aafb-d0ba-437b-9ee0-cf172bc95240-131931312840704","trial_id":3,"step":63,"intermediate_value":0.13184549938887358}
{"op_code":7,"worker_id":"c1373e89-0510-4e0c-8411-2641f38c0e4e-125812117037056","trial_id":0,"step":73,"intermediate_value":0.23301775567233562}
{"op_code":7,"worker_id":"8a74aafb-d0ba-437b-9ee0-cf172bc95240-131931312840704","trial_id":3,"step":64,"intermediate_value":0.14795452170073986}
{"op_code":7,"worker_id":"c1373e89-0510-4e0c-8411-2641f38c0e4e-125812117037056","trial_id":0,"step":74,"intermediate_value":0.24435156397521496}
{"op_code":7,"worker_id":"8a74aafb-d0ba-437b-9ee0-cf172bc95240-131931312840704","trial_id":3,"step":65,"intermediate_value":0.15714703686535358}
{"op_code":7,"worker_id":"c1373e89-0510-4e0c-8411-2641f38c0e4e-125812117037056","trial_id":0,"step":75,"intermediate_value":0.2554467599838972}
{"op_code":7,"worker_id":"8a74aafb-d0ba-437b-9ee0-cf172bc95240-131931312840704","trial_id":3,"step":66,"intermediate_value":0.16024276427924633}
{"op_code":7,"worker_id":"c1373e89-0510-4e0c-8411-2641f38c0e4e-125812117037056","trial_id":0,"step":76,"intermediate_value":0.26546825282275677}
{"op_code":7,"worker_id":"c1373e89-0510-4e0c-8411-2641f38c0e4e-125812117037056","trial_id":0,"step":77,"intermediate_value":0.2745352815836668}
{"op_code":7,"worker_id":"c1373e89-0510-4e0c-8411-2641f38c0e4e-125812117037056","trial_id":0,"step":78,"intermediate_value":0.2801425289362669}
{"op_code":7,"worker_id":"c1373e89-0510-4e0c-8411-2641f38c0e4e-125812117037056","trial_id":0,"step":79,"intermediate_value":0.274890105240047}
{"op_code":7,"worker_id":"c1373e89-0510-4e0c-8411-2641f38c0e4e-125812117037056","trial_id":0,"step":80,"intermediate_value":0.27751786820590496}
{"op_code":7,"worker_id":"c1373e89-0510-4e0c-8411-2641f38c0e4e-125812117037056","trial_id":0,"step":81,"intermediate_value":0.2946944637224078}
{"op_code":7,"worker_id":"c1373e89-0510-4e0c-8411-2641f38c0e4e-125812117037056","trial_id":0,"step":82,"intermediate_value":0.30698577873408794}
{"op_code":7,"worker_id":"c1373e89-0510-4e0c-8411-2641f38c0e4e-125812117037056","trial_id":0,"step":83,"intermediate_value":0.3201091419905424}
{"op_code":7,"worker_id":"c1373e89-0510-4e0c-8411-2641f38c0e4e-125812117037056","trial_id":0,"step":84,"intermediate_value":0.3235658509656787}
{"op_code":7,"worker_id":"c1373e89-0510-4e0c-8411-2641f38c0e4e-125812117037056","trial_id":0,"step":85,"intermediate_value":0.33728573750704527}
{"op_code":7,"worker_id":"c1373e89-0510-4e0c-8411-2641f38c0e4e-125812117037056","trial_id":0,"step":86,"intermediate_value":0.34241883270442486}
{"op_code":7,"worker_id":"c1373e89-0510-4e0c-8411-2641f38c0e4e-125812117037056","trial_id":0,"step":87,"intermediate_value":0.35470400284975767}
{"op_code":7,"worker_id":"c1373e89-0510-4e0c-8411-2641f38c0e4e-125812117037056","trial_id":0,"step":88,"intermediate_value":0.3625780148431659}
{"op_code":7,"worker_id":"c1373e89-0510-4e0c-8411-2641f38c0e4e-125812117037056","trial_id":0,"step":89,"intermediate_value":0.37224466912448406}
{"op_code":7,"worker_id":"c1373e89-0510-4e0c-8411-2641f38c0e4e-125812117037056","trial_id":0,"step":90,"intermediate_value":0.36782736610621214}
{"op_code":7,"worker_id":"c1373e89-0510-4e0c-8411-2641f38c0e4e-125812117037056","trial_id":0,"step":91,"intermediate_value":0.34909982793033123}
{"op_code":7,"worker_id":"8a8951f4-3a9d-4afc-9ce7-4a6adc9e1f82-134298457083904","trial_id":1,"step":95,"intermediate_value":0.518519688397646}
{"op_code":7,"worker_id":"c1373e89-0510-4e0c-8411-2641f38c0e4e-125812117037056","trial_id":0,"step":92,"intermediate_value":0.337047110311687}
{"op_code":7,"worker_id":"8a8951f4-3a9d-4afc-9ce7-4a6adc9e1f82-134298457083904","trial_id":1,"step":96,"intermediate_value":0.5187583155930042}
{"op_code":7,"worker_id":"c1373e89-0510-4e0c-8411-2641f38c0e4e-125812117037056","trial_id":0,"step":93,"intermediate_value":0.3759430777281523}
{"op_code":7,"worker_id":"8a8951f4-3a9d-4afc-9ce7-4a6adc9e1f82-134298457083904","trial_id":1,"step":97,"intermediate_value":0.5188776142895222}
{"op_code":7,"worker_id":"c1373e89-0510-4e0c-8411-2641f38c0e4e-125812117037056","trial_id":0,"step":94,"intermediate_value":0.37701679579913616}
{"op_code":7,"worker_id":"efceda00-b67f-4292-a395-2beefb744c2d-140631721078784","trial_id":2,"step":64,"intermediate_value":0.12970112077891827}
{"op_code":7,"worker_id":"8a8951f4-3a9d-4afc-9ce7-4a6adc9e1f82-134298457083904","trial_id":1,"step":98,"intermediate_value":0.5191162116825581}
{"op_code":7,"worker_id":"c1373e89-0510-4e0c-8411-2641f38c0e4e-125812117037056","trial_id":0,"step":95,"intermediate_value":0.3951508831232786}
{"op_code":7,"worker_id":"efceda00-b67f-4292-a395-2beefb744c2d-140631721078784","trial_id":2,"step":65,"intermediate_value":0.13053624890744686}
{"op_code":7,"worker_id":"8a8951f4-3a9d-4afc-9ce7-4a6adc9e1f82-134298457083904","trial_id":1,"step":99,"intermediate_value":0.5172043014317751}
{"op_code":7,"worker_id":"8a74aafb-d0ba-437b-9ee0-cf172bc95240-131931312840704","trial_id":3,"step":67,"intermediate_value":0.15964316856116056}
{"op_code":7,"worker_id":"efceda00-b67f-4292-a395-2beefb744c2d-140631721078784","trial_id":2,"step":66,"intermediate_value":0.13471185974776745}
{"op_code":7,"worker_id":"c1373e89-0510-4e0c-8411-2641f38c0e4e-125812117037056","trial_id":0,"step":96,"intermediate_value":0.4011129839345813}
{"op_code":7,"worker_id":"8a74aafb-d0ba-437b-9ee0-cf172bc95240-131931312840704","trial_id":3,"step":68,"intermediate_value":0.16715926956385374}
{"op_code":7,"worker_id":"efceda00-b67f-4292-a395-2beefb744c2d-140631721078784","trial_id":2,"step":67,"intermediate_value":0.136859318241477}
{"op_code":7,"worker_id":"c1373e89-0510-4e0c-8411-2641f38c0e4e-125812117037056","trial_id":0,"step":97,"intermediate_value":0.409347964450717}
{"op_code":7,"worker_id":"efceda00-b67f-4292-a395-2beefb744c2d-140631721078784","trial_id":2,"step":68,"intermediate_value":0.14151215367019176}
{"op_code":7,"worker_id":"c1373e89-0510-4e0c-8411-2641f38c0e4e-125812117037056","trial_id":0,"step":98,"intermediate_value":0.4298650724813342}
{"op_code":7,"worker_id":"efceda00-b67f-4292-a395-2beefb744c2d-140631721078784","trial_id":2,"step":69,"intermediate_value":0.14234727434813976}
{"op_code":7,"worker_id":"c1373e89-0510-4e0c-8411-2641f38c0e4e-125812117037056","trial_id":0,"step":99,"intermediate_value":0.4233033759519458}
{"op_code":7,"worker_id":"efceda00-b67f-4292-a395-2beefb744c2d-140631721078784","trial_id":2,"step":70,"intermediate_value":0.14986646175384521}
{"op_code":7,"worker_id":"c1373e89-0510-4e0c-8411-2641f38c0e4e-125812117037056","trial_id":0,"step":100,"intermediate_value":0.44239191245287657}
{"op_code":7,"worker_id":"efceda00-b67f-4292-a395-2beefb744c2d-140631721078784","trial_id":2,"step":71,"intermediate_value":0.15189152769744396}
{"op_code":7,"worker_id":"c1373e89-0510-4e0c-8411-2641f38c0e4e-125812117037056","trial_id":0,"step":101,"intermediate_value":0.4444200498983264}
{"op_code":7,"worker_id":"efceda00-b67f-4292-a395-2beefb744c2d-140631721078784","trial_id":2,"step":72,"intermediate_value":0.15356178395450115}
{"op_code":7,"worker_id":"c1373e89-0510-4e0c-8411-2641f38c0e4e-125812117037056","trial_id":0,"step":102,"intermediate_value":0.4543222291395068}
{"op_code":7,"worker_id":"efceda00-b67f-4292-a395-2beefb744c2d-140631721078784","trial_id":2,"step":73,"intermediate_value":0.15869489312171936}
{"op_code":7,"worker_id":"c1373e89-0510-4e0c-8411-2641f38c0e4e-125812117037056","trial_id":0,"step":103,"intermediate_value":0.4557538731023669}
{"op_code":7,"worker_id":"efceda00-b67f-4292-a395-2beefb744c2d-140631721078784","trial_id":2,"step":74,"intermediate_value":0.1644214540719986}
{"op_code":7,"worker_id":"c1373e89-0510-4e0c-8411-2641f38c0e4e-125812117037056","trial_id":0,"step":104,"intermediate_value":0.46816141437739134}
{"op_code":7,"worker_id":"efceda00-b67f-4292-a395-2beefb744c2d-140631721078784","trial_id":2,"step":75,"intermediate_value":0.16596931032836437}
{"op_code":7,"worker_id":"c1373e89-0510-4e0c-8411-2641f38c0e4e-125812117037056","trial_id":0,"step":105,"intermediate_value":0.4686386091634631}
{"op_code":7,"worker_id":"efceda00-b67f-4292-a395-2beefb744c2d-140631721078784","trial_id":2,"step":76,"intermediate_value":0.16907119564712048}
{"op_code":7,"worker_id":"c1373e89-0510-4e0c-8411-2641f38c0e4e-125812117037056","trial_id":0,"step":106,"intermediate_value":0.4761547250673175}
{"op_code":7,"worker_id":"efceda00-b67f-4292-a395-2beefb744c2d-140631721078784","trial_id":2,"step":77,"intermediate_value":0.17420431971549988}
{"op_code":7,"worker_id":"c1373e89-0510-4e0c-8411-2641f38c0e4e-125812117037056","trial_id":0,"step":107,"intermediate_value":0.4792566103860736}
{"op_code":7,"worker_id":"8a74aafb-d0ba-437b-9ee0-cf172bc95240-131931312840704","trial_id":3,"step":69,"intermediate_value":0.15570616256445646}
{"op_code":7,"worker_id":"c1373e89-0510-4e0c-8411-2641f38c0e4e-125812117037056","trial_id":0,"step":108,"intermediate_value":0.48557967972010374}
{"op_code":7,"worker_id":"c1373e89-0510-4e0c-8411-2641f38c0e4e-125812117037056","trial_id":0,"step":109,"intermediate_value":0.48736924957484007}
{"op_code":7,"worker_id":"c1373e89-0510-4e0c-8411-2641f38c0e4e-125812117037056","trial_id":0,"step":110,"intermediate_value":0.49011320900171995}
{"op_code":7,"worker_id":"c1373e89-0510-4e0c-8411-2641f38c0e4e-125812117037056","trial_id":0,"step":111,"intermediate_value":0.49297649692744017}
{"op_code":7,"worker_id":"c1373e89-0510-4e0c-8411-2641f38c0e4e-125812117037056","trial_id":0,"step":112,"intermediate_value":0.4970328016206622}
{"op_code":7,"worker_id":"c1373e89-0510-4e0c-8411-2641f38c0e4e-125812117037056","trial_id":0,"step":113,"intermediate_value":0.49822581838816404}
{"op_code":7,"worker_id":"8a8951f4-3a9d-4afc-9ce7-4a6adc9e1f82-134298457083904","trial_id":1,"step":100,"intermediate_value":0.519235510379076}
{"op_code":7,"worker_id":"8a8951f4-3a9d-4afc-9ce7-4a6adc9e1f82-134298457083904","trial_id":1,"step":101,"intermediate_value":0.5193548388779163}
{"op_code":7,"worker_id":"8a8951f4-3a9d-4afc-9ce7-4a6adc9e1f82-134298457083904","trial_id":1,"step":102,"intermediate_value":0.5193548388779163}
{"op_code":7,"worker_id":"efceda00-b67f-4292-a395-2beefb744c2d-140631721078784","trial_id":2,"step":78,"intermediate_value":0.1764679979532957}
{"op_code":7,"worker_id":"8a8951f4-3a9d-4afc-9ce7-4a6adc9e1f82-134298457083904","trial_id":1,"step":103,"intermediate_value":0.5215053763240576}
{"op_code":7,"worker_id":"8a74aafb-d0ba-437b-9ee0-cf172bc95240-131931312840704","trial_id":3,"step":70,"intermediate_value":0.17074145190417767}
{"op_code":7,"worker_id":"efceda00-b67f-4292-a395-2beefb744c2d-140631721078784","trial_id":2,"step":79,"intermediate_value":0.18100152723491192}
{"op_code":7,"worker_id":"8a8951f4-3a9d-4afc-9ce7-4a6adc9e1f82-134298457083904","trial_id":1,"step":104,"intermediate_value":0.5215053763240576}
{"op_code":7,"worker_id":"efceda00-b67f-4292-a395-2beefb744c2d-140631721078784","trial_id":2,"step":80,"intermediate_value":0.18159805051982403}
{"op_code":7,"worker_id":"8a8951f4-3a9d-4afc-9ce7-4a6adc9e1f82-134298457083904","trial_id":1,"step":105,"intermediate_value":0.5215053763240576}
{"op_code":7,"worker_id":"efceda00-b67f-4292-a395-2beefb744c2d-140631721078784","trial_id":2,"step":81,"intermediate_value":0.1874469816684723}
{"op_code":7,"worker_id":"efceda00-b67f-4292-a395-2beefb744c2d-140631721078784","trial_id":2,"step":82,"intermediate_value":0.1907843928784132}
{"op_code":7,"worker_id":"8a8951f4-3a9d-4afc-9ce7-4a6adc9e1f82-134298457083904","trial_id":1,"step":106,"intermediate_value":0.5193548388779163}
{"op_code":7,"worker_id":"8a8951f4-3a9d-4afc-9ce7-4a6adc9e1f82-134298457083904","trial_id":1,"step":107,"intermediate_value":0.5193548388779163}
{"op_code":7,"worker_id":"efceda00-b67f-4292-a395-2beefb744c2d-140631721078784","trial_id":2,"step":83,"intermediate_value":0.1941248904913664}
{"op_code":7,"worker_id":"8a8951f4-3a9d-4afc-9ce7-4a6adc9e1f82-134298457083904","trial_id":1,"step":108,"intermediate_value":0.5193548388779163}
{"op_code":7,"worker_id":"efceda00-b67f-4292-a395-2beefb744c2d-140631721078784","trial_id":2,"step":84,"intermediate_value":0.1980618964880705}
{"op_code":7,"worker_id":"8a74aafb-d0ba-437b-9ee0-cf172bc95240-131931312840704","trial_id":3,"step":71,"intermediate_value":0.1885176282376051}
{"op_code":7,"worker_id":"efceda00-b67f-4292-a395-2beefb744c2d-140631721078784","trial_id":2,"step":85,"intermediate_value":0.2019989024847746}
{"op_code":7,"worker_id":"8a74aafb-d0ba-437b-9ee0-cf172bc95240-131931312840704","trial_id":3,"step":72,"intermediate_value":0.19079055078327656}
{"op_code":7,"worker_id":"efceda00-b67f-4292-a395-2beefb744c2d-140631721078784","trial_id":2,"step":86,"intermediate_value":0.20450426451861858}
{"op_code":7,"worker_id":"8a74aafb-d0ba-437b-9ee0-cf172bc95240-131931312840704","trial_id":3,"step":73,"intermediate_value":0.18887246679514647}
{"op_code":7,"worker_id":"8a74aafb-d0ba-437b-9ee0-cf172bc95240-131931312840704","trial_id":3,"step":74,"intermediate_value":0.1979395104572177}
{"op_code":7,"worker_id":"8a74aafb-d0ba-437b-9ee0-cf172bc95240-131931312840704","trial_id":3,"step":75,"intermediate_value":0.21261688880622387}
{"op_code":7,"worker_id":"8a74aafb-d0ba-437b-9ee0-cf172bc95240-131931312840704","trial_id":3,"step":76,"intermediate_value":0.20366607140749693}
{"op_code":7,"worker_id":"8a74aafb-d0ba-437b-9ee0-cf172bc95240-131931312840704","trial_id":3,"step":77,"intermediate_value":0.21333271078765392}
{"op_code":7,"worker_id":"8a74aafb-d0ba-437b-9ee0-cf172bc95240-131931312840704","trial_id":3,"step":78,"intermediate_value":0.20509771537035704}
{"op_code":7,"worker_id":"8a74aafb-d0ba-437b-9ee0-cf172bc95240-131931312840704","trial_id":3,"step":79,"intermediate_value":0.18851455580443144}
{"op_code":7,"worker_id":"8a74aafb-d0ba-437b-9ee0-cf172bc95240-131931312840704","trial_id":3,"step":80,"intermediate_value":0.21071112155914307}
{"op_code":7,"worker_id":"8a74aafb-d0ba-437b-9ee0-cf172bc95240-131931312840704","trial_id":3,"step":81,"intermediate_value":0.23588102869689465}
{"op_code":7,"worker_id":"8a74aafb-d0ba-437b-9ee0-cf172bc95240-131931312840704","trial_id":3,"step":82,"intermediate_value":0.24459324777126312}
{"op_code":7,"worker_id":"8a74aafb-d0ba-437b-9ee0-cf172bc95240-131931312840704","trial_id":3,"step":83,"intermediate_value":0.2574749272316694}
{"op_code":7,"worker_id":"8a8951f4-3a9d-4afc-9ce7-4a6adc9e1f82-134298457083904","trial_id":1,"step":109,"intermediate_value":0.5193548388779163}
{"op_code":7,"worker_id":"8a74aafb-d0ba-437b-9ee0-cf172bc95240-131931312840704","trial_id":3,"step":84,"intermediate_value":0.2637949092313647}
{"op_code":7,"worker_id":"8a8951f4-3a9d-4afc-9ce7-4a6adc9e1f82-134298457083904","trial_id":1,"step":110,"intermediate_value":0.5193548388779163}
{"op_code":7,"worker_id":"8a8951f4-3a9d-4afc-9ce7-4a6adc9e1f82-134298457083904","trial_id":1,"step":111,"intermediate_value":0.5193548388779163}
{"op_code":7,"worker_id":"8a8951f4-3a9d-4afc-9ce7-4a6adc9e1f82-134298457083904","trial_id":1,"step":112,"intermediate_value":0.5193548388779163}
{"op_code":7,"worker_id":"8a8951f4-3a9d-4afc-9ce7-4a6adc9e1f82-134298457083904","trial_id":1,"step":113,"intermediate_value":0.5193548388779163}
{"op_code":7,"worker_id":"8a8951f4-3a9d-4afc-9ce7-4a6adc9e1f82-134298457083904","trial_id":1,"step":114,"intermediate_value":0.5193548388779163}
{"op_code":7,"worker_id":"8a8951f4-3a9d-4afc-9ce7-4a6adc9e1f82-134298457083904","trial_id":1,"step":115,"intermediate_value":0.5193548388779163}
{"op_code":7,"worker_id":"8a8951f4-3a9d-4afc-9ce7-4a6adc9e1f82-134298457083904","trial_id":1,"step":116,"intermediate_value":0.5193548388779163}
{"op_code":7,"worker_id":"8a8951f4-3a9d-4afc-9ce7-4a6adc9e1f82-134298457083904","trial_id":1,"step":117,"intermediate_value":0.5193548388779163}
{"op_code":7,"worker_id":"efceda00-b67f-4292-a395-2beefb744c2d-140631721078784","trial_id":2,"step":87,"intermediate_value":0.20605520717799664}
{"op_code":7,"worker_id":"8a8951f4-3a9d-4afc-9ce7-4a6adc9e1f82-134298457083904","trial_id":1,"step":118,"intermediate_value":0.5193548388779163}
{"op_code":7,"worker_id":"efceda00-b67f-4292-a395-2beefb744c2d-140631721078784","trial_id":2,"step":88,"intermediate_value":0.21238136291503906}
{"op_code":7,"worker_id":"8a8951f4-3a9d-4afc-9ce7-4a6adc9e1f82-134298457083904","trial_id":1,"step":119,"intermediate_value":0.5193548388779163}
{"op_code":7,"worker_id":"efceda00-b67f-4292-a395-2beefb744c2d-140631721078784","trial_id":2,"step":89,"intermediate_value":0.21261997520923615}
{"op_code":7,"worker_id":"8a8951f4-3a9d-4afc-9ce7-4a6adc9e1f82-134298457083904","trial_id":1,"step":120,"intermediate_value":0.5193548388779163}
{"op_code":7,"worker_id":"efceda00-b67f-4292-a395-2beefb744c2d-140631721078784","trial_id":2,"step":90,"intermediate_value":0.2214453350752592}
{"op_code":7,"worker_id":"efceda00-b67f-4292-a395-2beefb744c2d-140631721078784","trial_id":2,"step":91,"intermediate_value":0.22383139841258526}
{"op_code":7,"worker_id":"efceda00-b67f-4292-a395-2beefb744c2d-140631721078784","trial_id":2,"step":92,"intermediate_value":0.2222804557532072}
{"op_code":7,"worker_id":"efceda00-b67f-4292-a395-2beefb744c2d-140631721078784","trial_id":2,"step":93,"intermediate_value":0.23158611170947552}
{"op_code":7,"worker_id":"efceda00-b67f-4292-a395-2beefb744c2d-140631721078784","trial_id":2,"step":94,"intermediate_value":0.23361426405608654}
{"op_code":7,"worker_id":"efceda00-b67f-4292-a395-2beefb744c2d-140631721078784","trial_id":2,"step":95,"intermediate_value":0.23540381900966167}
{"op_code":7,"worker_id":"efceda00-b67f-4292-a395-2beefb744c2d-140631721078784","trial_id":2,"step":96,"intermediate_value":0.24256200902163982}
{"op_code":7,"worker_id":"efceda00-b67f-4292-a395-2beefb744c2d-140631721078784","trial_id":2,"step":97,"intermediate_value":0.24399365298449993}
{"op_code":7,"worker_id":"efceda00-b67f-4292-a395-2beefb744c2d-140631721078784","trial_id":2,"step":98,"intermediate_value":0.25055840611457825}
{"op_code":7,"worker_id":"efceda00-b67f-4292-a395-2beefb744c2d-140631721078784","trial_id":2,"step":99,"intermediate_value":0.25246418826282024}
{"op_code":7,"worker_id":"c1373e89-0510-4e0c-8411-2641f38c0e4e-125812117037056","trial_id":0,"step":114,"intermediate_value":0.4991802675649524}
{"op_code":7,"worker_id":"efceda00-b67f-4292-a395-2beefb744c2d-140631721078784","trial_id":2,"step":100,"intermediate_value":0.25699770264327526}
{"op_code":7,"worker_id":"8a8951f4-3a9d-4afc-9ce7-4a6adc9e1f82-134298457083904","trial_id":1,"step":121,"intermediate_value":0.5193548388779163}
{"op_code":7,"worker_id":"efceda00-b67f-4292-a395-2beefb744c2d-140631721078784","trial_id":2,"step":101,"intermediate_value":0.25974167697131634}
{"op_code":7,"worker_id":"8a8951f4-3a9d-4afc-9ce7-4a6adc9e1f82-134298457083904","trial_id":1,"step":122,"intermediate_value":0.5193548388779163}
{"op_code":7,"worker_id":"efceda00-b67f-4292-a395-2beefb744c2d-140631721078784","trial_id":2,"step":102,"intermediate_value":0.2652296256273985}
{"op_code":7,"worker_id":"efceda00-b67f-4292-a395-2beefb744c2d-140631721078784","trial_id":2,"step":103,"intermediate_value":0.26821221224963665}
{"op_code":7,"worker_id":"efceda00-b67f-4292-a395-2beefb744c2d-140631721078784","trial_id":2,"step":104,"intermediate_value":0.26928593032062054}
{"op_code":7,"worker_id":"efceda00-b67f-4292-a395-2beefb744c2d-140631721078784","trial_id":2,"step":105,"intermediate_value":0.27358393371105194}
{"op_code":7,"worker_id":"efceda00-b67f-4292-a395-2beefb744c2d-140631721078784","trial_id":2,"step":106,"intermediate_value":0.2776371669024229}
{"op_code":7,"worker_id":"8a74aafb-d0ba-437b-9ee0-cf172bc95240-131931312840704","trial_id":3,"step":85,"intermediate_value":0.27644104789942503}
{"op_code":7,"worker_id":"efceda00-b67f-4292-a395-2beefb744c2d-140631721078784","trial_id":2,"step":107,"intermediate_value":0.27501250617206097}
{"op_code":7,"worker_id":"efceda00-b67f-4292-a395-2beefb744c2d-140631721078784","trial_id":2,"step":108,"intermediate_value":0.28706522285938263}
{"op_code":7,"worker_id":"efceda00-b67f-4292-a395-2beefb744c2d-140631721078784","trial_id":2,"step":109,"intermediate_value":0.2890902888029814}
{"op_code":7,"worker_id":"efceda00-b67f-4292-a395-2beefb744c2d-140631721078784","trial_id":2,"step":110,"intermediate_value":0.2925531715154648}
{"op_code":7,"worker_id":"efceda00-b67f-4292-a395-2beefb744c2d-140631721078784","trial_id":2,"step":111,"intermediate_value":0.2956519555300474}
{"op_code":7,"worker_id":"efceda00-b67f-4292-a395-2beefb744c2d-140631721078784","trial_id":2,"step":112,"intermediate_value":0.30245224945247173}
{"op_code":7,"worker_id":"8a74aafb-d0ba-437b-9ee0-cf172bc95240-131931312840704","trial_id":3,"step":86,"intermediate_value":0.28526950906962156}
{"op_code":7,"worker_id":"efceda00-b67f-4292-a395-2beefb744c2d-140631721078784","trial_id":2,"step":113,"intermediate_value":0.3051993101835251}
{"op_code":7,"worker_id":"c1373e89-0510-4e0c-8411-2641f38c0e4e-125812117037056","trial_id":0,"step":115,"intermediate_value":0.5015663309022784}
{"op_code":7,"worker_id":"efceda00-b67f-4292-a395-2beefb744c2d-140631721078784","trial_id":2,"step":114,"intermediate_value":0.30674718134105206}
{"op_code":7,"worker_id":"c1373e89-0510-4e0c-8411-2641f38c0e4e-125812117037056","trial_id":0,"step":116,"intermediate_value":0.5047875149175525}
{"op_code":7,"worker_id":"efceda00-b67f-4292-a395-2beefb744c2d-140631721078784","trial_id":2,"step":115,"intermediate_value":0.313547445461154}
{"op_code":7,"worker_id":"c1373e89-0510-4e0c-8411-2641f38c0e4e-125812117037056","trial_id":0,"step":117,"intermediate_value":0.5063384575769305}
{"op_code":7,"worker_id":"efceda00-b67f-4292-a395-2beefb744c2d-140631721078784","trial_id":2,"step":116,"intermediate_value":0.31116138212382793}
{"op_code":7,"worker_id":"c1373e89-0510-4e0c-8411-2641f38c0e4e-125812117037056","trial_id":0,"step":118,"intermediate_value":0.5070542795583606}
{"op_code":7,"worker_id":"efceda00-b67f-4292-a395-2beefb744c2d-140631721078784","trial_id":2,"step":117,"intermediate_value":0.3184419721364975}
{"op_code":7,"worker_id":"c1373e89-0510-4e0c-8411-2641f38c0e4e-125812117037056","trial_id":0,"step":119,"intermediate_value":0.5070542795583606}
{"op_code":7,"worker_id":"efceda00-b67f-4292-a395-2beefb744c2d-140631721078784","trial_id":2,"step":118,"intermediate_value":0.32476196996867657}
{"op_code":7,"worker_id":"c1373e89-0510-4e0c-8411-2641f38c0e4e-125812117037056","trial_id":0,"step":120,"intermediate_value":0.5081279976293445}
{"op_code":7,"worker_id":"efceda00-b67f-4292-a395-2beefb744c2d-140631721078784","trial_id":2,"step":119,"intermediate_value":0.3276252280920744}
{"op_code":7,"worker_id":"c1373e89-0510-4e0c-8411-2641f38c0e4e-125812117037056","trial_id":0,"step":121,"intermediate_value":0.5092017455026507}
{"op_code":7,"worker_id":"efceda00-b67f-4292-a395-2beefb744c2d-140631721078784","trial_id":2,"step":120,"intermediate_value":0.3309657406061888}
{"op_code":7,"worker_id":"c1373e89-0510-4e0c-8411-2641f38c0e4e-125812117037056","trial_id":0,"step":122,"intermediate_value":0.5092017455026507}
{"op_code":7,"worker_id":"efceda00-b67f-4292-a395-2beefb744c2d-140631721078784","trial_id":2,"step":121,"intermediate_value":0.33729188144207}
{"op_code":7,"worker_id":"c1373e89-0510-4e0c-8411-2641f38c0e4e-125812117037056","trial_id":0,"step":123,"intermediate_value":0.5101561648771167}
{"op_code":7,"worker_id":"efceda00-b67f-4292-a395-2beefb744c2d-140631721078784","trial_id":2,"step":122,"intermediate_value":0.33931694738566875}
{"op_code":7,"worker_id":"c1373e89-0510-4e0c-8411-2641f38c0e4e-125812117037056","trial_id":0,"step":124,"intermediate_value":0.5100368661805987}
{"op_code":7,"worker_id":"efceda00-b67f-4292-a395-2beefb744c2d-140631721078784","trial_id":2,"step":123,"intermediate_value":0.34612031280994415}
{"op_code":7,"worker_id":"c1373e89-0510-4e0c-8411-2641f38c0e4e-125812117037056","trial_id":0,"step":125,"intermediate_value":0.5101561648771167}
{"op_code":7,"worker_id":"efceda00-b67f-4292-a395-2beefb744c2d-140631721078784","trial_id":2,"step":124,"intermediate_value":0.3417061120271683}
{"op_code":7,"worker_id":"c1373e89-0510-4e0c-8411-2641f38c0e4e-125812117037056","trial_id":0,"step":126,"intermediate_value":0.5102754635736346}
{"op_code":7,"worker_id":"c1373e89-0510-4e0c-8411-2641f38c0e4e-125812117037056","trial_id":0,"step":127,"intermediate_value":0.5103947622701526}
{"op_code":7,"worker_id":"c1373e89-0510-4e0c-8411-2641f38c0e4e-125812117037056","trial_id":0,"step":128,"intermediate_value":0.5105140609666705}
{"op_code":7,"worker_id":"c1373e89-0510-4e0c-8411-2641f38c0e4e-125812117037056","trial_id":0,"step":129,"intermediate_value":0.5107526881620288}
{"op_code":7,"worker_id":"c1373e89-0510-4e0c-8411-2641f38c0e4e-125812117037056","trial_id":0,"step":130,"intermediate_value":0.5107526881620288}
{"op_code":7,"worker_id":"c1373e89-0510-4e0c-8411-2641f38c0e4e-125812117037056","trial_id":0,"step":131,"intermediate_value":0.5107526881620288}
{"op_code":7,"worker_id":"c1373e89-0510-4e0c-8411-2641f38c0e4e-125812117037056","trial_id":0,"step":132,"intermediate_value":0.5107526881620288}
{"op_code":7,"worker_id":"c1373e89-0510-4e0c-8411-2641f38c0e4e-125812117037056","trial_id":0,"step":133,"intermediate_value":0.5107526881620288}
{"op_code":7,"worker_id":"c1373e89-0510-4e0c-8411-2641f38c0e4e-125812117037056","trial_id":0,"step":134,"intermediate_value":0.5107526881620288}
{"op_code":7,"worker_id":"c1373e89-0510-4e0c-8411-2641f38c0e4e-125812117037056","trial_id":0,"step":135,"intermediate_value":0.5107526881620288}
{"op_code":7,"worker_id":"c1373e89-0510-4e0c-8411-2641f38c0e4e-125812117037056","trial_id":0,"step":136,"intermediate_value":0.5107526881620288}
{"op_code":7,"worker_id":"c1373e89-0510-4e0c-8411-2641f38c0e4e-125812117037056","trial_id":0,"step":137,"intermediate_value":0.5107526881620288}
{"op_code":7,"worker_id":"c1373e89-0510-4e0c-8411-2641f38c0e4e-125812117037056","trial_id":0,"step":138,"intermediate_value":0.5107526881620288}
{"op_code":7,"worker_id":"c1373e89-0510-4e0c-8411-2641f38c0e4e-125812117037056","trial_id":0,"step":139,"intermediate_value":0.5107526881620288}
{"op_code":7,"worker_id":"c1373e89-0510-4e0c-8411-2641f38c0e4e-125812117037056","trial_id":0,"step":140,"intermediate_value":0.5107526881620288}
{"op_code":7,"worker_id":"c1373e89-0510-4e0c-8411-2641f38c0e4e-125812117037056","trial_id":0,"step":141,"intermediate_value":0.5107526881620288}
{"op_code":7,"worker_id":"c1373e89-0510-4e0c-8411-2641f38c0e4e-125812117037056","trial_id":0,"step":142,"intermediate_value":0.5107526881620288}
{"op_code":7,"worker_id":"efceda00-b67f-4292-a395-2beefb744c2d-140631721078784","trial_id":2,"step":125,"intermediate_value":0.34528519213199615}
{"op_code":7,"worker_id":"efceda00-b67f-4292-a395-2beefb744c2d-140631721078784","trial_id":2,"step":126,"intermediate_value":0.34516282193362713}
{"op_code":7,"worker_id":"8a8951f4-3a9d-4afc-9ce7-4a6adc9e1f82-134298457083904","trial_id":1,"step":123,"intermediate_value":0.5193548388779163}
{"op_code":7,"worker_id":"efceda00-b67f-4292-a395-2beefb744c2d-140631721078784","trial_id":2,"step":127,"intermediate_value":0.3557838946580887}
{"op_code":7,"worker_id":"8a8951f4-3a9d-4afc-9ce7-4a6adc9e1f82-134298457083904","trial_id":1,"step":124,"intermediate_value":0.5193548388779163}
{"op_code":7,"worker_id":"efceda00-b67f-4292-a395-2beefb744c2d-140631721078784","trial_id":2,"step":128,"intermediate_value":0.3615104407072067}
{"op_code":7,"worker_id":"8a8951f4-3a9d-4afc-9ce7-4a6adc9e1f82-134298457083904","trial_id":1,"step":125,"intermediate_value":0.5193548388779163}
{"op_code":7,"worker_id":"c1373e89-0510-4e0c-8411-2641f38c0e4e-125812117037056","trial_id":0,"step":143,"intermediate_value":0.5107526881620288}
{"op_code":0,"worker_id":"eb625bf9-5e4a-4e9a-8604-b0eb40f46f2c-125144174632960","study_name":"adamw__decoder","directions":[1]}
{"op_code":0,"worker_id":"01540cbb-41ba-49ff-bb32-5c8c4f000c68-128058476347392","study_name":"adamw__vit","directions":[1]}
{"op_code":0,"worker_id":"7bf1baf4-cf09-4aa1-b751-cdb8f4c66288-139479738331136","study_name":"adamw__mamba","directions":[1]}
{"op_code":0,"worker_id":"104cd63c-6bd2-4254-872d-5070b194bdc7-125144174632960","study_name":"neuralgrok__decoder","directions":[1]}
{"op_code":0,"worker_id":"45f6dcce-1abe-4765-9b8e-4bc0903fe6f5-125144174632960","study_name":"grokadamw__decoder","directions":[1]}
{"op_code":0,"worker_id":"17306407-56fc-4339-a6f5-14d2a475c4a0-125144174632960","study_name":"supergrok__decoder","directions":[1]}
{"op_code":0,"worker_id":"63bb3019-5c29-4531-b17c-728769fe818a-125144174632960","study_name":"supergrok15__decoder","directions":[1]}
{"op_code":0,"worker_id":"5439cd2b-7c9d-43c8-ac9f-5143302ab667-125144174632960","study_name":"supergrok2__decoder","directions":[1]}
{"op_code":0,"worker_id":"391df927-7d3f-4525-b34f-9879a96c7c83-125144174632960","study_name":"grokfast__decoder","directions":[1]}
{"op_code":0,"worker_id":"ed19acbf-cc10-44e0-8eea-d0bdac184f51-125144174632960","study_name":"muon__decoder","directions":[1]}
{"op_code":0,"worker_id":"23f5825c-e024-4785-a02b-5fcfb847d28f-125144174632960","study_name":"lion__decoder","directions":[1]}
{"op_code":0,"worker_id":"44e3a6c4-65cc-4dfb-9813-fe7dff0dd6f9-125144174632960","study_name":"looksam__decoder","directions":[1]}
{"op_code":0,"worker_id":"a79c4afe-47d5-4b31-83d6-6afbd75abc91-125144174632960","study_name":"prodigy__decoder","directions":[1]}
{"op_code":4,"worker_id":"eb625bf9-5e4a-4e9a-8604-b0eb40f46f2c-125144174632960","study_id":0,"datetime_start":"2026-06-09T22:55:44.694218"}
{"op_code":5,"worker_id":"eb625bf9-5e4a-4e9a-8604-b0eb40f46f2c-125144174632960","trial_id":4,"param_name":"lr","param_value_internal":0.0011576160601673156,"distribution":"{\"name\": \"FloatDistribution\", \"attributes\": {\"step\": null, \"low\": 0.0002, \"high\": 0.005, \"log\": true}}"}
{"op_code":5,"worker_id":"eb625bf9-5e4a-4e9a-8604-b0eb40f46f2c-125144174632960","trial_id":4,"param_name":"beta1","param_value_internal":0.8671865315032211,"distribution":"{\"name\": \"FloatDistribution\", \"attributes\": {\"step\": null, \"low\": 0.85, \"high\": 0.95, \"log\": false}}"}
{"op_code":5,"worker_id":"eb625bf9-5e4a-4e9a-8604-b0eb40f46f2c-125144174632960","trial_id":4,"param_name":"beta2","param_value_internal":0.9922201245695225,"distribution":"{\"name\": \"FloatDistribution\", \"attributes\": {\"step\": null, \"low\": 0.95, \"high\": 0.9995, \"log\": false}}"}
{"op_code":5,"worker_id":"eb625bf9-5e4a-4e9a-8604-b0eb40f46f2c-125144174632960","trial_id":4,"param_name":"weight_decay","param_value_internal":0.34316742743792855,"distribution":"{\"name\": \"FloatDistribution\", \"attributes\": {\"step\": null, \"low\": 0.2, \"high\": 4.0, \"log\": true}}"}
{"op_code":5,"worker_id":"eb625bf9-5e4a-4e9a-8604-b0eb40f46f2c-125144174632960","trial_id":4,"param_name":"matmul_precision","param_value_internal":0,"distribution":"{\"name\": \"CategoricalDistribution\", \"attributes\": {\"choices\": [\"bf16\", \"tf32\", \"fp32\", \"fp16amp\"]}}"}
{"op_code":0,"worker_id":"b3c3c5a7-effe-4d45-85b8-29854b7de1cc-137634081714176","study_name":"adamw__mamba","directions":[1]}
{"op_code":0,"worker_id":"4bd013bf-71ed-40f9-a4ce-1f3394fc55cd-125476466937856","study_name":"adamw__vit","directions":[1]}
{"op_code":0,"worker_id":"491109f7-d3f4-4ee3-96d3-6fb07a81c256-140672626438144","study_name":"adamw__decoder","directions":[1]}
{"op_code":0,"worker_id":"6e59d068-24f1-4c0f-abc5-e10a2d5763f2-125476466937856","study_name":"neuralgrok__vit","directions":[1]}
{"op_code":0,"worker_id":"f2ccc630-9865-4dc4-839b-a37b72bab356-140672626438144","study_name":"neuralgrok__decoder","directions":[1]}
{"op_code":0,"worker_id":"8659542c-c5ad-4ec7-b98f-0db5a659ec6a-140672626438144","study_name":"grokadamw__decoder","directions":[1]}
{"op_code":0,"worker_id":"b98bfe92-d116-44b5-ba79-ca10e2c5fa8c-140672626438144","study_name":"supergrok__decoder","directions":[1]}
{"op_code":0,"worker_id":"03e65729-9e53-4f72-b1e9-0c054b5e040c-140672626438144","study_name":"supergrok15__decoder","directions":[1]}
{"op_code":0,"worker_id":"26af9746-60c2-4d7a-a986-bcd928bf7fc7-140672626438144","study_name":"supergrok2__decoder","directions":[1]}
{"op_code":0,"worker_id":"b657790f-f5a9-4008-8255-de123fb3f300-139479738331136","study_name":"neuralgrok__mamba","directions":[1]}
{"op_code":0,"worker_id":"a394026f-070c-4613-884c-5bbf107d8bee-139479738331136","study_name":"grokadamw__mamba","directions":[1]}
{"op_code":0,"worker_id":"b86e61f1-2519-425e-9268-00d65c8294f0-139479738331136","study_name":"supergrok__mamba","directions":[1]}
{"op_code":0,"worker_id":"452d40e0-5dd6-4148-867b-4b9634e1a3d0-139479738331136","study_name":"supergrok15__mamba","directions":[1]}
{"op_code":0,"worker_id":"de0d8237-ffbb-4403-8aaa-de9bce1eac7c-139479738331136","study_name":"supergrok2__mamba","directions":[1]}
{"op_code":0,"worker_id":"9b1823e9-220c-4993-bc2f-37bab870f61b-139479738331136","study_name":"grokfast__mamba","directions":[1]}
{"op_code":0,"worker_id":"6bbc65f7-a4b1-4109-a47a-e7895435e666-139479738331136","study_name":"muon__mamba","directions":[1]}
{"op_code":0,"worker_id":"1949b2d4-b191-43e1-83f3-9ccd5d754072-139479738331136","study_name":"lion__mamba","directions":[1]}
{"op_code":0,"worker_id":"93e808ea-32fe-4bde-8636-2dad5a2235a9-139479738331136","study_name":"looksam__mamba","directions":[1]}
{"op_code":0,"worker_id":"3c7c570d-9811-4fc4-acbb-bc6b7e45fb1c-139479738331136","study_name":"prodigy__mamba","directions":[1]}
{"op_code":4,"worker_id":"7bf1baf4-cf09-4aa1-b751-cdb8f4c66288-139479738331136","study_id":12,"datetime_start":"2026-06-09T22:55:45.717120"}
{"op_code":5,"worker_id":"7bf1baf4-cf09-4aa1-b751-cdb8f4c66288-139479738331136","trial_id":5,"param_name":"lr","param_value_internal":0.0011576160601673156,"distribution":"{\"name\": \"FloatDistribution\", \"attributes\": {\"step\": null, \"low\": 0.0002, \"high\": 0.005, \"log\": true}}"}
{"op_code":5,"worker_id":"7bf1baf4-cf09-4aa1-b751-cdb8f4c66288-139479738331136","trial_id":5,"param_name":"beta1","param_value_internal":0.8671865315032211,"distribution":"{\"name\": \"FloatDistribution\", \"attributes\": {\"step\": null, \"low\": 0.85, \"high\": 0.95, \"log\": false}}"}
{"op_code":5,"worker_id":"7bf1baf4-cf09-4aa1-b751-cdb8f4c66288-139479738331136","trial_id":5,"param_name":"beta2","param_value_internal":0.9922201245695225,"distribution":"{\"name\": \"FloatDistribution\", \"attributes\": {\"step\": null, \"low\": 0.95, \"high\": 0.9995, \"log\": false}}"}
{"op_code":5,"worker_id":"7bf1baf4-cf09-4aa1-b751-cdb8f4c66288-139479738331136","trial_id":5,"param_name":"weight_decay","param_value_internal":0.34316742743792855,"distribution":"{\"name\": \"FloatDistribution\", \"attributes\": {\"step\": null, \"low\": 0.2, \"high\": 4.0, \"log\": true}}"}
{"op_code":5,"worker_id":"7bf1baf4-cf09-4aa1-b751-cdb8f4c66288-139479738331136","trial_id":5,"param_name":"matmul_precision","param_value_internal":0,"distribution":"{\"name\": \"CategoricalDistribution\", \"attributes\": {\"choices\": [\"bf16\", \"tf32\", \"fp32\", \"fp16amp\"]}}"}
{"op_code":0,"worker_id":"a85906ef-aa18-44e4-87b8-d40ec9c0f9ca-137634081714176","study_name":"neuralgrok__mamba","directions":[1]}
{"op_code":0,"worker_id":"2a203e55-d3c8-43d7-8c5c-26bd314ff512-137634081714176","study_name":"grokadamw__mamba","directions":[1]}
{"op_code":0,"worker_id":"ee1c0e56-76e7-4a91-993d-a4f27bf0c57f-137634081714176","study_name":"supergrok__mamba","directions":[1]}
{"op_code":0,"worker_id":"ebae9b48-43f9-4efa-a34c-0f20ddd59607-137634081714176","study_name":"supergrok15__mamba","directions":[1]}
{"op_code":0,"worker_id":"a07ce602-4b24-4bb1-95e8-729926503b6d-137634081714176","study_name":"supergrok2__mamba","directions":[1]}
{"op_code":0,"worker_id":"af13e2ab-68cc-44a0-a8f6-ad8507253b1e-137634081714176","study_name":"grokfast__mamba","directions":[1]}
{"op_code":0,"worker_id":"d0b0d5f9-9f09-4416-8392-ff21d223640d-129194185826304","study_name":"adamw__decoder","directions":[1]}
{"op_code":0,"worker_id":"f8d71674-27f3-4818-9d86-3f19ec4add52-130879678427136","study_name":"adamw__decoder","directions":[1]}
{"op_code":0,"worker_id":"f5063a04-b9e2-4a41-bff4-35f546814526-137634081714176","study_name":"muon__mamba","directions":[1]}
{"op_code":0,"worker_id":"d8458d5c-a194-4293-9dde-4e0c68539599-130879678427136","study_name":"neuralgrok__decoder","directions":[1]}
{"op_code":0,"worker_id":"13bb4235-f490-49a4-8e91-33f9131a547b-137634081714176","study_name":"lion__mamba","directions":[1]}
{"op_code":0,"worker_id":"8672b1c7-d84e-469e-a336-5f76408fc93e-140672626438144","study_name":"grokfast__decoder","directions":[1]}
{"op_code":0,"worker_id":"2a71771c-bfd9-41e9-a8b7-2f5753266b34-137634081714176","study_name":"looksam__mamba","directions":[1]}
{"op_code":0,"worker_id":"2dc4805b-129e-452b-904d-27004aa254da-125476466937856","study_name":"grokadamw__vit","directions":[1]}
{"op_code":0,"worker_id":"01dd46f2-67f8-4f67-bb5f-23ba2ae0bd68-137634081714176","study_name":"prodigy__mamba","directions":[1]}
{"op_code":0,"worker_id":"30cc552a-122d-4c98-96d1-c46868086123-125476466937856","study_name":"supergrok__vit","directions":[1]}
{"op_code":0,"worker_id":"f36a3314-6178-4c19-b585-887e35fe8485-130879678427136","study_name":"grokadamw__decoder","directions":[1]}
{"op_code":4,"worker_id":"b3c3c5a7-effe-4d45-85b8-29854b7de1cc-137634081714176","study_id":12,"datetime_start":"2026-06-09T22:55:46.574291"}
{"op_code":0,"worker_id":"5f953eb6-e054-416f-bc4d-31b7af6b95c6-125476466937856","study_name":"supergrok15__vit","directions":[1]}
{"op_code":0,"worker_id":"7da55514-9d75-402e-8051-b8c530a0174b-125476466937856","study_name":"supergrok2__vit","directions":[1]}
{"op_code":0,"worker_id":"d38fc042-76ff-4f97-86b9-b0d37d6d8cc3-129194185826304","study_name":"neuralgrok__decoder","directions":[1]}
{"op_code":0,"worker_id":"7e7fbeb9-3ed8-492f-bdcd-bc6f9476bb63-129194185826304","study_name":"grokadamw__decoder","directions":[1]}
{"op_code":0,"worker_id":"1a08cc99-86e3-4fe6-931b-0a4b714d4fcb-129194185826304","study_name":"supergrok__decoder","directions":[1]}
{"op_code":5,"worker_id":"b3c3c5a7-effe-4d45-85b8-29854b7de1cc-137634081714176","trial_id":6,"param_name":"lr","param_value_internal":0.002688712893605852,"distribution":"{\"name\": \"FloatDistribution\", \"attributes\": {\"step\": null, \"low\": 0.0002, \"high\": 0.005, \"log\": true}}"}
{"op_code":5,"worker_id":"b3c3c5a7-effe-4d45-85b8-29854b7de1cc-137634081714176","trial_id":6,"param_name":"beta1","param_value_internal":0.8616506972333066,"distribution":"{\"name\": \"FloatDistribution\", \"attributes\": {\"step\": null, \"low\": 0.85, \"high\": 0.95, \"log\": false}}"}
{"op_code":5,"worker_id":"b3c3c5a7-effe-4d45-85b8-29854b7de1cc-137634081714176","trial_id":6,"param_name":"beta2","param_value_internal":0.9848621204520889,"distribution":"{\"name\": \"FloatDistribution\", \"attributes\": {\"step\": null, \"low\": 0.95, \"high\": 0.9995, \"log\": false}}"}
{"op_code":5,"worker_id":"b3c3c5a7-effe-4d45-85b8-29854b7de1cc-137634081714176","trial_id":6,"param_name":"weight_decay","param_value_internal":0.9597756895390301,"distribution":"{\"name\": \"FloatDistribution\", \"attributes\": {\"step\": null, \"low\": 0.2, \"high\": 4.0, \"log\": true}}"}
{"op_code":5,"worker_id":"b3c3c5a7-effe-4d45-85b8-29854b7de1cc-137634081714176","trial_id":6,"param_name":"matmul_precision","param_value_internal":3,"distribution":"{\"name\": \"CategoricalDistribution\", \"attributes\": {\"choices\": [\"bf16\", \"tf32\", \"fp32\", \"fp16amp\"]}}"}
{"op_code":0,"worker_id":"0bac166c-6299-4af9-a402-a5e78579d909-140672626438144","study_name":"muon__decoder","directions":[1]}
{"op_code":0,"worker_id":"c8e8618b-cc18-4dea-a5d2-0bd6087abe2a-140672626438144","study_name":"lion__decoder","directions":[1]}
{"op_code":0,"worker_id":"1bec1a45-96b1-42fb-996c-1cb40418fe32-125476466937856","study_name":"grokfast__vit","directions":[1]}
{"op_code":0,"worker_id":"64f3143d-24fc-4e10-ad17-8d2fcb84bbae-140672626438144","study_name":"looksam__decoder","directions":[1]}
{"op_code":0,"worker_id":"8520a50a-c35e-471b-b38c-e30ce582c4cf-125476466937856","study_name":"muon__vit","directions":[1]}
{"op_code":0,"worker_id":"b3b2fc40-d064-4a89-b4de-bd2314282c6b-140672626438144","study_name":"prodigy__decoder","directions":[1]}
{"op_code":8,"worker_id":"eb625bf9-5e4a-4e9a-8604-b0eb40f46f2c-125144174632960","trial_id":4,"user_attr":{"crash":"TypeError(\"fused_step(): incompatible function arguments. The following argument types are supported:\\n    1. (arg0: str, arg1: str, arg2: torch.Tensor, arg3: torch.Tensor, arg4: torch.Tensor, arg5: torch.Tensor, arg6: float) -> None\\n\\nInvoked with: 'transformer_decoder', 'adamw', tensor([ 0.1562, "}}
{"op_code":6,"worker_id":"eb625bf9-5e4a-4e9a-8604-b0eb40f46f2c-125144174632960","trial_id":4,"state":1,"values":[10100.0],"datetime_complete":"2026-06-09T22:55:58.618656"}
{"op_code":0,"worker_id":"8d54f2e3-a847-4bf2-9376-c529439c120d-130879678427136","study_name":"supergrok__decoder","directions":[1]}
{"op_code":8,"worker_id":"7bf1baf4-cf09-4aa1-b751-cdb8f4c66288-139479738331136","trial_id":5,"user_attr":{"crash":"TypeError(\"fused_step(): incompatible function arguments. The following argument types are supported:\\n    1. (arg0: str, arg1: str, arg2: torch.Tensor, arg3: torch.Tensor, arg4: torch.Tensor, arg5: torch.Tensor, arg6: float) -> None\\n\\nInvoked with: 'mamba3', 'adamw', tensor([-0.0586, -0.3310, -0.1"}}
{"op_code":6,"worker_id":"7bf1baf4-cf09-4aa1-b751-cdb8f4c66288-139479738331136","trial_id":5,"state":1,"values":[24100.0],"datetime_complete":"2026-06-09T22:55:59.320513"}
{"op_code":0,"worker_id":"7ad428ab-34d1-4a3e-a8ae-3e41c95a22e1-130879678427136","study_name":"supergrok15__decoder","directions":[1]}
{"op_code":0,"worker_id":"2d1a8edc-bba4-4a54-b48d-a669e4045abe-130879678427136","study_name":"supergrok2__decoder","directions":[1]}
{"op_code":4,"worker_id":"104cd63c-6bd2-4254-872d-5070b194bdc7-125144174632960","study_id":1,"datetime_start":"2026-06-09T22:55:59.501500"}
{"op_code":0,"worker_id":"f643c3b8-4b61-41aa-8b62-57155dccd1f2-130879678427136","study_name":"grokfast__decoder","directions":[1]}
{"op_code":5,"worker_id":"104cd63c-6bd2-4254-872d-5070b194bdc7-125144174632960","trial_id":7,"param_name":"lr","param_value_internal":0.0011576160601673156,"distribution":"{\"name\": \"FloatDistribution\", \"attributes\": {\"step\": null, \"low\": 0.0002, \"high\": 0.005, \"log\": true}}"}
{"op_code":5,"worker_id":"104cd63c-6bd2-4254-872d-5070b194bdc7-125144174632960","trial_id":7,"param_name":"neural_alpha","param_value_internal":3.185365635006737,"distribution":"{\"name\": \"FloatDistribution\", \"attributes\": {\"step\": null, \"low\": 2.0, \"high\": 30.0, \"log\": true}}"}
{"op_code":0,"worker_id":"2724f9fa-073e-4233-84ac-5947be5d4796-130879678427136","study_name":"muon__decoder","directions":[1]}
{"op_code":5,"worker_id":"104cd63c-6bd2-4254-872d-5070b194bdc7-125144174632960","trial_id":7,"param_name":"neural_beta","param_value_internal":8.676386285367716,"distribution":"{\"name\": \"FloatDistribution\", \"attributes\": {\"step\": null, \"low\": 1.0, \"high\": 10.0, \"log\": false}}"}
{"op_code":5,"worker_id":"104cd63c-6bd2-4254-872d-5070b194bdc7-125144174632960","trial_id":7,"param_name":"inner_steps","param_value_internal":1.0,"distribution":"{\"name\": \"IntDistribution\", \"attributes\": {\"log\": false, \"step\": 1, \"low\": 1, \"high\": 2}}"}
{"op_code":5,"worker_id":"104cd63c-6bd2-4254-872d-5070b194bdc7-125144174632960","trial_id":7,"param_name":"neural_grad_clip","param_value_internal":1.9717501253092347,"distribution":"{\"name\": \"FloatDistribution\", \"attributes\": {\"step\": null, \"low\": 0.5, \"high\": 3.0, \"log\": false}}"}
{"op_code":5,"worker_id":"104cd63c-6bd2-4254-872d-5070b194bdc7-125144174632960","trial_id":7,"param_name":"weight_decay","param_value_internal":0.28718500775937805,"distribution":"{\"name\": \"FloatDistribution\", \"attributes\": {\"step\": null, \"low\": 0.2, \"high\": 4.0, \"log\": true}}"}
{"op_code":5,"worker_id":"104cd63c-6bd2-4254-872d-5070b194bdc7-125144174632960","trial_id":7,"param_name":"matmul_precision","param_value_internal":2,"distribution":"{\"name\": \"CategoricalDistribution\", \"attributes\": {\"choices\": [\"bf16\", \"tf32\", \"fp32\", \"fp16amp\"]}}"}
{"op_code":7,"worker_id":"104cd63c-6bd2-4254-872d-5070b194bdc7-125144174632960","trial_id":7,"step":1,"intermediate_value":0.015402436722069979}
{"op_code":7,"worker_id":"104cd63c-6bd2-4254-872d-5070b194bdc7-125144174632960","trial_id":7,"step":2,"intermediate_value":0.013848415575921535}
{"op_code":7,"worker_id":"104cd63c-6bd2-4254-872d-5070b194bdc7-125144174632960","trial_id":7,"step":3,"intermediate_value":0.01133996807038784}
{"op_code":0,"worker_id":"0887da9b-bec7-4486-8bbb-3b57f183c5f5-130879678427136","study_name":"lion__decoder","directions":[1]}
{"op_code":4,"worker_id":"b657790f-f5a9-4008-8255-de123fb3f300-139479738331136","study_id":14,"datetime_start":"2026-06-09T22:56:00.057034"}
{"op_code":5,"worker_id":"b657790f-f5a9-4008-8255-de123fb3f300-139479738331136","trial_id":8,"param_name":"lr","param_value_internal":0.0011576160601673156,"distribution":"{\"name\": \"FloatDistribution\", \"attributes\": {\"step\": null, \"low\": 0.0002, \"high\": 0.005, \"log\": true}}"}
{"op_code":5,"worker_id":"b657790f-f5a9-4008-8255-de123fb3f300-139479738331136","trial_id":8,"param_name":"neural_alpha","param_value_internal":3.185365635006737,"distribution":"{\"name\": \"FloatDistribution\", \"attributes\": {\"step\": null, \"low\": 2.0, \"high\": 30.0, \"log\": true}}"}
{"op_code":5,"worker_id":"b657790f-f5a9-4008-8255-de123fb3f300-139479738331136","trial_id":8,"param_name":"neural_beta","param_value_internal":8.676386285367716,"distribution":"{\"name\": \"FloatDistribution\", \"attributes\": {\"step\": null, \"low\": 1.0, \"high\": 10.0, \"log\": false}}"}
{"op_code":5,"worker_id":"b657790f-f5a9-4008-8255-de123fb3f300-139479738331136","trial_id":8,"param_name":"inner_steps","param_value_internal":1.0,"distribution":"{\"name\": \"IntDistribution\", \"attributes\": {\"log\": false, \"step\": 1, \"low\": 1, \"high\": 2}}"}
{"op_code":5,"worker_id":"b657790f-f5a9-4008-8255-de123fb3f300-139479738331136","trial_id":8,"param_name":"neural_grad_clip","param_value_internal":1.9717501253092347,"distribution":"{\"name\": \"FloatDistribution\", \"attributes\": {\"step\": null, \"low\": 0.5, \"high\": 3.0, \"log\": false}}"}
{"op_code":5,"worker_id":"b657790f-f5a9-4008-8255-de123fb3f300-139479738331136","trial_id":8,"param_name":"weight_decay","param_value_internal":0.28718500775937805,"distribution":"{\"name\": \"FloatDistribution\", \"attributes\": {\"step\": null, \"low\": 0.2, \"high\": 4.0, \"log\": true}}"}
{"op_code":5,"worker_id":"b657790f-f5a9-4008-8255-de123fb3f300-139479738331136","trial_id":8,"param_name":"matmul_precision","param_value_internal":2,"distribution":"{\"name\": \"CategoricalDistribution\", \"attributes\": {\"choices\": [\"bf16\", \"tf32\", \"fp32\", \"fp16amp\"]}}"}
{"op_code":7,"worker_id":"b657790f-f5a9-4008-8255-de123fb3f300-139479738331136","trial_id":8,"step":1,"intermediate_value":0.013135674875229597}
{"op_code":4,"worker_id":"491109f7-d3f4-4ee3-96d3-6fb07a81c256-140672626438144","study_id":0,"datetime_start":"2026-06-09T22:56:00.065323"}
{"op_code":5,"worker_id":"491109f7-d3f4-4ee3-96d3-6fb07a81c256-140672626438144","trial_id":9,"param_name":"lr","param_value_internal":0.002688712893605852,"distribution":"{\"name\": \"FloatDistribution\", \"attributes\": {\"step\": null, \"low\": 0.0002, \"high\": 0.005, \"log\": true}}"}
{"op_code":5,"worker_id":"491109f7-d3f4-4ee3-96d3-6fb07a81c256-140672626438144","trial_id":9,"param_name":"beta1","param_value_internal":0.8616506972333066,"distribution":"{\"name\": \"FloatDistribution\", \"attributes\": {\"step\": null, \"low\": 0.85, \"high\": 0.95, \"log\": false}}"}
{"op_code":5,"worker_id":"491109f7-d3f4-4ee3-96d3-6fb07a81c256-140672626438144","trial_id":9,"param_name":"beta2","param_value_internal":0.9848621204520889,"distribution":"{\"name\": \"FloatDistribution\", \"attributes\": {\"step\": null, \"low\": 0.95, \"high\": 0.9995, \"log\": false}}"}
{"op_code":5,"worker_id":"491109f7-d3f4-4ee3-96d3-6fb07a81c256-140672626438144","trial_id":9,"param_name":"weight_decay","param_value_internal":0.9597756895390301,"distribution":"{\"name\": \"FloatDistribution\", \"attributes\": {\"step\": null, \"low\": 0.2, \"high\": 4.0, \"log\": true}}"}
{"op_code":5,"worker_id":"491109f7-d3f4-4ee3-96d3-6fb07a81c256-140672626438144","trial_id":9,"param_name":"matmul_precision","param_value_internal":3,"distribution":"{\"name\": \"CategoricalDistribution\", \"attributes\": {\"choices\": [\"bf16\", \"tf32\", \"fp32\", \"fp16amp\"]}}"}
{"op_code":7,"worker_id":"b657790f-f5a9-4008-8255-de123fb3f300-139479738331136","trial_id":8,"step":2,"intermediate_value":0.016240638215094805}
{"op_code":0,"worker_id":"aa9fd8d1-4c1b-4898-bf9b-caa9a807b3b3-130879678427136","study_name":"looksam__decoder","directions":[1]}
{"op_code":0,"worker_id":"1c3925c4-8432-409d-87f1-0f426f0ed5c0-130879678427136","study_name":"prodigy__decoder","directions":[1]}
{"op_code":4,"worker_id":"f8d71674-27f3-4818-9d86-3f19ec4add52-130879678427136","study_id":0,"datetime_start":"2026-06-09T22:56:19.079587"}
{"op_code":5,"worker_id":"f8d71674-27f3-4818-9d86-3f19ec4add52-130879678427136","trial_id":10,"param_name":"lr","param_value_internal":0.0008565293722924722,"distribution":"{\"name\": \"FloatDistribution\", \"attributes\": {\"step\": null, \"low\": 0.0002, \"high\": 0.005, \"log\": true}}"}
{"op_code":5,"worker_id":"f8d71674-27f3-4818-9d86-3f19ec4add52-130879678427136","trial_id":10,"param_name":"beta1","param_value_internal":0.9336803373557624,"distribution":"{\"name\": \"FloatDistribution\", \"attributes\": {\"step\": null, \"low\": 0.85, \"high\": 0.95, \"log\": false}}"}
{"op_code":5,"worker_id":"f8d71674-27f3-4818-9d86-3f19ec4add52-130879678427136","trial_id":10,"param_name":"beta2","param_value_internal":0.974510993649918,"distribution":"{\"name\": \"FloatDistribution\", \"attributes\": {\"step\": null, \"low\": 0.95, \"high\": 0.9995, \"log\": false}}"}
{"op_code":5,"worker_id":"f8d71674-27f3-4818-9d86-3f19ec4add52-130879678427136","trial_id":10,"param_name":"weight_decay","param_value_internal":1.9548824288747957,"distribution":"{\"name\": \"FloatDistribution\", \"attributes\": {\"step\": null, \"low\": 0.2, \"high\": 4.0, \"log\": true}}"}
{"op_code":5,"worker_id":"f8d71674-27f3-4818-9d86-3f19ec4add52-130879678427136","trial_id":10,"param_name":"matmul_precision","param_value_internal":3,"distribution":"{\"name\": \"CategoricalDistribution\", \"attributes\": {\"choices\": [\"bf16\", \"tf32\", \"fp32\", \"fp16amp\"]}}"}
{"op_code":0,"worker_id":"5485496a-4220-47ce-b669-213ccb50c771-125476466937856","study_name":"lion__vit","directions":[1]}
{"op_code":8,"worker_id":"b3c3c5a7-effe-4d45-85b8-29854b7de1cc-137634081714176","trial_id":6,"user_attr":{"crash":"TypeError(\"fused_step(): incompatible function arguments. The following argument types are supported:\\n    1. (arg0: str, arg1: str, arg2: torch.Tensor, arg3: torch.Tensor, arg4: torch.Tensor, arg5: torch.Tensor, arg6: float) -> None\\n\\nInvoked with: 'mamba3', 'adamw', tensor([-0.9130, -0.0492,  2.0"}}
{"op_code":6,"worker_id":"b3c3c5a7-effe-4d45-85b8-29854b7de1cc-137634081714176","trial_id":6,"state":1,"values":[24100.0],"datetime_complete":"2026-06-09T22:56:19.378449"}
{"op_code":0,"worker_id":"f3f36474-96df-4437-bef3-61f4a0368a76-125476466937856","study_name":"looksam__vit","directions":[1]}
{"op_code":7,"worker_id":"b657790f-f5a9-4008-8255-de123fb3f300-139479738331136","trial_id":8,"step":3,"intermediate_value":0.01755297416821122}
{"op_code":4,"worker_id":"a85906ef-aa18-44e4-87b8-d40ec9c0f9ca-137634081714176","study_id":14,"datetime_start":"2026-06-09T22:56:19.586293"}
{"op_code":5,"worker_id":"a85906ef-aa18-44e4-87b8-d40ec9c0f9ca-137634081714176","trial_id":11,"param_name":"lr","param_value_internal":0.002688712893605852,"distribution":"{\"name\": \"FloatDistribution\", \"attributes\": {\"step\": null, \"low\": 0.0002, \"high\": 0.005, \"log\": true}}"}
{"op_code":5,"worker_id":"a85906ef-aa18-44e4-87b8-d40ec9c0f9ca-137634081714176","trial_id":11,"param_name":"neural_alpha","param_value_internal":2.7419076764296224,"distribution":"{\"name\": \"FloatDistribution\", \"attributes\": {\"step\": null, \"low\": 2.0, \"high\": 30.0, \"log\": true}}"}
{"op_code":5,"worker_id":"a85906ef-aa18-44e4-87b8-d40ec9c0f9ca-137634081714176","trial_id":11,"param_name":"neural_beta","param_value_internal":7.338567354925254,"distribution":"{\"name\": \"FloatDistribution\", \"attributes\": {\"step\": null, \"low\": 1.0, \"high\": 10.0, \"log\": false}}"}
{"op_code":5,"worker_id":"a85906ef-aa18-44e4-87b8-d40ec9c0f9ca-137634081714176","trial_id":11,"param_name":"inner_steps","param_value_internal":2.0,"distribution":"{\"name\": \"IntDistribution\", \"attributes\": {\"log\": false, \"step\": 1, \"low\": 1, \"high\": 2}}"}
{"op_code":7,"worker_id":"b657790f-f5a9-4008-8255-de123fb3f300-139479738331136","trial_id":8,"step":4,"intermediate_value":0.012297473382204771}
{"op_code":5,"worker_id":"a85906ef-aa18-44e4-87b8-d40ec9c0f9ca-137634081714176","trial_id":11,"param_name":"neural_grad_clip","param_value_internal":0.8942500250976235,"distribution":"{\"name\": \"FloatDistribution\", \"attributes\": {\"step\": null, \"low\": 0.5, \"high\": 3.0, \"log\": false}}"}
{"op_code":5,"worker_id":"a85906ef-aa18-44e4-87b8-d40ec9c0f9ca-137634081714176","trial_id":11,"param_name":"weight_decay","param_value_internal":2.896345754615588,"distribution":"{\"name\": \"FloatDistribution\", \"attributes\": {\"step\": null, \"low\": 0.2, \"high\": 4.0, \"log\": true}}"}
{"op_code":5,"worker_id":"a85906ef-aa18-44e4-87b8-d40ec9c0f9ca-137634081714176","trial_id":11,"param_name":"matmul_precision","param_value_internal":1,"distribution":"{\"name\": \"CategoricalDistribution\", \"attributes\": {\"choices\": [\"bf16\", \"tf32\", \"fp32\", \"fp16amp\"]}}"}
{"op_code":8,"worker_id":"f8d71674-27f3-4818-9d86-3f19ec4add52-130879678427136","trial_id":10,"user_attr":{"crash":"TypeError(\"fused_step(): incompatible function arguments. The following argument types are supported:\\n    1. (arg0: str, arg1: str, arg2: torch.Tensor, arg3: torch.Tensor, arg4: torch.Tensor, arg5: torch.Tensor, arg6: float) -> None\\n\\nInvoked with: 'transformer_decoder', 'adamw', tensor([ 0.5320, "}}
{"op_code":6,"worker_id":"f8d71674-27f3-4818-9d86-3f19ec4add52-130879678427136","trial_id":10,"state":1,"values":[10100.0],"datetime_complete":"2026-06-09T22:56:25.197860"}
{"op_code":7,"worker_id":"b657790f-f5a9-4008-8255-de123fb3f300-139479738331136","trial_id":8,"step":5,"intermediate_value":0.016598548274487257}
{"op_code":4,"worker_id":"d8458d5c-a194-4293-9dde-4e0c68539599-130879678427136","study_id":1,"datetime_start":"2026-06-09T22:56:25.324251"}
{"op_code":5,"worker_id":"d8458d5c-a194-4293-9dde-4e0c68539599-130879678427136","trial_id":12,"param_name":"lr","param_value_internal":0.0008565293722924722,"distribution":"{\"name\": \"FloatDistribution\", \"attributes\": {\"step\": null, \"low\": 0.0002, \"high\": 0.005, \"log\": true}}"}
{"op_code":5,"worker_id":"d8458d5c-a194-4293-9dde-4e0c68539599-130879678427136","trial_id":12,"param_name":"neural_alpha","param_value_internal":19.28355624289931,"distribution":"{\"name\": \"FloatDistribution\", \"attributes\": {\"step\": null, \"low\": 2.0, \"high\": 30.0, \"log\": true}}"}
{"op_code":5,"worker_id":"d8458d5c-a194-4293-9dde-4e0c68539599-130879678427136","trial_id":12,"param_name":"neural_beta","param_value_internal":5.4565442999850955,"distribution":"{\"name\": \"FloatDistribution\", \"attributes\": {\"step\": null, \"low\": 1.0, \"high\": 10.0, \"log\": false}}"}
{"op_code":5,"worker_id":"d8458d5c-a194-4293-9dde-4e0c68539599-130879678427136","trial_id":12,"param_name":"inner_steps","param_value_internal":2.0,"distribution":"{\"name\": \"IntDistribution\", \"attributes\": {\"log\": false, \"step\": 1, \"low\": 1, \"high\": 2}}"}
{"op_code":5,"worker_id":"d8458d5c-a194-4293-9dde-4e0c68539599-130879678427136","trial_id":12,"param_name":"neural_grad_clip","param_value_internal":1.1616090842489126,"distribution":"{\"name\": \"FloatDistribution\", \"attributes\": {\"step\": null, \"low\": 0.5, \"high\": 3.0, \"log\": false}}"}
{"op_code":5,"worker_id":"d8458d5c-a194-4293-9dde-4e0c68539599-130879678427136","trial_id":12,"param_name":"weight_decay","param_value_internal":2.5922701740498657,"distribution":"{\"name\": \"FloatDistribution\", \"attributes\": {\"step\": null, \"low\": 0.2, \"high\": 4.0, \"log\": true}}"}
{"op_code":5,"worker_id":"d8458d5c-a194-4293-9dde-4e0c68539599-130879678427136","trial_id":12,"param_name":"matmul_precision","param_value_internal":2,"distribution":"{\"name\": \"CategoricalDistribution\", \"attributes\": {\"choices\": [\"bf16\", \"tf32\", \"fp32\", \"fp16amp\"]}}"}
{"op_code":7,"worker_id":"b657790f-f5a9-4008-8255-de123fb3f300-139479738331136","trial_id":8,"step":6,"intermediate_value":0.01349050598219037}
{"op_code":7,"worker_id":"a85906ef-aa18-44e4-87b8-d40ec9c0f9ca-137634081714176","trial_id":11,"step":1,"intermediate_value":0.018868390005081892}
{"op_code":0,"worker_id":"58f59558-821c-4fdf-a337-25f988ae118b-125476466937856","study_name":"prodigy__vit","directions":[1]}
{"op_code":4,"worker_id":"4bd013bf-71ed-40f9-a4ce-1f3394fc55cd-125476466937856","study_id":11,"datetime_start":"2026-06-09T22:56:25.613791"}
{"op_code":5,"worker_id":"4bd013bf-71ed-40f9-a4ce-1f3394fc55cd-125476466937856","trial_id":13,"param_name":"lr","param_value_internal":0.002688712893605852,"distribution":"{\"name\": \"FloatDistribution\", \"attributes\": {\"step\": null, \"low\": 0.0002, \"high\": 0.005, \"log\": true}}"}
{"op_code":5,"worker_id":"4bd013bf-71ed-40f9-a4ce-1f3394fc55cd-125476466937856","trial_id":13,"param_name":"beta1","param_value_internal":0.8616506972333066,"distribution":"{\"name\": \"FloatDistribution\", \"attributes\": {\"step\": null, \"low\": 0.85, \"high\": 0.95, \"log\": false}}"}
{"op_code":5,"worker_id":"4bd013bf-71ed-40f9-a4ce-1f3394fc55cd-125476466937856","trial_id":13,"param_name":"beta2","param_value_internal":0.9848621204520889,"distribution":"{\"name\": \"FloatDistribution\", \"attributes\": {\"step\": null, \"low\": 0.95, \"high\": 0.9995, \"log\": false}}"}
{"op_code":5,"worker_id":"4bd013bf-71ed-40f9-a4ce-1f3394fc55cd-125476466937856","trial_id":13,"param_name":"weight_decay","param_value_internal":0.9597756895390301,"distribution":"{\"name\": \"FloatDistribution\", \"attributes\": {\"step\": null, \"low\": 0.2, \"high\": 4.0, \"log\": true}}"}
{"op_code":5,"worker_id":"4bd013bf-71ed-40f9-a4ce-1f3394fc55cd-125476466937856","trial_id":13,"param_name":"matmul_precision","param_value_internal":3,"distribution":"{\"name\": \"CategoricalDistribution\", \"attributes\": {\"choices\": [\"bf16\", \"tf32\", \"fp32\", \"fp16amp\"]}}"}
{"op_code":7,"worker_id":"a85906ef-aa18-44e4-87b8-d40ec9c0f9ca-137634081714176","trial_id":11,"step":2,"intermediate_value":0.01767227752134204}
{"op_code":7,"worker_id":"b657790f-f5a9-4008-8255-de123fb3f300-139479738331136","trial_id":8,"step":7,"intermediate_value":0.017311288975179195}
{"op_code":7,"worker_id":"d8458d5c-a194-4293-9dde-4e0c68539599-130879678427136","trial_id":12,"step":1,"intermediate_value":0.01707576122134924}
{"op_code":7,"worker_id":"a85906ef-aa18-44e4-87b8-d40ec9c0f9ca-137634081714176","trial_id":11,"step":3,"intermediate_value":0.009070127038285136}
{"op_code":7,"worker_id":"b657790f-f5a9-4008-8255-de123fb3f300-139479738331136","trial_id":8,"step":8,"intermediate_value":0.021734747104346752}
{"op_code":7,"worker_id":"d8458d5c-a194-4293-9dde-4e0c68539599-130879678427136","trial_id":12,"step":2,"intermediate_value":0.021496140398085117}
{"op_code":7,"worker_id":"a85906ef-aa18-44e4-87b8-d40ec9c0f9ca-137634081714176","trial_id":11,"step":4,"intermediate_value":0.01826879382133484}
{"op_code":7,"worker_id":"d8458d5c-a194-4293-9dde-4e0c68539599-130879678427136","trial_id":12,"step":3,"intermediate_value":0.016837154515087605}
{"op_code":7,"worker_id":"a85906ef-aa18-44e4-87b8-d40ec9c0f9ca-137634081714176","trial_id":11,"step":5,"intermediate_value":0.016956457868218422}
{"op_code":7,"worker_id":"b657790f-f5a9-4008-8255-de123fb3f300-139479738331136","trial_id":8,"step":9,"intermediate_value":0.021854049991816282}
{"op_code":7,"worker_id":"d8458d5c-a194-4293-9dde-4e0c68539599-130879678427136","trial_id":12,"step":4,"intermediate_value":0.014444932341575623}
{"op_code":7,"worker_id":"d8458d5c-a194-4293-9dde-4e0c68539599-130879678427136","trial_id":12,"step":5,"intermediate_value":0.01265230355784297}
{"op_code":7,"worker_id":"a85906ef-aa18-44e4-87b8-d40ec9c0f9ca-137634081714176","trial_id":11,"step":6,"intermediate_value":0.02555552963167429}
{"op_code":7,"worker_id":"b657790f-f5a9-4008-8255-de123fb3f300-139479738331136","trial_id":8,"step":10,"intermediate_value":0.02077724225819111}
{"op_code":8,"worker_id":"4bd013bf-71ed-40f9-a4ce-1f3394fc55cd-125476466937856","trial_id":13,"user_attr":{"crash":"TypeError(\"fused_step(): incompatible function arguments. The following argument types are supported:\\n    1. (arg0: str, arg1: str, arg2: torch.Tensor, arg3: torch.Tensor, arg4: torch.Tensor, arg5: torch.Tensor, arg6: float) -> None\\n\\nInvoked with: 'vit', 'adamw', tensor([-0.0102, -0.0106, -0.0048"}}
{"op_code":6,"worker_id":"4bd013bf-71ed-40f9-a4ce-1f3394fc55cd-125476466937856","trial_id":13,"state":1,"values":[12100.0],"datetime_complete":"2026-06-09T22:56:32.463473"}
{"op_code":0,"worker_id":"d5d34d0a-7baa-4833-9e0f-067d395da457-129194185826304","study_name":"supergrok15__decoder","directions":[1]}
{"op_code":0,"worker_id":"c93cba66-7374-46aa-a922-b79ababf17fd-129194185826304","study_name":"supergrok2__decoder","directions":[1]}
{"op_code":7,"worker_id":"a85906ef-aa18-44e4-87b8-d40ec9c0f9ca-137634081714176","trial_id":11,"step":7,"intermediate_value":0.019345602951943874}
{"op_code":7,"worker_id":"b657790f-f5a9-4008-8255-de123fb3f300-139479738331136","trial_id":8,"step":11,"intermediate_value":0.013729112688452005}
{"op_code":0,"worker_id":"287969bd-3fd8-42c0-a5cd-e86cb2cece1e-129194185826304","study_name":"grokfast__decoder","directions":[1]}
{"op_code":0,"worker_id":"d5fa8663-d1f3-411a-9eb3-b2194e4db41f-129194185826304","study_name":"muon__decoder","directions":[1]}
{"op_code":0,"worker_id":"27333827-4a6c-4c25-ac55-6736312c34b5-129194185826304","study_name":"lion__decoder","directions":[1]}
{"op_code":0,"worker_id":"55c8291b-bb1f-4f36-a2de-1259648de805-129194185826304","study_name":"looksam__decoder","directions":[1]}
{"op_code":7,"worker_id":"b657790f-f5a9-4008-8255-de123fb3f300-139479738331136","trial_id":8,"step":12,"intermediate_value":0.01133996807038784}
{"op_code":0,"worker_id":"afc1b0a7-ef8b-4d34-b420-ef8ba91f707b-129194185826304","study_name":"prodigy__decoder","directions":[1]}
{"op_code":4,"worker_id":"d0b0d5f9-9f09-4416-8392-ff21d223640d-129194185826304","study_id":0,"datetime_start":"2026-06-09T22:56:39.019288"}
{"op_code":5,"worker_id":"d0b0d5f9-9f09-4416-8392-ff21d223640d-129194185826304","trial_id":14,"param_name":"lr","param_value_internal":0.003872639391054715,"distribution":"{\"name\": \"FloatDistribution\", \"attributes\": {\"step\": null, \"low\": 0.0002, \"high\": 0.005, \"log\": true}}"}
{"op_code":5,"worker_id":"d0b0d5f9-9f09-4416-8392-ff21d223640d-129194185826304","trial_id":14,"param_name":"beta1","param_value_internal":0.9080579177135406,"distribution":"{\"name\": \"FloatDistribution\", \"attributes\": {\"step\": null, \"low\": 0.85, \"high\": 0.95, \"log\": false}}"}
{"op_code":5,"worker_id":"d0b0d5f9-9f09-4416-8392-ff21d223640d-129194185826304","trial_id":14,"param_name":"beta2","param_value_internal":0.9984848390636939,"distribution":"{\"name\": \"FloatDistribution\", \"attributes\": {\"step\": null, \"low\": 0.95, \"high\": 0.9995, \"log\": false}}"}
{"op_code":5,"worker_id":"d0b0d5f9-9f09-4416-8392-ff21d223640d-129194185826304","trial_id":14,"param_name":"weight_decay","param_value_internal":1.8645260030089423,"distribution":"{\"name\": \"FloatDistribution\", \"attributes\": {\"step\": null, \"low\": 0.2, \"high\": 4.0, \"log\": true}}"}
{"op_code":5,"worker_id":"d0b0d5f9-9f09-4416-8392-ff21d223640d-129194185826304","trial_id":14,"param_name":"matmul_precision","param_value_internal":0,"distribution":"{\"name\": \"CategoricalDistribution\", \"attributes\": {\"choices\": [\"bf16\", \"tf32\", \"fp32\", \"fp16amp\"]}}"}
{"op_code":0,"worker_id":"0e5fb592-80f5-411e-8d98-67a518a25af3-128058476347392","study_name":"neuralgrok__vit","directions":[1]}
{"op_code":0,"worker_id":"69739b1b-97fb-4a96-bb3b-0547cd043289-128058476347392","study_name":"grokadamw__vit","directions":[1]}
{"op_code":0,"worker_id":"fc826ed5-524d-4838-ac59-f2093f043701-128058476347392","study_name":"supergrok__vit","directions":[1]}
{"op_code":0,"worker_id":"92610f77-2bde-43d8-82dc-016ed0247ebc-128058476347392","study_name":"supergrok15__vit","directions":[1]}
{"op_code":4,"worker_id":"6e59d068-24f1-4c0f-abc5-e10a2d5763f2-125476466937856","study_id":13,"datetime_start":"2026-06-09T22:56:32.688517"}
{"op_code":5,"worker_id":"6e59d068-24f1-4c0f-abc5-e10a2d5763f2-125476466937856","trial_id":15,"param_name":"lr","param_value_internal":0.002688712893605852,"distribution":"{\"name\": \"FloatDistribution\", \"attributes\": {\"step\": null, \"low\": 0.0002, \"high\": 0.005, \"log\": true}}"}
{"op_code":5,"worker_id":"6e59d068-24f1-4c0f-abc5-e10a2d5763f2-125476466937856","trial_id":15,"param_name":"neural_alpha","param_value_internal":2.7419076764296224,"distribution":"{\"name\": \"FloatDistribution\", \"attributes\": {\"step\": null, \"low\": 2.0, \"high\": 30.0, \"log\": true}}"}
{"op_code":7,"worker_id":"a85906ef-aa18-44e4-87b8-d40ec9c0f9ca-137634081714176","trial_id":11,"step":8,"intermediate_value":0.019345602951943874}
{"op_code":5,"worker_id":"6e59d068-24f1-4c0f-abc5-e10a2d5763f2-125476466937856","trial_id":15,"param_name":"neural_beta","param_value_internal":7.338567354925254,"distribution":"{\"name\": \"FloatDistribution\", \"attributes\": {\"step\": null, \"low\": 1.0, \"high\": 10.0, \"log\": false}}"}
{"op_code":5,"worker_id":"6e59d068-24f1-4c0f-abc5-e10a2d5763f2-125476466937856","trial_id":15,"param_name":"inner_steps","param_value_internal":2.0,"distribution":"{\"name\": \"IntDistribution\", \"attributes\": {\"log\": false, \"step\": 1, \"low\": 1, \"high\": 2}}"}
{"op_code":5,"worker_id":"6e59d068-24f1-4c0f-abc5-e10a2d5763f2-125476466937856","trial_id":15,"param_name":"neural_grad_clip","param_value_internal":0.8942500250976235,"distribution":"{\"name\": \"FloatDistribution\", \"attributes\": {\"step\": null, \"low\": 0.5, \"high\": 3.0, \"log\": false}}"}
{"op_code":5,"worker_id":"6e59d068-24f1-4c0f-abc5-e10a2d5763f2-125476466937856","trial_id":15,"param_name":"weight_decay","param_value_internal":2.896345754615588,"distribution":"{\"name\": \"FloatDistribution\", \"attributes\": {\"step\": null, \"low\": 0.2, \"high\": 4.0, \"log\": true}}"}
{"op_code":5,"worker_id":"6e59d068-24f1-4c0f-abc5-e10a2d5763f2-125476466937856","trial_id":15,"param_name":"matmul_precision","param_value_internal":1,"distribution":"{\"name\": \"CategoricalDistribution\", \"attributes\": {\"choices\": [\"bf16\", \"tf32\", \"fp32\", \"fp16amp\"]}}"}
{"op_code":7,"worker_id":"a85906ef-aa18-44e4-87b8-d40ec9c0f9ca-137634081714176","trial_id":11,"step":9,"intermediate_value":0.019345602951943874}
{"op_code":7,"worker_id":"d8458d5c-a194-4293-9dde-4e0c68539599-130879678427136","trial_id":12,"step":6,"intermediate_value":0.017430592328310013}
{"op_code":7,"worker_id":"6e59d068-24f1-4c0f-abc5-e10a2d5763f2-125476466937856","trial_id":15,"step":1,"intermediate_value":0.01181519404053688}
{"op_code":7,"worker_id":"b657790f-f5a9-4008-8255-de123fb3f300-139479738331136","trial_id":8,"step":13,"intermediate_value":0.01193648437038064}
{"op_code":7,"worker_id":"a85906ef-aa18-44e4-87b8-d40ec9c0f9ca-137634081714176","trial_id":11,"step":10,"intermediate_value":0.021734747104346752}
{"op_code":7,"worker_id":"d8458d5c-a194-4293-9dde-4e0c68539599-130879678427136","trial_id":12,"step":7,"intermediate_value":0.038452599197626114}
{"op_code":7,"worker_id":"d8458d5c-a194-4293-9dde-4e0c68539599-130879678427136","trial_id":12,"step":8,"intermediate_value":0.03749817330390215}
{"op_code":7,"worker_id":"d8458d5c-a194-4293-9dde-4e0c68539599-130879678427136","trial_id":12,"step":9,"intermediate_value":0.03570554405450821}
{"op_code":7,"worker_id":"d8458d5c-a194-4293-9dde-4e0c68539599-130879678427136","trial_id":12,"step":10,"intermediate_value":0.034986644983291626}
{"op_code":8,"worker_id":"491109f7-d3f4-4ee3-96d3-6fb07a81c256-140672626438144","trial_id":9,"user_attr":{"crash":"TypeError(\"fused_step(): incompatible function arguments. The following argument types are supported:\\n    1. (arg0: str, arg1: str, arg2: torch.Tensor, arg3: torch.Tensor, arg4: torch.Tensor, arg5: torch.Tensor, arg6: float) -> None\\n\\nInvoked with: 'transformer_decoder', 'adamw', tensor([ 0.1071, "}}
{"op_code":0,"worker_id":"d7b99f8f-e4c2-4297-8595-d2686a700a39-128058476347392","study_name":"supergrok2__vit","directions":[1]}
{"op_code":7,"worker_id":"d8458d5c-a194-4293-9dde-4e0c68539599-130879678427136","trial_id":12,"step":11,"intermediate_value":0.03199790604412556}
{"op_code":6,"worker_id":"491109f7-d3f4-4ee3-96d3-6fb07a81c256-140672626438144","trial_id":9,"state":1,"values":[10100.0],"datetime_complete":"2026-06-09T22:56:40.524235"}
{"op_code":0,"worker_id":"17294757-f549-4452-b9a7-c8e1212d1e83-128058476347392","study_name":"grokfast__vit","directions":[1]}
{"op_code":7,"worker_id":"a85906ef-aa18-44e4-87b8-d40ec9c0f9ca-137634081714176","trial_id":11,"step":11,"intermediate_value":0.026745484210550785}
{"op_code":7,"worker_id":"d8458d5c-a194-4293-9dde-4e0c68539599-130879678427136","trial_id":12,"step":12,"intermediate_value":0.02650379855185747}
{"op_code":0,"worker_id":"6e8c1614-22fc-4c2e-ac55-4b722cf818e4-128058476347392","study_name":"muon__vit","directions":[1]}
{"op_code":0,"worker_id":"b6786256-13f3-4b65-b562-77d585c8ae7c-128058476347392","study_name":"lion__vit","directions":[1]}
{"op_code":7,"worker_id":"d8458d5c-a194-4293-9dde-4e0c68539599-130879678427136","trial_id":12,"step":13,"intermediate_value":0.024353260174393654}
{"op_code":4,"worker_id":"f2ccc630-9865-4dc4-839b-a37b72bab356-140672626438144","study_id":1,"datetime_start":"2026-06-09T22:56:40.670791"}
{"op_code":5,"worker_id":"f2ccc630-9865-4dc4-839b-a37b72bab356-140672626438144","trial_id":16,"param_name":"lr","param_value_internal":0.002688712893605852,"distribution":"{\"name\": \"FloatDistribution\", \"attributes\": {\"step\": null, \"low\": 0.0002, \"high\": 0.005, \"log\": true}}"}
{"op_code":0,"worker_id":"79aabf86-e9a5-42a6-b8e8-c9ccdb5ff572-128058476347392","study_name":"looksam__vit","directions":[1]}
{"op_code":5,"worker_id":"f2ccc630-9865-4dc4-839b-a37b72bab356-140672626438144","trial_id":16,"param_name":"neural_alpha","param_value_internal":2.7419076764296224,"distribution":"{\"name\": \"FloatDistribution\", \"attributes\": {\"step\": null, \"low\": 2.0, \"high\": 30.0, \"log\": true}}"}
{"op_code":7,"worker_id":"a85906ef-aa18-44e4-87b8-d40ec9c0f9ca-137634081714176","trial_id":11,"step":12,"intermediate_value":0.024830473586916924}
{"op_code":5,"worker_id":"f2ccc630-9865-4dc4-839b-a37b72bab356-140672626438144","trial_id":16,"param_name":"neural_beta","param_value_internal":7.338567354925254,"distribution":"{\"name\": \"FloatDistribution\", \"attributes\": {\"step\": null, \"low\": 1.0, \"high\": 10.0, \"log\": false}}"}
{"op_code":7,"worker_id":"a85906ef-aa18-44e4-87b8-d40ec9c0f9ca-137634081714176","trial_id":11,"step":13,"intermediate_value":0.02494977694004774}
{"op_code":5,"worker_id":"f2ccc630-9865-4dc4-839b-a37b72bab356-140672626438144","trial_id":16,"param_name":"inner_steps","param_value_internal":2.0,"distribution":"{\"name\": \"IntDistribution\", \"attributes\": {\"log\": false, \"step\": 1, \"low\": 1, \"high\": 2}}"}
{"op_code":5,"worker_id":"f2ccc630-9865-4dc4-839b-a37b72bab356-140672626438144","trial_id":16,"param_name":"neural_grad_clip","param_value_internal":0.8942500250976235,"distribution":"{\"name\": \"FloatDistribution\", \"attributes\": {\"step\": null, \"low\": 0.5, \"high\": 3.0, \"log\": false}}"}
{"op_code":5,"worker_id":"f2ccc630-9865-4dc4-839b-a37b72bab356-140672626438144","trial_id":16,"param_name":"weight_decay","param_value_internal":2.896345754615588,"distribution":"{\"name\": \"FloatDistribution\", \"attributes\": {\"step\": null, \"low\": 0.2, \"high\": 4.0, \"log\": true}}"}
{"op_code":5,"worker_id":"f2ccc630-9865-4dc4-839b-a37b72bab356-140672626438144","trial_id":16,"param_name":"matmul_precision","param_value_internal":1,"distribution":"{\"name\": \"CategoricalDistribution\", \"attributes\": {\"choices\": [\"bf16\", \"tf32\", \"fp32\", \"fp16amp\"]}}"}
{"op_code":7,"worker_id":"104cd63c-6bd2-4254-872d-5070b194bdc7-125144174632960","trial_id":7,"step":4,"intermediate_value":0.019939039833843708}
{"op_code":7,"worker_id":"104cd63c-6bd2-4254-872d-5070b194bdc7-125144174632960","trial_id":7,"step":5,"intermediate_value":0.033796691335737705}
{"op_code":7,"worker_id":"a85906ef-aa18-44e4-87b8-d40ec9c0f9ca-137634081714176","trial_id":11,"step":14,"intermediate_value":0.03187860269099474}
{"op_code":0,"worker_id":"89c62502-6fa9-4db1-9396-6b29d58d22b2-128058476347392","study_name":"prodigy__vit","directions":[1]}
{"op_code":4,"worker_id":"01540cbb-41ba-49ff-bb32-5c8c4f000c68-128058476347392","study_id":11,"datetime_start":"2026-06-09T22:56:47.666679"}
{"op_code":7,"worker_id":"104cd63c-6bd2-4254-872d-5070b194bdc7-125144174632960","trial_id":7,"step":6,"intermediate_value":0.008709138259291649}
{"op_code":7,"worker_id":"f2ccc630-9865-4dc4-839b-a37b72bab356-140672626438144","trial_id":16,"step":1,"intermediate_value":0.008235004032030702}
{"op_code":7,"worker_id":"104cd63c-6bd2-4254-872d-5070b194bdc7-125144174632960","trial_id":7,"step":7,"intermediate_value":0.02220580168068409}
{"op_code":7,"worker_id":"f2ccc630-9865-4dc4-839b-a37b72bab356-140672626438144","trial_id":16,"step":2,"intermediate_value":0.015163830481469631}
{"op_code":7,"worker_id":"104cd63c-6bd2-4254-872d-5070b194bdc7-125144174632960","trial_id":7,"step":8,"intermediate_value":0.02590728271752596}
{"op_code":7,"worker_id":"f2ccc630-9865-4dc4-839b-a37b72bab356-140672626438144","trial_id":16,"step":3,"intermediate_value":0.01420940412208438}
{"op_code":7,"worker_id":"104cd63c-6bd2-4254-872d-5070b194bdc7-125144174632960","trial_id":7,"step":9,"intermediate_value":0.031401390209794044}
{"op_code":7,"worker_id":"f2ccc630-9865-4dc4-839b-a37b72bab356-140672626438144","trial_id":16,"step":4,"intermediate_value":0.01755297416821122}
{"op_code":8,"worker_id":"d0b0d5f9-9f09-4416-8392-ff21d223640d-129194185826304","trial_id":14,"user_attr":{"crash":"TypeError(\"fused_step(): incompatible function arguments. The following argument types are supported:\\n    1. (arg0: str, arg1: str, arg2: torch.Tensor, arg3: torch.Tensor, arg4: torch.Tensor, arg5: torch.Tensor, arg6: float) -> None\\n\\nInvoked with: 'transformer_decoder', 'adamw', tensor([-0.3506, "}}
{"op_code":6,"worker_id":"d0b0d5f9-9f09-4416-8392-ff21d223640d-129194185826304","trial_id":14,"state":1,"values":[10100.0],"datetime_complete":"2026-06-09T22:56:48.002061"}
{"op_code":7,"worker_id":"104cd63c-6bd2-4254-872d-5070b194bdc7-125144174632960","trial_id":7,"step":10,"intermediate_value":0.03343262430280447}
{"op_code":7,"worker_id":"f2ccc630-9865-4dc4-839b-a37b72bab356-140672626438144","trial_id":16,"step":5,"intermediate_value":0.03475111722946167}
{"op_code":7,"worker_id":"a85906ef-aa18-44e4-87b8-d40ec9c0f9ca-137634081714176","trial_id":11,"step":15,"intermediate_value":0.021483824588358402}
{"op_code":7,"worker_id":"104cd63c-6bd2-4254-872d-5070b194bdc7-125144174632960","trial_id":7,"step":11,"intermediate_value":0.029131549410521984}
{"op_code":7,"worker_id":"f2ccc630-9865-4dc4-839b-a37b72bab356-140672626438144","trial_id":16,"step":6,"intermediate_value":0.028896021656692028}
{"op_code":4,"worker_id":"d38fc042-76ff-4f97-86b9-b0d37d6d8cc3-129194185826304","study_id":1,"datetime_start":"2026-06-09T22:56:48.202430"}
{"op_code":7,"worker_id":"f2ccc630-9865-4dc4-839b-a37b72bab356-140672626438144","trial_id":16,"step":7,"intermediate_value":0.02471425011754036}
{"op_code":5,"worker_id":"d38fc042-76ff-4f97-86b9-b0d37d6d8cc3-129194185826304","trial_id":18,"param_name":"lr","param_value_internal":0.003872639391054715,"distribution":"{\"name\": \"FloatDistribution\", \"attributes\": {\"step\": null, \"low\": 0.0002, \"high\": 0.005, \"log\": true}}"}
{"op_code":5,"worker_id":"d38fc042-76ff-4f97-86b9-b0d37d6d8cc3-129194185826304","trial_id":18,"param_name":"neural_alpha","param_value_internal":9.634830773222056,"distribution":"{\"name\": \"FloatDistribution\", \"attributes\": {\"step\": null, \"low\": 2.0, \"high\": 30.0, \"log\": true}}"}
{"op_code":5,"worker_id":"d38fc042-76ff-4f97-86b9-b0d37d6d8cc3-129194185826304","trial_id":18,"param_name":"neural_beta","param_value_internal":9.815425284307974,"distribution":"{\"name\": \"FloatDistribution\", \"attributes\": {\"step\": null, \"low\": 1.0, \"high\": 10.0, \"log\": false}}"}
{"op_code":5,"worker_id":"d38fc042-76ff-4f97-86b9-b0d37d6d8cc3-129194185826304","trial_id":18,"param_name":"inner_steps","param_value_internal":2.0,"distribution":"{\"name\": \"IntDistribution\", \"attributes\": {\"log\": false, \"step\": 1, \"low\": 1, \"high\": 2}}"}
{"op_code":5,"worker_id":"d38fc042-76ff-4f97-86b9-b0d37d6d8cc3-129194185826304","trial_id":18,"param_name":"neural_grad_clip","param_value_internal":2.780819400125756,"distribution":"{\"name\": \"FloatDistribution\", \"attributes\": {\"step\": null, \"low\": 0.5, \"high\": 3.0, \"log\": false}}"}
{"op_code":5,"worker_id":"d38fc042-76ff-4f97-86b9-b0d37d6d8cc3-129194185826304","trial_id":18,"param_name":"weight_decay","param_value_internal":0.9681937347515654,"distribution":"{\"name\": \"FloatDistribution\", \"attributes\": {\"step\": null, \"low\": 0.2, \"high\": 4.0, \"log\": true}}"}
{"op_code":7,"worker_id":"f2ccc630-9865-4dc4-839b-a37b72bab356-140672626438144","trial_id":16,"step":8,"intermediate_value":0.027580606751143932}
{"op_code":5,"worker_id":"d38fc042-76ff-4f97-86b9-b0d37d6d8cc3-129194185826304","trial_id":18,"param_name":"matmul_precision","param_value_internal":0,"distribution":"{\"name\": \"CategoricalDistribution\", \"attributes\": {\"choices\": [\"bf16\", \"tf32\", \"fp32\", \"fp16amp\"]}}"}
{"op_code":7,"worker_id":"d38fc042-76ff-4f97-86b9-b0d37d6d8cc3-129194185826304","trial_id":18,"step":1,"intermediate_value":0.016359941568225622}
{"op_code":7,"worker_id":"d38fc042-76ff-4f97-86b9-b0d37d6d8cc3-129194185826304","trial_id":18,"step":2,"intermediate_value":0.013135674875229597}
{"op_code":7,"worker_id":"d38fc042-76ff-4f97-86b9-b0d37d6d8cc3-129194185826304","trial_id":18,"step":3,"intermediate_value":0.0213768370449543}
{"op_code":7,"worker_id":"a85906ef-aa18-44e4-87b8-d40ec9c0f9ca-137634081714176","trial_id":11,"step":16,"intermediate_value":0.02637833822518587}
{"op_code":7,"worker_id":"104cd63c-6bd2-4254-872d-5070b194bdc7-125144174632960","trial_id":7,"step":12,"intermediate_value":0.02626519277691841}
{"op_code":7,"worker_id":"d38fc042-76ff-4f97-86b9-b0d37d6d8cc3-129194185826304","trial_id":18,"step":4,"intermediate_value":0.02364667784422636}
{"op_code":7,"worker_id":"104cd63c-6bd2-4254-872d-5070b194bdc7-125144174632960","trial_id":7,"step":13,"intermediate_value":0.0263814153149724}
{"op_code":7,"worker_id":"f2ccc630-9865-4dc4-839b-a37b72bab356-140672626438144","trial_id":16,"step":9,"intermediate_value":0.02662310190498829}
{"op_code":7,"worker_id":"f2ccc630-9865-4dc4-839b-a37b72bab356-140672626438144","trial_id":16,"step":10,"intermediate_value":0.027577527798712254}
{"op_code":7,"worker_id":"d38fc042-76ff-4f97-86b9-b0d37d6d8cc3-129194185826304","trial_id":18,"step":5,"intermediate_value":0.01803018758073449}
{"op_code":7,"worker_id":"f2ccc630-9865-4dc4-839b-a37b72bab356-140672626438144","trial_id":16,"step":11,"intermediate_value":0.029963593930006027}
{"op_code":7,"worker_id":"104cd63c-6bd2-4254-872d-5070b194bdc7-125144174632960","trial_id":7,"step":14,"intermediate_value":0.026620022021234035}
{"op_code":7,"worker_id":"d38fc042-76ff-4f97-86b9-b0d37d6d8cc3-129194185826304","trial_id":18,"step":6,"intermediate_value":0.01970351254567504}
{"op_code":7,"worker_id":"f2ccc630-9865-4dc4-839b-a37b72bab356-140672626438144","trial_id":16,"step":12,"intermediate_value":0.029483300633728504}
{"op_code":7,"worker_id":"104cd63c-6bd2-4254-872d-5070b194bdc7-125144174632960","trial_id":7,"step":15,"intermediate_value":0.033429546281695366}
{"op_code":7,"worker_id":"d38fc042-76ff-4f97-86b9-b0d37d6d8cc3-129194185826304","trial_id":18,"step":7,"intermediate_value":0.011578574776649475}
{"op_code":7,"worker_id":"f2ccc630-9865-4dc4-839b-a37b72bab356-140672626438144","trial_id":16,"step":13,"intermediate_value":0.02829026896506548}
{"op_code":7,"worker_id":"104cd63c-6bd2-4254-872d-5070b194bdc7-125144174632960","trial_id":7,"step":16,"intermediate_value":0.03271372616291046}
{"op_code":7,"worker_id":"d38fc042-76ff-4f97-86b9-b0d37d6d8cc3-129194185826304","trial_id":18,"step":8,"intermediate_value":0.007635409012436867}
{"op_code":7,"worker_id":"f2ccc630-9865-4dc4-839b-a37b72bab356-140672626438144","trial_id":16,"step":14,"intermediate_value":0.033307163044810295}
{"op_code":7,"worker_id":"104cd63c-6bd2-4254-872d-5070b194bdc7-125144174632960","trial_id":7,"step":17,"intermediate_value":0.031636917963624}
{"op_code":7,"worker_id":"d38fc042-76ff-4f97-86b9-b0d37d6d8cc3-129194185826304","trial_id":18,"step":9,"intermediate_value":0.02626519277691841}
{"op_code":7,"worker_id":"f2ccc630-9865-4dc4-839b-a37b72bab356-140672626438144","trial_id":16,"step":15,"intermediate_value":0.03031842317432165}
{"op_code":7,"worker_id":"104cd63c-6bd2-4254-872d-5070b194bdc7-125144174632960","trial_id":7,"step":18,"intermediate_value":0.036773115396499634}
{"op_code":7,"worker_id":"f2ccc630-9865-4dc4-839b-a37b72bab356-140672626438144","trial_id":16,"step":16,"intermediate_value":0.03353961277753115}
{"op_code":7,"worker_id":"104cd63c-6bd2-4254-872d-5070b194bdc7-125144174632960","trial_id":7,"step":19,"intermediate_value":0.03772754222154617}
{"op_code":7,"worker_id":"f2ccc630-9865-4dc4-839b-a37b72bab356-140672626438144","trial_id":16,"step":17,"intermediate_value":0.03234657924622297}
{"op_code":7,"worker_id":"104cd63c-6bd2-4254-872d-5070b194bdc7-125144174632960","trial_id":7,"step":20,"intermediate_value":0.034261589869856834}
{"op_code":7,"worker_id":"104cd63c-6bd2-4254-872d-5070b194bdc7-125144174632960","trial_id":7,"step":21,"intermediate_value":0.035216016694903374}
{"op_code":7,"worker_id":"104cd63c-6bd2-4254-872d-5070b194bdc7-125144174632960","trial_id":7,"step":22,"intermediate_value":0.03748277761042118}
{"op_code":7,"worker_id":"104cd63c-6bd2-4254-872d-5070b194bdc7-125144174632960","trial_id":7,"step":23,"intermediate_value":0.0374796986579895}
{"op_code":7,"worker_id":"104cd63c-6bd2-4254-872d-5070b194bdc7-125144174632960","trial_id":7,"step":24,"intermediate_value":0.038553427904844284}
{"op_code":7,"worker_id":"d38fc042-76ff-4f97-86b9-b0d37d6d8cc3-129194185826304","trial_id":18,"step":10,"intermediate_value":0.026384495198726654}
{"op_code":7,"worker_id":"104cd63c-6bd2-4254-872d-5070b194bdc7-125144174632960","trial_id":7,"step":25,"intermediate_value":0.03711870964616537}
{"op_code":7,"worker_id":"d38fc042-76ff-4f97-86b9-b0d37d6d8cc3-129194185826304","trial_id":18,"step":11,"intermediate_value":0.02626519277691841}
{"op_code":7,"worker_id":"f2ccc630-9865-4dc4-839b-a37b72bab356-140672626438144","trial_id":16,"step":18,"intermediate_value":0.03449403773993254}
{"op_code":7,"worker_id":"104cd63c-6bd2-4254-872d-5070b194bdc7-125144174632960","trial_id":7,"step":26,"intermediate_value":0.03855034988373518}
{"op_code":7,"worker_id":"d38fc042-76ff-4f97-86b9-b0d37d6d8cc3-129194185826304","trial_id":18,"step":12,"intermediate_value":0.03486734256148338}
{"op_code":7,"worker_id":"d8458d5c-a194-4293-9dde-4e0c68539599-130879678427136","trial_id":12,"step":14,"intermediate_value":0.024233956821262836}
{"op_code":7,"worker_id":"d8458d5c-a194-4293-9dde-4e0c68539599-130879678427136","trial_id":12,"step":15,"intermediate_value":0.02459186688065529}
{"op_code":5,"worker_id":"01540cbb-41ba-49ff-bb32-5c8c4f000c68-128058476347392","trial_id":17,"param_name":"lr","param_value_internal":0.0011576160601673156,"distribution":"{\"name\": \"FloatDistribution\", \"attributes\": {\"step\": null, \"low\": 0.0002, \"high\": 0.005, \"log\": true}}"}
{"op_code":5,"worker_id":"01540cbb-41ba-49ff-bb32-5c8c4f000c68-128058476347392","trial_id":17,"param_name":"beta1","param_value_internal":0.8671865315032211,"distribution":"{\"name\": \"FloatDistribution\", \"attributes\": {\"step\": null, \"low\": 0.85, \"high\": 0.95, \"log\": false}}"}
{"op_code":5,"worker_id":"01540cbb-41ba-49ff-bb32-5c8c4f000c68-128058476347392","trial_id":17,"param_name":"beta2","param_value_internal":0.9922201245695225,"distribution":"{\"name\": \"FloatDistribution\", \"attributes\": {\"step\": null, \"low\": 0.95, \"high\": 0.9995, \"log\": false}}"}
{"op_code":5,"worker_id":"01540cbb-41ba-49ff-bb32-5c8c4f000c68-128058476347392","trial_id":17,"param_name":"weight_decay","param_value_internal":0.34316742743792855,"distribution":"{\"name\": \"FloatDistribution\", \"attributes\": {\"step\": null, \"low\": 0.2, \"high\": 4.0, \"log\": true}}"}
{"op_code":7,"worker_id":"d8458d5c-a194-4293-9dde-4e0c68539599-130879678427136","trial_id":12,"step":16,"intermediate_value":0.02447256352752447}
{"op_code":5,"worker_id":"01540cbb-41ba-49ff-bb32-5c8c4f000c68-128058476347392","trial_id":17,"param_name":"matmul_precision","param_value_internal":0,"distribution":"{\"name\": \"CategoricalDistribution\", \"attributes\": {\"choices\": [\"bf16\", \"tf32\", \"fp32\", \"fp16amp\"]}}"}
{"op_code":7,"worker_id":"d8458d5c-a194-4293-9dde-4e0c68539599-130879678427136","trial_id":12,"step":17,"intermediate_value":0.025188383646309376}
{"op_code":7,"worker_id":"d8458d5c-a194-4293-9dde-4e0c68539599-130879678427136","trial_id":12,"step":18,"intermediate_value":0.026262112893164158}
{"op_code":7,"worker_id":"d8458d5c-a194-4293-9dde-4e0c68539599-130879678427136","trial_id":12,"step":19,"intermediate_value":0.027932357974350452}
{"op_code":7,"worker_id":"d8458d5c-a194-4293-9dde-4e0c68539599-130879678427136","trial_id":12,"step":20,"intermediate_value":0.02936399821192026}
{"op_code":7,"worker_id":"d8458d5c-a194-4293-9dde-4e0c68539599-130879678427136","trial_id":12,"step":21,"intermediate_value":0.032230354845523834}
{"op_code":7,"worker_id":"d8458d5c-a194-4293-9dde-4e0c68539599-130879678427136","trial_id":12,"step":22,"intermediate_value":0.03605113923549652}
{"op_code":7,"worker_id":"d8458d5c-a194-4293-9dde-4e0c68539599-130879678427136","trial_id":12,"step":23,"intermediate_value":0.03175006341189146}
{"op_code":7,"worker_id":"d8458d5c-a194-4293-9dde-4e0c68539599-130879678427136","trial_id":12,"step":24,"intermediate_value":0.03210797253996134}
{"op_code":7,"worker_id":"d38fc042-76ff-4f97-86b9-b0d37d6d8cc3-129194185826304","trial_id":18,"step":13,"intermediate_value":0.02614280954003334}
{"op_code":7,"worker_id":"d8458d5c-a194-4293-9dde-4e0c68539599-130879678427136","trial_id":12,"step":25,"intermediate_value":0.0318693658336997}
{"op_code":7,"worker_id":"d38fc042-76ff-4f97-86b9-b0d37d6d8cc3-129194185826304","trial_id":18,"step":14,"intermediate_value":0.029608762823045254}
{"op_code":7,"worker_id":"d8458d5c-a194-4293-9dde-4e0c68539599-130879678427136","trial_id":12,"step":26,"intermediate_value":0.03210797253996134}
{"op_code":7,"worker_id":"d38fc042-76ff-4f97-86b9-b0d37d6d8cc3-129194185826304","trial_id":18,"step":15,"intermediate_value":0.028770560398697853}
{"op_code":7,"worker_id":"d8458d5c-a194-4293-9dde-4e0c68539599-130879678427136","trial_id":12,"step":27,"intermediate_value":0.03485502675175667}
{"op_code":7,"worker_id":"d38fc042-76ff-4f97-86b9-b0d37d6d8cc3-129194185826304","trial_id":18,"step":16,"intermediate_value":0.030804873444139957}
{"op_code":7,"worker_id":"d8458d5c-a194-4293-9dde-4e0c68539599-130879678427136","trial_id":12,"step":28,"intermediate_value":0.03592875599861145}
{"op_code":7,"worker_id":"d38fc042-76ff-4f97-86b9-b0d37d6d8cc3-129194185826304","trial_id":18,"step":17,"intermediate_value":0.03306547924876213}
{"op_code":7,"worker_id":"d8458d5c-a194-4293-9dde-4e0c68539599-130879678427136","trial_id":12,"step":29,"intermediate_value":0.03736039623618126}
{"op_code":7,"worker_id":"d38fc042-76ff-4f97-86b9-b0d37d6d8cc3-129194185826304","trial_id":18,"step":18,"intermediate_value":0.035216016694903374}
{"op_code":7,"worker_id":"d8458d5c-a194-4293-9dde-4e0c68539599-130879678427136","trial_id":12,"step":30,"intermediate_value":0.038672732189297676}
{"op_code":7,"worker_id":"d38fc042-76ff-4f97-86b9-b0d37d6d8cc3-129194185826304","trial_id":18,"step":19,"intermediate_value":0.0318693658336997}
{"op_code":7,"worker_id":"d8458d5c-a194-4293-9dde-4e0c68539599-130879678427136","trial_id":12,"step":31,"intermediate_value":0.03950785472989082}
{"op_code":7,"worker_id":"d38fc042-76ff-4f97-86b9-b0d37d6d8cc3-129194185826304","trial_id":18,"step":20,"intermediate_value":0.03234657924622297}
{"op_code":7,"worker_id":"d8458d5c-a194-4293-9dde-4e0c68539599-130879678427136","trial_id":12,"step":32,"intermediate_value":0.04093949310481548}
{"op_code":7,"worker_id":"d38fc042-76ff-4f97-86b9-b0d37d6d8cc3-129194185826304","trial_id":18,"step":21,"intermediate_value":0.03843412548303604}
{"op_code":7,"worker_id":"d8458d5c-a194-4293-9dde-4e0c68539599-130879678427136","trial_id":12,"step":33,"intermediate_value":0.04320625588297844}
{"op_code":7,"worker_id":"d38fc042-76ff-4f97-86b9-b0d37d6d8cc3-129194185826304","trial_id":18,"step":22,"intermediate_value":0.0411811787635088}
{"op_code":7,"worker_id":"d8458d5c-a194-4293-9dde-4e0c68539599-130879678427136","trial_id":12,"step":34,"intermediate_value":0.04404137842357159}
{"op_code":7,"worker_id":"d38fc042-76ff-4f97-86b9-b0d37d6d8cc3-129194185826304","trial_id":18,"step":23,"intermediate_value":0.04082326963543892}
{"op_code":7,"worker_id":"d8458d5c-a194-4293-9dde-4e0c68539599-130879678427136","trial_id":12,"step":35,"intermediate_value":0.04666605032980442}
{"op_code":7,"worker_id":"d8458d5c-a194-4293-9dde-4e0c68539599-130879678427136","trial_id":12,"step":36,"intermediate_value":0.04905211739242077}
{"op_code":7,"worker_id":"d8458d5c-a194-4293-9dde-4e0c68539599-130879678427136","trial_id":12,"step":37,"intermediate_value":0.05072236247360706}
{"op_code":7,"worker_id":"d8458d5c-a194-4293-9dde-4e0c68539599-130879678427136","trial_id":12,"step":38,"intermediate_value":0.05442076362669468}
{"op_code":7,"worker_id":"d38fc042-76ff-4f97-86b9-b0d37d6d8cc3-129194185826304","trial_id":18,"step":24,"intermediate_value":0.03938855230808258}
{"op_code":7,"worker_id":"d8458d5c-a194-4293-9dde-4e0c68539599-130879678427136","trial_id":12,"step":39,"intermediate_value":0.05537519045174122}
{"op_code":7,"worker_id":"d8458d5c-a194-4293-9dde-4e0c68539599-130879678427136","trial_id":12,"step":40,"intermediate_value":0.05835776962339878}
{"op_code":7,"worker_id":"d38fc042-76ff-4f97-86b9-b0d37d6d8cc3-129194185826304","trial_id":18,"step":25,"intermediate_value":0.03962407913058996}
{"op_code":7,"worker_id":"d8458d5c-a194-4293-9dde-4e0c68539599-130879678427136","trial_id":12,"step":41,"intermediate_value":0.0612210500985384}
{"op_code":7,"worker_id":"d38fc042-76ff-4f97-86b9-b0d37d6d8cc3-129194185826304","trial_id":18,"step":26,"intermediate_value":0.04559540003538132}
{"op_code":7,"worker_id":"d8458d5c-a194-4293-9dde-4e0c68539599-130879678427136","trial_id":12,"step":42,"intermediate_value":0.06253338418900967}
{"op_code":7,"worker_id":"d38fc042-76ff-4f97-86b9-b0d37d6d8cc3-129194185826304","trial_id":18,"step":27,"intermediate_value":0.04439928941428661}
{"op_code":7,"worker_id":"d8458d5c-a194-4293-9dde-4e0c68539599-130879678427136","trial_id":12,"step":43,"intermediate_value":0.06658969633281231}
{"op_code":7,"worker_id":"d38fc042-76ff-4f97-86b9-b0d37d6d8cc3-129194185826304","trial_id":18,"step":28,"intermediate_value":0.04642436560243368}
{"op_code":7,"worker_id":"d8458d5c-a194-4293-9dde-4e0c68539599-130879678427136","trial_id":12,"step":44,"intermediate_value":0.06766342557966709}
{"op_code":7,"worker_id":"d38fc042-76ff-4f97-86b9-b0d37d6d8cc3-129194185826304","trial_id":18,"step":29,"intermediate_value":0.04797530826181173}
{"op_code":7,"worker_id":"d8458d5c-a194-4293-9dde-4e0c68539599-130879678427136","trial_id":12,"step":45,"intermediate_value":0.07231625355780125}
{"op_code":7,"worker_id":"d38fc042-76ff-4f97-86b9-b0d37d6d8cc3-129194185826304","trial_id":18,"step":30,"intermediate_value":0.05394355021417141}
{"op_code":8,"worker_id":"01540cbb-41ba-49ff-bb32-5c8c4f000c68-128058476347392","trial_id":17,"user_attr":{"crash":"TypeError(\"fused_step(): incompatible function arguments. The following argument types are supported:\\n    1. (arg0: str, arg1: str, arg2: torch.Tensor, arg3: torch.Tensor, arg4: torch.Tensor, arg5: torch.Tensor, arg6: float) -> None\\n\\nInvoked with: 'vit', 'adamw', tensor([-0.0051,  0.0210, -0.0327"}}
{"op_code":7,"worker_id":"a85906ef-aa18-44e4-87b8-d40ec9c0f9ca-137634081714176","trial_id":11,"step":17,"intermediate_value":0.034383971244096756}
{"op_code":7,"worker_id":"104cd63c-6bd2-4254-872d-5070b194bdc7-125144174632960","trial_id":7,"step":27,"intermediate_value":0.042248751036822796}
{"op_code":7,"worker_id":"104cd63c-6bd2-4254-872d-5070b194bdc7-125144174632960","trial_id":7,"step":28,"intermediate_value":0.04702396132051945}
{"op_code":7,"worker_id":"104cd63c-6bd2-4254-872d-5070b194bdc7-125144174632960","trial_id":7,"step":29,"intermediate_value":0.05120265483856201}
{"op_code":7,"worker_id":"104cd63c-6bd2-4254-872d-5070b194bdc7-125144174632960","trial_id":7,"step":30,"intermediate_value":0.05143818072974682}
{"op_code":7,"worker_id":"104cd63c-6bd2-4254-872d-5070b194bdc7-125144174632960","trial_id":7,"step":31,"intermediate_value":0.05502035841345787}
{"op_code":7,"worker_id":"104cd63c-6bd2-4254-872d-5070b194bdc7-125144174632960","trial_id":7,"step":32,"intermediate_value":0.059195972979068756}
{"op_code":7,"worker_id":"104cd63c-6bd2-4254-872d-5070b194bdc7-125144174632960","trial_id":7,"step":33,"intermediate_value":0.05943149887025356}
{"op_code":7,"worker_id":"104cd63c-6bd2-4254-872d-5070b194bdc7-125144174632960","trial_id":7,"step":34,"intermediate_value":0.06372641958296299}
{"op_code":7,"worker_id":"a85906ef-aa18-44e4-87b8-d40ec9c0f9ca-137634081714176","trial_id":11,"step":18,"intermediate_value":0.025298450607806444}
{"op_code":7,"worker_id":"104cd63c-6bd2-4254-872d-5070b194bdc7-125144174632960","trial_id":7,"step":35,"intermediate_value":0.06551596708595753}
{"op_code":7,"worker_id":"104cd63c-6bd2-4254-872d-5070b194bdc7-125144174632960","trial_id":7,"step":36,"intermediate_value":0.07040739990770817}
{"op_code":7,"worker_id":"a85906ef-aa18-44e4-87b8-d40ec9c0f9ca-137634081714176","trial_id":11,"step":19,"intermediate_value":0.0311535457149148}
{"op_code":7,"worker_id":"104cd63c-6bd2-4254-872d-5070b194bdc7-125144174632960","trial_id":7,"step":37,"intermediate_value":0.07028809748589993}
{"op_code":7,"worker_id":"104cd63c-6bd2-4254-872d-5070b194bdc7-125144174632960","trial_id":7,"step":38,"intermediate_value":0.07315137423574924}
{"op_code":7,"worker_id":"6e59d068-24f1-4c0f-abc5-e10a2d5763f2-125476466937856","trial_id":15,"step":2,"intermediate_value":0.010514175985008478}
{"op_code":7,"worker_id":"a85906ef-aa18-44e4-87b8-d40ec9c0f9ca-137634081714176","trial_id":11,"step":20,"intermediate_value":0.03604806028306484}
{"op_code":7,"worker_id":"6e59d068-24f1-4c0f-abc5-e10a2d5763f2-125476466937856","trial_id":15,"step":3,"intermediate_value":0.011579010635614395}
{"op_code":7,"worker_id":"a85906ef-aa18-44e4-87b8-d40ec9c0f9ca-137634081714176","trial_id":11,"step":21,"intermediate_value":0.038195518776774406}
{"op_code":7,"worker_id":"6e59d068-24f1-4c0f-abc5-e10a2d5763f2-125476466937856","trial_id":15,"step":4,"intermediate_value":0.013942853547632694}
{"op_code":7,"worker_id":"a85906ef-aa18-44e4-87b8-d40ec9c0f9ca-137634081714176","trial_id":11,"step":22,"intermediate_value":0.034252352081239223}
{"op_code":7,"worker_id":"6e59d068-24f1-4c0f-abc5-e10a2d5763f2-125476466937856","trial_id":15,"step":5,"intermediate_value":0.012051376979798079}
{"op_code":7,"worker_id":"6e59d068-24f1-4c0f-abc5-e10a2d5763f2-125476466937856","trial_id":15,"step":6,"intermediate_value":0.011579010635614395}
{"op_code":7,"worker_id":"a85906ef-aa18-44e4-87b8-d40ec9c0f9ca-137634081714176","trial_id":11,"step":23,"intermediate_value":0.0334141505882144}
{"op_code":7,"worker_id":"6e59d068-24f1-4c0f-abc5-e10a2d5763f2-125476466937856","trial_id":15,"step":7,"intermediate_value":0.014769494999200106}
{"op_code":7,"worker_id":"a85906ef-aa18-44e4-87b8-d40ec9c0f9ca-137634081714176","trial_id":11,"step":24,"intermediate_value":0.03389136400073767}
{"op_code":7,"worker_id":"6e59d068-24f1-4c0f-abc5-e10a2d5763f2-125476466937856","trial_id":15,"step":8,"intermediate_value":0.015005677938461304}
{"op_code":7,"worker_id":"f2ccc630-9865-4dc4-839b-a37b72bab356-140672626438144","trial_id":16,"step":19,"intermediate_value":0.037599002942442894}
{"op_code":6,"worker_id":"01540cbb-41ba-49ff-bb32-5c8c4f000c68-128058476347392","trial_id":17,"state":1,"values":[12100.0],"datetime_complete":"2026-06-09T22:57:23.517353"}
{"op_code":7,"worker_id":"d38fc042-76ff-4f97-86b9-b0d37d6d8cc3-129194185826304","trial_id":18,"step":31,"intermediate_value":0.05442076362669468}
{"op_code":7,"worker_id":"6e59d068-24f1-4c0f-abc5-e10a2d5763f2-125476466937856","trial_id":15,"step":9,"intermediate_value":0.014179036486893892}
{"op_code":7,"worker_id":"104cd63c-6bd2-4254-872d-5070b194bdc7-125144174632960","trial_id":7,"step":39,"intermediate_value":0.07446371205151081}
{"op_code":7,"worker_id":"f2ccc630-9865-4dc4-839b-a37b72bab356-140672626438144","trial_id":16,"step":20,"intermediate_value":0.04141670651733875}
{"op_code":7,"worker_id":"a85906ef-aa18-44e4-87b8-d40ec9c0f9ca-137634081714176","trial_id":11,"step":25,"intermediate_value":0.03866965230554342}
{"op_code":4,"worker_id":"0e5fb592-80f5-411e-8d98-67a518a25af3-128058476347392","study_id":13,"datetime_start":"2026-06-09T22:57:36.759505"}
{"op_code":5,"worker_id":"0e5fb592-80f5-411e-8d98-67a518a25af3-128058476347392","trial_id":19,"param_name":"lr","param_value_internal":0.0011576160601673156,"distribution":"{\"name\": \"FloatDistribution\", \"attributes\": {\"step\": null, \"low\": 0.0002, \"high\": 0.005, \"log\": true}}"}
{"op_code":5,"worker_id":"0e5fb592-80f5-411e-8d98-67a518a25af3-128058476347392","trial_id":19,"param_name":"neural_alpha","param_value_internal":3.185365635006737,"distribution":"{\"name\": \"FloatDistribution\", \"attributes\": {\"step\": null, \"low\": 2.0, \"high\": 30.0, \"log\": true}}"}
{"op_code":7,"worker_id":"d38fc042-76ff-4f97-86b9-b0d37d6d8cc3-129194185826304","trial_id":18,"step":32,"intermediate_value":0.05763887148350477}
{"op_code":5,"worker_id":"0e5fb592-80f5-411e-8d98-67a518a25af3-128058476347392","trial_id":19,"param_name":"neural_beta","param_value_internal":8.676386285367716,"distribution":"{\"name\": \"FloatDistribution\", \"attributes\": {\"step\": null, \"low\": 1.0, \"high\": 10.0, \"log\": false}}"}
{"op_code":7,"worker_id":"6e59d068-24f1-4c0f-abc5-e10a2d5763f2-125476466937856","trial_id":15,"step":10,"intermediate_value":0.014769494999200106}
{"op_code":5,"worker_id":"0e5fb592-80f5-411e-8d98-67a518a25af3-128058476347392","trial_id":19,"param_name":"inner_steps","param_value_internal":1.0,"distribution":"{\"name\": \"IntDistribution\", \"attributes\": {\"log\": false, \"step\": 1, \"low\": 1, \"high\": 2}}"}
{"op_code":5,"worker_id":"0e5fb592-80f5-411e-8d98-67a518a25af3-128058476347392","trial_id":19,"param_name":"neural_grad_clip","param_value_internal":1.9717501253092347,"distribution":"{\"name\": \"FloatDistribution\", \"attributes\": {\"step\": null, \"low\": 0.5, \"high\": 3.0, \"log\": false}}"}
{"op_code":7,"worker_id":"104cd63c-6bd2-4254-872d-5070b194bdc7-125144174632960","trial_id":7,"step":40,"intermediate_value":0.0761339571326971}
{"op_code":7,"worker_id":"d38fc042-76ff-4f97-86b9-b0d37d6d8cc3-129194185826304","trial_id":18,"step":33,"intermediate_value":0.06062145438045263}
{"op_code":7,"worker_id":"a85906ef-aa18-44e4-87b8-d40ec9c0f9ca-137634081714176","trial_id":11,"step":26,"intermediate_value":0.03663841728121042}
{"op_code":5,"worker_id":"0e5fb592-80f5-411e-8d98-67a518a25af3-128058476347392","trial_id":19,"param_name":"weight_decay","param_value_internal":0.28718500775937805,"distribution":"{\"name\": \"FloatDistribution\", \"attributes\": {\"step\": null, \"low\": 0.2, \"high\": 4.0, \"log\": true}}"}
{"op_code":5,"worker_id":"0e5fb592-80f5-411e-8d98-67a518a25af3-128058476347392","trial_id":19,"param_name":"matmul_precision","param_value_internal":2,"distribution":"{\"name\": \"CategoricalDistribution\", \"attributes\": {\"choices\": [\"bf16\", \"tf32\", \"fp32\", \"fp16amp\"]}}"}
{"op_code":7,"worker_id":"f2ccc630-9865-4dc4-839b-a37b72bab356-140672626438144","trial_id":16,"step":21,"intermediate_value":0.04320625588297844}
{"op_code":7,"worker_id":"6e59d068-24f1-4c0f-abc5-e10a2d5763f2-125476466937856","trial_id":15,"step":11,"intermediate_value":0.014769494999200106}
{"op_code":7,"worker_id":"104cd63c-6bd2-4254-872d-5070b194bdc7-125144174632960","trial_id":7,"step":41,"intermediate_value":0.08317284844815731}
{"op_code":7,"worker_id":"d38fc042-76ff-4f97-86b9-b0d37d6d8cc3-129194185826304","trial_id":18,"step":34,"intermediate_value":0.0588319031521678}
{"op_code":7,"worker_id":"f2ccc630-9865-4dc4-839b-a37b72bab356-140672626438144","trial_id":16,"step":22,"intermediate_value":0.04606953449547291}
{"op_code":7,"worker_id":"b657790f-f5a9-4008-8255-de123fb3f300-139479738331136","trial_id":8,"step":14,"intermediate_value":0.01456423569470644}
{"op_code":7,"worker_id":"a85906ef-aa18-44e4-87b8-d40ec9c0f9ca-137634081714176","trial_id":11,"step":27,"intermediate_value":0.03855034988373518}
{"op_code":7,"worker_id":"6e59d068-24f1-4c0f-abc5-e10a2d5763f2-125476466937856","trial_id":15,"step":12,"intermediate_value":0.014769494999200106}
{"op_code":7,"worker_id":"104cd63c-6bd2-4254-872d-5070b194bdc7-125144174632960","trial_id":7,"step":42,"intermediate_value":0.08388867042958736}
{"op_code":7,"worker_id":"d38fc042-76ff-4f97-86b9-b0d37d6d8cc3-129194185826304","trial_id":18,"step":35,"intermediate_value":0.05859329830855131}
{"op_code":7,"worker_id":"f2ccc630-9865-4dc4-839b-a37b72bab356-140672626438144","trial_id":16,"step":23,"intermediate_value":0.05060306005179882}
{"op_code":7,"worker_id":"0e5fb592-80f5-411e-8d98-67a518a25af3-128058476347392","trial_id":19,"step":1,"intermediate_value":0.01843435550108552}
{"op_code":7,"worker_id":"6e59d068-24f1-4c0f-abc5-e10a2d5763f2-125476466937856","trial_id":15,"step":13,"intermediate_value":0.014769494999200106}
{"op_code":7,"worker_id":"104cd63c-6bd2-4254-872d-5070b194bdc7-125144174632960","trial_id":7,"step":43,"intermediate_value":0.0848430972546339}
{"op_code":7,"worker_id":"b657790f-f5a9-4008-8255-de123fb3f300-139479738331136","trial_id":8,"step":15,"intermediate_value":0.0168340764939785}
{"op_code":7,"worker_id":"d38fc042-76ff-4f97-86b9-b0d37d6d8cc3-129194185826304","trial_id":18,"step":36,"intermediate_value":0.06789895426481962}
{"op_code":7,"worker_id":"a85906ef-aa18-44e4-87b8-d40ec9c0f9ca-137634081714176","trial_id":11,"step":28,"intermediate_value":0.03699632827192545}
{"op_code":7,"worker_id":"f2ccc630-9865-4dc4-839b-a37b72bab356-140672626438144","trial_id":16,"step":24,"intermediate_value":0.05394662916660309}
{"op_code":7,"worker_id":"0e5fb592-80f5-411e-8d98-67a518a25af3-128058476347392","trial_id":19,"step":2,"intermediate_value":0.01843435550108552}
{"op_code":7,"worker_id":"6e59d068-24f1-4c0f-abc5-e10a2d5763f2-125476466937856","trial_id":15,"step":14,"intermediate_value":0.014769494999200106}
{"op_code":7,"worker_id":"b657790f-f5a9-4008-8255-de123fb3f300-139479738331136","trial_id":8,"step":16,"intermediate_value":0.02232818491756916}
{"op_code":7,"worker_id":"d38fc042-76ff-4f97-86b9-b0d37d6d8cc3-129194185826304","trial_id":18,"step":37,"intermediate_value":0.06789895426481962}
{"op_code":7,"worker_id":"0e5fb592-80f5-411e-8d98-67a518a25af3-128058476347392","trial_id":19,"step":3,"intermediate_value":0.010514175985008478}
{"op_code":7,"worker_id":"d38fc042-76ff-4f97-86b9-b0d37d6d8cc3-129194185826304","trial_id":18,"step":38,"intermediate_value":0.07613087724894285}
{"op_code":7,"worker_id":"b657790f-f5a9-4008-8255-de123fb3f300-139479738331136","trial_id":8,"step":17,"intermediate_value":0.028415730223059654}
{"op_code":7,"worker_id":"d38fc042-76ff-4f97-86b9-b0d37d6d8cc3-129194185826304","trial_id":18,"step":39,"intermediate_value":0.0754150552675128}
{"op_code":7,"worker_id":"0e5fb592-80f5-411e-8d98-67a518a25af3-128058476347392","trial_id":19,"step":4,"intermediate_value":0.010514175985008478}
{"op_code":7,"worker_id":"0e5fb592-80f5-411e-8d98-67a518a25af3-128058476347392","trial_id":19,"step":5,"intermediate_value":0.017133337445557117}
{"op_code":7,"worker_id":"b657790f-f5a9-4008-8255-de123fb3f300-139479738331136","trial_id":8,"step":18,"intermediate_value":0.029608762823045254}
{"op_code":7,"worker_id":"0e5fb592-80f5-411e-8d98-67a518a25af3-128058476347392","trial_id":19,"step":6,"intermediate_value":0.017133337445557117}
{"op_code":7,"worker_id":"d38fc042-76ff-4f97-86b9-b0d37d6d8cc3-129194185826304","trial_id":18,"step":40,"intermediate_value":0.08185743819922209}
{"op_code":7,"worker_id":"b657790f-f5a9-4008-8255-de123fb3f300-139479738331136","trial_id":8,"step":19,"intermediate_value":0.0317593002691865}
{"op_code":7,"worker_id":"d8458d5c-a194-4293-9dde-4e0c68539599-130879678427136","trial_id":12,"step":46,"intermediate_value":0.07482162304222584}
{"op_code":7,"worker_id":"d38fc042-76ff-4f97-86b9-b0d37d6d8cc3-129194185826304","trial_id":18,"step":41,"intermediate_value":0.08782259654253721}
{"op_code":7,"worker_id":"a85906ef-aa18-44e4-87b8-d40ec9c0f9ca-137634081714176","trial_id":11,"step":29,"intermediate_value":0.03914686571806669}
{"op_code":7,"worker_id":"6e59d068-24f1-4c0f-abc5-e10a2d5763f2-125476466937856","trial_id":15,"step":15,"intermediate_value":0.010514175985008478}
{"op_code":7,"worker_id":"d38fc042-76ff-4f97-86b9-b0d37d6d8cc3-129194185826304","trial_id":18,"step":42,"intermediate_value":0.08567513804882765}
{"op_code":7,"worker_id":"b657790f-f5a9-4008-8255-de123fb3f300-139479738331136","trial_id":8,"step":20,"intermediate_value":0.02937015611678362}
{"op_code":7,"worker_id":"a85906ef-aa18-44e4-87b8-d40ec9c0f9ca-137634081714176","trial_id":11,"step":30,"intermediate_value":0.0390275614336133}
{"op_code":7,"worker_id":"6e59d068-24f1-4c0f-abc5-e10a2d5763f2-125476466937856","trial_id":15,"step":16,"intermediate_value":0.017133337445557117}
{"op_code":7,"worker_id":"d38fc042-76ff-4f97-86b9-b0d37d6d8cc3-129194185826304","trial_id":18,"step":43,"intermediate_value":0.07517645042389631}
{"op_code":7,"worker_id":"b657790f-f5a9-4008-8255-de123fb3f300-139479738331136","trial_id":8,"step":21,"intermediate_value":0.0263814153149724}
{"op_code":7,"worker_id":"d38fc042-76ff-4f97-86b9-b0d37d6d8cc3-129194185826304","trial_id":18,"step":44,"intermediate_value":0.09653173666447401}
{"op_code":7,"worker_id":"6e59d068-24f1-4c0f-abc5-e10a2d5763f2-125476466937856","trial_id":15,"step":17,"intermediate_value":0.017133337445557117}
{"op_code":7,"worker_id":"d38fc042-76ff-4f97-86b9-b0d37d6d8cc3-129194185826304","trial_id":18,"step":45,"intermediate_value":0.10261620115488768}
{"op_code":7,"worker_id":"0e5fb592-80f5-411e-8d98-67a518a25af3-128058476347392","trial_id":19,"step":7,"intermediate_value":0.01725142914801836}
{"op_code":7,"worker_id":"b657790f-f5a9-4008-8255-de123fb3f300-139479738331136","trial_id":8,"step":22,"intermediate_value":0.029247773811221123}
{"op_code":7,"worker_id":"6e59d068-24f1-4c0f-abc5-e10a2d5763f2-125476466937856","trial_id":15,"step":18,"intermediate_value":0.017133337445557117}
{"op_code":7,"worker_id":"d38fc042-76ff-4f97-86b9-b0d37d6d8cc3-129194185826304","trial_id":18,"step":46,"intermediate_value":0.10368993412703276}
{"op_code":7,"worker_id":"0e5fb592-80f5-411e-8d98-67a518a25af3-128058476347392","trial_id":19,"step":8,"intermediate_value":0.01287801843136549}
{"op_code":7,"worker_id":"6e59d068-24f1-4c0f-abc5-e10a2d5763f2-125476466937856","trial_id":15,"step":19,"intermediate_value":0.017133337445557117}
{"op_code":7,"worker_id":"d8458d5c-a194-4293-9dde-4e0c68539599-130879678427136","trial_id":12,"step":47,"intermediate_value":0.07756559364497662}
{"op_code":7,"worker_id":"b657790f-f5a9-4008-8255-de123fb3f300-139479738331136","trial_id":8,"step":23,"intermediate_value":0.026497640646994114}
{"op_code":7,"worker_id":"104cd63c-6bd2-4254-872d-5070b194bdc7-125144174632960","trial_id":7,"step":44,"intermediate_value":0.09116616658866405}
{"op_code":7,"worker_id":"a85906ef-aa18-44e4-87b8-d40ec9c0f9ca-137634081714176","trial_id":11,"step":31,"intermediate_value":0.04273212142288685}
{"op_code":7,"worker_id":"d38fc042-76ff-4f97-86b9-b0d37d6d8cc3-129194185826304","trial_id":18,"step":47,"intermediate_value":0.11359210591763258}
{"op_code":7,"worker_id":"d8458d5c-a194-4293-9dde-4e0c68539599-130879678427136","trial_id":12,"step":48,"intermediate_value":0.07875863276422024}
{"op_code":7,"worker_id":"6e59d068-24f1-4c0f-abc5-e10a2d5763f2-125476466937856","trial_id":15,"step":20,"intermediate_value":0.014769494999200106}
{"op_code":7,"worker_id":"104cd63c-6bd2-4254-872d-5070b194bdc7-125144174632960","trial_id":7,"step":45,"intermediate_value":0.09259781055152416}
{"op_code":7,"worker_id":"b657790f-f5a9-4008-8255-de123fb3f300-139479738331136","trial_id":8,"step":24,"intermediate_value":0.03211105242371559}
{"op_code":7,"worker_id":"a85906ef-aa18-44e4-87b8-d40ec9c0f9ca-137634081714176","trial_id":11,"step":32,"intermediate_value":0.04535987228155136}
{"op_code":7,"worker_id":"d8458d5c-a194-4293-9dde-4e0c68539599-130879678427136","trial_id":12,"step":49,"intermediate_value":0.08376936428248882}
{"op_code":7,"worker_id":"0e5fb592-80f5-411e-8d98-67a518a25af3-128058476347392","trial_id":19,"step":9,"intermediate_value":0.01914290525019169}
{"op_code":7,"worker_id":"0e5fb592-80f5-411e-8d98-67a518a25af3-128058476347392","trial_id":19,"step":10,"intermediate_value":0.010041809175163507}
{"op_code":7,"worker_id":"b657790f-f5a9-4008-8255-de123fb3f300-139479738331136","trial_id":8,"step":25,"intermediate_value":0.03557392582297325}
{"op_code":7,"worker_id":"0e5fb592-80f5-411e-8d98-67a518a25af3-128058476347392","trial_id":19,"step":11,"intermediate_value":0.010396084282547235}
{"op_code":7,"worker_id":"0e5fb592-80f5-411e-8d98-67a518a25af3-128058476347392","trial_id":19,"step":12,"intermediate_value":0.007677966263145208}
{"op_code":7,"worker_id":"b657790f-f5a9-4008-8255-de123fb3f300-139479738331136","trial_id":8,"step":26,"intermediate_value":0.036170441657304764}
{"op_code":7,"worker_id":"0e5fb592-80f5-411e-8d98-67a518a25af3-128058476347392","trial_id":19,"step":13,"intermediate_value":0.007677966263145208}
{"op_code":7,"worker_id":"0e5fb592-80f5-411e-8d98-67a518a25af3-128058476347392","trial_id":19,"step":14,"intermediate_value":0.007677966263145208}
{"op_code":7,"worker_id":"b657790f-f5a9-4008-8255-de123fb3f300-139479738331136","trial_id":8,"step":27,"intermediate_value":0.03676388040184975}
{"op_code":7,"worker_id":"0e5fb592-80f5-411e-8d98-67a518a25af3-128058476347392","trial_id":19,"step":15,"intermediate_value":0.007677966263145208}
{"op_code":7,"worker_id":"b657790f-f5a9-4008-8255-de123fb3f300-139479738331136","trial_id":8,"step":28,"intermediate_value":0.046678366139531136}
{"op_code":7,"worker_id":"0e5fb592-80f5-411e-8d98-67a518a25af3-128058476347392","trial_id":19,"step":16,"intermediate_value":0.017133337445557117}
{"op_code":7,"worker_id":"0e5fb592-80f5-411e-8d98-67a518a25af3-128058476347392","trial_id":19,"step":17,"intermediate_value":0.023043949622660875}
{"op_code":7,"worker_id":"b657790f-f5a9-4008-8255-de123fb3f300-139479738331136","trial_id":8,"step":29,"intermediate_value":0.035326083190739155}
{"op_code":7,"worker_id":"0e5fb592-80f5-411e-8d98-67a518a25af3-128058476347392","trial_id":19,"step":18,"intermediate_value":0.02197911497205496}
{"op_code":7,"worker_id":"b657790f-f5a9-4008-8255-de123fb3f300-139479738331136","trial_id":8,"step":30,"intermediate_value":0.03604190144687891}
{"op_code":7,"worker_id":"d8458d5c-a194-4293-9dde-4e0c68539599-130879678427136","trial_id":12,"step":50,"intermediate_value":0.08543961308896542}
{"op_code":7,"worker_id":"0e5fb592-80f5-411e-8d98-67a518a25af3-128058476347392","trial_id":19,"step":19,"intermediate_value":0.017133337445557117}
{"op_code":7,"worker_id":"d8458d5c-a194-4293-9dde-4e0c68539599-130879678427136","trial_id":12,"step":51,"intermediate_value":0.08722916059195995}
{"op_code":7,"worker_id":"0e5fb592-80f5-411e-8d98-67a518a25af3-128058476347392","trial_id":19,"step":20,"intermediate_value":0.014415219891816378}
{"op_code":7,"worker_id":"b657790f-f5a9-4008-8255-de123fb3f300-139479738331136","trial_id":8,"step":31,"intermediate_value":0.0361612057313323}
{"op_code":7,"worker_id":"d8458d5c-a194-4293-9dde-4e0c68539599-130879678427136","trial_id":12,"step":52,"intermediate_value":0.09307502023875713}
{"op_code":7,"worker_id":"0e5fb592-80f5-411e-8d98-67a518a25af3-128058476347392","trial_id":19,"step":21,"intermediate_value":0.014179036486893892}
{"op_code":7,"worker_id":"b657790f-f5a9-4008-8255-de123fb3f300-139479738331136","trial_id":8,"step":32,"intermediate_value":0.038788954727351665}
{"op_code":7,"worker_id":"0e5fb592-80f5-411e-8d98-67a518a25af3-128058476347392","trial_id":19,"step":22,"intermediate_value":0.014179036486893892}
{"op_code":7,"worker_id":"d8458d5c-a194-4293-9dde-4e0c68539599-130879678427136","trial_id":12,"step":53,"intermediate_value":0.09510318003594875}
{"op_code":7,"worker_id":"0e5fb592-80f5-411e-8d98-67a518a25af3-128058476347392","trial_id":19,"step":23,"intermediate_value":0.017133337445557117}
{"op_code":7,"worker_id":"b657790f-f5a9-4008-8255-de123fb3f300-139479738331136","trial_id":8,"step":33,"intermediate_value":0.04272904247045517}
{"op_code":7,"worker_id":"d8458d5c-a194-4293-9dde-4e0c68539599-130879678427136","trial_id":12,"step":54,"intermediate_value":0.09486456774175167}
{"op_code":7,"worker_id":"0e5fb592-80f5-411e-8d98-67a518a25af3-128058476347392","trial_id":19,"step":24,"intermediate_value":0.015596136450767517}
{"op_code":7,"worker_id":"b657790f-f5a9-4008-8255-de123fb3f300-139479738331136","trial_id":8,"step":34,"intermediate_value":0.04033989738672972}
{"op_code":7,"worker_id":"0e5fb592-80f5-411e-8d98-67a518a25af3-128058476347392","trial_id":19,"step":25,"intermediate_value":0.01961527206003666}
{"op_code":7,"worker_id":"f2ccc630-9865-4dc4-839b-a37b72bab356-140672626438144","trial_id":16,"step":25,"intermediate_value":0.05597478523850441}
{"op_code":7,"worker_id":"0e5fb592-80f5-411e-8d98-67a518a25af3-128058476347392","trial_id":19,"step":26,"intermediate_value":0.020323821809142828}
{"op_code":7,"worker_id":"b657790f-f5a9-4008-8255-de123fb3f300-139479738331136","trial_id":8,"step":35,"intermediate_value":0.03998198825865984}
{"op_code":7,"worker_id":"f2ccc630-9865-4dc4-839b-a37b72bab356-140672626438144","trial_id":16,"step":26,"intermediate_value":0.05907667055726051}
{"op_code":7,"worker_id":"0e5fb592-80f5-411e-8d98-67a518a25af3-128058476347392","trial_id":19,"step":27,"intermediate_value":0.011104634031653404}
{"op_code":7,"worker_id":"b657790f-f5a9-4008-8255-de123fb3f300-139479738331136","trial_id":8,"step":36,"intermediate_value":0.040220594964921474}
{"op_code":7,"worker_id":"f2ccc630-9865-4dc4-839b-a37b72bab356-140672626438144","trial_id":16,"step":27,"intermediate_value":0.058119164779782295}
{"op_code":7,"worker_id":"0e5fb592-80f5-411e-8d98-67a518a25af3-128058476347392","trial_id":19,"step":28,"intermediate_value":0.012759926728904247}
{"op_code":7,"worker_id":"f2ccc630-9865-4dc4-839b-a37b72bab356-140672626438144","trial_id":16,"step":28,"intermediate_value":0.06039208360016346}
{"op_code":7,"worker_id":"0e5fb592-80f5-411e-8d98-67a518a25af3-128058476347392","trial_id":19,"step":29,"intermediate_value":0.01642277743667364}
{"op_code":7,"worker_id":"b657790f-f5a9-4008-8255-de123fb3f300-139479738331136","trial_id":8,"step":37,"intermediate_value":0.03950477484613657}
{"op_code":7,"worker_id":"f2ccc630-9865-4dc4-839b-a37b72bab356-140672626438144","trial_id":16,"step":29,"intermediate_value":0.06301059760153294}
{"op_code":7,"worker_id":"0e5fb592-80f5-411e-8d98-67a518a25af3-128058476347392","trial_id":19,"step":30,"intermediate_value":0.01795997889712453}
{"op_code":7,"worker_id":"b657790f-f5a9-4008-8255-de123fb3f300-139479738331136","trial_id":8,"step":38,"intermediate_value":0.0385472709313035}
{"op_code":7,"worker_id":"f2ccc630-9865-4dc4-839b-a37b72bab356-140672626438144","trial_id":16,"step":30,"intermediate_value":0.06384572200477123}
{"op_code":7,"worker_id":"0e5fb592-80f5-411e-8d98-67a518a25af3-128058476347392","trial_id":19,"step":31,"intermediate_value":0.017841887194663286}
{"op_code":7,"worker_id":"d8458d5c-a194-4293-9dde-4e0c68539599-130879678427136","trial_id":12,"step":55,"intermediate_value":0.0998722268268466}
{"op_code":7,"worker_id":"f2ccc630-9865-4dc4-839b-a37b72bab356-140672626438144","trial_id":16,"step":31,"intermediate_value":0.06933674961328506}
{"op_code":7,"worker_id":"d8458d5c-a194-4293-9dde-4e0c68539599-130879678427136","trial_id":12,"step":56,"intermediate_value":0.10118456464260817}
{"op_code":7,"worker_id":"f2ccc630-9865-4dc4-839b-a37b72bab356-140672626438144","trial_id":16,"step":32,"intermediate_value":0.07040739990770817}
{"op_code":7,"worker_id":"d8458d5c-a194-4293-9dde-4e0c68539599-130879678427136","trial_id":12,"step":57,"intermediate_value":0.10679489932954311}
{"op_code":7,"worker_id":"f2ccc630-9865-4dc4-839b-a37b72bab356-140672626438144","trial_id":16,"step":33,"intermediate_value":0.07410580106079578}
{"op_code":7,"worker_id":"f2ccc630-9865-4dc4-839b-a37b72bab356-140672626438144","trial_id":16,"step":34,"intermediate_value":0.08090917021036148}
{"op_code":7,"worker_id":"f2ccc630-9865-4dc4-839b-a37b72bab356-140672626438144","trial_id":16,"step":35,"intermediate_value":0.08269563876092434}
{"op_code":7,"worker_id":"b657790f-f5a9-4008-8255-de123fb3f300-139479738331136","trial_id":8,"step":39,"intermediate_value":0.039263089187443256}
{"op_code":7,"worker_id":"f2ccc630-9865-4dc4-839b-a37b72bab356-140672626438144","trial_id":16,"step":36,"intermediate_value":0.08221842162311077}
{"op_code":7,"worker_id":"f2ccc630-9865-4dc4-839b-a37b72bab356-140672626438144","trial_id":16,"step":37,"intermediate_value":0.09486764669418335}
{"op_code":7,"worker_id":"b657790f-f5a9-4008-8255-de123fb3f300-139479738331136","trial_id":8,"step":40,"intermediate_value":0.03962100017815828}
{"op_code":7,"worker_id":"f2ccc630-9865-4dc4-839b-a37b72bab356-140672626438144","trial_id":16,"step":38,"intermediate_value":0.09367461502552032}
{"op_code":7,"worker_id":"f2ccc630-9865-4dc4-839b-a37b72bab356-140672626438144","trial_id":16,"step":39,"intermediate_value":0.09390706103295088}
{"op_code":7,"worker_id":"b657790f-f5a9-4008-8255-de123fb3f300-139479738331136","trial_id":8,"step":41,"intermediate_value":0.03699324931949377}
{"op_code":7,"worker_id":"f2ccc630-9865-4dc4-839b-a37b72bab356-140672626438144","trial_id":16,"step":40,"intermediate_value":0.09927879087626934}
{"op_code":7,"worker_id":"b657790f-f5a9-4008-8255-de123fb3f300-139479738331136","trial_id":8,"step":42,"intermediate_value":0.039740302599966526}
{"op_code":7,"worker_id":"f2ccc630-9865-4dc4-839b-a37b72bab356-140672626438144","trial_id":16,"step":41,"intermediate_value":0.1020258441567421}
{"op_code":7,"worker_id":"f2ccc630-9865-4dc4-839b-a37b72bab356-140672626438144","trial_id":16,"step":42,"intermediate_value":0.11157318390905857}
{"op_code":7,"worker_id":"b657790f-f5a9-4008-8255-de123fb3f300-139479738331136","trial_id":8,"step":43,"intermediate_value":0.04057542700320482}
{"op_code":7,"worker_id":"b657790f-f5a9-4008-8255-de123fb3f300-139479738331136","trial_id":8,"step":44,"intermediate_value":0.042606658302247524}
{"op_code":7,"worker_id":"f2ccc630-9865-4dc4-839b-a37b72bab356-140672626438144","trial_id":16,"step":43,"intermediate_value":0.10297719202935696}
{"op_code":7,"worker_id":"b657790f-f5a9-4008-8255-de123fb3f300-139479738331136","trial_id":8,"step":45,"intermediate_value":0.04248735588043928}
{"op_code":7,"worker_id":"f2ccc630-9865-4dc4-839b-a37b72bab356-140672626438144","trial_id":16,"step":44,"intermediate_value":0.12111744470894337}
{"op_code":7,"worker_id":"f2ccc630-9865-4dc4-839b-a37b72bab356-140672626438144","trial_id":16,"step":45,"intermediate_value":0.11801555939018726}
{"op_code":7,"worker_id":"b657790f-f5a9-4008-8255-de123fb3f300-139479738331136","trial_id":8,"step":46,"intermediate_value":0.03842488955706358}
{"op_code":7,"worker_id":"f2ccc630-9865-4dc4-839b-a37b72bab356-140672626438144","trial_id":16,"step":46,"intermediate_value":0.12554090470075607}
{"op_code":7,"worker_id":"f2ccc630-9865-4dc4-839b-a37b72bab356-140672626438144","trial_id":16,"step":47,"intermediate_value":0.12660539336502552}
{"op_code":7,"worker_id":"b657790f-f5a9-4008-8255-de123fb3f300-139479738331136","trial_id":8,"step":47,"intermediate_value":0.042725964449346066}
{"op_code":7,"worker_id":"0e5fb592-80f5-411e-8d98-67a518a25af3-128058476347392","trial_id":19,"step":32,"intermediate_value":0.01772379595786333}
{"op_code":7,"worker_id":"a85906ef-aa18-44e4-87b8-d40ec9c0f9ca-137634081714176","trial_id":11,"step":33,"intermediate_value":0.04177461750805378}
{"op_code":7,"worker_id":"0e5fb592-80f5-411e-8d98-67a518a25af3-128058476347392","trial_id":19,"step":33,"intermediate_value":0.02481532422825694}
{"op_code":7,"worker_id":"a85906ef-aa18-44e4-87b8-d40ec9c0f9ca-137634081714176","trial_id":11,"step":34,"intermediate_value":0.04260974004864693}
{"op_code":7,"worker_id":"0e5fb592-80f5-411e-8d98-67a518a25af3-128058476347392","trial_id":19,"step":34,"intermediate_value":0.022805755957961082}
{"op_code":7,"worker_id":"a85906ef-aa18-44e4-87b8-d40ec9c0f9ca-137634081714176","trial_id":11,"step":35,"intermediate_value":0.04440236650407314}
{"op_code":7,"worker_id":"0e5fb592-80f5-411e-8d98-67a518a25af3-128058476347392","trial_id":19,"step":35,"intermediate_value":0.021504738368093967}
{"op_code":7,"worker_id":"d8458d5c-a194-4293-9dde-4e0c68539599-130879678427136","trial_id":12,"step":58,"intermediate_value":0.1118056308478117}
{"op_code":7,"worker_id":"b657790f-f5a9-4008-8255-de123fb3f300-139479738331136","trial_id":8,"step":48,"intermediate_value":0.040217516012489796}
{"op_code":7,"worker_id":"d8458d5c-a194-4293-9dde-4e0c68539599-130879678427136","trial_id":12,"step":59,"intermediate_value":0.11240214668214321}
{"op_code":7,"worker_id":"0e5fb592-80f5-411e-8d98-67a518a25af3-128058476347392","trial_id":19,"step":36,"intermediate_value":0.024579140823334455}
{"op_code":7,"worker_id":"0e5fb592-80f5-411e-8d98-67a518a25af3-128058476347392","trial_id":19,"step":37,"intermediate_value":0.017841887194663286}
{"op_code":7,"worker_id":"0e5fb592-80f5-411e-8d98-67a518a25af3-128058476347392","trial_id":19,"step":38,"intermediate_value":0.019851455464959145}
{"op_code":7,"worker_id":"d8458d5c-a194-4293-9dde-4e0c68539599-130879678427136","trial_id":12,"step":60,"intermediate_value":0.11335657350718975}
{"op_code":7,"worker_id":"0e5fb592-80f5-411e-8d98-67a518a25af3-128058476347392","trial_id":19,"step":39,"intermediate_value":0.015832319390028715}
{"op_code":7,"worker_id":"d8458d5c-a194-4293-9dde-4e0c68539599-130879678427136","trial_id":12,"step":61,"intermediate_value":0.11646461673080921}
{"op_code":7,"worker_id":"6e59d068-24f1-4c0f-abc5-e10a2d5763f2-125476466937856","trial_id":15,"step":21,"intermediate_value":0.014769494999200106}
{"op_code":7,"worker_id":"d8458d5c-a194-4293-9dde-4e0c68539599-130879678427136","trial_id":12,"step":62,"intermediate_value":0.12015378009527922}
{"op_code":7,"worker_id":"b657790f-f5a9-4008-8255-de123fb3f300-139479738331136","trial_id":8,"step":49,"intermediate_value":0.040694729425013065}
{"op_code":7,"worker_id":"6e59d068-24f1-4c0f-abc5-e10a2d5763f2-125476466937856","trial_id":15,"step":22,"intermediate_value":0.014769494999200106}
{"op_code":7,"worker_id":"d8458d5c-a194-4293-9dde-4e0c68539599-130879678427136","trial_id":12,"step":63,"intermediate_value":0.1234942777082324}
{"op_code":7,"worker_id":"6e59d068-24f1-4c0f-abc5-e10a2d5763f2-125476466937856","trial_id":15,"step":23,"intermediate_value":0.014769494999200106}
{"op_code":7,"worker_id":"d8458d5c-a194-4293-9dde-4e0c68539599-130879678427136","trial_id":12,"step":64,"intermediate_value":0.12851116806268692}
{"op_code":7,"worker_id":"b657790f-f5a9-4008-8255-de123fb3f300-139479738331136","trial_id":8,"step":50,"intermediate_value":0.040694729425013065}
{"op_code":7,"worker_id":"d8458d5c-a194-4293-9dde-4e0c68539599-130879678427136","trial_id":12,"step":65,"intermediate_value":0.13244817405939102}
{"op_code":7,"worker_id":"6e59d068-24f1-4c0f-abc5-e10a2d5763f2-125476466937856","trial_id":15,"step":24,"intermediate_value":0.014769494999200106}
{"op_code":7,"worker_id":"b657790f-f5a9-4008-8255-de123fb3f300-139479738331136","trial_id":8,"step":51,"intermediate_value":0.04105264041572809}
{"op_code":7,"worker_id":"d8458d5c-a194-4293-9dde-4e0c68539599-130879678427136","trial_id":12,"step":66,"intermediate_value":0.13351882807910442}
{"op_code":7,"worker_id":"6e59d068-24f1-4c0f-abc5-e10a2d5763f2-125476466937856","trial_id":15,"step":25,"intermediate_value":0.017133337445557117}
{"op_code":7,"worker_id":"d8458d5c-a194-4293-9dde-4e0c68539599-130879678427136","trial_id":12,"step":67,"intermediate_value":0.1363790286704898}
{"op_code":7,"worker_id":"6e59d068-24f1-4c0f-abc5-e10a2d5763f2-125476466937856","trial_id":15,"step":26,"intermediate_value":0.017133337445557117}
{"op_code":7,"worker_id":"104cd63c-6bd2-4254-872d-5070b194bdc7-125144174632960","trial_id":7,"step":46,"intermediate_value":0.09844367019832134}
{"op_code":7,"worker_id":"d8458d5c-a194-4293-9dde-4e0c68539599-130879678427136","trial_id":12,"step":68,"intermediate_value":0.14008358120918274}
{"op_code":7,"worker_id":"d8458d5c-a194-4293-9dde-4e0c68539599-130879678427136","trial_id":12,"step":69,"intermediate_value":0.148673415184021}
{"op_code":7,"worker_id":"d8458d5c-a194-4293-9dde-4e0c68539599-130879678427136","trial_id":12,"step":70,"intermediate_value":0.14342099241912365}
{"op_code":7,"worker_id":"d8458d5c-a194-4293-9dde-4e0c68539599-130879678427136","trial_id":12,"step":71,"intermediate_value":0.15285211987793446}
{"op_code":7,"worker_id":"d8458d5c-a194-4293-9dde-4e0c68539599-130879678427136","trial_id":12,"step":72,"intermediate_value":0.15439997613430023}
{"op_code":7,"worker_id":"d8458d5c-a194-4293-9dde-4e0c68539599-130879678427136","trial_id":12,"step":73,"intermediate_value":0.16012960858643055}
{"op_code":7,"worker_id":"d8458d5c-a194-4293-9dde-4e0c68539599-130879678427136","trial_id":12,"step":74,"intermediate_value":0.1627512127161026}
{"op_code":7,"worker_id":"d38fc042-76ff-4f97-86b9-b0d37d6d8cc3-129194185826304","trial_id":18,"step":48,"intermediate_value":0.1258834209293127}
{"op_code":7,"worker_id":"f2ccc630-9865-4dc4-839b-a37b72bab356-140672626438144","trial_id":16,"step":48,"intermediate_value":0.13448557071387768}
{"op_code":7,"worker_id":"d8458d5c-a194-4293-9dde-4e0c68539599-130879678427136","trial_id":12,"step":75,"intermediate_value":0.16143886744976044}
{"op_code":7,"worker_id":"6e59d068-24f1-4c0f-abc5-e10a2d5763f2-125476466937856","trial_id":15,"step":27,"intermediate_value":0.017133337445557117}
{"op_code":7,"worker_id":"d38fc042-76ff-4f97-86b9-b0d37d6d8cc3-129194185826304","trial_id":18,"step":49,"intermediate_value":0.12206571362912655}
{"op_code":7,"worker_id":"f2ccc630-9865-4dc4-839b-a37b72bab356-140672626438144","trial_id":16,"step":49,"intermediate_value":0.12815017811954021}
{"op_code":7,"worker_id":"104cd63c-6bd2-4254-872d-5070b194bdc7-125144174632960","trial_id":7,"step":47,"intermediate_value":0.10417022369801998}
{"op_code":7,"worker_id":"6e59d068-24f1-4c0f-abc5-e10a2d5763f2-125476466937856","trial_id":15,"step":28,"intermediate_value":0.017133337445557117}
{"op_code":7,"worker_id":"d38fc042-76ff-4f97-86b9-b0d37d6d8cc3-129194185826304","trial_id":18,"step":50,"intermediate_value":0.1094164876267314}
{"op_code":7,"worker_id":"f2ccc630-9865-4dc4-839b-a37b72bab356-140672626438144","trial_id":16,"step":50,"intermediate_value":0.14116347208619118}
{"op_code":7,"worker_id":"104cd63c-6bd2-4254-872d-5070b194bdc7-125144174632960","trial_id":7,"step":48,"intermediate_value":0.1061983834952116}
{"op_code":7,"worker_id":"6e59d068-24f1-4c0f-abc5-e10a2d5763f2-125476466937856","trial_id":15,"step":29,"intermediate_value":0.017133337445557117}
{"op_code":7,"worker_id":"d38fc042-76ff-4f97-86b9-b0d37d6d8cc3-129194185826304","trial_id":18,"step":51,"intermediate_value":0.13458948116749525}
{"op_code":7,"worker_id":"104cd63c-6bd2-4254-872d-5070b194bdc7-125144174632960","trial_id":7,"step":49,"intermediate_value":0.1101353894919157}
{"op_code":7,"worker_id":"f2ccc630-9865-4dc4-839b-a37b72bab356-140672626438144","trial_id":16,"step":51,"intermediate_value":0.14116962999105453}
{"op_code":7,"worker_id":"d8458d5c-a194-4293-9dde-4e0c68539599-130879678427136","trial_id":12,"step":76,"intermediate_value":0.16716542840003967}
{"op_code":7,"worker_id":"6e59d068-24f1-4c0f-abc5-e10a2d5763f2-125476466937856","trial_id":15,"step":30,"intermediate_value":0.017133337445557117}
{"op_code":7,"worker_id":"104cd63c-6bd2-4254-872d-5070b194bdc7-125144174632960","trial_id":7,"step":50,"intermediate_value":0.11502682231366634}
{"op_code":7,"worker_id":"d38fc042-76ff-4f97-86b9-b0d37d6d8cc3-129194185826304","trial_id":18,"step":52,"intermediate_value":0.13482808601111174}
{"op_code":7,"worker_id":"d8458d5c-a194-4293-9dde-4e0c68539599-130879678427136","trial_id":12,"step":77,"intermediate_value":0.1722954660654068}
{"op_code":7,"worker_id":"f2ccc630-9865-4dc4-839b-a37b72bab356-140672626438144","trial_id":16,"step":52,"intermediate_value":0.14939848147332668}
{"op_code":7,"worker_id":"f2ccc630-9865-4dc4-839b-a37b72bab356-140672626438144","trial_id":16,"step":53,"intermediate_value":0.14497809298336506}
{"op_code":7,"worker_id":"d8458d5c-a194-4293-9dde-4e0c68539599-130879678427136","trial_id":12,"step":78,"intermediate_value":0.17718690633773804}
{"op_code":7,"worker_id":"f2ccc630-9865-4dc4-839b-a37b72bab356-140672626438144","trial_id":16,"step":54,"intermediate_value":0.15165908820927143}
{"op_code":7,"worker_id":"d8458d5c-a194-4293-9dde-4e0c68539599-130879678427136","trial_id":12,"step":79,"intermediate_value":0.17635178565979004}
{"op_code":7,"worker_id":"f2ccc630-9865-4dc4-839b-a37b72bab356-140672626438144","trial_id":16,"step":55,"intermediate_value":0.159539258107543}
{"op_code":7,"worker_id":"d8458d5c-a194-4293-9dde-4e0c68539599-130879678427136","trial_id":12,"step":80,"intermediate_value":0.18172350712120533}
{"op_code":7,"worker_id":"d8458d5c-a194-4293-9dde-4e0c68539599-130879678427136","trial_id":12,"step":81,"intermediate_value":0.18840141594409943}
{"op_code":7,"worker_id":"d8458d5c-a194-4293-9dde-4e0c68539599-130879678427136","trial_id":12,"step":82,"intermediate_value":0.18875931203365326}
{"op_code":7,"worker_id":"d8458d5c-a194-4293-9dde-4e0c68539599-130879678427136","trial_id":12,"step":83,"intermediate_value":0.19186119735240936}
{"op_code":7,"worker_id":"d8458d5c-a194-4293-9dde-4e0c68539599-130879678427136","trial_id":12,"step":84,"intermediate_value":0.1953209936618805}
{"op_code":7,"worker_id":"d8458d5c-a194-4293-9dde-4e0c68539599-130879678427136","trial_id":12,"step":85,"intermediate_value":0.1987838763743639}
{"op_code":7,"worker_id":"d8458d5c-a194-4293-9dde-4e0c68539599-130879678427136","trial_id":12,"step":86,"intermediate_value":0.20450735092163086}
{"op_code":7,"worker_id":"a85906ef-aa18-44e4-87b8-d40ec9c0f9ca-137634081714176","trial_id":11,"step":36,"intermediate_value":0.04571470245718956}
{"op_code":7,"worker_id":"d8458d5c-a194-4293-9dde-4e0c68539599-130879678427136","trial_id":12,"step":87,"intermediate_value":0.20581968128681183}
{"op_code":7,"worker_id":"f2ccc630-9865-4dc4-839b-a37b72bab356-140672626438144","trial_id":16,"step":56,"intermediate_value":0.15439997613430023}
{"op_code":7,"worker_id":"d8458d5c-a194-4293-9dde-4e0c68539599-130879678427136","trial_id":12,"step":88,"intermediate_value":0.20987600088119507}
{"op_code":7,"worker_id":"f2ccc630-9865-4dc4-839b-a37b72bab356-140672626438144","trial_id":16,"step":57,"intermediate_value":0.16288282722234726}
{"op_code":7,"worker_id":"f2ccc630-9865-4dc4-839b-a37b72bab356-140672626438144","trial_id":16,"step":58,"intermediate_value":0.16729397140443325}
{"op_code":7,"worker_id":"d8458d5c-a194-4293-9dde-4e0c68539599-130879678427136","trial_id":12,"step":89,"intermediate_value":0.21130762994289398}
{"op_code":7,"worker_id":"f2ccc630-9865-4dc4-839b-a37b72bab356-140672626438144","trial_id":16,"step":59,"intermediate_value":0.1614450253546238}
{"op_code":7,"worker_id":"0e5fb592-80f5-411e-8d98-67a518a25af3-128058476347392","trial_id":19,"step":40,"intermediate_value":0.0184323457069695}
{"op_code":7,"worker_id":"f2ccc630-9865-4dc4-839b-a37b72bab356-140672626438144","trial_id":16,"step":60,"intermediate_value":0.17432977631688118}
{"op_code":7,"worker_id":"0e5fb592-80f5-411e-8d98-67a518a25af3-128058476347392","trial_id":19,"step":41,"intermediate_value":0.013940843287855387}
{"op_code":7,"worker_id":"f2ccc630-9865-4dc4-839b-a37b72bab356-140672626438144","trial_id":16,"step":61,"intermediate_value":0.17099236510694027}
{"op_code":7,"worker_id":"0e5fb592-80f5-411e-8d98-67a518a25af3-128058476347392","trial_id":19,"step":42,"intermediate_value":0.0160685027949512}
{"op_code":7,"worker_id":"f2ccc630-9865-4dc4-839b-a37b72bab356-140672626438144","trial_id":16,"step":62,"intermediate_value":0.18113314174115658}
{"op_code":7,"worker_id":"0e5fb592-80f5-411e-8d98-67a518a25af3-128058476347392","trial_id":19,"step":43,"intermediate_value":0.015359953045845032}
{"op_code":7,"worker_id":"d8458d5c-a194-4293-9dde-4e0c68539599-130879678427136","trial_id":12,"step":90,"intermediate_value":0.2135743945837021}
{"op_code":7,"worker_id":"0e5fb592-80f5-411e-8d98-67a518a25af3-128058476347392","trial_id":19,"step":44,"intermediate_value":0.014295117929577827}
{"op_code":7,"worker_id":"0e5fb592-80f5-411e-8d98-67a518a25af3-128058476347392","trial_id":19,"step":45,"intermediate_value":0.017131327651441097}
{"op_code":7,"worker_id":"0e5fb592-80f5-411e-8d98-67a518a25af3-128058476347392","trial_id":19,"step":46,"intermediate_value":0.012521733529865742}
{"op_code":7,"worker_id":"b657790f-f5a9-4008-8255-de123fb3f300-139479738331136","trial_id":8,"step":52,"intermediate_value":0.04296456929296255}
{"op_code":7,"worker_id":"d8458d5c-a194-4293-9dde-4e0c68539599-130879678427136","trial_id":12,"step":91,"intermediate_value":0.21775001287460327}
{"op_code":7,"worker_id":"0e5fb592-80f5-411e-8d98-67a518a25af3-128058476347392","trial_id":19,"step":47,"intermediate_value":0.017367511056363583}
{"op_code":7,"worker_id":"b657790f-f5a9-4008-8255-de123fb3f300-139479738331136","trial_id":8,"step":53,"intermediate_value":0.038663494400680065}
{"op_code":7,"worker_id":"0e5fb592-80f5-411e-8d98-67a518a25af3-128058476347392","trial_id":19,"step":48,"intermediate_value":0.010630257427692413}
{"op_code":7,"worker_id":"0e5fb592-80f5-411e-8d98-67a518a25af3-128058476347392","trial_id":19,"step":49,"intermediate_value":0.015712217427790165}
{"op_code":7,"worker_id":"b657790f-f5a9-4008-8255-de123fb3f300-139479738331136","trial_id":8,"step":54,"intermediate_value":0.03878279682248831}
{"op_code":7,"worker_id":"0e5fb592-80f5-411e-8d98-67a518a25af3-128058476347392","trial_id":19,"step":50,"intermediate_value":0.012401632033288479}
{"op_code":7,"worker_id":"b657790f-f5a9-4008-8255-de123fb3f300-139479738331136","trial_id":8,"step":55,"intermediate_value":0.03902140539139509}
{"op_code":7,"worker_id":"0e5fb592-80f5-411e-8d98-67a518a25af3-128058476347392","trial_id":19,"step":51,"intermediate_value":0.012755907140672207}
{"op_code":7,"worker_id":"a85906ef-aa18-44e4-87b8-d40ec9c0f9ca-137634081714176","trial_id":11,"step":37,"intermediate_value":0.043922076001763344}
{"op_code":7,"worker_id":"0e5fb592-80f5-411e-8d98-67a518a25af3-128058476347392","trial_id":19,"step":52,"intermediate_value":0.01488356664776802}
{"op_code":7,"worker_id":"f2ccc630-9865-4dc4-839b-a37b72bab356-140672626438144","trial_id":16,"step":63,"intermediate_value":0.18209373578429222}
{"op_code":7,"worker_id":"b657790f-f5a9-4008-8255-de123fb3f300-139479738331136","trial_id":8,"step":56,"intermediate_value":0.04152985382825136}
{"op_code":7,"worker_id":"b657790f-f5a9-4008-8255-de123fb3f300-139479738331136","trial_id":8,"step":57,"intermediate_value":0.03949861880391836}
{"op_code":7,"worker_id":"b657790f-f5a9-4008-8255-de123fb3f300-139479738331136","trial_id":8,"step":58,"intermediate_value":0.040095134638249874}
{"op_code":7,"worker_id":"b657790f-f5a9-4008-8255-de123fb3f300-139479738331136","trial_id":8,"step":59,"intermediate_value":0.04141054768115282}
{"op_code":7,"worker_id":"b657790f-f5a9-4008-8255-de123fb3f300-139479738331136","trial_id":8,"step":60,"intermediate_value":0.03937931638211012}
{"op_code":7,"worker_id":"6e59d068-24f1-4c0f-abc5-e10a2d5763f2-125476466937856","trial_id":15,"step":31,"intermediate_value":0.017133337445557117}
{"op_code":7,"worker_id":"0e5fb592-80f5-411e-8d98-67a518a25af3-128058476347392","trial_id":19,"step":53,"intermediate_value":0.019020793959498405}
{"op_code":7,"worker_id":"d8458d5c-a194-4293-9dde-4e0c68539599-130879678427136","trial_id":12,"step":92,"intermediate_value":0.2203746885061264}
{"op_code":7,"worker_id":"6e59d068-24f1-4c0f-abc5-e10a2d5763f2-125476466937856","trial_id":15,"step":32,"intermediate_value":0.017133337445557117}
{"op_code":7,"worker_id":"d8458d5c-a194-4293-9dde-4e0c68539599-130879678427136","trial_id":12,"step":93,"intermediate_value":0.2276521772146225}
{"op_code":7,"worker_id":"f2ccc630-9865-4dc4-839b-a37b72bab356-140672626438144","trial_id":16,"step":64,"intermediate_value":0.18924576602876186}
{"op_code":7,"worker_id":"d8458d5c-a194-4293-9dde-4e0c68539599-130879678427136","trial_id":12,"step":94,"intermediate_value":0.21989747881889343}
{"op_code":7,"worker_id":"f2ccc630-9865-4dc4-839b-a37b72bab356-140672626438144","trial_id":16,"step":65,"intermediate_value":0.18220380321145058}
{"op_code":7,"worker_id":"d8458d5c-a194-4293-9dde-4e0c68539599-130879678427136","trial_id":12,"step":95,"intermediate_value":0.22669775784015656}
{"op_code":7,"worker_id":"d8458d5c-a194-4293-9dde-4e0c68539599-130879678427136","trial_id":12,"step":96,"intermediate_value":0.2311150599271059}
{"op_code":7,"worker_id":"d8458d5c-a194-4293-9dde-4e0c68539599-130879678427136","trial_id":12,"step":97,"intermediate_value":0.23934698291122913}
{"op_code":7,"worker_id":"d8458d5c-a194-4293-9dde-4e0c68539599-130879678427136","trial_id":12,"step":98,"intermediate_value":0.23684162087738514}
{"op_code":7,"worker_id":"d8458d5c-a194-4293-9dde-4e0c68539599-130879678427136","trial_id":12,"step":99,"intermediate_value":0.24554766714572906}
{"op_code":7,"worker_id":"d8458d5c-a194-4293-9dde-4e0c68539599-130879678427136","trial_id":12,"step":100,"intermediate_value":0.2400628048926592}
{"op_code":7,"worker_id":"d8458d5c-a194-4293-9dde-4e0c68539599-130879678427136","trial_id":12,"step":101,"intermediate_value":0.2420909572392702}
{"op_code":7,"worker_id":"d8458d5c-a194-4293-9dde-4e0c68539599-130879678427136","trial_id":12,"step":102,"intermediate_value":0.25282825715839863}
{"op_code":7,"worker_id":"104cd63c-6bd2-4254-872d-5070b194bdc7-125144174632960","trial_id":7,"step":51,"intermediate_value":0.11454961262643337}
{"op_code":7,"worker_id":"d8458d5c-a194-4293-9dde-4e0c68539599-130879678427136","trial_id":12,"step":103,"intermediate_value":0.24459324777126312}
{"op_code":7,"worker_id":"d8458d5c-a194-4293-9dde-4e0c68539599-130879678427136","trial_id":12,"step":104,"intermediate_value":0.2586741168051958}
{"op_code":7,"worker_id":"104cd63c-6bd2-4254-872d-5070b194bdc7-125144174632960","trial_id":7,"step":52,"intermediate_value":0.11729358695447445}
{"op_code":7,"worker_id":"f2ccc630-9865-4dc4-839b-a37b72bab356-140672626438144","trial_id":16,"step":66,"intermediate_value":0.18578596971929073}
{"op_code":0,"worker_id":"dc4fbe46-79a8-4340-963d-3811514589a2-134882817724416","study_name":"adamw__decoder","directions":[1]}
{"op_code":0,"worker_id":"85624ffd-fcdc-4d0c-8ca3-401737d6a734-138861632921600","study_name":"adamw__vit","directions":[1]}
{"op_code":0,"worker_id":"4e698b44-a502-4a41-8e39-cc3bd1bc1eb6-134882817724416","study_name":"neuralgrok__decoder","directions":[1]}
{"op_code":0,"worker_id":"b288c2b1-e49e-41d8-afbe-1fb10ef2db45-138861632921600","study_name":"neuralgrok__vit","directions":[1]}
{"op_code":0,"worker_id":"871add6e-a47b-4710-b4c8-b7fd23719e8b-134882817724416","study_name":"grokadamw__decoder","directions":[1]}
{"op_code":0,"worker_id":"7b696b0b-6e1d-4a51-acf9-b91601b48ed8-134882817724416","study_name":"supergrok__decoder","directions":[1]}
{"op_code":0,"worker_id":"eb3a0223-7b15-4cb8-866e-0a9c69b0372b-134882817724416","study_name":"supergrok15__decoder","directions":[1]}
{"op_code":0,"worker_id":"e0adf555-9519-41f3-8394-f1a2f96c6fb1-134882817724416","study_name":"supergrok2__decoder","directions":[1]}
{"op_code":0,"worker_id":"2284011c-100c-484a-9564-6eb1f4351490-134882817724416","study_name":"grokfast__decoder","directions":[1]}
{"op_code":0,"worker_id":"c9ed6f0a-6c2e-4cc5-b83f-9d51fde401c7-134882817724416","study_name":"muon__decoder","directions":[1]}
{"op_code":0,"worker_id":"19596921-c712-43e3-a45a-067f24bb6058-134882817724416","study_name":"lion__decoder","directions":[1]}
{"op_code":0,"worker_id":"208b552c-fa26-41f2-b329-3c7c493f0da7-134882817724416","study_name":"looksam__decoder","directions":[1]}
{"op_code":0,"worker_id":"d19eda9f-4510-4898-bec3-f346393ae5e4-134485039202304","study_name":"adamw__mamba","directions":[1]}
{"op_code":0,"worker_id":"0273f8ee-6537-480e-983a-21d929f3f31b-134882817724416","study_name":"prodigy__decoder","directions":[1]}
{"op_code":0,"worker_id":"e4008bc0-3e01-4d7f-bc36-3e6ba817830b-134485039202304","study_name":"neuralgrok__mamba","directions":[1]}
{"op_code":0,"worker_id":"988bc229-147d-4984-ba60-2fb82aca9a8b-134485039202304","study_name":"grokadamw__mamba","directions":[1]}
{"op_code":0,"worker_id":"86fce259-e97e-4be6-9812-d2ffbc376606-134485039202304","study_name":"supergrok__mamba","directions":[1]}
{"op_code":0,"worker_id":"1a9fb68d-369b-4d87-ab3c-5c1f54e70126-134485039202304","study_name":"supergrok15__mamba","directions":[1]}
{"op_code":0,"worker_id":"dffb2d60-b936-4734-b180-2ff25f355639-134485039202304","study_name":"supergrok2__mamba","directions":[1]}
{"op_code":0,"worker_id":"4844919a-13af-462b-8616-2490b2969b34-134485039202304","study_name":"grokfast__mamba","directions":[1]}
{"op_code":4,"worker_id":"dc4fbe46-79a8-4340-963d-3811514589a2-134882817724416","study_id":0,"datetime_start":"2026-06-09T23:01:20.301342"}
{"op_code":5,"worker_id":"dc4fbe46-79a8-4340-963d-3811514589a2-134882817724416","trial_id":20,"param_name":"lr","param_value_internal":0.0011576160601673156,"distribution":"{\"name\": \"FloatDistribution\", \"attributes\": {\"step\": null, \"low\": 0.0002, \"high\": 0.005, \"log\": true}}"}
{"op_code":0,"worker_id":"560a9d0d-397e-4242-a3db-1e24c7c900fe-134485039202304","study_name":"muon__mamba","directions":[1]}
{"op_code":0,"worker_id":"e5f7005e-b110-451f-bb30-61ea199a5bba-138861632921600","study_name":"grokadamw__vit","directions":[1]}
{"op_code":0,"worker_id":"4479b12f-ebaf-4b8d-a1e0-dea0d9b3fec9-135653394321408","study_name":"adamw__mamba","directions":[1]}
{"op_code":0,"worker_id":"00d26a63-1121-451d-97ed-d4e7db4f8020-124878650773504","study_name":"adamw__mamba","directions":[1]}
{"op_code":0,"worker_id":"cf9cf729-a546-45d9-bb4d-3718aff6d658-124878650773504","study_name":"neuralgrok__mamba","directions":[1]}
{"op_code":0,"worker_id":"6a26c731-5139-4a68-a343-2497a5aac521-124878650773504","study_name":"grokadamw__mamba","directions":[1]}
{"op_code":0,"worker_id":"7bf07d1a-3cef-445a-8c77-ab160ecd86c8-124878650773504","study_name":"supergrok__mamba","directions":[1]}
{"op_code":0,"worker_id":"41a54cfa-7554-49dd-8231-451c805e718e-134485039202304","study_name":"lion__mamba","directions":[1]}
{"op_code":0,"worker_id":"5bb08c53-3c6d-4649-baa6-d3689f951715-138861632921600","study_name":"supergrok__vit","directions":[1]}
{"op_code":0,"worker_id":"05051c4e-bd40-47e9-975e-27b23fa24035-138861632921600","study_name":"supergrok15__vit","directions":[1]}
{"op_code":0,"worker_id":"bc884388-219a-4c37-9682-3bce8f2c3fbd-138861632921600","study_name":"supergrok2__vit","directions":[1]}
{"op_code":0,"worker_id":"8651f389-2541-4d6d-bcc0-d0cc6a99c08f-138861632921600","study_name":"grokfast__vit","directions":[1]}
{"op_code":0,"worker_id":"f58becdb-0edd-48e2-8eb1-3c79f9e68d33-138861632921600","study_name":"muon__vit","directions":[1]}
{"op_code":0,"worker_id":"9ddb22e5-b664-42b6-a686-469b22b0a6df-124878650773504","study_name":"supergrok15__mamba","directions":[1]}
{"op_code":0,"worker_id":"02363e4b-efae-4282-b247-9769e31285d7-138861632921600","study_name":"lion__vit","directions":[1]}
{"op_code":0,"worker_id":"0ccf6db7-90f8-4558-ae7a-3560d17bdefb-134485039202304","study_name":"looksam__mamba","directions":[1]}
{"op_code":0,"worker_id":"3f1cbb4c-3230-45b1-92e4-c10efce68d69-124878650773504","study_name":"supergrok2__mamba","directions":[1]}
{"op_code":0,"worker_id":"d7f6d267-de64-41c1-b925-73ee6c1365ed-138861632921600","study_name":"looksam__vit","directions":[1]}
{"op_code":0,"worker_id":"182a27d0-73b3-44c3-a485-d69ff807947e-134485039202304","study_name":"prodigy__mamba","directions":[1]}
{"op_code":0,"worker_id":"48598a25-bc3f-45fd-9763-e7e881d13421-124878650773504","study_name":"grokfast__mamba","directions":[1]}
{"op_code":4,"worker_id":"d19eda9f-4510-4898-bec3-f346393ae5e4-134485039202304","study_id":12,"datetime_start":"2026-06-09T23:01:27.939369"}
{"op_code":5,"worker_id":"d19eda9f-4510-4898-bec3-f346393ae5e4-134485039202304","trial_id":21,"param_name":"lr","param_value_internal":0.0011576160601673156,"distribution":"{\"name\": \"FloatDistribution\", \"attributes\": {\"step\": null, \"low\": 0.0002, \"high\": 0.005, \"log\": true}}"}
{"op_code":5,"worker_id":"d19eda9f-4510-4898-bec3-f346393ae5e4-134485039202304","trial_id":21,"param_name":"beta1","param_value_internal":0.8671865315032211,"distribution":"{\"name\": \"FloatDistribution\", \"attributes\": {\"step\": null, \"low\": 0.85, \"high\": 0.95, \"log\": false}}"}
{"op_code":5,"worker_id":"d19eda9f-4510-4898-bec3-f346393ae5e4-134485039202304","trial_id":21,"param_name":"beta2","param_value_internal":0.9922201245695225,"distribution":"{\"name\": \"FloatDistribution\", \"attributes\": {\"step\": null, \"low\": 0.95, \"high\": 0.9995, \"log\": false}}"}
{"op_code":5,"worker_id":"d19eda9f-4510-4898-bec3-f346393ae5e4-134485039202304","trial_id":21,"param_name":"weight_decay","param_value_internal":0.34316742743792855,"distribution":"{\"name\": \"FloatDistribution\", \"attributes\": {\"step\": null, \"low\": 0.2, \"high\": 4.0, \"log\": true}}"}
{"op_code":5,"worker_id":"d19eda9f-4510-4898-bec3-f346393ae5e4-134485039202304","trial_id":21,"param_name":"matmul_precision","param_value_internal":0,"distribution":"{\"name\": \"CategoricalDistribution\", \"attributes\": {\"choices\": [\"bf16\", \"tf32\", \"fp32\", \"fp16amp\"]}}"}
{"op_code":0,"worker_id":"896c3c63-fb93-45ed-a2c8-1a0999640dbc-138861632921600","study_name":"prodigy__vit","directions":[1]}
{"op_code":4,"worker_id":"85624ffd-fcdc-4d0c-8ca3-401737d6a734-138861632921600","study_id":11,"datetime_start":"2026-06-09T23:01:29.005362"}
{"op_code":0,"worker_id":"a5432a65-20ff-4ea6-b3e4-f81621692edf-124878650773504","study_name":"muon__mamba","directions":[1]}
{"op_code":5,"worker_id":"85624ffd-fcdc-4d0c-8ca3-401737d6a734-138861632921600","trial_id":22,"param_name":"lr","param_value_internal":0.003872639391054715,"distribution":"{\"name\": \"FloatDistribution\", \"attributes\": {\"step\": null, \"low\": 0.0002, \"high\": 0.005, \"log\": true}}"}
{"op_code":5,"worker_id":"85624ffd-fcdc-4d0c-8ca3-401737d6a734-138861632921600","trial_id":22,"param_name":"beta1","param_value_internal":0.9080579177135406,"distribution":"{\"name\": \"FloatDistribution\", \"attributes\": {\"step\": null, \"low\": 0.85, \"high\": 0.95, \"log\": false}}"}
{"op_code":5,"worker_id":"85624ffd-fcdc-4d0c-8ca3-401737d6a734-138861632921600","trial_id":22,"param_name":"beta2","param_value_internal":0.9984848390636939,"distribution":"{\"name\": \"FloatDistribution\", \"attributes\": {\"step\": null, \"low\": 0.95, \"high\": 0.9995, \"log\": false}}"}
{"op_code":5,"worker_id":"85624ffd-fcdc-4d0c-8ca3-401737d6a734-138861632921600","trial_id":22,"param_name":"weight_decay","param_value_internal":1.8645260030089423,"distribution":"{\"name\": \"FloatDistribution\", \"attributes\": {\"step\": null, \"low\": 0.2, \"high\": 4.0, \"log\": true}}"}
{"op_code":5,"worker_id":"85624ffd-fcdc-4d0c-8ca3-401737d6a734-138861632921600","trial_id":22,"param_name":"matmul_precision","param_value_internal":0,"distribution":"{\"name\": \"CategoricalDistribution\", \"attributes\": {\"choices\": [\"bf16\", \"tf32\", \"fp32\", \"fp16amp\"]}}"}
{"op_code":0,"worker_id":"7a459cc7-15ae-4f36-b44f-f5e606a4897f-138417116717056","study_name":"adamw__vit","directions":[1]}
{"op_code":0,"worker_id":"b743611a-9e25-4b2c-9941-234408f8cea2-134028377853952","study_name":"adamw__vit","directions":[1]}
{"op_code":0,"worker_id":"7e2a7cc2-ce5d-4750-9aae-65018ba4f46e-138417116717056","study_name":"neuralgrok__vit","directions":[1]}
{"op_code":0,"worker_id":"46c2ffe4-548b-4ed8-b987-52efa02a527a-134028377853952","study_name":"neuralgrok__vit","directions":[1]}
{"op_code":0,"worker_id":"0447dc80-4ad8-4169-a6fe-da2d6c1fe77c-138417116717056","study_name":"grokadamw__vit","directions":[1]}
{"op_code":0,"worker_id":"e6c7ba9a-2d49-4a11-bbf7-5920d93e87f3-130407820439552","study_name":"adamw__decoder","directions":[1]}
{"op_code":0,"worker_id":"b9015096-a264-4013-b1b4-fd888c28b1c6-133136419479552","study_name":"adamw__decoder","directions":[1]}
{"op_code":0,"worker_id":"44c6a450-b07e-4b06-baaf-2f623988bc71-134028377853952","study_name":"grokadamw__vit","directions":[1]}
{"op_code":0,"worker_id":"d39992d2-be1d-4157-8b6c-cf3bb48d308c-133136419479552","study_name":"neuralgrok__decoder","directions":[1]}
{"op_code":0,"worker_id":"38c72711-3d75-48a8-a479-bb713d90eb3c-133136419479552","study_name":"grokadamw__decoder","directions":[1]}
{"op_code":0,"worker_id":"614cbeeb-43e2-45a8-8346-fcc027551689-133136419479552","study_name":"supergrok__decoder","directions":[1]}
{"op_code":0,"worker_id":"a6621565-b1f0-4404-a2dc-32a6655fe906-133136419479552","study_name":"supergrok15__decoder","directions":[1]}
{"op_code":0,"worker_id":"3dd29674-e970-4377-9a7f-334af2a262ed-133136419479552","study_name":"supergrok2__decoder","directions":[1]}
{"op_code":0,"worker_id":"e6cbe682-5029-46bc-828e-de0a624b5fcd-130407820439552","study_name":"neuralgrok__decoder","directions":[1]}
{"op_code":0,"worker_id":"489162cd-b6cd-4cb2-b7f7-5b6bb7a6c732-133136419479552","study_name":"grokfast__decoder","directions":[1]}
{"op_code":0,"worker_id":"15962467-67e7-4409-b4ae-e830dcbffe7e-130407820439552","study_name":"grokadamw__decoder","directions":[1]}
{"op_code":0,"worker_id":"bb2f9d0c-5448-4d47-b99a-312fac1f9e46-133136419479552","study_name":"muon__decoder","directions":[1]}
{"op_code":0,"worker_id":"c1b89264-5cc2-4d69-a43b-8db670920827-130407820439552","study_name":"supergrok__decoder","directions":[1]}
{"op_code":0,"worker_id":"fd391a06-d0cf-4c06-a529-5a787be8f7f7-133136419479552","study_name":"lion__decoder","directions":[1]}
{"op_code":0,"worker_id":"ce0bf220-2e6f-4c2b-9091-5bf7151d66be-133136419479552","study_name":"looksam__decoder","directions":[1]}
{"op_code":0,"worker_id":"b95a78f6-03e8-48c1-8da7-52c0ef1f9f9d-133136419479552","study_name":"prodigy__decoder","directions":[1]}
{"op_code":0,"worker_id":"131da6ec-41d1-49ef-82ba-2e747fcc76d2-138417116717056","study_name":"supergrok__vit","directions":[1]}
{"op_code":4,"worker_id":"b9015096-a264-4013-b1b4-fd888c28b1c6-133136419479552","study_id":0,"datetime_start":"2026-06-09T23:01:36.449326"}
{"op_code":0,"worker_id":"6fd3f7d3-b8fa-4799-8ced-df50a9a1da59-124878650773504","study_name":"lion__mamba","directions":[1]}
{"op_code":5,"worker_id":"b9015096-a264-4013-b1b4-fd888c28b1c6-133136419479552","trial_id":23,"param_name":"lr","param_value_internal":0.0008565293722924722,"distribution":"{\"name\": \"FloatDistribution\", \"attributes\": {\"step\": null, \"low\": 0.0002, \"high\": 0.005, \"log\": true}}"}
{"op_code":5,"worker_id":"b9015096-a264-4013-b1b4-fd888c28b1c6-133136419479552","trial_id":23,"param_name":"beta1","param_value_internal":0.9336803373557624,"distribution":"{\"name\": \"FloatDistribution\", \"attributes\": {\"step\": null, \"low\": 0.85, \"high\": 0.95, \"log\": false}}"}
{"op_code":5,"worker_id":"b9015096-a264-4013-b1b4-fd888c28b1c6-133136419479552","trial_id":23,"param_name":"beta2","param_value_internal":0.974510993649918,"distribution":"{\"name\": \"FloatDistribution\", \"attributes\": {\"step\": null, \"low\": 0.95, \"high\": 0.9995, \"log\": false}}"}
{"op_code":5,"worker_id":"b9015096-a264-4013-b1b4-fd888c28b1c6-133136419479552","trial_id":23,"param_name":"weight_decay","param_value_internal":1.9548824288747957,"distribution":"{\"name\": \"FloatDistribution\", \"attributes\": {\"step\": null, \"low\": 0.2, \"high\": 4.0, \"log\": true}}"}
{"op_code":5,"worker_id":"b9015096-a264-4013-b1b4-fd888c28b1c6-133136419479552","trial_id":23,"param_name":"matmul_precision","param_value_internal":3,"distribution":"{\"name\": \"CategoricalDistribution\", \"attributes\": {\"choices\": [\"bf16\", \"tf32\", \"fp32\", \"fp16amp\"]}}"}
{"op_code":0,"worker_id":"e2e133cb-bc37-4695-bf74-3837886011a2-138417116717056","study_name":"supergrok15__vit","directions":[1]}
{"op_code":0,"worker_id":"e0b9d7a1-6b17-4400-82db-b99ba5859ce6-138417116717056","study_name":"supergrok2__vit","directions":[1]}
{"op_code":0,"worker_id":"004587a2-262d-4a34-a836-263ea1b25c8f-138417116717056","study_name":"grokfast__vit","directions":[1]}
{"op_code":0,"worker_id":"5c35227c-d2e9-4ea2-b1a4-c021ac5a301d-138417116717056","study_name":"muon__vit","directions":[1]}
{"op_code":0,"worker_id":"7c8cfa1c-dc2d-41ff-bd04-4414bad2a871-138417116717056","study_name":"lion__vit","directions":[1]}
{"op_code":0,"worker_id":"89b48249-345e-4463-8b69-add7654dc1b5-138417116717056","study_name":"looksam__vit","directions":[1]}
{"op_code":0,"worker_id":"e12e83e4-71f1-49ce-99f9-d575e82f981c-138417116717056","study_name":"prodigy__vit","directions":[1]}
{"op_code":5,"worker_id":"dc4fbe46-79a8-4340-963d-3811514589a2-134882817724416","trial_id":20,"param_name":"beta1","param_value_internal":0.8671865315032211,"distribution":"{\"name\": \"FloatDistribution\", \"attributes\": {\"step\": null, \"low\": 0.85, \"high\": 0.95, \"log\": false}}"}
{"op_code":4,"worker_id":"7a459cc7-15ae-4f36-b44f-f5e606a4897f-138417116717056","study_id":11,"datetime_start":"2026-06-09T23:01:36.890729"}
{"op_code":5,"worker_id":"dc4fbe46-79a8-4340-963d-3811514589a2-134882817724416","trial_id":20,"param_name":"beta2","param_value_internal":0.9922201245695225,"distribution":"{\"name\": \"FloatDistribution\", \"attributes\": {\"step\": null, \"low\": 0.95, \"high\": 0.9995, \"log\": false}}"}
{"op_code":5,"worker_id":"7a459cc7-15ae-4f36-b44f-f5e606a4897f-138417116717056","trial_id":24,"param_name":"lr","param_value_internal":0.0011576160601673156,"distribution":"{\"name\": \"FloatDistribution\", \"attributes\": {\"step\": null, \"low\": 0.0002, \"high\": 0.005, \"log\": true}}"}
{"op_code":5,"worker_id":"dc4fbe46-79a8-4340-963d-3811514589a2-134882817724416","trial_id":20,"param_name":"weight_decay","param_value_internal":0.34316742743792855,"distribution":"{\"name\": \"FloatDistribution\", \"attributes\": {\"step\": null, \"low\": 0.2, \"high\": 4.0, \"log\": true}}"}
{"op_code":5,"worker_id":"7a459cc7-15ae-4f36-b44f-f5e606a4897f-138417116717056","trial_id":24,"param_name":"beta1","param_value_internal":0.8671865315032211,"distribution":"{\"name\": \"FloatDistribution\", \"attributes\": {\"step\": null, \"low\": 0.85, \"high\": 0.95, \"log\": false}}"}
{"op_code":5,"worker_id":"dc4fbe46-79a8-4340-963d-3811514589a2-134882817724416","trial_id":20,"param_name":"matmul_precision","param_value_internal":0,"distribution":"{\"name\": \"CategoricalDistribution\", \"attributes\": {\"choices\": [\"bf16\", \"tf32\", \"fp32\", \"fp16amp\"]}}"}
{"op_code":5,"worker_id":"7a459cc7-15ae-4f36-b44f-f5e606a4897f-138417116717056","trial_id":24,"param_name":"beta2","param_value_internal":0.9922201245695225,"distribution":"{\"name\": \"FloatDistribution\", \"attributes\": {\"step\": null, \"low\": 0.95, \"high\": 0.9995, \"log\": false}}"}
{"op_code":5,"worker_id":"7a459cc7-15ae-4f36-b44f-f5e606a4897f-138417116717056","trial_id":24,"param_name":"weight_decay","param_value_internal":0.34316742743792855,"distribution":"{\"name\": \"FloatDistribution\", \"attributes\": {\"step\": null, \"low\": 0.2, \"high\": 4.0, \"log\": true}}"}
{"op_code":5,"worker_id":"7a459cc7-15ae-4f36-b44f-f5e606a4897f-138417116717056","trial_id":24,"param_name":"matmul_precision","param_value_internal":0,"distribution":"{\"name\": \"CategoricalDistribution\", \"attributes\": {\"choices\": [\"bf16\", \"tf32\", \"fp32\", \"fp16amp\"]}}"}
{"op_code":0,"worker_id":"186a8f19-34bf-4038-8f02-3b33edace743-130407820439552","study_name":"supergrok15__decoder","directions":[1]}
{"op_code":0,"worker_id":"755ad5db-df20-4d55-a30a-a8f3f88ba630-134028377853952","study_name":"supergrok__vit","directions":[1]}
{"op_code":0,"worker_id":"4cd7e771-607e-459c-a4b7-28bda35a2eba-134028377853952","study_name":"supergrok15__vit","directions":[1]}
{"op_code":0,"worker_id":"ad1122f5-d6c9-4dd9-8ef0-ca593c9d3d8e-130407820439552","study_name":"supergrok2__decoder","directions":[1]}
{"op_code":0,"worker_id":"8f902ff9-b777-494a-a9fb-256bc3229a12-134028377853952","study_name":"supergrok2__vit","directions":[1]}
{"op_code":0,"worker_id":"bc1efd62-a678-4ca1-acc4-8cb5cd694ea9-130407820439552","study_name":"grokfast__decoder","directions":[1]}
{"op_code":0,"worker_id":"9ad04592-92a2-461d-9a15-890b5ba8a2d2-134028377853952","study_name":"grokfast__vit","directions":[1]}
{"op_code":0,"worker_id":"76eb1dac-5dd7-4a92-bb2f-7e742ff43caf-134028377853952","study_name":"muon__vit","directions":[1]}
{"op_code":0,"worker_id":"8192c4f6-0d24-46bf-ba72-d83fbc8080f8-134028377853952","study_name":"lion__vit","directions":[1]}
{"op_code":0,"worker_id":"680ae5a0-b2d6-4b6a-a191-2f07d9dd5e3f-134028377853952","study_name":"looksam__vit","directions":[1]}
{"op_code":0,"worker_id":"d7db004f-8e95-4cbb-9201-2568311a4f0c-134028377853952","study_name":"prodigy__vit","directions":[1]}
{"op_code":0,"worker_id":"d6c2fb47-2e44-4f90-a41f-f3f8e797c902-137397948055552","study_name":"adamw__decoder","directions":[1]}
{"op_code":8,"worker_id":"7a459cc7-15ae-4f36-b44f-f5e606a4897f-138417116717056","trial_id":24,"user_attr":{"crash":"TypeError(\"fused_step(): incompatible function arguments. The following argument types are supported:\\n    1. (arg0: str, arg1: str, arg2: torch.Tensor, arg3: torch.Tensor, arg4: torch.Tensor, arg5: torch.Tensor, arg6: float) -> None\\n\\nInvoked with: 'vit', 'adamw', tensor([ 0.0073,  0.0151,  0.0072"}}
{"op_code":0,"worker_id":"2e3a8247-5dbe-4080-a4ba-f8ab09ec2e50-137397948055552","study_name":"neuralgrok__decoder","directions":[1]}
{"op_code":0,"worker_id":"7ae71423-7270-4562-a49c-a9bb14ee4a69-124878650773504","study_name":"looksam__mamba","directions":[1]}
{"op_code":0,"worker_id":"0594414a-69af-43bb-a8e4-5fca1029f70e-137397948055552","study_name":"grokadamw__decoder","directions":[1]}
{"op_code":4,"worker_id":"b743611a-9e25-4b2c-9941-234408f8cea2-134028377853952","study_id":11,"datetime_start":"2026-06-09T23:01:43.124692"}
{"op_code":0,"worker_id":"24894866-cb07-449c-80c9-8eb451a355b6-137397948055552","study_name":"supergrok__decoder","directions":[1]}
{"op_code":5,"worker_id":"b743611a-9e25-4b2c-9941-234408f8cea2-134028377853952","trial_id":25,"param_name":"lr","param_value_internal":0.0008565293722924722,"distribution":"{\"name\": \"FloatDistribution\", \"attributes\": {\"step\": null, \"low\": 0.0002, \"high\": 0.005, \"log\": true}}"}
{"op_code":5,"worker_id":"b743611a-9e25-4b2c-9941-234408f8cea2-134028377853952","trial_id":25,"param_name":"beta1","param_value_internal":0.9336803373557624,"distribution":"{\"name\": \"FloatDistribution\", \"attributes\": {\"step\": null, \"low\": 0.85, \"high\": 0.95, \"log\": false}}"}
{"op_code":5,"worker_id":"b743611a-9e25-4b2c-9941-234408f8cea2-134028377853952","trial_id":25,"param_name":"beta2","param_value_internal":0.974510993649918,"distribution":"{\"name\": \"FloatDistribution\", \"attributes\": {\"step\": null, \"low\": 0.95, \"high\": 0.9995, \"log\": false}}"}
{"op_code":5,"worker_id":"b743611a-9e25-4b2c-9941-234408f8cea2-134028377853952","trial_id":25,"param_name":"weight_decay","param_value_internal":1.9548824288747957,"distribution":"{\"name\": \"FloatDistribution\", \"attributes\": {\"step\": null, \"low\": 0.2, \"high\": 4.0, \"log\": true}}"}
{"op_code":0,"worker_id":"4e204301-5c1f-48f7-ac0e-29b94d293a8f-137397948055552","study_name":"supergrok15__decoder","directions":[1]}
{"op_code":5,"worker_id":"b743611a-9e25-4b2c-9941-234408f8cea2-134028377853952","trial_id":25,"param_name":"matmul_precision","param_value_internal":3,"distribution":"{\"name\": \"CategoricalDistribution\", \"attributes\": {\"choices\": [\"bf16\", \"tf32\", \"fp32\", \"fp16amp\"]}}"}
{"op_code":0,"worker_id":"0fbd73a1-2993-4028-a6ef-7f74c22feacd-137397948055552","study_name":"supergrok2__decoder","directions":[1]}
{"op_code":0,"worker_id":"479eb113-21a9-4c17-b48f-86d9cd58c725-137397948055552","study_name":"grokfast__decoder","directions":[1]}
{"op_code":0,"worker_id":"9e7de183-2e87-41c9-9305-f68ec2ee01cc-137397948055552","study_name":"muon__decoder","directions":[1]}
{"op_code":0,"worker_id":"1b1c442d-1578-4ff0-8504-30da8d8dd0a5-137397948055552","study_name":"lion__decoder","directions":[1]}
{"op_code":0,"worker_id":"7220e765-84f2-40a2-b031-5858aa7d9cd0-124878650773504","study_name":"prodigy__mamba","directions":[1]}
{"op_code":4,"worker_id":"00d26a63-1121-451d-97ed-d4e7db4f8020-124878650773504","study_id":12,"datetime_start":"2026-06-09T23:01:43.685493"}
{"op_code":0,"worker_id":"9908a144-e6c6-4973-9901-e1e08c8018c5-137397948055552","study_name":"looksam__decoder","directions":[1]}
{"op_code":5,"worker_id":"00d26a63-1121-451d-97ed-d4e7db4f8020-124878650773504","trial_id":26,"param_name":"lr","param_value_internal":0.002688712893605852,"distribution":"{\"name\": \"FloatDistribution\", \"attributes\": {\"step\": null, \"low\": 0.0002, \"high\": 0.005, \"log\": true}}"}
{"op_code":8,"worker_id":"d19eda9f-4510-4898-bec3-f346393ae5e4-134485039202304","trial_id":21,"user_attr":{"crash":"TypeError(\"fused_step(): incompatible function arguments. The following argument types are supported:\\n    1. (arg0: str, arg1: str, arg2: torch.Tensor, arg3: torch.Tensor, arg4: torch.Tensor, arg5: torch.Tensor, arg6: float) -> None\\n\\nInvoked with: 'mamba3', 'adamw', tensor([-1.3636,  0.5270,  1.8"}}
{"op_code":5,"worker_id":"00d26a63-1121-451d-97ed-d4e7db4f8020-124878650773504","trial_id":26,"param_name":"beta1","param_value_internal":0.8616506972333066,"distribution":"{\"name\": \"FloatDistribution\", \"attributes\": {\"step\": null, \"low\": 0.85, \"high\": 0.95, \"log\": false}}"}
{"op_code":5,"worker_id":"00d26a63-1121-451d-97ed-d4e7db4f8020-124878650773504","trial_id":26,"param_name":"beta2","param_value_internal":0.9848621204520889,"distribution":"{\"name\": \"FloatDistribution\", \"attributes\": {\"step\": null, \"low\": 0.95, \"high\": 0.9995, \"log\": false}}"}
{"op_code":6,"worker_id":"d19eda9f-4510-4898-bec3-f346393ae5e4-134485039202304","trial_id":21,"state":1,"values":[24100.0],"datetime_complete":"2026-06-09T23:01:49.924488"}
{"op_code":5,"worker_id":"00d26a63-1121-451d-97ed-d4e7db4f8020-124878650773504","trial_id":26,"param_name":"weight_decay","param_value_internal":0.9597756895390301,"distribution":"{\"name\": \"FloatDistribution\", \"attributes\": {\"step\": null, \"low\": 0.2, \"high\": 4.0, \"log\": true}}"}
{"op_code":5,"worker_id":"00d26a63-1121-451d-97ed-d4e7db4f8020-124878650773504","trial_id":26,"param_name":"matmul_precision","param_value_internal":3,"distribution":"{\"name\": \"CategoricalDistribution\", \"attributes\": {\"choices\": [\"bf16\", \"tf32\", \"fp32\", \"fp16amp\"]}}"}
{"op_code":0,"worker_id":"9364441e-3e09-4978-9ccf-6b763bfdbebf-137397948055552","study_name":"prodigy__decoder","directions":[1]}
{"op_code":4,"worker_id":"d6c2fb47-2e44-4f90-a41f-f3f8e797c902-137397948055552","study_id":0,"datetime_start":"2026-06-09T23:01:50.838183"}
{"op_code":5,"worker_id":"d6c2fb47-2e44-4f90-a41f-f3f8e797c902-137397948055552","trial_id":27,"param_name":"lr","param_value_internal":0.003872639391054715,"distribution":"{\"name\": \"FloatDistribution\", \"attributes\": {\"step\": null, \"low\": 0.0002, \"high\": 0.005, \"log\": true}}"}
{"op_code":5,"worker_id":"d6c2fb47-2e44-4f90-a41f-f3f8e797c902-137397948055552","trial_id":27,"param_name":"beta1","param_value_internal":0.9080579177135406,"distribution":"{\"name\": \"FloatDistribution\", \"attributes\": {\"step\": null, \"low\": 0.85, \"high\": 0.95, \"log\": false}}"}
{"op_code":5,"worker_id":"d6c2fb47-2e44-4f90-a41f-f3f8e797c902-137397948055552","trial_id":27,"param_name":"beta2","param_value_internal":0.9984848390636939,"distribution":"{\"name\": \"FloatDistribution\", \"attributes\": {\"step\": null, \"low\": 0.95, \"high\": 0.9995, \"log\": false}}"}
{"op_code":5,"worker_id":"d6c2fb47-2e44-4f90-a41f-f3f8e797c902-137397948055552","trial_id":27,"param_name":"weight_decay","param_value_internal":1.8645260030089423,"distribution":"{\"name\": \"FloatDistribution\", \"attributes\": {\"step\": null, \"low\": 0.2, \"high\": 4.0, \"log\": true}}"}
{"op_code":5,"worker_id":"d6c2fb47-2e44-4f90-a41f-f3f8e797c902-137397948055552","trial_id":27,"param_name":"matmul_precision","param_value_internal":0,"distribution":"{\"name\": \"CategoricalDistribution\", \"attributes\": {\"choices\": [\"bf16\", \"tf32\", \"fp32\", \"fp16amp\"]}}"}
{"op_code":0,"worker_id":"b4d12b61-ac29-4372-84e3-89226ba969da-133278269722624","study_name":"adamw__decoder","directions":[1]}
{"op_code":0,"worker_id":"b0c9ae72-81be-4f8d-bdfe-e40fead80a21-133278269722624","study_name":"neuralgrok__decoder","directions":[1]}
{"op_code":0,"worker_id":"511852c7-76b1-499b-969b-1881ae4a6130-133278269722624","study_name":"grokadamw__decoder","directions":[1]}
{"op_code":0,"worker_id":"4d00c136-7368-4f06-ae1c-25fe8fa673c4-133278269722624","study_name":"supergrok__decoder","directions":[1]}
{"op_code":8,"worker_id":"dc4fbe46-79a8-4340-963d-3811514589a2-134882817724416","trial_id":20,"user_attr":{"crash":"TypeError(\"fused_step(): incompatible function arguments. The following argument types are supported:\\n    1. (arg0: str, arg1: str, arg2: torch.Tensor, arg3: torch.Tensor, arg4: torch.Tensor, arg5: torch.Tensor, arg6: float) -> None\\n\\nInvoked with: 'transformer_decoder', 'adamw', tensor([ 0.5632, "}}
{"op_code":6,"worker_id":"dc4fbe46-79a8-4340-963d-3811514589a2-134882817724416","trial_id":20,"state":1,"values":[10100.0],"datetime_complete":"2026-06-09T23:01:56.482271"}
{"op_code":0,"worker_id":"cb4762ff-59f0-4d0a-b609-4c764b508b86-133278269722624","study_name":"supergrok15__decoder","directions":[1]}
{"op_code":4,"worker_id":"e4008bc0-3e01-4d7f-bc36-3e6ba817830b-134485039202304","study_id":14,"datetime_start":"2026-06-09T23:01:56.640071"}
{"op_code":8,"worker_id":"85624ffd-fcdc-4d0c-8ca3-401737d6a734-138861632921600","trial_id":22,"user_attr":{"crash":"TypeError(\"fused_step(): incompatible function arguments. The following argument types are supported:\\n    1. (arg0: str, arg1: str, arg2: torch.Tensor, arg3: torch.Tensor, arg4: torch.Tensor, arg5: torch.Tensor, arg6: float) -> None\\n\\nInvoked with: 'vit', 'adamw', tensor([-2.2674e-02, -1.0425e-02,"}}
{"op_code":5,"worker_id":"e4008bc0-3e01-4d7f-bc36-3e6ba817830b-134485039202304","trial_id":28,"param_name":"lr","param_value_internal":0.0011576160601673156,"distribution":"{\"name\": \"FloatDistribution\", \"attributes\": {\"step\": null, \"low\": 0.0002, \"high\": 0.005, \"log\": true}}"}
{"op_code":5,"worker_id":"e4008bc0-3e01-4d7f-bc36-3e6ba817830b-134485039202304","trial_id":28,"param_name":"neural_alpha","param_value_internal":3.185365635006737,"distribution":"{\"name\": \"FloatDistribution\", \"attributes\": {\"step\": null, \"low\": 2.0, \"high\": 30.0, \"log\": true}}"}
{"op_code":5,"worker_id":"e4008bc0-3e01-4d7f-bc36-3e6ba817830b-134485039202304","trial_id":28,"param_name":"neural_beta","param_value_internal":8.676386285367716,"distribution":"{\"name\": \"FloatDistribution\", \"attributes\": {\"step\": null, \"low\": 1.0, \"high\": 10.0, \"log\": false}}"}
{"op_code":5,"worker_id":"e4008bc0-3e01-4d7f-bc36-3e6ba817830b-134485039202304","trial_id":28,"param_name":"neural_grad_clip","param_value_internal":0.9505585269837273,"distribution":"{\"name\": \"FloatDistribution\", \"attributes\": {\"step\": null, \"low\": 0.5, \"high\": 3.0, \"log\": false}}"}
{"op_code":5,"worker_id":"e4008bc0-3e01-4d7f-bc36-3e6ba817830b-134485039202304","trial_id":28,"param_name":"weight_decay","param_value_internal":1.1666656718936412,"distribution":"{\"name\": \"FloatDistribution\", \"attributes\": {\"step\": null, \"low\": 0.2, \"high\": 4.0, \"log\": true}}"}
{"op_code":5,"worker_id":"e4008bc0-3e01-4d7f-bc36-3e6ba817830b-134485039202304","trial_id":28,"param_name":"matmul_precision","param_value_internal":3,"distribution":"{\"name\": \"CategoricalDistribution\", \"attributes\": {\"choices\": [\"bf16\", \"tf32\", \"fp32\", \"fp16amp\"]}}"}
{"op_code":6,"worker_id":"7a459cc7-15ae-4f36-b44f-f5e606a4897f-138417116717056","trial_id":24,"state":1,"values":[12100.0],"datetime_complete":"2026-06-09T23:01:49.269179"}
{"op_code":4,"worker_id":"4e698b44-a502-4a41-8e39-cc3bd1bc1eb6-134882817724416","study_id":1,"datetime_start":"2026-06-09T23:01:57.843638"}
{"op_code":0,"worker_id":"758021df-31bd-4713-9eed-48a732f3c96b-133278269722624","study_name":"supergrok2__decoder","directions":[1]}
{"op_code":5,"worker_id":"4e698b44-a502-4a41-8e39-cc3bd1bc1eb6-134882817724416","trial_id":29,"param_name":"lr","param_value_internal":0.0011576160601673156,"distribution":"{\"name\": \"FloatDistribution\", \"attributes\": {\"step\": null, \"low\": 0.0002, \"high\": 0.005, \"log\": true}}"}
{"op_code":5,"worker_id":"4e698b44-a502-4a41-8e39-cc3bd1bc1eb6-134882817724416","trial_id":29,"param_name":"neural_alpha","param_value_internal":3.185365635006737,"distribution":"{\"name\": \"FloatDistribution\", \"attributes\": {\"step\": null, \"low\": 2.0, \"high\": 30.0, \"log\": true}}"}
{"op_code":5,"worker_id":"4e698b44-a502-4a41-8e39-cc3bd1bc1eb6-134882817724416","trial_id":29,"param_name":"neural_beta","param_value_internal":8.676386285367716,"distribution":"{\"name\": \"FloatDistribution\", \"attributes\": {\"step\": null, \"low\": 1.0, \"high\": 10.0, \"log\": false}}"}
{"op_code":5,"worker_id":"4e698b44-a502-4a41-8e39-cc3bd1bc1eb6-134882817724416","trial_id":29,"param_name":"neural_grad_clip","param_value_internal":0.9505585269837273,"distribution":"{\"name\": \"FloatDistribution\", \"attributes\": {\"step\": null, \"low\": 0.5, \"high\": 3.0, \"log\": false}}"}
{"op_code":5,"worker_id":"4e698b44-a502-4a41-8e39-cc3bd1bc1eb6-134882817724416","trial_id":29,"param_name":"weight_decay","param_value_internal":1.1666656718936412,"distribution":"{\"name\": \"FloatDistribution\", \"attributes\": {\"step\": null, \"low\": 0.2, \"high\": 4.0, \"log\": true}}"}
{"op_code":6,"worker_id":"85624ffd-fcdc-4d0c-8ca3-401737d6a734-138861632921600","trial_id":22,"state":1,"values":[12100.0],"datetime_complete":"2026-06-09T23:02:03.101409"}
{"op_code":5,"worker_id":"4e698b44-a502-4a41-8e39-cc3bd1bc1eb6-134882817724416","trial_id":29,"param_name":"matmul_precision","param_value_internal":3,"distribution":"{\"name\": \"CategoricalDistribution\", \"attributes\": {\"choices\": [\"bf16\", \"tf32\", \"fp32\", \"fp16amp\"]}}"}
{"op_code":0,"worker_id":"427426c3-e420-41b1-8500-504c8a622ca7-133278269722624","study_name":"grokfast__decoder","directions":[1]}
{"op_code":0,"worker_id":"f903dd2f-53a4-4b6d-8197-66083620664c-133278269722624","study_name":"muon__decoder","directions":[1]}
{"op_code":0,"worker_id":"c7d88854-4934-4fc0-8b4e-841d83421755-133278269722624","study_name":"lion__decoder","directions":[1]}
{"op_code":0,"worker_id":"13519718-8549-460f-a644-8172ea05b08c-133278269722624","study_name":"looksam__decoder","directions":[1]}
{"op_code":4,"worker_id":"7e2a7cc2-ce5d-4750-9aae-65018ba4f46e-138417116717056","study_id":13,"datetime_start":"2026-06-09T23:02:03.104315"}
{"op_code":0,"worker_id":"7eeff272-1ba0-4115-a412-1b87a2dda999-133278269722624","study_name":"prodigy__decoder","directions":[1]}
{"op_code":4,"worker_id":"b4d12b61-ac29-4372-84e3-89226ba969da-133278269722624","study_id":0,"datetime_start":"2026-06-09T23:02:03.675462"}
{"op_code":5,"worker_id":"b4d12b61-ac29-4372-84e3-89226ba969da-133278269722624","trial_id":31,"param_name":"lr","param_value_internal":0.002688712893605852,"distribution":"{\"name\": \"FloatDistribution\", \"attributes\": {\"step\": null, \"low\": 0.0002, \"high\": 0.005, \"log\": true}}"}
{"op_code":5,"worker_id":"b4d12b61-ac29-4372-84e3-89226ba969da-133278269722624","trial_id":31,"param_name":"beta1","param_value_internal":0.8616506972333066,"distribution":"{\"name\": \"FloatDistribution\", \"attributes\": {\"step\": null, \"low\": 0.85, \"high\": 0.95, \"log\": false}}"}
{"op_code":5,"worker_id":"b4d12b61-ac29-4372-84e3-89226ba969da-133278269722624","trial_id":31,"param_name":"beta2","param_value_internal":0.9848621204520889,"distribution":"{\"name\": \"FloatDistribution\", \"attributes\": {\"step\": null, \"low\": 0.95, \"high\": 0.9995, \"log\": false}}"}
{"op_code":5,"worker_id":"b4d12b61-ac29-4372-84e3-89226ba969da-133278269722624","trial_id":31,"param_name":"weight_decay","param_value_internal":0.9597756895390301,"distribution":"{\"name\": \"FloatDistribution\", \"attributes\": {\"step\": null, \"low\": 0.2, \"high\": 4.0, \"log\": true}}"}
{"op_code":5,"worker_id":"b4d12b61-ac29-4372-84e3-89226ba969da-133278269722624","trial_id":31,"param_name":"matmul_precision","param_value_internal":3,"distribution":"{\"name\": \"CategoricalDistribution\", \"attributes\": {\"choices\": [\"bf16\", \"tf32\", \"fp32\", \"fp16amp\"]}}"}
{"op_code":8,"worker_id":"b743611a-9e25-4b2c-9941-234408f8cea2-134028377853952","trial_id":25,"user_attr":{"crash":"TypeError(\"fused_step(): incompatible function arguments. The following argument types are supported:\\n    1. (arg0: str, arg1: str, arg2: torch.Tensor, arg3: torch.Tensor, arg4: torch.Tensor, arg5: torch.Tensor, arg6: float) -> None\\n\\nInvoked with: 'vit', 'adamw', tensor([-7.3495e-04, -2.8502e-02,"}}
{"op_code":0,"worker_id":"52f29c61-08a5-4a68-bee0-d6ce9f15423d-135653394321408","study_name":"neuralgrok__mamba","directions":[1]}
{"op_code":0,"worker_id":"f6a1c0bc-b144-4736-9881-c1299a068d1e-138735477166080","study_name":"adamw__decoder","directions":[1]}
{"op_code":6,"worker_id":"b743611a-9e25-4b2c-9941-234408f8cea2-134028377853952","trial_id":25,"state":1,"values":[12100.0],"datetime_complete":"2026-06-09T23:02:03.956449"}
{"op_code":0,"worker_id":"db3bab52-a7f9-4958-9698-dd31d366d2ab-130407820439552","study_name":"muon__decoder","directions":[1]}
{"op_code":4,"worker_id":"b288c2b1-e49e-41d8-afbe-1fb10ef2db45-138861632921600","study_id":13,"datetime_start":"2026-06-09T23:02:04.311270"}
{"op_code":0,"worker_id":"d9f82f15-a625-4671-9f46-bf5a8bd9002b-130407820439552","study_name":"lion__decoder","directions":[1]}
{"op_code":5,"worker_id":"b288c2b1-e49e-41d8-afbe-1fb10ef2db45-138861632921600","trial_id":32,"param_name":"lr","param_value_internal":0.003872639391054715,"distribution":"{\"name\": \"FloatDistribution\", \"attributes\": {\"step\": null, \"low\": 0.0002, \"high\": 0.005, \"log\": true}}"}
{"op_code":4,"worker_id":"46c2ffe4-548b-4ed8-b987-52efa02a527a-134028377853952","study_id":13,"datetime_start":"2026-06-09T23:02:04.548883"}
{"op_code":0,"worker_id":"c936eab8-c6ae-4394-b0e3-9eb85812f329-130407820439552","study_name":"looksam__decoder","directions":[1]}
{"op_code":0,"worker_id":"925ac3be-dc83-4519-b91e-ce8ed035a004-138735477166080","study_name":"neuralgrok__decoder","directions":[1]}
{"op_code":8,"worker_id":"4e698b44-a502-4a41-8e39-cc3bd1bc1eb6-134882817724416","trial_id":29,"user_attr":{"crash":"AssertionError('No inf checks were recorded for this optimizer.')"}}
{"op_code":0,"worker_id":"c810978a-6067-46af-a164-3a5bdfdcbfeb-130407820439552","study_name":"prodigy__decoder","directions":[1]}
{"op_code":4,"worker_id":"e6c7ba9a-2d49-4a11-bbf7-5920d93e87f3-130407820439552","study_id":0,"datetime_start":"2026-06-09T23:02:04.651470"}
{"op_code":5,"worker_id":"e6c7ba9a-2d49-4a11-bbf7-5920d93e87f3-130407820439552","trial_id":34,"param_name":"lr","param_value_internal":0.00023294115464066322,"distribution":"{\"name\": \"FloatDistribution\", \"attributes\": {\"step\": null, \"low\": 0.0002, \"high\": 0.005, \"log\": true}}"}
{"op_code":5,"worker_id":"e6c7ba9a-2d49-4a11-bbf7-5920d93e87f3-130407820439552","trial_id":34,"param_name":"beta1","param_value_internal":0.8529877937694438,"distribution":"{\"name\": \"FloatDistribution\", \"attributes\": {\"step\": null, \"low\": 0.85, \"high\": 0.95, \"log\": false}}"}
{"op_code":5,"worker_id":"e6c7ba9a-2d49-4a11-bbf7-5920d93e87f3-130407820439552","trial_id":34,"param_name":"beta2","param_value_internal":0.9988888656107743,"distribution":"{\"name\": \"FloatDistribution\", \"attributes\": {\"step\": null, \"low\": 0.95, \"high\": 0.9995, \"log\": false}}"}
{"op_code":5,"worker_id":"7e2a7cc2-ce5d-4750-9aae-65018ba4f46e-138417116717056","trial_id":30,"param_name":"lr","param_value_internal":0.0011576160601673156,"distribution":"{\"name\": \"FloatDistribution\", \"attributes\": {\"step\": null, \"low\": 0.0002, \"high\": 0.005, \"log\": true}}"}
{"op_code":5,"worker_id":"e6c7ba9a-2d49-4a11-bbf7-5920d93e87f3-130407820439552","trial_id":34,"param_name":"weight_decay","param_value_internal":0.3011369783934477,"distribution":"{\"name\": \"FloatDistribution\", \"attributes\": {\"step\": null, \"low\": 0.2, \"high\": 4.0, \"log\": true}}"}
{"op_code":5,"worker_id":"7e2a7cc2-ce5d-4750-9aae-65018ba4f46e-138417116717056","trial_id":30,"param_name":"neural_alpha","param_value_internal":3.185365635006737,"distribution":"{\"name\": \"FloatDistribution\", \"attributes\": {\"step\": null, \"low\": 2.0, \"high\": 30.0, \"log\": true}}"}
{"op_code":0,"worker_id":"a2098b9d-5eba-41cd-b048-cc073efc9089-135653394321408","study_name":"grokadamw__mamba","directions":[1]}
{"op_code":5,"worker_id":"7e2a7cc2-ce5d-4750-9aae-65018ba4f46e-138417116717056","trial_id":30,"param_name":"neural_beta","param_value_internal":8.676386285367716,"distribution":"{\"name\": \"FloatDistribution\", \"attributes\": {\"step\": null, \"low\": 1.0, \"high\": 10.0, \"log\": false}}"}
{"op_code":0,"worker_id":"0a30ba4f-654d-4189-98eb-97fb55b217da-138735477166080","study_name":"grokadamw__decoder","directions":[1]}
{"op_code":5,"worker_id":"7e2a7cc2-ce5d-4750-9aae-65018ba4f46e-138417116717056","trial_id":30,"param_name":"neural_grad_clip","param_value_internal":0.9505585269837273,"distribution":"{\"name\": \"FloatDistribution\", \"attributes\": {\"step\": null, \"low\": 0.5, \"high\": 3.0, \"log\": false}}"}
{"op_code":0,"worker_id":"151b12ba-9e99-4a96-acea-a73d2c1816c3-135653394321408","study_name":"supergrok__mamba","directions":[1]}
{"op_code":5,"worker_id":"7e2a7cc2-ce5d-4750-9aae-65018ba4f46e-138417116717056","trial_id":30,"param_name":"weight_decay","param_value_internal":1.1666656718936412,"distribution":"{\"name\": \"FloatDistribution\", \"attributes\": {\"step\": null, \"low\": 0.2, \"high\": 4.0, \"log\": true}}"}
{"op_code":0,"worker_id":"f4d61d2f-87a9-458f-b878-e4a94ebc49ce-138735477166080","study_name":"supergrok__decoder","directions":[1]}
{"op_code":0,"worker_id":"aab06e0f-59e9-4874-8701-585b0a33d41c-135653394321408","study_name":"supergrok15__mamba","directions":[1]}
{"op_code":8,"worker_id":"e4008bc0-3e01-4d7f-bc36-3e6ba817830b-134485039202304","trial_id":28,"user_attr":{"crash":"AssertionError('No inf checks were recorded for this optimizer.')"}}
{"op_code":6,"worker_id":"e4008bc0-3e01-4d7f-bc36-3e6ba817830b-134485039202304","trial_id":28,"state":1,"values":[24100.0],"datetime_complete":"2026-06-09T23:02:11.532009"}
{"op_code":0,"worker_id":"6d09d009-3b14-4556-b5f7-1756c392889e-138735477166080","study_name":"supergrok15__decoder","directions":[1]}
{"op_code":0,"worker_id":"ac377eba-f3d9-4de3-829d-4f06264d6504-138735477166080","study_name":"supergrok2__decoder","directions":[1]}
{"op_code":5,"worker_id":"e6c7ba9a-2d49-4a11-bbf7-5920d93e87f3-130407820439552","trial_id":34,"param_name":"matmul_precision","param_value_internal":0,"distribution":"{\"name\": \"CategoricalDistribution\", \"attributes\": {\"choices\": [\"bf16\", \"tf32\", \"fp32\", \"fp16amp\"]}}"}
{"op_code":0,"worker_id":"adde07a7-11f1-49df-ad43-3bd087d8fa95-138735477166080","study_name":"grokfast__decoder","directions":[1]}
{"op_code":0,"worker_id":"e84dfb42-2e55-4123-9164-2fb8af6eca0d-138735477166080","study_name":"muon__decoder","directions":[1]}
{"op_code":5,"worker_id":"7e2a7cc2-ce5d-4750-9aae-65018ba4f46e-138417116717056","trial_id":30,"param_name":"matmul_precision","param_value_internal":3,"distribution":"{\"name\": \"CategoricalDistribution\", \"attributes\": {\"choices\": [\"bf16\", \"tf32\", \"fp32\", \"fp16amp\"]}}"}
{"op_code":0,"worker_id":"ab13e41e-9313-4529-b6c6-86a3e7db4a82-138735477166080","study_name":"lion__decoder","directions":[1]}
{"op_code":0,"worker_id":"e8c86f80-9fdb-4422-a458-d3f2c7542451-126199918092288","study_name":"adamw__vit","directions":[1]}
{"op_code":0,"worker_id":"5d01a07b-ed49-443c-9887-8e4868d6c3fb-124921969557504","study_name":"adamw__mamba","directions":[1]}
{"op_code":8,"worker_id":"d6c2fb47-2e44-4f90-a41f-f3f8e797c902-137397948055552","trial_id":27,"user_attr":{"crash":"TypeError(\"fused_step(): incompatible function arguments. The following argument types are supported:\\n    1. (arg0: str, arg1: str, arg2: torch.Tensor, arg3: torch.Tensor, arg4: torch.Tensor, arg5: torch.Tensor, arg6: float) -> None\\n\\nInvoked with: 'transformer_decoder', 'adamw', tensor([-1.1854, "}}
{"op_code":6,"worker_id":"d6c2fb47-2e44-4f90-a41f-f3f8e797c902-137397948055552","trial_id":27,"state":1,"values":[10100.0],"datetime_complete":"2026-06-09T23:02:18.449018"}
{"op_code":0,"worker_id":"a04b9fa0-acb9-4216-86ab-e0e7bf4dc008-138735477166080","study_name":"looksam__decoder","directions":[1]}
{"op_code":0,"worker_id":"8a43f17c-07c0-4588-9f45-3ae858c4f551-126199918092288","study_name":"neuralgrok__vit","directions":[1]}
{"op_code":0,"worker_id":"219797d8-fde4-4035-a684-f9b55d950771-124921969557504","study_name":"neuralgrok__mamba","directions":[1]}
{"op_code":0,"worker_id":"ebdad630-9767-482a-b3d6-3ed55ce79654-138735477166080","study_name":"prodigy__decoder","directions":[1]}
{"op_code":8,"worker_id":"7e2a7cc2-ce5d-4750-9aae-65018ba4f46e-138417116717056","trial_id":30,"user_attr":{"crash":"AssertionError('No inf checks were recorded for this optimizer.')"}}
{"op_code":4,"worker_id":"f6a1c0bc-b144-4736-9881-c1299a068d1e-138735477166080","study_id":0,"datetime_start":"2026-06-09T23:02:18.625013"}
{"op_code":6,"worker_id":"7e2a7cc2-ce5d-4750-9aae-65018ba4f46e-138417116717056","trial_id":30,"state":1,"values":[12100.0],"datetime_complete":"2026-06-09T23:02:18.625701"}
{"op_code":0,"worker_id":"cc46210c-13a6-46b4-9a8d-e6ffca8b3ad4-124921969557504","study_name":"grokadamw__mamba","directions":[1]}
{"op_code":5,"worker_id":"f6a1c0bc-b144-4736-9881-c1299a068d1e-138735477166080","trial_id":35,"param_name":"lr","param_value_internal":0.00038538796825530206,"distribution":"{\"name\": \"FloatDistribution\", \"attributes\": {\"step\": null, \"low\": 0.0002, \"high\": 0.005, \"log\": true}}"}
{"op_code":5,"worker_id":"f6a1c0bc-b144-4736-9881-c1299a068d1e-138735477166080","trial_id":35,"param_name":"beta1","param_value_internal":0.8736134842397059,"distribution":"{\"name\": \"FloatDistribution\", \"attributes\": {\"step\": null, \"low\": 0.85, \"high\": 0.95, \"log\": false}}"}
{"op_code":5,"worker_id":"f6a1c0bc-b144-4736-9881-c1299a068d1e-138735477166080","trial_id":35,"param_name":"beta2","param_value_internal":0.9768614209297507,"distribution":"{\"name\": \"FloatDistribution\", \"attributes\": {\"step\": null, \"low\": 0.95, \"high\": 0.9995, \"log\": false}}"}
{"op_code":5,"worker_id":"f6a1c0bc-b144-4736-9881-c1299a068d1e-138735477166080","trial_id":35,"param_name":"weight_decay","param_value_internal":0.21558439401675056,"distribution":"{\"name\": \"FloatDistribution\", \"attributes\": {\"step\": null, \"low\": 0.2, \"high\": 4.0, \"log\": true}}"}
{"op_code":5,"worker_id":"f6a1c0bc-b144-4736-9881-c1299a068d1e-138735477166080","trial_id":35,"param_name":"matmul_precision","param_value_internal":2,"distribution":"{\"name\": \"CategoricalDistribution\", \"attributes\": {\"choices\": [\"bf16\", \"tf32\", \"fp32\", \"fp16amp\"]}}"}
{"op_code":0,"worker_id":"c7b64706-9357-4f6b-9b78-dcc0861c0ef6-126199918092288","study_name":"grokadamw__vit","directions":[1]}
{"op_code":0,"worker_id":"404a9d34-10ac-4a33-b682-7434753bf16d-124921969557504","study_name":"supergrok__mamba","directions":[1]}
{"op_code":0,"worker_id":"70da3211-4f0d-4fdd-b9a4-07d46424e34d-126199918092288","study_name":"supergrok__vit","directions":[1]}
{"op_code":8,"worker_id":"e6c7ba9a-2d49-4a11-bbf7-5920d93e87f3-130407820439552","trial_id":34,"user_attr":{"crash":"TypeError(\"fused_step(): incompatible function arguments. The following argument types are supported:\\n    1. (arg0: str, arg1: str, arg2: torch.Tensor, arg3: torch.Tensor, arg4: torch.Tensor, arg5: torch.Tensor, arg6: float) -> None\\n\\nInvoked with: 'transformer_decoder', 'adamw', tensor([-0.8324, "}}
{"op_code":6,"worker_id":"e6c7ba9a-2d49-4a11-bbf7-5920d93e87f3-130407820439552","trial_id":34,"state":1,"values":[10100.0],"datetime_complete":"2026-06-09T23:02:32.792590"}
{"op_code":0,"worker_id":"69f85dd6-41a0-402a-9d8f-9443757450a1-124921969557504","study_name":"supergrok15__mamba","directions":[1]}
{"op_code":0,"worker_id":"9b6cb912-ad28-4aed-9e98-4d9c28f8b233-124921969557504","study_name":"supergrok2__mamba","directions":[1]}
{"op_code":0,"worker_id":"05ee80d4-0a14-4a8f-8303-86438e8f1c75-124921969557504","study_name":"grokfast__mamba","directions":[1]}
{"op_code":4,"worker_id":"e6cbe682-5029-46bc-828e-de0a624b5fcd-130407820439552","study_id":1,"datetime_start":"2026-06-09T23:02:32.977580"}
{"op_code":0,"worker_id":"504d506c-d8c1-4bec-bd0b-0f93b9d45c82-124921969557504","study_name":"muon__mamba","directions":[1]}
{"op_code":0,"worker_id":"ec703950-0427-4280-9942-a50e3499604f-124921969557504","study_name":"lion__mamba","directions":[1]}
{"op_code":0,"worker_id":"df4f0642-8f36-45bf-9559-61b5a9467a7b-126199918092288","study_name":"supergrok15__vit","directions":[1]}
{"op_code":0,"worker_id":"099e3130-ae3c-4993-b95f-f5687e97f5f5-126199918092288","study_name":"supergrok2__vit","directions":[1]}
{"op_code":0,"worker_id":"42eb8be0-aa21-486d-914e-41d80d92fbde-126199918092288","study_name":"grokfast__vit","directions":[1]}
{"op_code":0,"worker_id":"397e8bc9-4f59-47ac-b900-523767a569c9-126199918092288","study_name":"muon__vit","directions":[1]}
{"op_code":0,"worker_id":"ebc93641-d862-4315-b2c5-8c09204fce22-126199918092288","study_name":"lion__vit","directions":[1]}
{"op_code":5,"worker_id":"e6cbe682-5029-46bc-828e-de0a624b5fcd-130407820439552","trial_id":36,"param_name":"lr","param_value_internal":0.00023294115464066322,"distribution":"{\"name\": \"FloatDistribution\", \"attributes\": {\"step\": null, \"low\": 0.0002, \"high\": 0.005, \"log\": true}}"}
{"op_code":5,"worker_id":"e6cbe682-5029-46bc-828e-de0a624b5fcd-130407820439552","trial_id":36,"param_name":"neural_alpha","param_value_internal":2.168548686512839,"distribution":"{\"name\": \"FloatDistribution\", \"attributes\": {\"step\": null, \"low\": 2.0, \"high\": 30.0, \"log\": true}}"}
{"op_code":5,"worker_id":"e6cbe682-5029-46bc-828e-de0a624b5fcd-130407820439552","trial_id":36,"param_name":"neural_beta","param_value_internal":9.888884656504395,"distribution":"{\"name\": \"FloatDistribution\", \"attributes\": {\"step\": null, \"low\": 1.0, \"high\": 10.0, \"log\": false}}"}
{"op_code":0,"worker_id":"8c5fb60d-a300-4cff-a7c3-008181367984-126199918092288","study_name":"looksam__vit","directions":[1]}
{"op_code":5,"worker_id":"e6cbe682-5029-46bc-828e-de0a624b5fcd-130407820439552","trial_id":36,"param_name":"neural_grad_clip","param_value_internal":0.8415257398134928,"distribution":"{\"name\": \"FloatDistribution\", \"attributes\": {\"step\": null, \"low\": 0.5, \"high\": 3.0, \"log\": false}}"}
{"op_code":5,"worker_id":"e6cbe682-5029-46bc-828e-de0a624b5fcd-130407820439552","trial_id":36,"param_name":"weight_decay","param_value_internal":1.4415813587535569,"distribution":"{\"name\": \"FloatDistribution\", \"attributes\": {\"step\": null, \"low\": 0.2, \"high\": 4.0, \"log\": true}}"}
{"op_code":5,"worker_id":"e6cbe682-5029-46bc-828e-de0a624b5fcd-130407820439552","trial_id":36,"param_name":"matmul_precision","param_value_internal":3,"distribution":"{\"name\": \"CategoricalDistribution\", \"attributes\": {\"choices\": [\"bf16\", \"tf32\", \"fp32\", \"fp16amp\"]}}"}
{"op_code":0,"worker_id":"4d73df48-b67e-4443-b3ce-636ca8eb1728-126199918092288","study_name":"prodigy__vit","directions":[1]}
{"op_code":4,"worker_id":"e8c86f80-9fdb-4422-a458-d3f2c7542451-126199918092288","study_id":11,"datetime_start":"2026-06-09T23:02:35.015540"}
{"op_code":5,"worker_id":"e8c86f80-9fdb-4422-a458-d3f2c7542451-126199918092288","trial_id":37,"param_name":"lr","param_value_internal":0.002688712893605852,"distribution":"{\"name\": \"FloatDistribution\", \"attributes\": {\"step\": null, \"low\": 0.0002, \"high\": 0.005, \"log\": true}}"}
{"op_code":5,"worker_id":"e8c86f80-9fdb-4422-a458-d3f2c7542451-126199918092288","trial_id":37,"param_name":"beta1","param_value_internal":0.8616506972333066,"distribution":"{\"name\": \"FloatDistribution\", \"attributes\": {\"step\": null, \"low\": 0.85, \"high\": 0.95, \"log\": false}}"}
{"op_code":5,"worker_id":"e8c86f80-9fdb-4422-a458-d3f2c7542451-126199918092288","trial_id":37,"param_name":"beta2","param_value_internal":0.9848621204520889,"distribution":"{\"name\": \"FloatDistribution\", \"attributes\": {\"step\": null, \"low\": 0.95, \"high\": 0.9995, \"log\": false}}"}
{"op_code":5,"worker_id":"e8c86f80-9fdb-4422-a458-d3f2c7542451-126199918092288","trial_id":37,"param_name":"weight_decay","param_value_internal":0.9597756895390301,"distribution":"{\"name\": \"FloatDistribution\", \"attributes\": {\"step\": null, \"low\": 0.2, \"high\": 4.0, \"log\": true}}"}
{"op_code":5,"worker_id":"e8c86f80-9fdb-4422-a458-d3f2c7542451-126199918092288","trial_id":37,"param_name":"matmul_precision","param_value_internal":3,"distribution":"{\"name\": \"CategoricalDistribution\", \"attributes\": {\"choices\": [\"bf16\", \"tf32\", \"fp32\", \"fp16amp\"]}}"}
{"op_code":4,"worker_id":"0447dc80-4ad8-4169-a6fe-da2d6c1fe77c-138417116717056","study_id":24,"datetime_start":"2026-06-09T23:02:25.236118"}
{"op_code":5,"worker_id":"0447dc80-4ad8-4169-a6fe-da2d6c1fe77c-138417116717056","trial_id":38,"param_name":"lr","param_value_internal":0.0011576160601673156,"distribution":"{\"name\": \"FloatDistribution\", \"attributes\": {\"step\": null, \"low\": 0.0002, \"high\": 0.005, \"log\": true}}"}
{"op_code":8,"worker_id":"e6cbe682-5029-46bc-828e-de0a624b5fcd-130407820439552","trial_id":36,"user_attr":{"crash":"AssertionError('No inf checks were recorded for this optimizer.')"}}
{"op_code":5,"worker_id":"0447dc80-4ad8-4169-a6fe-da2d6c1fe77c-138417116717056","trial_id":38,"param_name":"grokadamw_alpha","param_value_internal":0.9170146661881889,"distribution":"{\"name\": \"FloatDistribution\", \"attributes\": {\"step\": null, \"low\": 0.9, \"high\": 0.999, \"log\": false}}"}
{"op_code":6,"worker_id":"e6cbe682-5029-46bc-828e-de0a624b5fcd-130407820439552","trial_id":36,"state":1,"values":[10100.0],"datetime_complete":"2026-06-09T23:02:40.471899"}
{"op_code":5,"worker_id":"0447dc80-4ad8-4169-a6fe-da2d6c1fe77c-138417116717056","trial_id":38,"param_name":"grokadamw_lamb","param_value_internal":6.436649677002274,"distribution":"{\"name\": \"FloatDistribution\", \"attributes\": {\"step\": null, \"low\": 0.5, \"high\": 10.0, \"log\": true}}"}
{"op_code":5,"worker_id":"0447dc80-4ad8-4169-a6fe-da2d6c1fe77c-138417116717056","trial_id":38,"param_name":"grokadamw_grad_clip","param_value_internal":0.9505585269837273,"distribution":"{\"name\": \"FloatDistribution\", \"attributes\": {\"step\": null, \"low\": 0.5, \"high\": 3.0, \"log\": false}}"}
{"op_code":5,"worker_id":"0447dc80-4ad8-4169-a6fe-da2d6c1fe77c-138417116717056","trial_id":38,"param_name":"weight_decay","param_value_internal":1.1666656718936412,"distribution":"{\"name\": \"FloatDistribution\", \"attributes\": {\"step\": null, \"low\": 0.2, \"high\": 4.0, \"log\": true}}"}
{"op_code":5,"worker_id":"0447dc80-4ad8-4169-a6fe-da2d6c1fe77c-138417116717056","trial_id":38,"param_name":"matmul_precision","param_value_internal":3,"distribution":"{\"name\": \"CategoricalDistribution\", \"attributes\": {\"choices\": [\"bf16\", \"tf32\", \"fp32\", \"fp16amp\"]}}"}
{"op_code":4,"worker_id":"15962467-67e7-4409-b4ae-e830dcbffe7e-130407820439552","study_id":2,"datetime_start":"2026-06-09T23:02:45.732031"}
{"op_code":5,"worker_id":"15962467-67e7-4409-b4ae-e830dcbffe7e-130407820439552","trial_id":39,"param_name":"lr","param_value_internal":0.00023294115464066322,"distribution":"{\"name\": \"FloatDistribution\", \"attributes\": {\"step\": null, \"low\": 0.0002, \"high\": 0.005, \"log\": true}}"}
{"op_code":5,"worker_id":"15962467-67e7-4409-b4ae-e830dcbffe7e-130407820439552","trial_id":39,"param_name":"grokadamw_alpha","param_value_internal":0.9029579158317494,"distribution":"{\"name\": \"FloatDistribution\", \"attributes\": {\"step\": null, \"low\": 0.9, \"high\": 0.999, \"log\": false}}"}
{"op_code":5,"worker_id":"15962467-67e7-4409-b4ae-e830dcbffe7e-130407820439552","trial_id":39,"param_name":"grokadamw_lamb","param_value_internal":9.63689860272555,"distribution":"{\"name\": \"FloatDistribution\", \"attributes\": {\"step\": null, \"low\": 0.5, \"high\": 10.0, \"log\": true}}"}
{"op_code":4,"worker_id":"2e3a8247-5dbe-4080-a4ba-f8ab09ec2e50-137397948055552","study_id":1,"datetime_start":"2026-06-09T23:02:18.627367"}
{"op_code":5,"worker_id":"15962467-67e7-4409-b4ae-e830dcbffe7e-130407820439552","trial_id":39,"param_name":"grokadamw_grad_clip","param_value_internal":0.8415257398134928,"distribution":"{\"name\": \"FloatDistribution\", \"attributes\": {\"step\": null, \"low\": 0.5, \"high\": 3.0, \"log\": false}}"}
{"op_code":5,"worker_id":"15962467-67e7-4409-b4ae-e830dcbffe7e-130407820439552","trial_id":39,"param_name":"weight_decay","param_value_internal":1.4415813587535569,"distribution":"{\"name\": \"FloatDistribution\", \"attributes\": {\"step\": null, \"low\": 0.2, \"high\": 4.0, \"log\": true}}"}
{"op_code":5,"worker_id":"2e3a8247-5dbe-4080-a4ba-f8ab09ec2e50-137397948055552","trial_id":40,"param_name":"lr","param_value_internal":0.003872639391054715,"distribution":"{\"name\": \"FloatDistribution\", \"attributes\": {\"step\": null, \"low\": 0.0002, \"high\": 0.005, \"log\": true}}"}
{"op_code":5,"worker_id":"2e3a8247-5dbe-4080-a4ba-f8ab09ec2e50-137397948055552","trial_id":40,"param_name":"neural_alpha","param_value_internal":9.634830773222056,"distribution":"{\"name\": \"FloatDistribution\", \"attributes\": {\"step\": null, \"low\": 2.0, \"high\": 30.0, \"log\": true}}"}
{"op_code":5,"worker_id":"2e3a8247-5dbe-4080-a4ba-f8ab09ec2e50-137397948055552","trial_id":40,"param_name":"neural_beta","param_value_internal":9.815425284307974,"distribution":"{\"name\": \"FloatDistribution\", \"attributes\": {\"step\": null, \"low\": 1.0, \"high\": 10.0, \"log\": false}}"}
{"op_code":5,"worker_id":"2e3a8247-5dbe-4080-a4ba-f8ab09ec2e50-137397948055552","trial_id":40,"param_name":"neural_grad_clip","param_value_internal":2.3630209373618687,"distribution":"{\"name\": \"FloatDistribution\", \"attributes\": {\"step\": null, \"low\": 0.5, \"high\": 3.0, \"log\": false}}"}
{"op_code":5,"worker_id":"2e3a8247-5dbe-4080-a4ba-f8ab09ec2e50-137397948055552","trial_id":40,"param_name":"weight_decay","param_value_internal":3.0760669060789647,"distribution":"{\"name\": \"FloatDistribution\", \"attributes\": {\"step\": null, \"low\": 0.2, \"high\": 4.0, \"log\": true}}"}
{"op_code":5,"worker_id":"2e3a8247-5dbe-4080-a4ba-f8ab09ec2e50-137397948055552","trial_id":40,"param_name":"matmul_precision","param_value_internal":1,"distribution":"{\"name\": \"CategoricalDistribution\", \"attributes\": {\"choices\": [\"bf16\", \"tf32\", \"fp32\", \"fp16amp\"]}}"}
{"op_code":0,"worker_id":"9ef42075-42b3-4f70-aa9a-f5c1416c2936-124921969557504","study_name":"looksam__mamba","directions":[1]}
{"op_code":0,"worker_id":"c107fbb3-e868-43ed-bdc9-f4d4cef40574-124921969557504","study_name":"prodigy__mamba","directions":[1]}
{"op_code":4,"worker_id":"5d01a07b-ed49-443c-9887-8e4868d6c3fb-124921969557504","study_id":12,"datetime_start":"2026-06-09T23:02:51.596027"}
{"op_code":5,"worker_id":"5d01a07b-ed49-443c-9887-8e4868d6c3fb-124921969557504","trial_id":41,"param_name":"lr","param_value_internal":0.003872639391054715,"distribution":"{\"name\": \"FloatDistribution\", \"attributes\": {\"step\": null, \"low\": 0.0002, \"high\": 0.005, \"log\": true}}"}
{"op_code":5,"worker_id":"5d01a07b-ed49-443c-9887-8e4868d6c3fb-124921969557504","trial_id":41,"param_name":"beta1","param_value_internal":0.9080579177135406,"distribution":"{\"name\": \"FloatDistribution\", \"attributes\": {\"step\": null, \"low\": 0.85, \"high\": 0.95, \"log\": false}}"}
{"op_code":5,"worker_id":"5d01a07b-ed49-443c-9887-8e4868d6c3fb-124921969557504","trial_id":41,"param_name":"beta2","param_value_internal":0.9984848390636939,"distribution":"{\"name\": \"FloatDistribution\", \"attributes\": {\"step\": null, \"low\": 0.95, \"high\": 0.9995, \"log\": false}}"}
{"op_code":7,"worker_id":"2e3a8247-5dbe-4080-a4ba-f8ab09ec2e50-137397948055552","trial_id":40,"step":1,"intermediate_value":0.007280578138306737}
{"op_code":5,"worker_id":"5d01a07b-ed49-443c-9887-8e4868d6c3fb-124921969557504","trial_id":41,"param_name":"weight_decay","param_value_internal":1.8645260030089423,"distribution":"{\"name\": \"FloatDistribution\", \"attributes\": {\"step\": null, \"low\": 0.2, \"high\": 4.0, \"log\": true}}"}
{"op_code":5,"worker_id":"5d01a07b-ed49-443c-9887-8e4868d6c3fb-124921969557504","trial_id":41,"param_name":"matmul_precision","param_value_internal":0,"distribution":"{\"name\": \"CategoricalDistribution\", \"attributes\": {\"choices\": [\"bf16\", \"tf32\", \"fp32\", \"fp16amp\"]}}"}
{"op_code":8,"worker_id":"b4d12b61-ac29-4372-84e3-89226ba969da-133278269722624","trial_id":31,"user_attr":{"crash":"TypeError(\"fused_step(): incompatible function arguments. The following argument types are supported:\\n    1. (arg0: str, arg1: str, arg2: torch.Tensor, arg3: torch.Tensor, arg4: torch.Tensor, arg5: torch.Tensor, arg6: float) -> None\\n\\nInvoked with: 'transformer_decoder', 'adamw', tensor([ 0.4961, "}}
{"op_code":4,"worker_id":"988bc229-147d-4984-ba60-2fb82aca9a8b-134485039202304","study_id":15,"datetime_start":"2026-06-09T23:02:17.078732"}
{"op_code":5,"worker_id":"15962467-67e7-4409-b4ae-e830dcbffe7e-130407820439552","trial_id":39,"param_name":"matmul_precision","param_value_internal":3,"distribution":"{\"name\": \"CategoricalDistribution\", \"attributes\": {\"choices\": [\"bf16\", \"tf32\", \"fp32\", \"fp16amp\"]}}"}
{"op_code":6,"worker_id":"b4d12b61-ac29-4372-84e3-89226ba969da-133278269722624","trial_id":31,"state":1,"values":[10100.0],"datetime_complete":"2026-06-09T23:02:56.857400"}
{"op_code":7,"worker_id":"2e3a8247-5dbe-4080-a4ba-f8ab09ec2e50-137397948055552","trial_id":40,"step":2,"intermediate_value":0.016598548274487257}
{"op_code":7,"worker_id":"0447dc80-4ad8-4169-a6fe-da2d6c1fe77c-138417116717056","trial_id":38,"step":1,"intermediate_value":0.018788630608469248}
{"op_code":5,"worker_id":"988bc229-147d-4984-ba60-2fb82aca9a8b-134485039202304","trial_id":42,"param_name":"lr","param_value_internal":0.0011576160601673156,"distribution":"{\"name\": \"FloatDistribution\", \"attributes\": {\"step\": null, \"low\": 0.0002, \"high\": 0.005, \"log\": true}}"}
{"op_code":4,"worker_id":"b0c9ae72-81be-4f8d-bdfe-e40fead80a21-133278269722624","study_id":1,"datetime_start":"2026-06-09T23:03:02.489634"}
{"op_code":5,"worker_id":"988bc229-147d-4984-ba60-2fb82aca9a8b-134485039202304","trial_id":42,"param_name":"grokadamw_alpha","param_value_internal":0.9170146661881889,"distribution":"{\"name\": \"FloatDistribution\", \"attributes\": {\"step\": null, \"low\": 0.9, \"high\": 0.999, \"log\": false}}"}
{"op_code":5,"worker_id":"b0c9ae72-81be-4f8d-bdfe-e40fead80a21-133278269722624","trial_id":43,"param_name":"lr","param_value_internal":0.002688712893605852,"distribution":"{\"name\": \"FloatDistribution\", \"attributes\": {\"step\": null, \"low\": 0.0002, \"high\": 0.005, \"log\": true}}"}
{"op_code":5,"worker_id":"988bc229-147d-4984-ba60-2fb82aca9a8b-134485039202304","trial_id":42,"param_name":"grokadamw_lamb","param_value_internal":6.436649677002274,"distribution":"{\"name\": \"FloatDistribution\", \"attributes\": {\"step\": null, \"low\": 0.5, \"high\": 10.0, \"log\": true}}"}
{"op_code":5,"worker_id":"b0c9ae72-81be-4f8d-bdfe-e40fead80a21-133278269722624","trial_id":43,"param_name":"neural_alpha","param_value_internal":2.7419076764296224,"distribution":"{\"name\": \"FloatDistribution\", \"attributes\": {\"step\": null, \"low\": 2.0, \"high\": 30.0, \"log\": true}}"}
{"op_code":5,"worker_id":"b0c9ae72-81be-4f8d-bdfe-e40fead80a21-133278269722624","trial_id":43,"param_name":"neural_beta","param_value_internal":7.338567354925254,"distribution":"{\"name\": \"FloatDistribution\", \"attributes\": {\"step\": null, \"low\": 1.0, \"high\": 10.0, \"log\": false}}"}
{"op_code":5,"worker_id":"b0c9ae72-81be-4f8d-bdfe-e40fead80a21-133278269722624","trial_id":43,"param_name":"neural_grad_clip","param_value_internal":1.8088471287364318,"distribution":"{\"name\": \"FloatDistribution\", \"attributes\": {\"step\": null, \"low\": 0.5, \"high\": 3.0, \"log\": false}}"}
{"op_code":5,"worker_id":"b0c9ae72-81be-4f8d-bdfe-e40fead80a21-133278269722624","trial_id":43,"param_name":"weight_decay","param_value_internal":0.320776422120854,"distribution":"{\"name\": \"FloatDistribution\", \"attributes\": {\"step\": null, \"low\": 0.2, \"high\": 4.0, \"log\": true}}"}
{"op_code":5,"worker_id":"b0c9ae72-81be-4f8d-bdfe-e40fead80a21-133278269722624","trial_id":43,"param_name":"matmul_precision","param_value_internal":2,"distribution":"{\"name\": \"CategoricalDistribution\", \"attributes\": {\"choices\": [\"bf16\", \"tf32\", \"fp32\", \"fp16amp\"]}}"}
{"op_code":8,"worker_id":"b9015096-a264-4013-b1b4-fd888c28b1c6-133136419479552","trial_id":23,"user_attr":{"crash":"TypeError(\"fused_step(): incompatible function arguments. The following argument types are supported:\\n    1. (arg0: str, arg1: str, arg2: torch.Tensor, arg3: torch.Tensor, arg4: torch.Tensor, arg5: torch.Tensor, arg6: float) -> None\\n\\nInvoked with: 'transformer_decoder', 'adamw', tensor([ 0.9218, "}}
{"op_code":5,"worker_id":"46c2ffe4-548b-4ed8-b987-52efa02a527a-134028377853952","trial_id":33,"param_name":"lr","param_value_internal":0.0008565293722924722,"distribution":"{\"name\": \"FloatDistribution\", \"attributes\": {\"step\": null, \"low\": 0.0002, \"high\": 0.005, \"log\": true}}"}
{"op_code":6,"worker_id":"b9015096-a264-4013-b1b4-fd888c28b1c6-133136419479552","trial_id":23,"state":1,"values":[10100.0],"datetime_complete":"2026-06-09T23:03:12.838354"}
{"op_code":5,"worker_id":"46c2ffe4-548b-4ed8-b987-52efa02a527a-134028377853952","trial_id":33,"param_name":"neural_alpha","param_value_internal":19.28355624289931,"distribution":"{\"name\": \"FloatDistribution\", \"attributes\": {\"step\": null, \"low\": 2.0, \"high\": 30.0, \"log\": true}}"}
{"op_code":5,"worker_id":"46c2ffe4-548b-4ed8-b987-52efa02a527a-134028377853952","trial_id":33,"param_name":"neural_beta","param_value_internal":5.4565442999850955,"distribution":"{\"name\": \"FloatDistribution\", \"attributes\": {\"step\": null, \"low\": 1.0, \"high\": 10.0, \"log\": false}}"}
{"op_code":5,"worker_id":"46c2ffe4-548b-4ed8-b987-52efa02a527a-134028377853952","trial_id":33,"param_name":"neural_grad_clip","param_value_internal":2.402513106315949,"distribution":"{\"name\": \"FloatDistribution\", \"attributes\": {\"step\": null, \"low\": 0.5, \"high\": 3.0, \"log\": false}}"}
{"op_code":5,"worker_id":"46c2ffe4-548b-4ed8-b987-52efa02a527a-134028377853952","trial_id":33,"param_name":"weight_decay","param_value_internal":0.4419155679144035,"distribution":"{\"name\": \"FloatDistribution\", \"attributes\": {\"step\": null, \"low\": 0.2, \"high\": 4.0, \"log\": true}}"}
{"op_code":5,"worker_id":"46c2ffe4-548b-4ed8-b987-52efa02a527a-134028377853952","trial_id":33,"param_name":"matmul_precision","param_value_internal":3,"distribution":"{\"name\": \"CategoricalDistribution\", \"attributes\": {\"choices\": [\"bf16\", \"tf32\", \"fp32\", \"fp16amp\"]}}"}
{"op_code":8,"worker_id":"f6a1c0bc-b144-4736-9881-c1299a068d1e-138735477166080","trial_id":35,"user_attr":{"crash":"TypeError(\"fused_step(): incompatible function arguments. The following argument types are supported:\\n    1. (arg0: str, arg1: str, arg2: torch.Tensor, arg3: torch.Tensor, arg4: torch.Tensor, arg5: torch.Tensor, arg6: float) -> None\\n\\nInvoked with: 'transformer_decoder', 'adamw', tensor([ 1.8405, "}}
{"op_code":6,"worker_id":"f6a1c0bc-b144-4736-9881-c1299a068d1e-138735477166080","trial_id":35,"state":1,"values":[10100.0],"datetime_complete":"2026-06-09T23:03:18.508718"}
{"op_code":7,"worker_id":"2e3a8247-5dbe-4080-a4ba-f8ab09ec2e50-137397948055552","trial_id":40,"step":3,"intermediate_value":0.010862755123525858}
{"op_code":7,"worker_id":"0447dc80-4ad8-4169-a6fe-da2d6c1fe77c-138417116717056","trial_id":38,"step":2,"intermediate_value":0.021036391612142324}
{"op_code":8,"worker_id":"46c2ffe4-548b-4ed8-b987-52efa02a527a-134028377853952","trial_id":33,"user_attr":{"crash":"AssertionError('No inf checks were recorded for this optimizer.')"}}
{"op_code":6,"worker_id":"46c2ffe4-548b-4ed8-b987-52efa02a527a-134028377853952","trial_id":33,"state":1,"values":[12100.0],"datetime_complete":"2026-06-09T23:03:18.650050"}
{"op_code":4,"worker_id":"925ac3be-dc83-4519-b91e-ce8ed035a004-138735477166080","study_id":1,"datetime_start":"2026-06-09T23:03:18.651602"}
{"op_code":7,"worker_id":"2e3a8247-5dbe-4080-a4ba-f8ab09ec2e50-137397948055552","trial_id":40,"step":4,"intermediate_value":0.014325628988444805}
{"op_code":7,"worker_id":"15962467-67e7-4409-b4ae-e830dcbffe7e-130407820439552","trial_id":39,"step":1,"intermediate_value":0.015763425268232822}
{"op_code":7,"worker_id":"2e3a8247-5dbe-4080-a4ba-f8ab09ec2e50-137397948055552","trial_id":40,"step":5,"intermediate_value":0.011578574776649475}
{"op_code":7,"worker_id":"15962467-67e7-4409-b4ae-e830dcbffe7e-130407820439552","trial_id":39,"step":2,"intermediate_value":0.012058866675943136}
{"op_code":4,"worker_id":"d39992d2-be1d-4157-8b6c-cf3bb48d308c-133136419479552","study_id":1,"datetime_start":"2026-06-09T23:03:23.988953"}
{"op_code":5,"worker_id":"d39992d2-be1d-4157-8b6c-cf3bb48d308c-133136419479552","trial_id":45,"param_name":"lr","param_value_internal":0.0008565293722924722,"distribution":"{\"name\": \"FloatDistribution\", \"attributes\": {\"step\": null, \"low\": 0.0002, \"high\": 0.005, \"log\": true}}"}
{"op_code":4,"worker_id":"44c6a450-b07e-4b06-baaf-2f623988bc71-134028377853952","study_id":24,"datetime_start":"2026-06-09T23:03:30.265704"}
{"op_code":5,"worker_id":"d39992d2-be1d-4157-8b6c-cf3bb48d308c-133136419479552","trial_id":45,"param_name":"neural_alpha","param_value_internal":19.28355624289931,"distribution":"{\"name\": \"FloatDistribution\", \"attributes\": {\"step\": null, \"low\": 2.0, \"high\": 30.0, \"log\": true}}"}
{"op_code":5,"worker_id":"44c6a450-b07e-4b06-baaf-2f623988bc71-134028377853952","trial_id":46,"param_name":"lr","param_value_internal":0.0008565293722924722,"distribution":"{\"name\": \"FloatDistribution\", \"attributes\": {\"step\": null, \"low\": 0.0002, \"high\": 0.005, \"log\": true}}"}
{"op_code":5,"worker_id":"44c6a450-b07e-4b06-baaf-2f623988bc71-134028377853952","trial_id":46,"param_name":"grokadamw_alpha","param_value_internal":0.9828435339822048,"distribution":"{\"name\": \"FloatDistribution\", \"attributes\": {\"step\": null, \"low\": 0.9, \"high\": 0.999, \"log\": false}}"}
{"op_code":5,"worker_id":"44c6a450-b07e-4b06-baaf-2f623988bc71-134028377853952","trial_id":46,"param_name":"grokadamw_lamb","param_value_internal":2.2039568856103418,"distribution":"{\"name\": \"FloatDistribution\", \"attributes\": {\"step\": null, \"low\": 0.5, \"high\": 10.0, \"log\": true}}"}
{"op_code":5,"worker_id":"44c6a450-b07e-4b06-baaf-2f623988bc71-134028377853952","trial_id":46,"param_name":"grokadamw_grad_clip","param_value_internal":2.402513106315949,"distribution":"{\"name\": \"FloatDistribution\", \"attributes\": {\"step\": null, \"low\": 0.5, \"high\": 3.0, \"log\": false}}"}
{"op_code":5,"worker_id":"44c6a450-b07e-4b06-baaf-2f623988bc71-134028377853952","trial_id":46,"param_name":"weight_decay","param_value_internal":0.4419155679144035,"distribution":"{\"name\": \"FloatDistribution\", \"attributes\": {\"step\": null, \"low\": 0.2, \"high\": 4.0, \"log\": true}}"}
{"op_code":5,"worker_id":"44c6a450-b07e-4b06-baaf-2f623988bc71-134028377853952","trial_id":46,"param_name":"matmul_precision","param_value_internal":3,"distribution":"{\"name\": \"CategoricalDistribution\", \"attributes\": {\"choices\": [\"bf16\", \"tf32\", \"fp32\", \"fp16amp\"]}}"}
{"op_code":7,"worker_id":"44c6a450-b07e-4b06-baaf-2f623988bc71-134028377853952","trial_id":46,"step":1,"intermediate_value":0.011579010635614395}
{"op_code":7,"worker_id":"2e3a8247-5dbe-4080-a4ba-f8ab09ec2e50-137397948055552","trial_id":40,"step":6,"intermediate_value":0.021854049991816282}
{"op_code":7,"worker_id":"44c6a450-b07e-4b06-baaf-2f623988bc71-134028377853952","trial_id":46,"step":2,"intermediate_value":0.016188604291528463}
{"op_code":7,"worker_id":"2e3a8247-5dbe-4080-a4ba-f8ab09ec2e50-137397948055552","trial_id":40,"step":7,"intermediate_value":0.032719883136451244}
{"op_code":7,"worker_id":"44c6a450-b07e-4b06-baaf-2f623988bc71-134028377853952","trial_id":46,"step":3,"intermediate_value":0.016188604291528463}
{"op_code":7,"worker_id":"2e3a8247-5dbe-4080-a4ba-f8ab09ec2e50-137397948055552","trial_id":40,"step":8,"intermediate_value":0.034989723935723305}
{"op_code":7,"worker_id":"44c6a450-b07e-4b06-baaf-2f623988bc71-134028377853952","trial_id":46,"step":4,"intermediate_value":0.016188604291528463}
{"op_code":7,"worker_id":"2e3a8247-5dbe-4080-a4ba-f8ab09ec2e50-137397948055552","trial_id":40,"step":9,"intermediate_value":0.02781613450497389}
{"op_code":8,"worker_id":"00d26a63-1121-451d-97ed-d4e7db4f8020-124878650773504","trial_id":26,"user_attr":{"crash":"TypeError(\"fused_step(): incompatible function arguments. The following argument types are supported:\\n    1. (arg0: str, arg1: str, arg2: torch.Tensor, arg3: torch.Tensor, arg4: torch.Tensor, arg5: torch.Tensor, arg6: float) -> None\\n\\nInvoked with: 'mamba3', 'adamw', tensor([ 2.2984,  0.4495, -1.4"}}
{"op_code":5,"worker_id":"d39992d2-be1d-4157-8b6c-cf3bb48d308c-133136419479552","trial_id":45,"param_name":"neural_beta","param_value_internal":5.4565442999850955,"distribution":"{\"name\": \"FloatDistribution\", \"attributes\": {\"step\": null, \"low\": 1.0, \"high\": 10.0, \"log\": false}}"}
{"op_code":7,"worker_id":"44c6a450-b07e-4b06-baaf-2f623988bc71-134028377853952","trial_id":46,"step":5,"intermediate_value":0.016188604291528463}
{"op_code":6,"worker_id":"00d26a63-1121-451d-97ed-d4e7db4f8020-124878650773504","trial_id":26,"state":1,"values":[24100.0],"datetime_complete":"2026-06-09T23:03:30.936240"}
{"op_code":7,"worker_id":"2e3a8247-5dbe-4080-a4ba-f8ab09ec2e50-137397948055552","trial_id":40,"step":10,"intermediate_value":0.02710031531751156}
{"op_code":7,"worker_id":"15962467-67e7-4409-b4ae-e830dcbffe7e-130407820439552","trial_id":39,"step":3,"intermediate_value":0.01420940412208438}
{"op_code":5,"worker_id":"988bc229-147d-4984-ba60-2fb82aca9a8b-134485039202304","trial_id":42,"param_name":"grokadamw_grad_clip","param_value_internal":0.9505585269837273,"distribution":"{\"name\": \"FloatDistribution\", \"attributes\": {\"step\": null, \"low\": 0.5, \"high\": 3.0, \"log\": false}}"}
{"op_code":5,"worker_id":"988bc229-147d-4984-ba60-2fb82aca9a8b-134485039202304","trial_id":42,"param_name":"weight_decay","param_value_internal":1.1666656718936412,"distribution":"{\"name\": \"FloatDistribution\", \"attributes\": {\"step\": null, \"low\": 0.2, \"high\": 4.0, \"log\": true}}"}
{"op_code":7,"worker_id":"15962467-67e7-4409-b4ae-e830dcbffe7e-130407820439552","trial_id":39,"step":4,"intermediate_value":0.01420940412208438}
{"op_code":5,"worker_id":"988bc229-147d-4984-ba60-2fb82aca9a8b-134485039202304","trial_id":42,"param_name":"matmul_precision","param_value_internal":3,"distribution":"{\"name\": \"CategoricalDistribution\", \"attributes\": {\"choices\": [\"bf16\", \"tf32\", \"fp32\", \"fp16amp\"]}}"}
{"op_code":5,"worker_id":"d39992d2-be1d-4157-8b6c-cf3bb48d308c-133136419479552","trial_id":45,"param_name":"neural_grad_clip","param_value_internal":2.402513106315949,"distribution":"{\"name\": \"FloatDistribution\", \"attributes\": {\"step\": null, \"low\": 0.5, \"high\": 3.0, \"log\": false}}"}
{"op_code":8,"worker_id":"e8c86f80-9fdb-4422-a458-d3f2c7542451-126199918092288","trial_id":37,"user_attr":{"crash":"TypeError(\"fused_step(): incompatible function arguments. The following argument types are supported:\\n    1. (arg0: str, arg1: str, arg2: torch.Tensor, arg3: torch.Tensor, arg4: torch.Tensor, arg5: torch.Tensor, arg6: float) -> None\\n\\nInvoked with: 'vit', 'adamw', tensor([-0.0068, -0.0096,  0.0201"}}
{"op_code":5,"worker_id":"d39992d2-be1d-4157-8b6c-cf3bb48d308c-133136419479552","trial_id":45,"param_name":"weight_decay","param_value_internal":0.4419155679144035,"distribution":"{\"name\": \"FloatDistribution\", \"attributes\": {\"step\": null, \"low\": 0.2, \"high\": 4.0, \"log\": true}}"}
{"op_code":6,"worker_id":"e8c86f80-9fdb-4422-a458-d3f2c7542451-126199918092288","trial_id":37,"state":1,"values":[12100.0],"datetime_complete":"2026-06-09T23:03:43.207417"}
{"op_code":5,"worker_id":"d39992d2-be1d-4157-8b6c-cf3bb48d308c-133136419479552","trial_id":45,"param_name":"matmul_precision","param_value_internal":3,"distribution":"{\"name\": \"CategoricalDistribution\", \"attributes\": {\"choices\": [\"bf16\", \"tf32\", \"fp32\", \"fp16amp\"]}}"}
{"op_code":4,"worker_id":"cf9cf729-a546-45d9-bb4d-3718aff6d658-124878650773504","study_id":14,"datetime_start":"2026-06-09T23:03:43.671206"}
{"op_code":5,"worker_id":"cf9cf729-a546-45d9-bb4d-3718aff6d658-124878650773504","trial_id":47,"param_name":"lr","param_value_internal":0.002688712893605852,"distribution":"{\"name\": \"FloatDistribution\", \"attributes\": {\"step\": null, \"low\": 0.0002, \"high\": 0.005, \"log\": true}}"}
{"op_code":5,"worker_id":"cf9cf729-a546-45d9-bb4d-3718aff6d658-124878650773504","trial_id":47,"param_name":"neural_alpha","param_value_internal":2.7419076764296224,"distribution":"{\"name\": \"FloatDistribution\", \"attributes\": {\"step\": null, \"low\": 2.0, \"high\": 30.0, \"log\": true}}"}
{"op_code":5,"worker_id":"cf9cf729-a546-45d9-bb4d-3718aff6d658-124878650773504","trial_id":47,"param_name":"neural_beta","param_value_internal":7.338567354925254,"distribution":"{\"name\": \"FloatDistribution\", \"attributes\": {\"step\": null, \"low\": 1.0, \"high\": 10.0, \"log\": false}}"}
{"op_code":5,"worker_id":"cf9cf729-a546-45d9-bb4d-3718aff6d658-124878650773504","trial_id":47,"param_name":"neural_grad_clip","param_value_internal":1.8088471287364318,"distribution":"{\"name\": \"FloatDistribution\", \"attributes\": {\"step\": null, \"low\": 0.5, \"high\": 3.0, \"log\": false}}"}
{"op_code":5,"worker_id":"cf9cf729-a546-45d9-bb4d-3718aff6d658-124878650773504","trial_id":47,"param_name":"weight_decay","param_value_internal":0.320776422120854,"distribution":"{\"name\": \"FloatDistribution\", \"attributes\": {\"step\": null, \"low\": 0.2, \"high\": 4.0, \"log\": true}}"}
{"op_code":5,"worker_id":"cf9cf729-a546-45d9-bb4d-3718aff6d658-124878650773504","trial_id":47,"param_name":"matmul_precision","param_value_internal":2,"distribution":"{\"name\": \"CategoricalDistribution\", \"attributes\": {\"choices\": [\"bf16\", \"tf32\", \"fp32\", \"fp16amp\"]}}"}
{"op_code":4,"worker_id":"8a43f17c-07c0-4588-9f45-3ae858c4f551-126199918092288","study_id":13,"datetime_start":"2026-06-09T23:03:43.328459"}
{"op_code":5,"worker_id":"8a43f17c-07c0-4588-9f45-3ae858c4f551-126199918092288","trial_id":48,"param_name":"lr","param_value_internal":0.002688712893605852,"distribution":"{\"name\": \"FloatDistribution\", \"attributes\": {\"step\": null, \"low\": 0.0002, \"high\": 0.005, \"log\": true}}"}
{"op_code":5,"worker_id":"8a43f17c-07c0-4588-9f45-3ae858c4f551-126199918092288","trial_id":48,"param_name":"neural_alpha","param_value_internal":2.7419076764296224,"distribution":"{\"name\": \"FloatDistribution\", \"attributes\": {\"step\": null, \"low\": 2.0, \"high\": 30.0, \"log\": true}}"}
{"op_code":7,"worker_id":"988bc229-147d-4984-ba60-2fb82aca9a8b-134485039202304","trial_id":42,"step":1,"intermediate_value":0.020303107798099518}
{"op_code":7,"worker_id":"cf9cf729-a546-45d9-bb4d-3718aff6d658-124878650773504","trial_id":47,"step":1,"intermediate_value":0.011939563322812319}
{"op_code":8,"worker_id":"d39992d2-be1d-4157-8b6c-cf3bb48d308c-133136419479552","trial_id":45,"user_attr":{"crash":"AssertionError('No inf checks were recorded for this optimizer.')"}}
{"op_code":7,"worker_id":"15962467-67e7-4409-b4ae-e830dcbffe7e-130407820439552","trial_id":39,"step":5,"intermediate_value":0.01420940412208438}
{"op_code":6,"worker_id":"d39992d2-be1d-4157-8b6c-cf3bb48d308c-133136419479552","trial_id":45,"state":1,"values":[10100.0],"datetime_complete":"2026-06-09T23:03:45.190857"}
{"op_code":7,"worker_id":"988bc229-147d-4984-ba60-2fb82aca9a8b-134485039202304","trial_id":42,"step":2,"intermediate_value":0.020303107798099518}
{"op_code":7,"worker_id":"988bc229-147d-4984-ba60-2fb82aca9a8b-134485039202304","trial_id":42,"step":3,"intermediate_value":0.023765981197357178}
{"op_code":8,"worker_id":"5d01a07b-ed49-443c-9887-8e4868d6c3fb-124921969557504","trial_id":41,"user_attr":{"crash":"TypeError(\"fused_step(): incompatible function arguments. The following argument types are supported:\\n    1. (arg0: str, arg1: str, arg2: torch.Tensor, arg3: torch.Tensor, arg4: torch.Tensor, arg5: torch.Tensor, arg6: float) -> None\\n\\nInvoked with: 'mamba3', 'adamw', tensor([-0.4368,  0.1255, -0.4"}}
{"op_code":6,"worker_id":"5d01a07b-ed49-443c-9887-8e4868d6c3fb-124921969557504","trial_id":41,"state":1,"values":[24100.0],"datetime_complete":"2026-06-09T23:03:50.990120"}
{"op_code":7,"worker_id":"988bc229-147d-4984-ba60-2fb82aca9a8b-134485039202304","trial_id":42,"step":4,"intermediate_value":0.021854049991816282}
{"op_code":4,"worker_id":"219797d8-fde4-4035-a684-f9b55d950771-124921969557504","study_id":14,"datetime_start":"2026-06-09T23:03:51.170794"}
{"op_code":5,"worker_id":"219797d8-fde4-4035-a684-f9b55d950771-124921969557504","trial_id":49,"param_name":"lr","param_value_internal":0.003872639391054715,"distribution":"{\"name\": \"FloatDistribution\", \"attributes\": {\"step\": null, \"low\": 0.0002, \"high\": 0.005, \"log\": true}}"}
{"op_code":5,"worker_id":"219797d8-fde4-4035-a684-f9b55d950771-124921969557504","trial_id":49,"param_name":"neural_alpha","param_value_internal":9.634830773222056,"distribution":"{\"name\": \"FloatDistribution\", \"attributes\": {\"step\": null, \"low\": 2.0, \"high\": 30.0, \"log\": true}}"}
{"op_code":5,"worker_id":"219797d8-fde4-4035-a684-f9b55d950771-124921969557504","trial_id":49,"param_name":"neural_beta","param_value_internal":9.815425284307974,"distribution":"{\"name\": \"FloatDistribution\", \"attributes\": {\"step\": null, \"low\": 1.0, \"high\": 10.0, \"log\": false}}"}
{"op_code":7,"worker_id":"988bc229-147d-4984-ba60-2fb82aca9a8b-134485039202304","trial_id":42,"step":5,"intermediate_value":0.01958420965820551}
{"op_code":5,"worker_id":"219797d8-fde4-4035-a684-f9b55d950771-124921969557504","trial_id":49,"param_name":"neural_grad_clip","param_value_internal":2.3630209373618687,"distribution":"{\"name\": \"FloatDistribution\", \"attributes\": {\"step\": null, \"low\": 0.5, \"high\": 3.0, \"log\": false}}"}
{"op_code":5,"worker_id":"219797d8-fde4-4035-a684-f9b55d950771-124921969557504","trial_id":49,"param_name":"weight_decay","param_value_internal":3.0760669060789647,"distribution":"{\"name\": \"FloatDistribution\", \"attributes\": {\"step\": null, \"low\": 0.2, \"high\": 4.0, \"log\": true}}"}
{"op_code":5,"worker_id":"219797d8-fde4-4035-a684-f9b55d950771-124921969557504","trial_id":49,"param_name":"matmul_precision","param_value_internal":1,"distribution":"{\"name\": \"CategoricalDistribution\", \"attributes\": {\"choices\": [\"bf16\", \"tf32\", \"fp32\", \"fp16amp\"]}}"}
{"op_code":7,"worker_id":"15962467-67e7-4409-b4ae-e830dcbffe7e-130407820439552","trial_id":39,"step":6,"intermediate_value":0.016837154515087605}
{"op_code":4,"worker_id":"38c72711-3d75-48a8-a479-bb713d90eb3c-133136419479552","study_id":2,"datetime_start":"2026-06-09T23:03:51.350379"}
{"op_code":5,"worker_id":"38c72711-3d75-48a8-a479-bb713d90eb3c-133136419479552","trial_id":50,"param_name":"lr","param_value_internal":0.0008565293722924722,"distribution":"{\"name\": \"FloatDistribution\", \"attributes\": {\"step\": null, \"low\": 0.0002, \"high\": 0.005, \"log\": true}}"}
{"op_code":7,"worker_id":"15962467-67e7-4409-b4ae-e830dcbffe7e-130407820439552","trial_id":39,"step":7,"intermediate_value":0.016956457868218422}
{"op_code":7,"worker_id":"219797d8-fde4-4035-a684-f9b55d950771-124921969557504","trial_id":49,"step":1,"intermediate_value":0.016598548274487257}
{"op_code":7,"worker_id":"988bc229-147d-4984-ba60-2fb82aca9a8b-134485039202304","trial_id":42,"step":6,"intermediate_value":0.026393731590360403}
{"op_code":7,"worker_id":"15962467-67e7-4409-b4ae-e830dcbffe7e-130407820439552","trial_id":39,"step":8,"intermediate_value":0.016598548274487257}
{"op_code":7,"worker_id":"15962467-67e7-4409-b4ae-e830dcbffe7e-130407820439552","trial_id":39,"step":9,"intermediate_value":0.014448010828346014}
{"op_code":7,"worker_id":"15962467-67e7-4409-b4ae-e830dcbffe7e-130407820439552","trial_id":39,"step":10,"intermediate_value":0.014090100768953562}
{"op_code":7,"worker_id":"988bc229-147d-4984-ba60-2fb82aca9a8b-134485039202304","trial_id":42,"step":7,"intermediate_value":0.023765981197357178}
{"op_code":7,"worker_id":"15962467-67e7-4409-b4ae-e830dcbffe7e-130407820439552","trial_id":39,"step":11,"intermediate_value":0.01420940412208438}
{"op_code":7,"worker_id":"15962467-67e7-4409-b4ae-e830dcbffe7e-130407820439552","trial_id":39,"step":12,"intermediate_value":0.011820260435342789}
{"op_code":7,"worker_id":"15962467-67e7-4409-b4ae-e830dcbffe7e-130407820439552","trial_id":39,"step":13,"intermediate_value":0.007519184844568372}
{"op_code":7,"worker_id":"988bc229-147d-4984-ba60-2fb82aca9a8b-134485039202304","trial_id":42,"step":8,"intermediate_value":0.021257533691823483}
{"op_code":7,"worker_id":"15962467-67e7-4409-b4ae-e830dcbffe7e-130407820439552","trial_id":39,"step":14,"intermediate_value":0.008592914091423154}
{"op_code":7,"worker_id":"15962467-67e7-4409-b4ae-e830dcbffe7e-130407820439552","trial_id":39,"step":15,"intermediate_value":0.010862755123525858}
{"op_code":7,"worker_id":"15962467-67e7-4409-b4ae-e830dcbffe7e-130407820439552","trial_id":39,"step":16,"intermediate_value":0.012774686329066753}
{"op_code":7,"worker_id":"15962467-67e7-4409-b4ae-e830dcbffe7e-130407820439552","trial_id":39,"step":17,"intermediate_value":0.015283133834600449}
{"op_code":7,"worker_id":"15962467-67e7-4409-b4ae-e830dcbffe7e-130407820439552","trial_id":39,"step":18,"intermediate_value":0.015163830481469631}
{"op_code":7,"worker_id":"15962467-67e7-4409-b4ae-e830dcbffe7e-130407820439552","trial_id":39,"step":19,"intermediate_value":0.01599895302206278}
{"op_code":7,"worker_id":"15962467-67e7-4409-b4ae-e830dcbffe7e-130407820439552","trial_id":39,"step":20,"intermediate_value":0.01635686308145523}
{"op_code":7,"worker_id":"15962467-67e7-4409-b4ae-e830dcbffe7e-130407820439552","trial_id":39,"step":21,"intermediate_value":0.014325628988444805}
{"op_code":7,"worker_id":"15962467-67e7-4409-b4ae-e830dcbffe7e-130407820439552","trial_id":39,"step":22,"intermediate_value":0.007038892712444067}
{"op_code":7,"worker_id":"15962467-67e7-4409-b4ae-e830dcbffe7e-130407820439552","trial_id":39,"step":23,"intermediate_value":0.00691958935931325}
{"op_code":5,"worker_id":"925ac3be-dc83-4519-b91e-ce8ed035a004-138735477166080","trial_id":44,"param_name":"lr","param_value_internal":0.00038538796825530206,"distribution":"{\"name\": \"FloatDistribution\", \"attributes\": {\"step\": null, \"low\": 0.0002, \"high\": 0.005, \"log\": true}}"}
{"op_code":5,"worker_id":"38c72711-3d75-48a8-a479-bb713d90eb3c-133136419479552","trial_id":50,"param_name":"grokadamw_alpha","param_value_internal":0.9828435339822048,"distribution":"{\"name\": \"FloatDistribution\", \"attributes\": {\"step\": null, \"low\": 0.9, \"high\": 0.999, \"log\": false}}"}
{"op_code":7,"worker_id":"15962467-67e7-4409-b4ae-e830dcbffe7e-130407820439552","trial_id":39,"step":24,"intermediate_value":0.006800286006182432}
{"op_code":5,"worker_id":"38c72711-3d75-48a8-a479-bb713d90eb3c-133136419479552","trial_id":50,"param_name":"grokadamw_lamb","param_value_internal":2.2039568856103418,"distribution":"{\"name\": \"FloatDistribution\", \"attributes\": {\"step\": null, \"low\": 0.5, \"high\": 10.0, \"log\": true}}"}
{"op_code":5,"worker_id":"925ac3be-dc83-4519-b91e-ce8ed035a004-138735477166080","trial_id":44,"param_name":"neural_alpha","param_value_internal":3.7909330949992865,"distribution":"{\"name\": \"FloatDistribution\", \"attributes\": {\"step\": null, \"low\": 2.0, \"high\": 30.0, \"log\": true}}"}
{"op_code":5,"worker_id":"38c72711-3d75-48a8-a479-bb713d90eb3c-133136419479552","trial_id":50,"param_name":"grokadamw_grad_clip","param_value_internal":2.402513106315949,"distribution":"{\"name\": \"FloatDistribution\", \"attributes\": {\"step\": null, \"low\": 0.5, \"high\": 3.0, \"log\": false}}"}
{"op_code":5,"worker_id":"925ac3be-dc83-4519-b91e-ce8ed035a004-138735477166080","trial_id":44,"param_name":"neural_beta","param_value_internal":5.883894714500133,"distribution":"{\"name\": \"FloatDistribution\", \"attributes\": {\"step\": null, \"low\": 1.0, \"high\": 10.0, \"log\": false}}"}
{"op_code":5,"worker_id":"925ac3be-dc83-4519-b91e-ce8ed035a004-138735477166080","trial_id":44,"param_name":"neural_grad_clip","param_value_internal":0.5626183175333517,"distribution":"{\"name\": \"FloatDistribution\", \"attributes\": {\"step\": null, \"low\": 0.5, \"high\": 3.0, \"log\": false}}"}
{"op_code":7,"worker_id":"988bc229-147d-4984-ba60-2fb82aca9a8b-134485039202304","trial_id":42,"step":9,"intermediate_value":0.02304708305746317}
{"op_code":5,"worker_id":"925ac3be-dc83-4519-b91e-ce8ed035a004-138735477166080","trial_id":44,"param_name":"weight_decay","param_value_internal":0.7393249364983644,"distribution":"{\"name\": \"FloatDistribution\", \"attributes\": {\"step\": null, \"low\": 0.2, \"high\": 4.0, \"log\": true}}"}
{"op_code":5,"worker_id":"925ac3be-dc83-4519-b91e-ce8ed035a004-138735477166080","trial_id":44,"param_name":"matmul_precision","param_value_internal":3,"distribution":"{\"name\": \"CategoricalDistribution\", \"attributes\": {\"choices\": [\"bf16\", \"tf32\", \"fp32\", \"fp16amp\"]}}"}
{"op_code":5,"worker_id":"8a43f17c-07c0-4588-9f45-3ae858c4f551-126199918092288","trial_id":48,"param_name":"neural_beta","param_value_internal":7.338567354925254,"distribution":"{\"name\": \"FloatDistribution\", \"attributes\": {\"step\": null, \"low\": 1.0, \"high\": 10.0, \"log\": false}}"}
{"op_code":7,"worker_id":"988bc229-147d-4984-ba60-2fb82aca9a8b-134485039202304","trial_id":42,"step":10,"intermediate_value":0.021015848964452744}
{"op_code":5,"worker_id":"8a43f17c-07c0-4588-9f45-3ae858c4f551-126199918092288","trial_id":48,"param_name":"neural_grad_clip","param_value_internal":1.8088471287364318,"distribution":"{\"name\": \"FloatDistribution\", \"attributes\": {\"step\": null, \"low\": 0.5, \"high\": 3.0, \"log\": false}}"}
{"op_code":5,"worker_id":"8a43f17c-07c0-4588-9f45-3ae858c4f551-126199918092288","trial_id":48,"param_name":"weight_decay","param_value_internal":0.320776422120854,"distribution":"{\"name\": \"FloatDistribution\", \"attributes\": {\"step\": null, \"low\": 0.2, \"high\": 4.0, \"log\": true}}"}
{"op_code":5,"worker_id":"8a43f17c-07c0-4588-9f45-3ae858c4f551-126199918092288","trial_id":48,"param_name":"matmul_precision","param_value_internal":2,"distribution":"{\"name\": \"CategoricalDistribution\", \"attributes\": {\"choices\": [\"bf16\", \"tf32\", \"fp32\", \"fp16amp\"]}}"}
{"op_code":7,"worker_id":"988bc229-147d-4984-ba60-2fb82aca9a8b-134485039202304","trial_id":42,"step":11,"intermediate_value":0.022331263404339552}
{"op_code":7,"worker_id":"8a43f17c-07c0-4588-9f45-3ae858c4f551-126199918092288","trial_id":48,"step":1,"intermediate_value":0.018552447203546762}
{"op_code":7,"worker_id":"cf9cf729-a546-45d9-bb4d-3718aff6d658-124878650773504","trial_id":47,"step":2,"intermediate_value":0.018987692892551422}
{"op_code":8,"worker_id":"925ac3be-dc83-4519-b91e-ce8ed035a004-138735477166080","trial_id":44,"user_attr":{"crash":"AssertionError('No inf checks were recorded for this optimizer.')"}}
{"op_code":7,"worker_id":"8a43f17c-07c0-4588-9f45-3ae858c4f551-126199918092288","trial_id":48,"step":2,"intermediate_value":0.022571582812815905}
{"op_code":6,"worker_id":"925ac3be-dc83-4519-b91e-ce8ed035a004-138735477166080","trial_id":44,"state":1,"values":[10100.0],"datetime_complete":"2026-06-09T23:04:12.079024"}
{"op_code":7,"worker_id":"988bc229-147d-4984-ba60-2fb82aca9a8b-134485039202304","trial_id":42,"step":12,"intermediate_value":0.020899624098092318}
{"op_code":4,"worker_id":"0a30ba4f-654d-4189-98eb-97fb55b217da-138735477166080","study_id":2,"datetime_start":"2026-06-09T23:04:12.213553"}
{"op_code":5,"worker_id":"0a30ba4f-654d-4189-98eb-97fb55b217da-138735477166080","trial_id":51,"param_name":"lr","param_value_internal":0.00038538796825530206,"distribution":"{\"name\": \"FloatDistribution\", \"attributes\": {\"step\": null, \"low\": 0.0002, \"high\": 0.005, \"log\": true}}"}
{"op_code":0,"worker_id":"9a8b559b-7f3d-4509-b08a-d99c36f3088e-135653394321408","study_name":"supergrok2__mamba","directions":[1]}
{"op_code":5,"worker_id":"0a30ba4f-654d-4189-98eb-97fb55b217da-138735477166080","trial_id":51,"param_name":"grokadamw_alpha","param_value_internal":0.9233773493973088,"distribution":"{\"name\": \"FloatDistribution\", \"attributes\": {\"step\": null, \"low\": 0.9, \"high\": 0.999, \"log\": false}}"}
{"op_code":5,"worker_id":"0a30ba4f-654d-4189-98eb-97fb55b217da-138735477166080","trial_id":51,"param_name":"grokadamw_lamb","param_value_internal":2.5408580052041816,"distribution":"{\"name\": \"FloatDistribution\", \"attributes\": {\"step\": null, \"low\": 0.5, \"high\": 10.0, \"log\": true}}"}
{"op_code":7,"worker_id":"cf9cf729-a546-45d9-bb4d-3718aff6d658-124878650773504","trial_id":47,"step":3,"intermediate_value":0.01133996807038784}
{"op_code":5,"worker_id":"0a30ba4f-654d-4189-98eb-97fb55b217da-138735477166080","trial_id":51,"param_name":"grokadamw_grad_clip","param_value_internal":0.5626183175333517,"distribution":"{\"name\": \"FloatDistribution\", \"attributes\": {\"step\": null, \"low\": 0.5, \"high\": 3.0, \"log\": false}}"}
{"op_code":0,"worker_id":"9859c471-31b7-4a7e-8f04-2318b5855621-135653394321408","study_name":"grokfast__mamba","directions":[1]}
{"op_code":5,"worker_id":"0a30ba4f-654d-4189-98eb-97fb55b217da-138735477166080","trial_id":51,"param_name":"weight_decay","param_value_internal":0.7393249364983644,"distribution":"{\"name\": \"FloatDistribution\", \"attributes\": {\"step\": null, \"low\": 0.2, \"high\": 4.0, \"log\": true}}"}
{"op_code":5,"worker_id":"0a30ba4f-654d-4189-98eb-97fb55b217da-138735477166080","trial_id":51,"param_name":"matmul_precision","param_value_internal":3,"distribution":"{\"name\": \"CategoricalDistribution\", \"attributes\": {\"choices\": [\"bf16\", \"tf32\", \"fp32\", \"fp16amp\"]}}"}
{"op_code":7,"worker_id":"988bc229-147d-4984-ba60-2fb82aca9a8b-134485039202304","trial_id":42,"step":13,"intermediate_value":0.013967718929052353}
{"op_code":7,"worker_id":"8a43f17c-07c0-4588-9f45-3ae858c4f551-126199918092288","trial_id":48,"step":3,"intermediate_value":0.010868450626730919}
{"op_code":7,"worker_id":"0a30ba4f-654d-4189-98eb-97fb55b217da-138735477166080","trial_id":51,"step":1,"intermediate_value":0.013374281115829945}
{"op_code":7,"worker_id":"0a30ba4f-654d-4189-98eb-97fb55b217da-138735477166080","trial_id":51,"step":2,"intermediate_value":0.022572948597371578}
{"op_code":7,"worker_id":"988bc229-147d-4984-ba60-2fb82aca9a8b-134485039202304","trial_id":42,"step":14,"intermediate_value":0.020419332198798656}
{"op_code":7,"worker_id":"0a30ba4f-654d-4189-98eb-97fb55b217da-138735477166080","trial_id":51,"step":3,"intermediate_value":0.02555860858410597}
{"op_code":5,"worker_id":"38c72711-3d75-48a8-a479-bb713d90eb3c-133136419479552","trial_id":50,"param_name":"weight_decay","param_value_internal":0.4419155679144035,"distribution":"{\"name\": \"FloatDistribution\", \"attributes\": {\"step\": null, \"low\": 0.2, \"high\": 4.0, \"log\": true}}"}
{"op_code":5,"worker_id":"38c72711-3d75-48a8-a479-bb713d90eb3c-133136419479552","trial_id":50,"param_name":"matmul_precision","param_value_internal":3,"distribution":"{\"name\": \"CategoricalDistribution\", \"attributes\": {\"choices\": [\"bf16\", \"tf32\", \"fp32\", \"fp16amp\"]}}"}
{"op_code":7,"worker_id":"cf9cf729-a546-45d9-bb4d-3718aff6d658-124878650773504","trial_id":47,"step":4,"intermediate_value":0.01074345177039504}
{"op_code":7,"worker_id":"38c72711-3d75-48a8-a479-bb713d90eb3c-133136419479552","trial_id":50,"step":1,"intermediate_value":0.018629783298820257}
{"op_code":7,"worker_id":"0a30ba4f-654d-4189-98eb-97fb55b217da-138735477166080","trial_id":51,"step":4,"intermediate_value":0.019345602951943874}
{"op_code":7,"worker_id":"8a43f17c-07c0-4588-9f45-3ae858c4f551-126199918092288","trial_id":48,"step":4,"intermediate_value":0.014179036486893892}
{"op_code":7,"worker_id":"38c72711-3d75-48a8-a479-bb713d90eb3c-133136419479552","trial_id":50,"step":2,"intermediate_value":0.01361288782209158}
{"op_code":7,"worker_id":"0a30ba4f-654d-4189-98eb-97fb55b217da-138735477166080","trial_id":51,"step":5,"intermediate_value":0.019226299598813057}
{"op_code":7,"worker_id":"8a43f17c-07c0-4588-9f45-3ae858c4f551-126199918092288","trial_id":48,"step":5,"intermediate_value":0.011933285277336836}
{"op_code":7,"worker_id":"0a30ba4f-654d-4189-98eb-97fb55b217da-138735477166080","trial_id":51,"step":6,"intermediate_value":0.011697877664119005}
{"op_code":7,"worker_id":"0a30ba4f-654d-4189-98eb-97fb55b217da-138735477166080","trial_id":51,"step":7,"intermediate_value":0.016717851627618074}
{"op_code":7,"worker_id":"8a43f17c-07c0-4588-9f45-3ae858c4f551-126199918092288","trial_id":48,"step":6,"intermediate_value":0.016188604291528463}
{"op_code":7,"worker_id":"0a30ba4f-654d-4189-98eb-97fb55b217da-138735477166080","trial_id":51,"step":8,"intermediate_value":0.016240638215094805}
{"op_code":7,"worker_id":"cf9cf729-a546-45d9-bb4d-3718aff6d658-124878650773504","trial_id":47,"step":5,"intermediate_value":0.01074345177039504}
{"op_code":7,"worker_id":"0a30ba4f-654d-4189-98eb-97fb55b217da-138735477166080","trial_id":51,"step":9,"intermediate_value":0.016359941568225622}
{"op_code":7,"worker_id":"38c72711-3d75-48a8-a479-bb713d90eb3c-133136419479552","trial_id":50,"step":3,"intermediate_value":0.012058866675943136}
{"op_code":7,"worker_id":"8a43f17c-07c0-4588-9f45-3ae858c4f551-126199918092288","trial_id":48,"step":7,"intermediate_value":0.015123769640922546}
{"op_code":7,"worker_id":"38c72711-3d75-48a8-a479-bb713d90eb3c-133136419479552","trial_id":50,"step":4,"intermediate_value":0.021018927451223135}
{"op_code":7,"worker_id":"38c72711-3d75-48a8-a479-bb713d90eb3c-133136419479552","trial_id":50,"step":5,"intermediate_value":0.023527374491095543}
{"op_code":7,"worker_id":"8a43f17c-07c0-4588-9f45-3ae858c4f551-126199918092288","trial_id":48,"step":8,"intermediate_value":0.014769494999200106}
{"op_code":7,"worker_id":"38c72711-3d75-48a8-a479-bb713d90eb3c-133136419479552","trial_id":50,"step":6,"intermediate_value":0.023527374491095543}
{"op_code":7,"worker_id":"cf9cf729-a546-45d9-bb4d-3718aff6d658-124878650773504","trial_id":47,"step":6,"intermediate_value":0.013132596388459206}
{"op_code":7,"worker_id":"38c72711-3d75-48a8-a479-bb713d90eb3c-133136419479552","trial_id":50,"step":7,"intermediate_value":0.023527374491095543}
{"op_code":7,"worker_id":"988bc229-147d-4984-ba60-2fb82aca9a8b-134485039202304","trial_id":42,"step":15,"intermediate_value":0.01803018758073449}
{"op_code":7,"worker_id":"8a43f17c-07c0-4588-9f45-3ae858c4f551-126199918092288","trial_id":48,"step":9,"intermediate_value":0.018552447203546762}
{"op_code":7,"worker_id":"38c72711-3d75-48a8-a479-bb713d90eb3c-133136419479552","trial_id":50,"step":8,"intermediate_value":0.023408071137964725}
{"op_code":5,"worker_id":"b288c2b1-e49e-41d8-afbe-1fb10ef2db45-138861632921600","trial_id":32,"param_name":"neural_alpha","param_value_internal":9.634830773222056,"distribution":"{\"name\": \"FloatDistribution\", \"attributes\": {\"step\": null, \"low\": 2.0, \"high\": 30.0, \"log\": true}}"}
{"op_code":5,"worker_id":"b288c2b1-e49e-41d8-afbe-1fb10ef2db45-138861632921600","trial_id":32,"param_name":"neural_beta","param_value_internal":9.815425284307974,"distribution":"{\"name\": \"FloatDistribution\", \"attributes\": {\"step\": null, \"low\": 1.0, \"high\": 10.0, \"log\": false}}"}
{"op_code":5,"worker_id":"b288c2b1-e49e-41d8-afbe-1fb10ef2db45-138861632921600","trial_id":32,"param_name":"neural_grad_clip","param_value_internal":2.3630209373618687,"distribution":"{\"name\": \"FloatDistribution\", \"attributes\": {\"step\": null, \"low\": 0.5, \"high\": 3.0, \"log\": false}}"}
{"op_code":5,"worker_id":"b288c2b1-e49e-41d8-afbe-1fb10ef2db45-138861632921600","trial_id":32,"param_name":"weight_decay","param_value_internal":3.0760669060789647,"distribution":"{\"name\": \"FloatDistribution\", \"attributes\": {\"step\": null, \"low\": 0.2, \"high\": 4.0, \"log\": true}}"}
{"op_code":5,"worker_id":"b288c2b1-e49e-41d8-afbe-1fb10ef2db45-138861632921600","trial_id":32,"param_name":"matmul_precision","param_value_internal":1,"distribution":"{\"name\": \"CategoricalDistribution\", \"attributes\": {\"choices\": [\"bf16\", \"tf32\", \"fp32\", \"fp16amp\"]}}"}
{"op_code":7,"worker_id":"8a43f17c-07c0-4588-9f45-3ae858c4f551-126199918092288","trial_id":48,"step":10,"intermediate_value":0.018552447203546762}
{"op_code":7,"worker_id":"38c72711-3d75-48a8-a479-bb713d90eb3c-133136419479552","trial_id":50,"step":9,"intermediate_value":0.013013293035328388}
{"op_code":7,"worker_id":"38c72711-3d75-48a8-a479-bb713d90eb3c-133136419479552","trial_id":50,"step":10,"intermediate_value":0.006203769706189632}
{"op_code":7,"worker_id":"988bc229-147d-4984-ba60-2fb82aca9a8b-134485039202304","trial_id":42,"step":16,"intermediate_value":0.01767227752134204}
{"op_code":7,"worker_id":"8a43f17c-07c0-4588-9f45-3ae858c4f551-126199918092288","trial_id":48,"step":11,"intermediate_value":0.018552447203546762}
{"op_code":7,"worker_id":"cf9cf729-a546-45d9-bb4d-3718aff6d658-124878650773504","trial_id":47,"step":7,"intermediate_value":0.015402436722069979}
{"op_code":7,"worker_id":"b288c2b1-e49e-41d8-afbe-1fb10ef2db45-138861632921600","trial_id":32,"step":1,"intermediate_value":0.028482195921242237}
{"op_code":7,"worker_id":"8a43f17c-07c0-4588-9f45-3ae858c4f551-126199918092288","trial_id":48,"step":12,"intermediate_value":0.018552447203546762}
{"op_code":7,"worker_id":"38c72711-3d75-48a8-a479-bb713d90eb3c-133136419479552","trial_id":50,"step":11,"intermediate_value":0.015641043428331614}
{"op_code":7,"worker_id":"b288c2b1-e49e-41d8-afbe-1fb10ef2db45-138861632921600","trial_id":32,"step":2,"intermediate_value":0.016188604291528463}
{"op_code":7,"worker_id":"38c72711-3d75-48a8-a479-bb713d90eb3c-133136419479552","trial_id":50,"step":12,"intermediate_value":0.013132596388459206}
{"op_code":7,"worker_id":"8a43f17c-07c0-4588-9f45-3ae858c4f551-126199918092288","trial_id":48,"step":13,"intermediate_value":0.018552447203546762}
{"op_code":7,"worker_id":"988bc229-147d-4984-ba60-2fb82aca9a8b-134485039202304","trial_id":42,"step":17,"intermediate_value":0.01743367128074169}
{"op_code":7,"worker_id":"15962467-67e7-4409-b4ae-e830dcbffe7e-130407820439552","trial_id":39,"step":25,"intermediate_value":0.007277499418705702}
{"op_code":7,"worker_id":"cf9cf729-a546-45d9-bb4d-3718aff6d658-124878650773504","trial_id":47,"step":8,"intermediate_value":0.015041448175907135}
{"op_code":7,"worker_id":"15962467-67e7-4409-b4ae-e830dcbffe7e-130407820439552","trial_id":39,"step":26,"intermediate_value":0.01038246345706284}
{"op_code":6,"worker_id":"4e698b44-a502-4a41-8e39-cc3bd1bc1eb6-134882817724416","trial_id":29,"state":1,"values":[10100.0],"datetime_complete":"2026-06-09T23:02:10.276238"}
{"op_code":7,"worker_id":"15962467-67e7-4409-b4ae-e830dcbffe7e-130407820439552","trial_id":39,"step":27,"intermediate_value":0.010978979291394353}
{"op_code":7,"worker_id":"15962467-67e7-4409-b4ae-e830dcbffe7e-130407820439552","trial_id":39,"step":28,"intermediate_value":0.010978979291394353}
{"op_code":7,"worker_id":"cf9cf729-a546-45d9-bb4d-3718aff6d658-124878650773504","trial_id":47,"step":9,"intermediate_value":0.02029387094080448}
{"op_code":7,"worker_id":"15962467-67e7-4409-b4ae-e830dcbffe7e-130407820439552","trial_id":39,"step":29,"intermediate_value":0.01408702228218317}
{"op_code":4,"worker_id":"871add6e-a47b-4710-b4c8-b7fd23719e8b-134882817724416","study_id":2,"datetime_start":"2026-06-09T23:04:37.470204"}
{"op_code":5,"worker_id":"871add6e-a47b-4710-b4c8-b7fd23719e8b-134882817724416","trial_id":52,"param_name":"lr","param_value_internal":0.0011576160601673156,"distribution":"{\"name\": \"FloatDistribution\", \"attributes\": {\"step\": null, \"low\": 0.0002, \"high\": 0.005, \"log\": true}}"}
{"op_code":5,"worker_id":"871add6e-a47b-4710-b4c8-b7fd23719e8b-134882817724416","trial_id":52,"param_name":"grokadamw_alpha","param_value_internal":0.9170146661881889,"distribution":"{\"name\": \"FloatDistribution\", \"attributes\": {\"step\": null, \"low\": 0.9, \"high\": 0.999, \"log\": false}}"}
{"op_code":5,"worker_id":"871add6e-a47b-4710-b4c8-b7fd23719e8b-134882817724416","trial_id":52,"param_name":"grokadamw_lamb","param_value_internal":6.436649677002274,"distribution":"{\"name\": \"FloatDistribution\", \"attributes\": {\"step\": null, \"low\": 0.5, \"high\": 10.0, \"log\": true}}"}
{"op_code":5,"worker_id":"871add6e-a47b-4710-b4c8-b7fd23719e8b-134882817724416","trial_id":52,"param_name":"grokadamw_grad_clip","param_value_internal":0.9505585269837273,"distribution":"{\"name\": \"FloatDistribution\", \"attributes\": {\"step\": null, \"low\": 0.5, \"high\": 3.0, \"log\": false}}"}
{"op_code":5,"worker_id":"871add6e-a47b-4710-b4c8-b7fd23719e8b-134882817724416","trial_id":52,"param_name":"weight_decay","param_value_internal":1.1666656718936412,"distribution":"{\"name\": \"FloatDistribution\", \"attributes\": {\"step\": null, \"low\": 0.2, \"high\": 4.0, \"log\": true}}"}
{"op_code":5,"worker_id":"871add6e-a47b-4710-b4c8-b7fd23719e8b-134882817724416","trial_id":52,"param_name":"matmul_precision","param_value_internal":3,"distribution":"{\"name\": \"CategoricalDistribution\", \"attributes\": {\"choices\": [\"bf16\", \"tf32\", \"fp32\", \"fp16amp\"]}}"}
{"op_code":7,"worker_id":"0a30ba4f-654d-4189-98eb-97fb55b217da-138735477166080","trial_id":51,"step":10,"intermediate_value":0.01851047994568944}
{"op_code":7,"worker_id":"219797d8-fde4-4035-a684-f9b55d950771-124921969557504","trial_id":49,"step":2,"intermediate_value":0.018391176592558622}
{"op_code":7,"worker_id":"b288c2b1-e49e-41d8-afbe-1fb10ef2db45-138861632921600","trial_id":32,"step":3,"intermediate_value":0.015834329649806023}
{"op_code":7,"worker_id":"871add6e-a47b-4710-b4c8-b7fd23719e8b-134882817724416","trial_id":52,"step":1,"intermediate_value":0.017195064574480057}
{"op_code":7,"worker_id":"15962467-67e7-4409-b4ae-e830dcbffe7e-130407820439552","trial_id":39,"step":30,"intermediate_value":0.02018072595819831}
{"op_code":7,"worker_id":"871add6e-a47b-4710-b4c8-b7fd23719e8b-134882817724416","trial_id":52,"step":2,"intermediate_value":0.014448010828346014}
{"op_code":7,"worker_id":"b288c2b1-e49e-41d8-afbe-1fb10ef2db45-138861632921600","trial_id":32,"step":4,"intermediate_value":0.02245349157601595}
{"op_code":7,"worker_id":"871add6e-a47b-4710-b4c8-b7fd23719e8b-134882817724416","trial_id":52,"step":3,"intermediate_value":0.010862755123525858}
{"op_code":7,"worker_id":"219797d8-fde4-4035-a684-f9b55d950771-124921969557504","trial_id":49,"step":3,"intermediate_value":0.018987692892551422}
{"op_code":7,"worker_id":"871add6e-a47b-4710-b4c8-b7fd23719e8b-134882817724416","trial_id":52,"step":4,"intermediate_value":0.010862755123525858}
{"op_code":7,"worker_id":"b288c2b1-e49e-41d8-afbe-1fb10ef2db45-138861632921600","trial_id":32,"step":5,"intermediate_value":0.01181519404053688}
{"op_code":7,"worker_id":"219797d8-fde4-4035-a684-f9b55d950771-124921969557504","trial_id":49,"step":4,"intermediate_value":0.018987692892551422}
{"op_code":7,"worker_id":"871add6e-a47b-4710-b4c8-b7fd23719e8b-134882817724416","trial_id":52,"step":5,"intermediate_value":0.010862755123525858}
{"op_code":7,"worker_id":"b288c2b1-e49e-41d8-afbe-1fb10ef2db45-138861632921600","trial_id":32,"step":6,"intermediate_value":0.01181519404053688}
{"op_code":7,"worker_id":"b288c2b1-e49e-41d8-afbe-1fb10ef2db45-138861632921600","trial_id":32,"step":7,"intermediate_value":0.012051376979798079}
{"op_code":7,"worker_id":"38c72711-3d75-48a8-a479-bb713d90eb3c-133136419479552","trial_id":50,"step":13,"intermediate_value":0.01755297416821122}
{"op_code":7,"worker_id":"219797d8-fde4-4035-a684-f9b55d950771-124921969557504","trial_id":49,"step":5,"intermediate_value":0.010982058476656675}
{"op_code":7,"worker_id":"0a30ba4f-654d-4189-98eb-97fb55b217da-138735477166080","trial_id":51,"step":11,"intermediate_value":0.018271873705089092}
{"op_code":7,"worker_id":"b288c2b1-e49e-41d8-afbe-1fb10ef2db45-138861632921600","trial_id":32,"step":8,"intermediate_value":0.01406094478443265}
{"op_code":7,"worker_id":"0a30ba4f-654d-4189-98eb-97fb55b217da-138735477166080","trial_id":51,"step":12,"intermediate_value":0.018987692892551422}
{"op_code":7,"worker_id":"0a30ba4f-654d-4189-98eb-97fb55b217da-138735477166080","trial_id":51,"step":13,"intermediate_value":0.013851494528353214}
{"op_code":7,"worker_id":"0a30ba4f-654d-4189-98eb-97fb55b217da-138735477166080","trial_id":51,"step":14,"intermediate_value":0.016598548274487257}
{"op_code":7,"worker_id":"b288c2b1-e49e-41d8-afbe-1fb10ef2db45-138861632921600","trial_id":32,"step":9,"intermediate_value":0.01406094478443265}
{"op_code":7,"worker_id":"0a30ba4f-654d-4189-98eb-97fb55b217da-138735477166080","trial_id":51,"step":15,"intermediate_value":0.017314367927610874}
{"op_code":7,"worker_id":"38c72711-3d75-48a8-a479-bb713d90eb3c-133136419479552","trial_id":50,"step":14,"intermediate_value":0.01743367128074169}
{"op_code":7,"worker_id":"871add6e-a47b-4710-b4c8-b7fd23719e8b-134882817724416","trial_id":52,"step":6,"intermediate_value":0.010862755123525858}
{"op_code":7,"worker_id":"0a30ba4f-654d-4189-98eb-97fb55b217da-138735477166080","trial_id":51,"step":16,"intermediate_value":0.025677911937236786}
{"op_code":7,"worker_id":"38c72711-3d75-48a8-a479-bb713d90eb3c-133136419479552","trial_id":50,"step":15,"intermediate_value":0.015521740075200796}
{"op_code":7,"worker_id":"871add6e-a47b-4710-b4c8-b7fd23719e8b-134882817724416","trial_id":52,"step":7,"intermediate_value":0.009908328764140606}
{"op_code":7,"worker_id":"0a30ba4f-654d-4189-98eb-97fb55b217da-138735477166080","trial_id":51,"step":17,"intermediate_value":0.023169464897364378}
{"op_code":7,"worker_id":"871add6e-a47b-4710-b4c8-b7fd23719e8b-134882817724416","trial_id":52,"step":8,"intermediate_value":0.01289398968219757}
{"op_code":7,"worker_id":"38c72711-3d75-48a8-a479-bb713d90eb3c-133136419479552","trial_id":50,"step":16,"intermediate_value":0.015163830481469631}
{"op_code":7,"worker_id":"871add6e-a47b-4710-b4c8-b7fd23719e8b-134882817724416","trial_id":52,"step":9,"intermediate_value":0.013132596388459206}
{"op_code":7,"worker_id":"988bc229-147d-4984-ba60-2fb82aca9a8b-134485039202304","trial_id":42,"step":18,"intermediate_value":0.015641043428331614}
{"op_code":7,"worker_id":"38c72711-3d75-48a8-a479-bb713d90eb3c-133136419479552","trial_id":50,"step":17,"intermediate_value":0.013251899275928736}
{"op_code":7,"worker_id":"871add6e-a47b-4710-b4c8-b7fd23719e8b-134882817724416","trial_id":52,"step":10,"intermediate_value":0.012536079622805119}
{"op_code":7,"worker_id":"38c72711-3d75-48a8-a479-bb713d90eb3c-133136419479552","trial_id":50,"step":18,"intermediate_value":0.017314367927610874}
{"op_code":7,"worker_id":"871add6e-a47b-4710-b4c8-b7fd23719e8b-134882817724416","trial_id":52,"step":11,"intermediate_value":0.012416776735335588}
{"op_code":7,"worker_id":"cf9cf729-a546-45d9-bb4d-3718aff6d658-124878650773504","trial_id":47,"step":10,"intermediate_value":0.031285165809094906}
{"op_code":7,"worker_id":"0447dc80-4ad8-4169-a6fe-da2d6c1fe77c-138417116717056","trial_id":38,"step":3,"intermediate_value":0.01737153111025691}
{"op_code":7,"worker_id":"44c6a450-b07e-4b06-baaf-2f623988bc71-134028377853952","trial_id":46,"step":6,"intermediate_value":0.017489622347056866}
{"op_code":7,"worker_id":"38c72711-3d75-48a8-a479-bb713d90eb3c-133136419479552","trial_id":50,"step":19,"intermediate_value":0.015283133834600449}
{"op_code":7,"worker_id":"871add6e-a47b-4710-b4c8-b7fd23719e8b-134882817724416","trial_id":52,"step":12,"intermediate_value":0.01767227752134204}
{"op_code":7,"worker_id":"871add6e-a47b-4710-b4c8-b7fd23719e8b-134882817724416","trial_id":52,"step":13,"intermediate_value":0.013609809335321188}
{"op_code":7,"worker_id":"871add6e-a47b-4710-b4c8-b7fd23719e8b-134882817724416","trial_id":52,"step":14,"intermediate_value":0.022331263404339552}
{"op_code":7,"worker_id":"871add6e-a47b-4710-b4c8-b7fd23719e8b-134882817724416","trial_id":52,"step":15,"intermediate_value":0.015044527128338814}
{"op_code":7,"worker_id":"871add6e-a47b-4710-b4c8-b7fd23719e8b-134882817724416","trial_id":52,"step":16,"intermediate_value":0.018749086651951075}
{"op_code":7,"worker_id":"38c72711-3d75-48a8-a479-bb713d90eb3c-133136419479552","trial_id":50,"step":20,"intermediate_value":0.017195064574480057}
{"op_code":7,"worker_id":"0447dc80-4ad8-4169-a6fe-da2d6c1fe77c-138417116717056","trial_id":38,"step":4,"intermediate_value":0.010514175985008478}
{"op_code":7,"worker_id":"871add6e-a47b-4710-b4c8-b7fd23719e8b-134882817724416","trial_id":52,"step":17,"intermediate_value":0.018749086651951075}
{"op_code":7,"worker_id":"38c72711-3d75-48a8-a479-bb713d90eb3c-133136419479552","trial_id":50,"step":21,"intermediate_value":0.01755297416821122}
{"op_code":7,"worker_id":"219797d8-fde4-4035-a684-f9b55d950771-124921969557504","trial_id":49,"step":6,"intermediate_value":0.013371202629059553}
{"op_code":7,"worker_id":"871add6e-a47b-4710-b4c8-b7fd23719e8b-134882817724416","trial_id":52,"step":18,"intermediate_value":0.018749086651951075}
{"op_code":7,"worker_id":"0447dc80-4ad8-4169-a6fe-da2d6c1fe77c-138417116717056","trial_id":38,"step":5,"intermediate_value":0.010514175985008478}
{"op_code":7,"worker_id":"0447dc80-4ad8-4169-a6fe-da2d6c1fe77c-138417116717056","trial_id":38,"step":6,"intermediate_value":0.012287560384720564}
{"op_code":7,"worker_id":"0447dc80-4ad8-4169-a6fe-da2d6c1fe77c-138417116717056","trial_id":38,"step":7,"intermediate_value":0.01453331159427762}
{"op_code":7,"worker_id":"15962467-67e7-4409-b4ae-e830dcbffe7e-130407820439552","trial_id":39,"step":31,"intermediate_value":0.018388097174465656}
{"op_code":7,"worker_id":"b0c9ae72-81be-4f8d-bdfe-e40fead80a21-133278269722624","trial_id":43,"step":1,"intermediate_value":0.01791396364569664}
{"op_code":7,"worker_id":"871add6e-a47b-4710-b4c8-b7fd23719e8b-134882817724416","trial_id":52,"step":19,"intermediate_value":0.018749086651951075}
{"op_code":7,"worker_id":"15962467-67e7-4409-b4ae-e830dcbffe7e-130407820439552","trial_id":39,"step":32,"intermediate_value":0.016237559728324413}
{"op_code":7,"worker_id":"871add6e-a47b-4710-b4c8-b7fd23719e8b-134882817724416","trial_id":52,"step":20,"intermediate_value":0.018868390005081892}
{"op_code":7,"worker_id":"15962467-67e7-4409-b4ae-e830dcbffe7e-130407820439552","trial_id":39,"step":33,"intermediate_value":0.014325628988444805}
{"op_code":7,"worker_id":"871add6e-a47b-4710-b4c8-b7fd23719e8b-134882817724416","trial_id":52,"step":21,"intermediate_value":0.015283133834600449}
{"op_code":7,"worker_id":"15962467-67e7-4409-b4ae-e830dcbffe7e-130407820439552","trial_id":39,"step":34,"intermediate_value":0.01241369778290391}
{"op_code":7,"worker_id":"871add6e-a47b-4710-b4c8-b7fd23719e8b-134882817724416","trial_id":52,"step":22,"intermediate_value":0.01349050598219037}
{"op_code":7,"worker_id":"0447dc80-4ad8-4169-a6fe-da2d6c1fe77c-138417116717056","trial_id":38,"step":8,"intermediate_value":0.01453331159427762}
{"op_code":7,"worker_id":"15962467-67e7-4409-b4ae-e830dcbffe7e-130407820439552","trial_id":39,"step":35,"intermediate_value":0.012533001136034727}
{"op_code":7,"worker_id":"b0c9ae72-81be-4f8d-bdfe-e40fead80a21-133278269722624","trial_id":43,"step":2,"intermediate_value":0.016118256375193596}
{"op_code":7,"worker_id":"0447dc80-4ad8-4169-a6fe-da2d6c1fe77c-138417116717056","trial_id":38,"step":9,"intermediate_value":0.02079819841310382}
{"op_code":7,"worker_id":"15962467-67e7-4409-b4ae-e830dcbffe7e-130407820439552","trial_id":39,"step":36,"intermediate_value":0.013010213617235422}
{"op_code":7,"worker_id":"871add6e-a47b-4710-b4c8-b7fd23719e8b-134882817724416","trial_id":52,"step":23,"intermediate_value":0.026148967444896698}
{"op_code":7,"worker_id":"15962467-67e7-4409-b4ae-e830dcbffe7e-130407820439552","trial_id":39,"step":37,"intermediate_value":0.013248820323497057}
{"op_code":7,"worker_id":"871add6e-a47b-4710-b4c8-b7fd23719e8b-134882817724416","trial_id":52,"step":24,"intermediate_value":0.026148967444896698}
{"op_code":7,"worker_id":"0447dc80-4ad8-4169-a6fe-da2d6c1fe77c-138417116717056","trial_id":38,"step":10,"intermediate_value":0.021152473520487547}
{"op_code":7,"worker_id":"0447dc80-4ad8-4169-a6fe-da2d6c1fe77c-138417116717056","trial_id":38,"step":11,"intermediate_value":0.01843435550108552}
{"op_code":7,"worker_id":"38c72711-3d75-48a8-a479-bb713d90eb3c-133136419479552","trial_id":50,"step":22,"intermediate_value":0.02030002884566784}
{"op_code":7,"worker_id":"44c6a450-b07e-4b06-baaf-2f623988bc71-134028377853952","trial_id":46,"step":7,"intermediate_value":0.009923717472702265}
{"op_code":7,"worker_id":"b0c9ae72-81be-4f8d-bdfe-e40fead80a21-133278269722624","trial_id":43,"step":3,"intermediate_value":0.01814949046820402}
{"op_code":7,"worker_id":"0447dc80-4ad8-4169-a6fe-da2d6c1fe77c-138417116717056","trial_id":38,"step":12,"intermediate_value":0.01843435550108552}
{"op_code":7,"worker_id":"44c6a450-b07e-4b06-baaf-2f623988bc71-134028377853952","trial_id":46,"step":8,"intermediate_value":0.009687534533441067}
{"op_code":7,"worker_id":"b0c9ae72-81be-4f8d-bdfe-e40fead80a21-133278269722624","trial_id":43,"step":4,"intermediate_value":0.012055787723511457}
{"op_code":7,"worker_id":"0447dc80-4ad8-4169-a6fe-da2d6c1fe77c-138417116717056","trial_id":38,"step":13,"intermediate_value":0.01843435550108552}
{"op_code":7,"worker_id":"44c6a450-b07e-4b06-baaf-2f623988bc71-134028377853952","trial_id":46,"step":9,"intermediate_value":0.009687534533441067}
{"op_code":7,"worker_id":"b0c9ae72-81be-4f8d-bdfe-e40fead80a21-133278269722624","trial_id":43,"step":5,"intermediate_value":0.010504845064133406}
{"op_code":7,"worker_id":"0447dc80-4ad8-4169-a6fe-da2d6c1fe77c-138417116717056","trial_id":38,"step":14,"intermediate_value":0.01642478769645095}
{"op_code":7,"worker_id":"44c6a450-b07e-4b06-baaf-2f623988bc71-134028377853952","trial_id":46,"step":10,"intermediate_value":0.009923717472702265}
{"op_code":7,"worker_id":"b0c9ae72-81be-4f8d-bdfe-e40fead80a21-133278269722624","trial_id":43,"step":6,"intermediate_value":0.026987168937921524}
{"op_code":7,"worker_id":"0447dc80-4ad8-4169-a6fe-da2d6c1fe77c-138417116717056","trial_id":38,"step":15,"intermediate_value":0.01453331159427762}
{"op_code":7,"worker_id":"44c6a450-b07e-4b06-baaf-2f623988bc71-134028377853952","trial_id":46,"step":11,"intermediate_value":0.014769494999200106}
{"op_code":7,"worker_id":"b0c9ae72-81be-4f8d-bdfe-e40fead80a21-133278269722624","trial_id":43,"step":7,"intermediate_value":0.032478198409080505}
{"op_code":7,"worker_id":"44c6a450-b07e-4b06-baaf-2f623988bc71-134028377853952","trial_id":46,"step":12,"intermediate_value":0.014769494999200106}
{"op_code":7,"worker_id":"44c6a450-b07e-4b06-baaf-2f623988bc71-134028377853952","trial_id":46,"step":13,"intermediate_value":0.014769494999200106}
{"op_code":7,"worker_id":"44c6a450-b07e-4b06-baaf-2f623988bc71-134028377853952","trial_id":46,"step":14,"intermediate_value":0.014769494999200106}
{"op_code":7,"worker_id":"44c6a450-b07e-4b06-baaf-2f623988bc71-134028377853952","trial_id":46,"step":15,"intermediate_value":0.014769494999200106}
{"op_code":7,"worker_id":"44c6a450-b07e-4b06-baaf-2f623988bc71-134028377853952","trial_id":46,"step":16,"intermediate_value":0.01725142914801836}
{"op_code":7,"worker_id":"44c6a450-b07e-4b06-baaf-2f623988bc71-134028377853952","trial_id":46,"step":17,"intermediate_value":0.01914290525019169}
{"op_code":7,"worker_id":"44c6a450-b07e-4b06-baaf-2f623988bc71-134028377853952","trial_id":46,"step":18,"intermediate_value":0.016306695993989706}
{"op_code":7,"worker_id":"b0c9ae72-81be-4f8d-bdfe-e40fead80a21-133278269722624","trial_id":43,"step":8,"intermediate_value":0.032000984996557236}
{"op_code":7,"worker_id":"44c6a450-b07e-4b06-baaf-2f623988bc71-134028377853952","trial_id":46,"step":19,"intermediate_value":0.016306695993989706}
{"op_code":7,"worker_id":"b0c9ae72-81be-4f8d-bdfe-e40fead80a21-133278269722624","trial_id":43,"step":9,"intermediate_value":0.024114654399454594}
{"op_code":7,"worker_id":"44c6a450-b07e-4b06-baaf-2f623988bc71-134028377853952","trial_id":46,"step":20,"intermediate_value":0.017133337445557117}
{"op_code":7,"worker_id":"b0c9ae72-81be-4f8d-bdfe-e40fead80a21-133278269722624","trial_id":43,"step":10,"intermediate_value":0.028531953692436218}
{"op_code":7,"worker_id":"44c6a450-b07e-4b06-baaf-2f623988bc71-134028377853952","trial_id":46,"step":21,"intermediate_value":0.017133337445557117}
{"op_code":7,"worker_id":"b0c9ae72-81be-4f8d-bdfe-e40fead80a21-133278269722624","trial_id":43,"step":11,"intermediate_value":0.026977933011949062}
{"op_code":7,"worker_id":"44c6a450-b07e-4b06-baaf-2f623988bc71-134028377853952","trial_id":46,"step":22,"intermediate_value":0.012169468682259321}
{"op_code":7,"worker_id":"b0c9ae72-81be-4f8d-bdfe-e40fead80a21-133278269722624","trial_id":43,"step":12,"intermediate_value":0.02936399821192026}
{"op_code":7,"worker_id":"44c6a450-b07e-4b06-baaf-2f623988bc71-134028377853952","trial_id":46,"step":23,"intermediate_value":0.012169468682259321}
{"op_code":7,"worker_id":"b0c9ae72-81be-4f8d-bdfe-e40fead80a21-133278269722624","trial_id":43,"step":13,"intermediate_value":0.03712794743478298}
{"op_code":7,"worker_id":"44c6a450-b07e-4b06-baaf-2f623988bc71-134028377853952","trial_id":46,"step":24,"intermediate_value":0.012169468682259321}
{"op_code":7,"worker_id":"b0c9ae72-81be-4f8d-bdfe-e40fead80a21-133278269722624","trial_id":43,"step":14,"intermediate_value":0.028528875671327114}
{"op_code":7,"worker_id":"44c6a450-b07e-4b06-baaf-2f623988bc71-134028377853952","trial_id":46,"step":25,"intermediate_value":0.012169468682259321}
{"op_code":7,"worker_id":"b0c9ae72-81be-4f8d-bdfe-e40fead80a21-133278269722624","trial_id":43,"step":15,"intermediate_value":0.032826872542500496}
{"op_code":7,"worker_id":"44c6a450-b07e-4b06-baaf-2f623988bc71-134028377853952","trial_id":46,"step":26,"intermediate_value":0.012169468682259321}
{"op_code":7,"worker_id":"b0c9ae72-81be-4f8d-bdfe-e40fead80a21-133278269722624","trial_id":43,"step":16,"intermediate_value":0.03377821762114763}
{"op_code":7,"worker_id":"44c6a450-b07e-4b06-baaf-2f623988bc71-134028377853952","trial_id":46,"step":27,"intermediate_value":0.017843897454440594}
{"op_code":7,"worker_id":"b0c9ae72-81be-4f8d-bdfe-e40fead80a21-133278269722624","trial_id":43,"step":17,"intermediate_value":0.035690151154994965}
{"op_code":7,"worker_id":"b0c9ae72-81be-4f8d-bdfe-e40fead80a21-133278269722624","trial_id":43,"step":18,"intermediate_value":0.03545154444873333}
{"op_code":7,"worker_id":"b0c9ae72-81be-4f8d-bdfe-e40fead80a21-133278269722624","trial_id":43,"step":19,"intermediate_value":0.035806373693048954}
{"op_code":7,"worker_id":"b0c9ae72-81be-4f8d-bdfe-e40fead80a21-133278269722624","trial_id":43,"step":20,"intermediate_value":0.03759592305868864}
{"op_code":7,"worker_id":"b0c9ae72-81be-4f8d-bdfe-e40fead80a21-133278269722624","trial_id":43,"step":21,"intermediate_value":0.03866965230554342}
{"op_code":7,"worker_id":"b0c9ae72-81be-4f8d-bdfe-e40fead80a21-133278269722624","trial_id":43,"step":22,"intermediate_value":0.04081711079925299}
{"op_code":7,"worker_id":"b0c9ae72-81be-4f8d-bdfe-e40fead80a21-133278269722624","trial_id":43,"step":23,"intermediate_value":0.04105571750551462}
{"op_code":7,"worker_id":"b0c9ae72-81be-4f8d-bdfe-e40fead80a21-133278269722624","trial_id":43,"step":24,"intermediate_value":0.042725964449346066}
{"op_code":7,"worker_id":"b0c9ae72-81be-4f8d-bdfe-e40fead80a21-133278269722624","trial_id":43,"step":25,"intermediate_value":0.043680391274392605}
{"op_code":7,"worker_id":"b0c9ae72-81be-4f8d-bdfe-e40fead80a21-133278269722624","trial_id":43,"step":26,"intermediate_value":0.047498094849288464}
{"op_code":7,"worker_id":"b0c9ae72-81be-4f8d-bdfe-e40fead80a21-133278269722624","trial_id":43,"step":27,"intermediate_value":0.050957887433469296}
{"op_code":7,"worker_id":"b0c9ae72-81be-4f8d-bdfe-e40fead80a21-133278269722624","trial_id":43,"step":28,"intermediate_value":0.05382116790860891}
{"op_code":7,"worker_id":"38c72711-3d75-48a8-a479-bb713d90eb3c-133136419479552","trial_id":50,"step":23,"intermediate_value":0.01587965013459325}
{"op_code":7,"worker_id":"b0c9ae72-81be-4f8d-bdfe-e40fead80a21-133278269722624","trial_id":43,"step":29,"intermediate_value":0.04964555334299803}
{"op_code":7,"worker_id":"b0c9ae72-81be-4f8d-bdfe-e40fead80a21-133278269722624","trial_id":43,"step":30,"intermediate_value":0.05262813623994589}
{"op_code":7,"worker_id":"b0c9ae72-81be-4f8d-bdfe-e40fead80a21-133278269722624","trial_id":43,"step":31,"intermediate_value":0.06312682013958693}
{"op_code":7,"worker_id":"b0c9ae72-81be-4f8d-bdfe-e40fead80a21-133278269722624","trial_id":43,"step":32,"intermediate_value":0.06563218962401152}
{"op_code":7,"worker_id":"b0c9ae72-81be-4f8d-bdfe-e40fead80a21-133278269722624","trial_id":43,"step":33,"intermediate_value":0.07112014200538397}
{"op_code":7,"worker_id":"b0c9ae72-81be-4f8d-bdfe-e40fead80a21-133278269722624","trial_id":43,"step":34,"intermediate_value":0.07362550776451826}
{"op_code":7,"worker_id":"b0c9ae72-81be-4f8d-bdfe-e40fead80a21-133278269722624","trial_id":43,"step":35,"intermediate_value":0.08149952720850706}
{"op_code":7,"worker_id":"b0c9ae72-81be-4f8d-bdfe-e40fead80a21-133278269722624","trial_id":43,"step":36,"intermediate_value":0.08746468555182219}
{"op_code":7,"worker_id":"b0c9ae72-81be-4f8d-bdfe-e40fead80a21-133278269722624","trial_id":43,"step":37,"intermediate_value":0.09128239285200834}
{"op_code":7,"worker_id":"b0c9ae72-81be-4f8d-bdfe-e40fead80a21-133278269722624","trial_id":43,"step":38,"intermediate_value":0.10178108047693968}
{"op_code":7,"worker_id":"b0c9ae72-81be-4f8d-bdfe-e40fead80a21-133278269722624","trial_id":43,"step":39,"intermediate_value":0.10679489932954311}
{"op_code":7,"worker_id":"b0c9ae72-81be-4f8d-bdfe-e40fead80a21-133278269722624","trial_id":43,"step":40,"intermediate_value":0.1085813669487834}
{"op_code":7,"worker_id":"b0c9ae72-81be-4f8d-bdfe-e40fead80a21-133278269722624","trial_id":43,"step":41,"intermediate_value":0.1259996397420764}
{"op_code":7,"worker_id":"0a30ba4f-654d-4189-98eb-97fb55b217da-138735477166080","trial_id":51,"step":18,"intermediate_value":0.023527374491095543}
{"op_code":7,"worker_id":"15962467-67e7-4409-b4ae-e830dcbffe7e-130407820439552","trial_id":39,"step":38,"intermediate_value":0.02053555566817522}
{"op_code":7,"worker_id":"38c72711-3d75-48a8-a479-bb713d90eb3c-133136419479552","trial_id":50,"step":24,"intermediate_value":0.018388097174465656}
{"op_code":7,"worker_id":"0a30ba4f-654d-4189-98eb-97fb55b217da-138735477166080","trial_id":51,"step":19,"intermediate_value":0.026035821996629238}
{"op_code":7,"worker_id":"15962467-67e7-4409-b4ae-e830dcbffe7e-130407820439552","trial_id":39,"step":39,"intermediate_value":0.02985352650284767}
{"op_code":0,"worker_id":"532334de-7fe7-42e4-94a4-bb907c46eb2d-135653394321408","study_name":"muon__mamba","directions":[1]}
{"op_code":7,"worker_id":"219797d8-fde4-4035-a684-f9b55d950771-124921969557504","trial_id":49,"step":7,"intermediate_value":0.01575726829469204}
{"op_code":7,"worker_id":"38c72711-3d75-48a8-a479-bb713d90eb3c-133136419479552","trial_id":50,"step":25,"intermediate_value":0.013967718929052353}
{"op_code":7,"worker_id":"38c72711-3d75-48a8-a479-bb713d90eb3c-133136419479552","trial_id":50,"step":26,"intermediate_value":0.013967718929052353}
{"op_code":7,"worker_id":"38c72711-3d75-48a8-a479-bb713d90eb3c-133136419479552","trial_id":50,"step":27,"intermediate_value":0.013132596388459206}
{"op_code":7,"worker_id":"38c72711-3d75-48a8-a479-bb713d90eb3c-133136419479552","trial_id":50,"step":28,"intermediate_value":0.014444932341575623}
{"op_code":7,"worker_id":"38c72711-3d75-48a8-a479-bb713d90eb3c-133136419479552","trial_id":50,"step":29,"intermediate_value":0.0148028414696455}
{"op_code":7,"worker_id":"38c72711-3d75-48a8-a479-bb713d90eb3c-133136419479552","trial_id":50,"step":30,"intermediate_value":0.016237559728324413}
{"op_code":7,"worker_id":"0a30ba4f-654d-4189-98eb-97fb55b217da-138735477166080","trial_id":51,"step":20,"intermediate_value":0.02591651864349842}
{"op_code":7,"worker_id":"38c72711-3d75-48a8-a479-bb713d90eb3c-133136419479552","trial_id":50,"step":31,"intermediate_value":0.013248820323497057}
{"op_code":7,"worker_id":"0a30ba4f-654d-4189-98eb-97fb55b217da-138735477166080","trial_id":51,"step":21,"intermediate_value":0.025200698990374804}
{"op_code":7,"worker_id":"871add6e-a47b-4710-b4c8-b7fd23719e8b-134882817724416","trial_id":52,"step":25,"intermediate_value":0.02985352650284767}
{"op_code":7,"worker_id":"219797d8-fde4-4035-a684-f9b55d950771-124921969557504","trial_id":49,"step":8,"intermediate_value":0.009186351671814919}
{"op_code":7,"worker_id":"219797d8-fde4-4035-a684-f9b55d950771-124921969557504","trial_id":49,"step":9,"intermediate_value":0.023998429998755455}
{"op_code":7,"worker_id":"219797d8-fde4-4035-a684-f9b55d950771-124921969557504","trial_id":49,"step":10,"intermediate_value":0.027822292409837246}
{"op_code":7,"worker_id":"219797d8-fde4-4035-a684-f9b55d950771-124921969557504","trial_id":49,"step":11,"intermediate_value":0.028654335997998714}
{"op_code":7,"worker_id":"871add6e-a47b-4710-b4c8-b7fd23719e8b-134882817724416","trial_id":52,"step":26,"intermediate_value":0.02483663149178028}
{"op_code":7,"worker_id":"871add6e-a47b-4710-b4c8-b7fd23719e8b-134882817724416","trial_id":52,"step":27,"intermediate_value":0.026987168937921524}
{"op_code":7,"worker_id":"219797d8-fde4-4035-a684-f9b55d950771-124921969557504","trial_id":49,"step":12,"intermediate_value":0.027574448846280575}
{"op_code":7,"worker_id":"871add6e-a47b-4710-b4c8-b7fd23719e8b-134882817724416","trial_id":52,"step":28,"intermediate_value":0.03056934569031}
{"op_code":7,"worker_id":"871add6e-a47b-4710-b4c8-b7fd23719e8b-134882817724416","trial_id":52,"step":29,"intermediate_value":0.03893289063125849}
{"op_code":7,"worker_id":"871add6e-a47b-4710-b4c8-b7fd23719e8b-134882817724416","trial_id":52,"step":30,"intermediate_value":0.03475111722946167}
{"op_code":7,"worker_id":"871add6e-a47b-4710-b4c8-b7fd23719e8b-134882817724416","trial_id":52,"step":31,"intermediate_value":0.03475111722946167}
{"op_code":7,"worker_id":"871add6e-a47b-4710-b4c8-b7fd23719e8b-134882817724416","trial_id":52,"step":32,"intermediate_value":0.034273904748260975}
{"op_code":7,"worker_id":"871add6e-a47b-4710-b4c8-b7fd23719e8b-134882817724416","trial_id":52,"step":33,"intermediate_value":0.03630514070391655}
{"op_code":7,"worker_id":"871add6e-a47b-4710-b4c8-b7fd23719e8b-134882817724416","trial_id":52,"step":34,"intermediate_value":0.03463181387633085}
{"op_code":7,"worker_id":"2e3a8247-5dbe-4080-a4ba-f8ab09ec2e50-137397948055552","trial_id":40,"step":11,"intermediate_value":0.03056318871676922}
{"op_code":7,"worker_id":"871add6e-a47b-4710-b4c8-b7fd23719e8b-134882817724416","trial_id":52,"step":35,"intermediate_value":0.029134628362953663}
{"op_code":7,"worker_id":"2e3a8247-5dbe-4080-a4ba-f8ab09ec2e50-137397948055552","trial_id":40,"step":12,"intermediate_value":0.026148967444896698}
{"op_code":7,"worker_id":"871add6e-a47b-4710-b4c8-b7fd23719e8b-134882817724416","trial_id":52,"step":36,"intermediate_value":0.028657414950430393}
{"op_code":7,"worker_id":"871add6e-a47b-4710-b4c8-b7fd23719e8b-134882817724416","trial_id":52,"step":37,"intermediate_value":0.03056934569031}
{"op_code":7,"worker_id":"871add6e-a47b-4710-b4c8-b7fd23719e8b-134882817724416","trial_id":52,"step":38,"intermediate_value":0.033912915736436844}
{"op_code":7,"worker_id":"871add6e-a47b-4710-b4c8-b7fd23719e8b-134882817724416","trial_id":52,"step":39,"intermediate_value":0.030450042337179184}
{"op_code":7,"worker_id":"219797d8-fde4-4035-a684-f9b55d950771-124921969557504","trial_id":49,"step":13,"intermediate_value":0.03294925391674042}
{"op_code":7,"worker_id":"2e3a8247-5dbe-4080-a4ba-f8ab09ec2e50-137397948055552","trial_id":40,"step":13,"intermediate_value":0.029728065244853497}
{"op_code":7,"worker_id":"2e3a8247-5dbe-4080-a4ba-f8ab09ec2e50-137397948055552","trial_id":40,"step":14,"intermediate_value":0.02494977694004774}
{"op_code":7,"worker_id":"219797d8-fde4-4035-a684-f9b55d950771-124921969557504","trial_id":49,"step":14,"intermediate_value":0.027929279021918774}
{"op_code":7,"worker_id":"2e3a8247-5dbe-4080-a4ba-f8ab09ec2e50-137397948055552","trial_id":40,"step":15,"intermediate_value":0.02662310190498829}
{"op_code":7,"worker_id":"871add6e-a47b-4710-b4c8-b7fd23719e8b-134882817724416","trial_id":52,"step":40,"intermediate_value":0.030330738984048367}
{"op_code":7,"worker_id":"2e3a8247-5dbe-4080-a4ba-f8ab09ec2e50-137397948055552","trial_id":40,"step":16,"intermediate_value":0.029012246057391167}
{"op_code":7,"worker_id":"2e3a8247-5dbe-4080-a4ba-f8ab09ec2e50-137397948055552","trial_id":40,"step":17,"intermediate_value":0.03067941404879093}
{"op_code":7,"worker_id":"219797d8-fde4-4035-a684-f9b55d950771-124921969557504","trial_id":49,"step":15,"intermediate_value":0.026613865979015827}
{"op_code":7,"worker_id":"2e3a8247-5dbe-4080-a4ba-f8ab09ec2e50-137397948055552","trial_id":40,"step":18,"intermediate_value":0.03306855633854866}
{"op_code":7,"worker_id":"0447dc80-4ad8-4169-a6fe-da2d6c1fe77c-138417116717056","trial_id":38,"step":16,"intermediate_value":0.014769494999200106}
{"op_code":7,"worker_id":"44c6a450-b07e-4b06-baaf-2f623988bc71-134028377853952","trial_id":46,"step":28,"intermediate_value":0.016188604291528463}
{"op_code":7,"worker_id":"b0c9ae72-81be-4f8d-bdfe-e40fead80a21-133278269722624","trial_id":43,"step":42,"intermediate_value":0.1308941598981619}
{"op_code":7,"worker_id":"2e3a8247-5dbe-4080-a4ba-f8ab09ec2e50-137397948055552","trial_id":40,"step":19,"intermediate_value":0.03223343379795551}
{"op_code":7,"worker_id":"44c6a450-b07e-4b06-baaf-2f623988bc71-134028377853952","trial_id":46,"step":29,"intermediate_value":0.016188604291528463}
{"op_code":7,"worker_id":"b0c9ae72-81be-4f8d-bdfe-e40fead80a21-133278269722624","trial_id":43,"step":43,"intermediate_value":0.12886292021721601}
{"op_code":7,"worker_id":"2e3a8247-5dbe-4080-a4ba-f8ab09ec2e50-137397948055552","trial_id":40,"step":20,"intermediate_value":0.0319917481392622}
{"op_code":7,"worker_id":"219797d8-fde4-4035-a684-f9b55d950771-124921969557504","trial_id":49,"step":16,"intermediate_value":0.023147912928834558}
{"op_code":7,"worker_id":"44c6a450-b07e-4b06-baaf-2f623988bc71-134028377853952","trial_id":46,"step":30,"intermediate_value":0.016188604291528463}
{"op_code":7,"worker_id":"2e3a8247-5dbe-4080-a4ba-f8ab09ec2e50-137397948055552","trial_id":40,"step":21,"intermediate_value":0.03247204050421715}
{"op_code":7,"worker_id":"44c6a450-b07e-4b06-baaf-2f623988bc71-134028377853952","trial_id":46,"step":31,"intermediate_value":0.016188604291528463}
{"op_code":7,"worker_id":"2e3a8247-5dbe-4080-a4ba-f8ab09ec2e50-137397948055552","trial_id":40,"step":22,"intermediate_value":0.026739326305687428}
{"op_code":7,"worker_id":"0447dc80-4ad8-4169-a6fe-da2d6c1fe77c-138417116717056","trial_id":38,"step":17,"intermediate_value":0.014769494999200106}
{"op_code":7,"worker_id":"44c6a450-b07e-4b06-baaf-2f623988bc71-134028377853952","trial_id":46,"step":32,"intermediate_value":0.016188604291528463}
{"op_code":7,"worker_id":"2e3a8247-5dbe-4080-a4ba-f8ab09ec2e50-137397948055552","trial_id":40,"step":23,"intermediate_value":0.028412651270627975}
{"op_code":7,"worker_id":"219797d8-fde4-4035-a684-f9b55d950771-124921969557504","trial_id":49,"step":17,"intermediate_value":0.02876132447272539}
{"op_code":7,"worker_id":"0447dc80-4ad8-4169-a6fe-da2d6c1fe77c-138417116717056","trial_id":38,"step":18,"intermediate_value":0.014769494999200106}
{"op_code":7,"worker_id":"44c6a450-b07e-4b06-baaf-2f623988bc71-134028377853952","trial_id":46,"step":33,"intermediate_value":0.016188604291528463}
{"op_code":7,"worker_id":"2e3a8247-5dbe-4080-a4ba-f8ab09ec2e50-137397948055552","trial_id":40,"step":24,"intermediate_value":0.03545462153851986}
{"op_code":7,"worker_id":"0447dc80-4ad8-4169-a6fe-da2d6c1fe77c-138417116717056","trial_id":38,"step":19,"intermediate_value":0.014769494999200106}
{"op_code":7,"worker_id":"44c6a450-b07e-4b06-baaf-2f623988bc71-134028377853952","trial_id":46,"step":34,"intermediate_value":0.016188604291528463}
{"op_code":7,"worker_id":"2e3a8247-5dbe-4080-a4ba-f8ab09ec2e50-137397948055552","trial_id":40,"step":25,"intermediate_value":0.03222727682441473}
{"op_code":7,"worker_id":"0447dc80-4ad8-4169-a6fe-da2d6c1fe77c-138417116717056","trial_id":38,"step":20,"intermediate_value":0.02079819841310382}
{"op_code":7,"worker_id":"44c6a450-b07e-4b06-baaf-2f623988bc71-134028377853952","trial_id":46,"step":35,"intermediate_value":0.007677966263145208}
{"op_code":7,"worker_id":"871add6e-a47b-4710-b4c8-b7fd23719e8b-134882817724416","trial_id":52,"step":41,"intermediate_value":0.02985352650284767}
{"op_code":7,"worker_id":"44c6a450-b07e-4b06-baaf-2f623988bc71-134028377853952","trial_id":46,"step":36,"intermediate_value":0.01453331159427762}
{"op_code":7,"worker_id":"b0c9ae72-81be-4f8d-bdfe-e40fead80a21-133278269722624","trial_id":43,"step":44,"intermediate_value":0.16035899054259062}
{"op_code":7,"worker_id":"15962467-67e7-4409-b4ae-e830dcbffe7e-130407820439552","trial_id":39,"step":40,"intermediate_value":0.03343570325523615}
{"op_code":7,"worker_id":"15962467-67e7-4409-b4ae-e830dcbffe7e-130407820439552","trial_id":39,"step":41,"intermediate_value":0.02925393171608448}
{"op_code":7,"worker_id":"15962467-67e7-4409-b4ae-e830dcbffe7e-130407820439552","trial_id":39,"step":42,"intermediate_value":0.02841880824416876}
{"op_code":7,"worker_id":"0447dc80-4ad8-4169-a6fe-da2d6c1fe77c-138417116717056","trial_id":38,"step":21,"intermediate_value":0.018670538906008005}
{"op_code":7,"worker_id":"15962467-67e7-4409-b4ae-e830dcbffe7e-130407820439552","trial_id":39,"step":43,"intermediate_value":0.02985352650284767}
{"op_code":7,"worker_id":"15962467-67e7-4409-b4ae-e830dcbffe7e-130407820439552","trial_id":39,"step":44,"intermediate_value":0.029257009737193584}
{"op_code":7,"worker_id":"0447dc80-4ad8-4169-a6fe-da2d6c1fe77c-138417116717056","trial_id":38,"step":22,"intermediate_value":0.012169468682259321}
{"op_code":7,"worker_id":"0447dc80-4ad8-4169-a6fe-da2d6c1fe77c-138417116717056","trial_id":38,"step":23,"intermediate_value":0.012051376979798079}
{"op_code":7,"worker_id":"15962467-67e7-4409-b4ae-e830dcbffe7e-130407820439552","trial_id":39,"step":45,"intermediate_value":0.02949561644345522}
{"op_code":7,"worker_id":"0447dc80-4ad8-4169-a6fe-da2d6c1fe77c-138417116717056","trial_id":38,"step":24,"intermediate_value":0.012051376979798079}
{"op_code":7,"worker_id":"15962467-67e7-4409-b4ae-e830dcbffe7e-130407820439552","trial_id":39,"step":46,"intermediate_value":0.029614919796586037}
{"op_code":7,"worker_id":"0447dc80-4ad8-4169-a6fe-da2d6c1fe77c-138417116717056","trial_id":38,"step":25,"intermediate_value":0.012051376979798079}
{"op_code":7,"worker_id":"15962467-67e7-4409-b4ae-e830dcbffe7e-130407820439552","trial_id":39,"step":47,"intermediate_value":0.02985352650284767}
{"op_code":7,"worker_id":"15962467-67e7-4409-b4ae-e830dcbffe7e-130407820439552","trial_id":39,"step":48,"intermediate_value":0.027941595762968063}
{"op_code":7,"worker_id":"0447dc80-4ad8-4169-a6fe-da2d6c1fe77c-138417116717056","trial_id":38,"step":26,"intermediate_value":0.012051376979798079}
{"op_code":7,"worker_id":"15962467-67e7-4409-b4ae-e830dcbffe7e-130407820439552","trial_id":39,"step":49,"intermediate_value":0.02770298905670643}
{"op_code":7,"worker_id":"0447dc80-4ad8-4169-a6fe-da2d6c1fe77c-138417116717056","trial_id":38,"step":27,"intermediate_value":0.012051376979798079}
{"op_code":7,"worker_id":"15962467-67e7-4409-b4ae-e830dcbffe7e-130407820439552","trial_id":39,"step":50,"intermediate_value":0.03056934569031}
{"op_code":7,"worker_id":"15962467-67e7-4409-b4ae-e830dcbffe7e-130407820439552","trial_id":39,"step":51,"intermediate_value":0.02925393171608448}
{"op_code":7,"worker_id":"0447dc80-4ad8-4169-a6fe-da2d6c1fe77c-138417116717056","trial_id":38,"step":28,"intermediate_value":0.018788630608469248}
{"op_code":7,"worker_id":"0447dc80-4ad8-4169-a6fe-da2d6c1fe77c-138417116717056","trial_id":38,"step":29,"intermediate_value":0.018552447203546762}
{"op_code":7,"worker_id":"38c72711-3d75-48a8-a479-bb713d90eb3c-133136419479552","trial_id":50,"step":32,"intermediate_value":0.01945874746888876}
{"op_code":7,"worker_id":"0a30ba4f-654d-4189-98eb-97fb55b217da-138735477166080","trial_id":51,"step":22,"intermediate_value":0.019226299598813057}
{"op_code":7,"worker_id":"38c72711-3d75-48a8-a479-bb713d90eb3c-133136419479552","trial_id":50,"step":33,"intermediate_value":0.020174567587673664}
{"op_code":7,"worker_id":"15962467-67e7-4409-b4ae-e830dcbffe7e-130407820439552","trial_id":39,"step":52,"intermediate_value":0.03044696431607008}
{"op_code":7,"worker_id":"15962467-67e7-4409-b4ae-e830dcbffe7e-130407820439552","trial_id":39,"step":53,"intermediate_value":0.02626519277691841}
{"op_code":7,"worker_id":"15962467-67e7-4409-b4ae-e830dcbffe7e-130407820439552","trial_id":39,"step":54,"intermediate_value":0.025191462598741055}
{"op_code":7,"worker_id":"0a30ba4f-654d-4189-98eb-97fb55b217da-138735477166080","trial_id":51,"step":23,"intermediate_value":0.018507400527596474}
{"op_code":7,"worker_id":"15962467-67e7-4409-b4ae-e830dcbffe7e-130407820439552","trial_id":39,"step":55,"intermediate_value":0.024952856823801994}
{"op_code":7,"worker_id":"0a30ba4f-654d-4189-98eb-97fb55b217da-138735477166080","trial_id":51,"step":24,"intermediate_value":0.01074345177039504}
{"op_code":7,"worker_id":"15962467-67e7-4409-b4ae-e830dcbffe7e-130407820439552","trial_id":39,"step":56,"intermediate_value":0.024952856823801994}
{"op_code":7,"worker_id":"0a30ba4f-654d-4189-98eb-97fb55b217da-138735477166080","trial_id":51,"step":25,"intermediate_value":0.011101361364126205}
{"op_code":7,"worker_id":"15962467-67e7-4409-b4ae-e830dcbffe7e-130407820439552","trial_id":39,"step":57,"intermediate_value":0.025191462598741055}
{"op_code":7,"worker_id":"0a30ba4f-654d-4189-98eb-97fb55b217da-138735477166080","trial_id":51,"step":26,"intermediate_value":0.011578574776649475}
{"op_code":7,"worker_id":"15962467-67e7-4409-b4ae-e830dcbffe7e-130407820439552","trial_id":39,"step":58,"intermediate_value":0.024475643411278725}
{"op_code":7,"worker_id":"0447dc80-4ad8-4169-a6fe-da2d6c1fe77c-138417116717056","trial_id":38,"step":30,"intermediate_value":0.018552447203546762}
{"op_code":7,"worker_id":"0a30ba4f-654d-4189-98eb-97fb55b217da-138735477166080","trial_id":51,"step":27,"intermediate_value":0.020296948961913586}
{"op_code":7,"worker_id":"0a30ba4f-654d-4189-98eb-97fb55b217da-138735477166080","trial_id":51,"step":28,"intermediate_value":0.025910360738635063}
{"op_code":7,"worker_id":"15962467-67e7-4409-b4ae-e830dcbffe7e-130407820439552","trial_id":39,"step":59,"intermediate_value":0.024117733351886272}
{"op_code":7,"worker_id":"0a30ba4f-654d-4189-98eb-97fb55b217da-138735477166080","trial_id":51,"step":29,"intermediate_value":0.026387574151158333}
{"op_code":7,"worker_id":"15962467-67e7-4409-b4ae-e830dcbffe7e-130407820439552","trial_id":39,"step":60,"intermediate_value":0.024475643411278725}
{"op_code":7,"worker_id":"0a30ba4f-654d-4189-98eb-97fb55b217da-138735477166080","trial_id":51,"step":30,"intermediate_value":0.027822292409837246}
{"op_code":7,"worker_id":"15962467-67e7-4409-b4ae-e830dcbffe7e-130407820439552","trial_id":39,"step":61,"intermediate_value":0.024594946764409542}
{"op_code":7,"worker_id":"15962467-67e7-4409-b4ae-e830dcbffe7e-130407820439552","trial_id":39,"step":62,"intermediate_value":0.024952856823801994}
{"op_code":7,"worker_id":"38c72711-3d75-48a8-a479-bb713d90eb3c-133136419479552","trial_id":50,"step":34,"intermediate_value":0.02292162086814642}
{"op_code":7,"worker_id":"15962467-67e7-4409-b4ae-e830dcbffe7e-130407820439552","trial_id":39,"step":63,"intermediate_value":0.02471425011754036}
{"op_code":7,"worker_id":"38c72711-3d75-48a8-a479-bb713d90eb3c-133136419479552","trial_id":50,"step":35,"intermediate_value":0.022325105033814907}
{"op_code":7,"worker_id":"0a30ba4f-654d-4189-98eb-97fb55b217da-138735477166080","trial_id":51,"step":31,"intermediate_value":0.02997282985597849}
{"op_code":7,"worker_id":"15962467-67e7-4409-b4ae-e830dcbffe7e-130407820439552","trial_id":39,"step":64,"intermediate_value":0.02471425011754036}
{"op_code":7,"worker_id":"38c72711-3d75-48a8-a479-bb713d90eb3c-133136419479552","trial_id":50,"step":36,"intermediate_value":0.024952856823801994}
{"op_code":7,"worker_id":"0a30ba4f-654d-4189-98eb-97fb55b217da-138735477166080","trial_id":51,"step":32,"intermediate_value":0.02758368570357561}
{"op_code":7,"worker_id":"38c72711-3d75-48a8-a479-bb713d90eb3c-133136419479552","trial_id":50,"step":37,"intermediate_value":0.025072159245610237}
{"op_code":7,"worker_id":"0a30ba4f-654d-4189-98eb-97fb55b217da-138735477166080","trial_id":51,"step":33,"intermediate_value":0.02985352650284767}
{"op_code":7,"worker_id":"38c72711-3d75-48a8-a479-bb713d90eb3c-133136419479552","trial_id":50,"step":38,"intermediate_value":0.02769991010427475}
{"op_code":7,"worker_id":"0a30ba4f-654d-4189-98eb-97fb55b217da-138735477166080","trial_id":51,"step":34,"intermediate_value":0.029734223149716854}
{"op_code":7,"worker_id":"38c72711-3d75-48a8-a479-bb713d90eb3c-133136419479552","trial_id":50,"step":39,"intermediate_value":0.026145889423787594}
{"op_code":7,"worker_id":"15962467-67e7-4409-b4ae-e830dcbffe7e-130407820439552","trial_id":39,"step":65,"intermediate_value":0.02471425011754036}
{"op_code":7,"worker_id":"15962467-67e7-4409-b4ae-e830dcbffe7e-130407820439552","trial_id":39,"step":66,"intermediate_value":0.025668676011264324}
{"op_code":7,"worker_id":"15962467-67e7-4409-b4ae-e830dcbffe7e-130407820439552","trial_id":39,"step":67,"intermediate_value":0.02590728271752596}
{"op_code":7,"worker_id":"15962467-67e7-4409-b4ae-e830dcbffe7e-130407820439552","trial_id":39,"step":68,"intermediate_value":0.02817712351679802}
{"op_code":7,"worker_id":"15962467-67e7-4409-b4ae-e830dcbffe7e-130407820439552","trial_id":39,"step":69,"intermediate_value":0.027338922023773193}
{"op_code":7,"worker_id":"15962467-67e7-4409-b4ae-e830dcbffe7e-130407820439552","trial_id":39,"step":70,"intermediate_value":0.028054741211235523}
{"op_code":7,"worker_id":"15962467-67e7-4409-b4ae-e830dcbffe7e-130407820439552","trial_id":39,"step":71,"intermediate_value":0.028054741211235523}
{"op_code":7,"worker_id":"15962467-67e7-4409-b4ae-e830dcbffe7e-130407820439552","trial_id":39,"step":72,"intermediate_value":0.02817404456436634}
{"op_code":7,"worker_id":"15962467-67e7-4409-b4ae-e830dcbffe7e-130407820439552","trial_id":39,"step":73,"intermediate_value":0.027577527798712254}
{"op_code":7,"worker_id":"0447dc80-4ad8-4169-a6fe-da2d6c1fe77c-138417116717056","trial_id":38,"step":31,"intermediate_value":0.009805625770241022}
{"op_code":7,"worker_id":"15962467-67e7-4409-b4ae-e830dcbffe7e-130407820439552","trial_id":39,"step":74,"intermediate_value":0.0292508527636528}
{"op_code":7,"worker_id":"15962467-67e7-4409-b4ae-e830dcbffe7e-130407820439552","trial_id":39,"step":75,"intermediate_value":0.027935437858104706}
{"op_code":7,"worker_id":"0447dc80-4ad8-4169-a6fe-da2d6c1fe77c-138417116717056","trial_id":38,"step":32,"intermediate_value":0.009805625770241022}
{"op_code":7,"worker_id":"15962467-67e7-4409-b4ae-e830dcbffe7e-130407820439552","trial_id":39,"step":76,"intermediate_value":0.0304438853636384}
{"op_code":7,"worker_id":"0447dc80-4ad8-4169-a6fe-da2d6c1fe77c-138417116717056","trial_id":38,"step":33,"intermediate_value":0.009805625770241022}
{"op_code":7,"worker_id":"15962467-67e7-4409-b4ae-e830dcbffe7e-130407820439552","trial_id":39,"step":77,"intermediate_value":0.028531953692436218}
{"op_code":7,"worker_id":"15962467-67e7-4409-b4ae-e830dcbffe7e-130407820439552","trial_id":39,"step":78,"intermediate_value":0.030324582010507584}
{"op_code":7,"worker_id":"15962467-67e7-4409-b4ae-e830dcbffe7e-130407820439552","trial_id":39,"step":79,"intermediate_value":0.03056318871676922}
{"op_code":7,"worker_id":"15962467-67e7-4409-b4ae-e830dcbffe7e-130407820439552","trial_id":39,"step":80,"intermediate_value":0.03235581610351801}
{"op_code":7,"worker_id":"15962467-67e7-4409-b4ae-e830dcbffe7e-130407820439552","trial_id":39,"step":81,"intermediate_value":0.03187860269099474}
{"op_code":7,"worker_id":"15962467-67e7-4409-b4ae-e830dcbffe7e-130407820439552","trial_id":39,"step":82,"intermediate_value":0.031401390209794044}
{"op_code":7,"worker_id":"15962467-67e7-4409-b4ae-e830dcbffe7e-130407820439552","trial_id":39,"step":83,"intermediate_value":0.03426774684339762}
{"op_code":7,"worker_id":"15962467-67e7-4409-b4ae-e830dcbffe7e-130407820439552","trial_id":39,"step":84,"intermediate_value":0.03223651275038719}
{"op_code":7,"worker_id":"15962467-67e7-4409-b4ae-e830dcbffe7e-130407820439552","trial_id":39,"step":85,"intermediate_value":0.030801795423030853}
{"op_code":7,"worker_id":"15962467-67e7-4409-b4ae-e830dcbffe7e-130407820439552","trial_id":39,"step":86,"intermediate_value":0.028531953692436218}
{"op_code":7,"worker_id":"38c72711-3d75-48a8-a479-bb713d90eb3c-133136419479552","trial_id":50,"step":40,"intermediate_value":0.02662310190498829}
{"op_code":7,"worker_id":"15962467-67e7-4409-b4ae-e830dcbffe7e-130407820439552","trial_id":39,"step":87,"intermediate_value":0.029247773811221123}
{"op_code":7,"worker_id":"38c72711-3d75-48a8-a479-bb713d90eb3c-133136419479552","trial_id":50,"step":41,"intermediate_value":0.027342000044882298}
{"op_code":7,"worker_id":"38c72711-3d75-48a8-a479-bb713d90eb3c-133136419479552","trial_id":50,"step":42,"intermediate_value":0.02889294270426035}
{"op_code":7,"worker_id":"38c72711-3d75-48a8-a479-bb713d90eb3c-133136419479552","trial_id":50,"step":43,"intermediate_value":0.0317593002691865}
{"op_code":7,"worker_id":"38c72711-3d75-48a8-a479-bb713d90eb3c-133136419479552","trial_id":50,"step":44,"intermediate_value":0.02817712351679802}
{"op_code":7,"worker_id":"15962467-67e7-4409-b4ae-e830dcbffe7e-130407820439552","trial_id":39,"step":88,"intermediate_value":0.029844289645552635}
{"op_code":7,"worker_id":"0447dc80-4ad8-4169-a6fe-da2d6c1fe77c-138417116717056","trial_id":38,"step":34,"intermediate_value":0.009805625770241022}
{"op_code":0,"worker_id":"1fac0a2a-245d-4510-90a2-2366ca597a09-135653394321408","study_name":"lion__mamba","directions":[1]}
{"op_code":7,"worker_id":"0447dc80-4ad8-4169-a6fe-da2d6c1fe77c-138417116717056","trial_id":38,"step":35,"intermediate_value":0.010277992580085993}
{"op_code":0,"worker_id":"483c753a-5cf4-4418-8776-c4a7380e7a73-135653394321408","study_name":"looksam__mamba","directions":[1]}
{"op_code":7,"worker_id":"0447dc80-4ad8-4169-a6fe-da2d6c1fe77c-138417116717056","trial_id":38,"step":36,"intermediate_value":0.01642478769645095}
{"op_code":0,"worker_id":"a7f27e86-2c05-4b9a-97f0-4375de60be82-135653394321408","study_name":"prodigy__mamba","directions":[1]}
{"op_code":7,"worker_id":"0447dc80-4ad8-4169-a6fe-da2d6c1fe77c-138417116717056","trial_id":38,"step":37,"intermediate_value":0.01642478769645095}
{"op_code":4,"worker_id":"4479b12f-ebaf-4b8d-a1e0-dea0d9b3fec9-135653394321408","study_id":12,"datetime_start":"2026-06-09T23:07:52.314840"}
{"op_code":5,"worker_id":"4479b12f-ebaf-4b8d-a1e0-dea0d9b3fec9-135653394321408","trial_id":53,"param_name":"lr","param_value_internal":0.0008565293722924722,"distribution":"{\"name\": \"FloatDistribution\", \"attributes\": {\"step\": null, \"low\": 0.0002, \"high\": 0.005, \"log\": true}}"}
{"op_code":5,"worker_id":"4479b12f-ebaf-4b8d-a1e0-dea0d9b3fec9-135653394321408","trial_id":53,"param_name":"beta1","param_value_internal":0.9336803373557624,"distribution":"{\"name\": \"FloatDistribution\", \"attributes\": {\"step\": null, \"low\": 0.85, \"high\": 0.95, \"log\": false}}"}
{"op_code":5,"worker_id":"4479b12f-ebaf-4b8d-a1e0-dea0d9b3fec9-135653394321408","trial_id":53,"param_name":"beta2","param_value_internal":0.974510993649918,"distribution":"{\"name\": \"FloatDistribution\", \"attributes\": {\"step\": null, \"low\": 0.95, \"high\": 0.9995, \"log\": false}}"}
{"op_code":5,"worker_id":"4479b12f-ebaf-4b8d-a1e0-dea0d9b3fec9-135653394321408","trial_id":53,"param_name":"weight_decay","param_value_internal":1.9548824288747957,"distribution":"{\"name\": \"FloatDistribution\", \"attributes\": {\"step\": null, \"low\": 0.2, \"high\": 4.0, \"log\": true}}"}
{"op_code":5,"worker_id":"4479b12f-ebaf-4b8d-a1e0-dea0d9b3fec9-135653394321408","trial_id":53,"param_name":"matmul_precision","param_value_internal":3,"distribution":"{\"name\": \"CategoricalDistribution\", \"attributes\": {\"choices\": [\"bf16\", \"tf32\", \"fp32\", \"fp16amp\"]}}"}
{"op_code":7,"worker_id":"15962467-67e7-4409-b4ae-e830dcbffe7e-130407820439552","trial_id":39,"step":89,"intermediate_value":0.03354576975107193}
{"op_code":7,"worker_id":"15962467-67e7-4409-b4ae-e830dcbffe7e-130407820439552","trial_id":39,"step":90,"intermediate_value":0.0319917481392622}
{"op_code":7,"worker_id":"15962467-67e7-4409-b4ae-e830dcbffe7e-130407820439552","trial_id":39,"step":91,"intermediate_value":0.033304084092378616}
{"op_code":7,"worker_id":"15962467-67e7-4409-b4ae-e830dcbffe7e-130407820439552","trial_id":39,"step":92,"intermediate_value":0.03461949899792671}
{"op_code":7,"worker_id":"38c72711-3d75-48a8-a479-bb713d90eb3c-133136419479552","trial_id":50,"step":45,"intermediate_value":0.030327660962939262}
{"op_code":7,"worker_id":"0447dc80-4ad8-4169-a6fe-da2d6c1fe77c-138417116717056","trial_id":38,"step":38,"intermediate_value":0.010514175985008478}
{"op_code":7,"worker_id":"38c72711-3d75-48a8-a479-bb713d90eb3c-133136419479552","trial_id":50,"step":46,"intermediate_value":0.029728065244853497}
{"op_code":7,"worker_id":"0447dc80-4ad8-4169-a6fe-da2d6c1fe77c-138417116717056","trial_id":38,"step":39,"intermediate_value":0.010514175985008478}
{"op_code":7,"worker_id":"38c72711-3d75-48a8-a479-bb713d90eb3c-133136419479552","trial_id":50,"step":47,"intermediate_value":0.028412651270627975}
{"op_code":7,"worker_id":"38c72711-3d75-48a8-a479-bb713d90eb3c-133136419479552","trial_id":50,"step":48,"intermediate_value":0.02912847138941288}
{"op_code":7,"worker_id":"0447dc80-4ad8-4169-a6fe-da2d6c1fe77c-138417116717056","trial_id":38,"step":40,"intermediate_value":0.010514175985008478}
{"op_code":7,"worker_id":"38c72711-3d75-48a8-a479-bb713d90eb3c-133136419479552","trial_id":50,"step":49,"intermediate_value":0.029247773811221123}
{"op_code":7,"worker_id":"0447dc80-4ad8-4169-a6fe-da2d6c1fe77c-138417116717056","trial_id":38,"step":41,"intermediate_value":0.018788630608469248}
{"op_code":7,"worker_id":"38c72711-3d75-48a8-a479-bb713d90eb3c-133136419479552","trial_id":50,"step":50,"intermediate_value":0.029486380517482758}
{"op_code":7,"worker_id":"15962467-67e7-4409-b4ae-e830dcbffe7e-130407820439552","trial_id":39,"step":93,"intermediate_value":0.03461949899792671}
{"op_code":7,"worker_id":"38c72711-3d75-48a8-a479-bb713d90eb3c-133136419479552","trial_id":50,"step":51,"intermediate_value":0.030921097844839096}
{"op_code":7,"worker_id":"0447dc80-4ad8-4169-a6fe-da2d6c1fe77c-138417116717056","trial_id":38,"step":42,"intermediate_value":0.018788630608469248}
{"op_code":7,"worker_id":"38c72711-3d75-48a8-a479-bb713d90eb3c-133136419479552","trial_id":50,"step":52,"intermediate_value":0.029605682939291}
{"op_code":7,"worker_id":"38c72711-3d75-48a8-a479-bb713d90eb3c-133136419479552","trial_id":50,"step":53,"intermediate_value":0.029602604918181896}
{"op_code":7,"worker_id":"38c72711-3d75-48a8-a479-bb713d90eb3c-133136419479552","trial_id":50,"step":54,"intermediate_value":0.029841209761798382}
{"op_code":7,"worker_id":"38c72711-3d75-48a8-a479-bb713d90eb3c-133136419479552","trial_id":50,"step":55,"intermediate_value":0.03127284999936819}
{"op_code":7,"worker_id":"38c72711-3d75-48a8-a479-bb713d90eb3c-133136419479552","trial_id":50,"step":56,"intermediate_value":0.030079816468060017}
{"op_code":7,"worker_id":"0447dc80-4ad8-4169-a6fe-da2d6c1fe77c-138417116717056","trial_id":38,"step":43,"intermediate_value":0.018788630608469248}
{"op_code":7,"worker_id":"38c72711-3d75-48a8-a479-bb713d90eb3c-133136419479552","trial_id":50,"step":57,"intermediate_value":0.031753143295645714}
{"op_code":7,"worker_id":"cf9cf729-a546-45d9-bb4d-3718aff6d658-124878650773504","trial_id":47,"step":11,"intermediate_value":0.02626519277691841}
{"op_code":7,"worker_id":"b288c2b1-e49e-41d8-afbe-1fb10ef2db45-138861632921600","trial_id":32,"step":10,"intermediate_value":0.017133337445557117}
{"op_code":7,"worker_id":"0447dc80-4ad8-4169-a6fe-da2d6c1fe77c-138417116717056","trial_id":38,"step":44,"intermediate_value":0.018788630608469248}
{"op_code":7,"worker_id":"38c72711-3d75-48a8-a479-bb713d90eb3c-133136419479552","trial_id":50,"step":58,"intermediate_value":0.031392152421176434}
{"op_code":7,"worker_id":"b288c2b1-e49e-41d8-afbe-1fb10ef2db45-138861632921600","trial_id":32,"step":11,"intermediate_value":0.015952421352267265}
{"op_code":7,"worker_id":"0447dc80-4ad8-4169-a6fe-da2d6c1fe77c-138417116717056","trial_id":38,"step":45,"intermediate_value":0.026944993529468775}
{"op_code":7,"worker_id":"38c72711-3d75-48a8-a479-bb713d90eb3c-133136419479552","trial_id":50,"step":59,"intermediate_value":0.033781297504901886}
{"op_code":7,"worker_id":"b288c2b1-e49e-41d8-afbe-1fb10ef2db45-138861632921600","trial_id":32,"step":12,"intermediate_value":0.015952421352267265}
{"op_code":7,"worker_id":"38c72711-3d75-48a8-a479-bb713d90eb3c-133136419479552","trial_id":50,"step":60,"intermediate_value":0.03175006341189146}
{"op_code":7,"worker_id":"cf9cf729-a546-45d9-bb4d-3718aff6d658-124878650773504","trial_id":47,"step":12,"intermediate_value":0.034387050196528435}
{"op_code":7,"worker_id":"38c72711-3d75-48a8-a479-bb713d90eb3c-133136419479552","trial_id":50,"step":61,"intermediate_value":0.03449403773993254}
{"op_code":7,"worker_id":"b288c2b1-e49e-41d8-afbe-1fb10ef2db45-138861632921600","trial_id":32,"step":13,"intermediate_value":0.014769494999200106}
{"op_code":7,"worker_id":"38c72711-3d75-48a8-a479-bb713d90eb3c-133136419479552","trial_id":50,"step":62,"intermediate_value":0.03604498039931059}
{"op_code":7,"worker_id":"b288c2b1-e49e-41d8-afbe-1fb10ef2db45-138861632921600","trial_id":32,"step":14,"intermediate_value":0.014769494999200106}
{"op_code":7,"worker_id":"38c72711-3d75-48a8-a479-bb713d90eb3c-133136419479552","trial_id":50,"step":63,"intermediate_value":0.035329160280525684}
{"op_code":7,"worker_id":"cf9cf729-a546-45d9-bb4d-3718aff6d658-124878650773504","trial_id":47,"step":13,"intermediate_value":0.03462257795035839}
{"op_code":7,"worker_id":"38c72711-3d75-48a8-a479-bb713d90eb3c-133136419479552","trial_id":50,"step":64,"intermediate_value":0.03771522548049688}
{"op_code":7,"worker_id":"b288c2b1-e49e-41d8-afbe-1fb10ef2db45-138861632921600","trial_id":32,"step":15,"intermediate_value":0.014769494999200106}
{"op_code":7,"worker_id":"38c72711-3d75-48a8-a479-bb713d90eb3c-133136419479552","trial_id":50,"step":65,"intermediate_value":0.036880102939903736}
{"op_code":7,"worker_id":"b288c2b1-e49e-41d8-afbe-1fb10ef2db45-138861632921600","trial_id":32,"step":16,"intermediate_value":0.010514175985008478}
{"op_code":7,"worker_id":"38c72711-3d75-48a8-a479-bb713d90eb3c-133136419479552","trial_id":50,"step":66,"intermediate_value":0.037357316352427006}
{"op_code":7,"worker_id":"38c72711-3d75-48a8-a479-bb713d90eb3c-133136419479552","trial_id":50,"step":67,"intermediate_value":0.03843104559928179}
{"op_code":7,"worker_id":"cf9cf729-a546-45d9-bb4d-3718aff6d658-124878650773504","trial_id":47,"step":14,"intermediate_value":0.03748585656285286}
{"op_code":8,"worker_id":"4479b12f-ebaf-4b8d-a1e0-dea0d9b3fec9-135653394321408","trial_id":53,"user_attr":{"crash":"TypeError(\"fused_step(): incompatible function arguments. The following argument types are supported:\\n    1. (arg0: str, arg1: str, arg2: torch.Tensor, arg3: torch.Tensor, arg4: torch.Tensor, arg5: torch.Tensor, arg6: float) -> None\\n\\nInvoked with: 'mamba3', 'adamw', tensor([ 0.8729, -0.9622, -0.3"}}
{"op_code":6,"worker_id":"4479b12f-ebaf-4b8d-a1e0-dea0d9b3fec9-135653394321408","trial_id":53,"state":1,"values":[24100.0],"datetime_complete":"2026-06-09T23:08:17.592147"}
{"op_code":7,"worker_id":"cf9cf729-a546-45d9-bb4d-3718aff6d658-124878650773504","trial_id":47,"step":15,"intermediate_value":0.03664765506982803}
{"op_code":4,"worker_id":"52f29c61-08a5-4a68-bee0-d6ce9f15423d-135653394321408","study_id":14,"datetime_start":"2026-06-09T23:08:17.707993"}
{"op_code":5,"worker_id":"52f29c61-08a5-4a68-bee0-d6ce9f15423d-135653394321408","trial_id":54,"param_name":"lr","param_value_internal":0.0008565293722924722,"distribution":"{\"name\": \"FloatDistribution\", \"attributes\": {\"step\": null, \"low\": 0.0002, \"high\": 0.005, \"log\": true}}"}
{"op_code":5,"worker_id":"52f29c61-08a5-4a68-bee0-d6ce9f15423d-135653394321408","trial_id":54,"param_name":"neural_alpha","param_value_internal":19.28355624289931,"distribution":"{\"name\": \"FloatDistribution\", \"attributes\": {\"step\": null, \"low\": 2.0, \"high\": 30.0, \"log\": true}}"}
{"op_code":5,"worker_id":"52f29c61-08a5-4a68-bee0-d6ce9f15423d-135653394321408","trial_id":54,"param_name":"neural_beta","param_value_internal":5.4565442999850955,"distribution":"{\"name\": \"FloatDistribution\", \"attributes\": {\"step\": null, \"low\": 1.0, \"high\": 10.0, \"log\": false}}"}
{"op_code":5,"worker_id":"52f29c61-08a5-4a68-bee0-d6ce9f15423d-135653394321408","trial_id":54,"param_name":"neural_grad_clip","param_value_internal":2.402513106315949,"distribution":"{\"name\": \"FloatDistribution\", \"attributes\": {\"step\": null, \"low\": 0.5, \"high\": 3.0, \"log\": false}}"}
{"op_code":5,"worker_id":"52f29c61-08a5-4a68-bee0-d6ce9f15423d-135653394321408","trial_id":54,"param_name":"weight_decay","param_value_internal":0.4419155679144035,"distribution":"{\"name\": \"FloatDistribution\", \"attributes\": {\"step\": null, \"low\": 0.2, \"high\": 4.0, \"log\": true}}"}
{"op_code":5,"worker_id":"52f29c61-08a5-4a68-bee0-d6ce9f15423d-135653394321408","trial_id":54,"param_name":"matmul_precision","param_value_internal":3,"distribution":"{\"name\": \"CategoricalDistribution\", \"attributes\": {\"choices\": [\"bf16\", \"tf32\", \"fp32\", \"fp16amp\"]}}"}
{"op_code":7,"worker_id":"cf9cf729-a546-45d9-bb4d-3718aff6d658-124878650773504","trial_id":47,"step":16,"intermediate_value":0.030911861918866634}
{"op_code":7,"worker_id":"0a30ba4f-654d-4189-98eb-97fb55b217da-138735477166080","trial_id":51,"step":35,"intermediate_value":0.030450042337179184}
{"op_code":7,"worker_id":"0a30ba4f-654d-4189-98eb-97fb55b217da-138735477166080","trial_id":51,"step":36,"intermediate_value":0.028538111597299576}
{"op_code":7,"worker_id":"0447dc80-4ad8-4169-a6fe-da2d6c1fe77c-138417116717056","trial_id":38,"step":46,"intermediate_value":0.026944993529468775}
{"op_code":7,"worker_id":"0a30ba4f-654d-4189-98eb-97fb55b217da-138735477166080","trial_id":51,"step":37,"intermediate_value":0.031643074937164783}
{"op_code":8,"worker_id":"52f29c61-08a5-4a68-bee0-d6ce9f15423d-135653394321408","trial_id":54,"user_attr":{"crash":"AssertionError('No inf checks were recorded for this optimizer.')"}}
{"op_code":6,"worker_id":"52f29c61-08a5-4a68-bee0-d6ce9f15423d-135653394321408","trial_id":54,"state":1,"values":[24100.0],"datetime_complete":"2026-06-09T23:08:24.344984"}
{"op_code":7,"worker_id":"0a30ba4f-654d-4189-98eb-97fb55b217da-138735477166080","trial_id":51,"step":38,"intermediate_value":0.03283918648958206}
{"op_code":4,"worker_id":"a2098b9d-5eba-41cd-b048-cc073efc9089-135653394321408","study_id":15,"datetime_start":"2026-06-09T23:08:24.458821"}
{"op_code":7,"worker_id":"0a30ba4f-654d-4189-98eb-97fb55b217da-138735477166080","trial_id":51,"step":39,"intermediate_value":0.03463181387633085}
{"op_code":5,"worker_id":"a2098b9d-5eba-41cd-b048-cc073efc9089-135653394321408","trial_id":55,"param_name":"lr","param_value_internal":0.0008565293722924722,"distribution":"{\"name\": \"FloatDistribution\", \"attributes\": {\"step\": null, \"low\": 0.0002, \"high\": 0.005, \"log\": true}}"}
{"op_code":5,"worker_id":"a2098b9d-5eba-41cd-b048-cc073efc9089-135653394321408","trial_id":55,"param_name":"grokadamw_alpha","param_value_internal":0.9828435339822048,"distribution":"{\"name\": \"FloatDistribution\", \"attributes\": {\"step\": null, \"low\": 0.9, \"high\": 0.999, \"log\": false}}"}
{"op_code":5,"worker_id":"a2098b9d-5eba-41cd-b048-cc073efc9089-135653394321408","trial_id":55,"param_name":"grokadamw_lamb","param_value_internal":2.2039568856103418,"distribution":"{\"name\": \"FloatDistribution\", \"attributes\": {\"step\": null, \"low\": 0.5, \"high\": 10.0, \"log\": true}}"}
{"op_code":5,"worker_id":"a2098b9d-5eba-41cd-b048-cc073efc9089-135653394321408","trial_id":55,"param_name":"grokadamw_grad_clip","param_value_internal":2.402513106315949,"distribution":"{\"name\": \"FloatDistribution\", \"attributes\": {\"step\": null, \"low\": 0.5, \"high\": 3.0, \"log\": false}}"}
{"op_code":7,"worker_id":"0a30ba4f-654d-4189-98eb-97fb55b217da-138735477166080","trial_id":51,"step":40,"intermediate_value":0.03534763399511576}
{"op_code":5,"worker_id":"a2098b9d-5eba-41cd-b048-cc073efc9089-135653394321408","trial_id":55,"param_name":"weight_decay","param_value_internal":0.4419155679144035,"distribution":"{\"name\": \"FloatDistribution\", \"attributes\": {\"step\": null, \"low\": 0.2, \"high\": 4.0, \"log\": true}}"}
{"op_code":5,"worker_id":"a2098b9d-5eba-41cd-b048-cc073efc9089-135653394321408","trial_id":55,"param_name":"matmul_precision","param_value_internal":3,"distribution":"{\"name\": \"CategoricalDistribution\", \"attributes\": {\"choices\": [\"bf16\", \"tf32\", \"fp32\", \"fp16amp\"]}}"}
{"op_code":7,"worker_id":"38c72711-3d75-48a8-a479-bb713d90eb3c-133136419479552","trial_id":50,"step":68,"intermediate_value":0.03807313647121191}
{"op_code":7,"worker_id":"b288c2b1-e49e-41d8-afbe-1fb10ef2db45-138861632921600","trial_id":32,"step":17,"intermediate_value":0.010514175985008478}
{"op_code":7,"worker_id":"0a30ba4f-654d-4189-98eb-97fb55b217da-138735477166080","trial_id":51,"step":41,"intermediate_value":0.033555006608366966}
{"op_code":7,"worker_id":"0a30ba4f-654d-4189-98eb-97fb55b217da-138735477166080","trial_id":51,"step":42,"intermediate_value":0.029850447550415993}
{"op_code":7,"worker_id":"b288c2b1-e49e-41d8-afbe-1fb10ef2db45-138861632921600","trial_id":32,"step":18,"intermediate_value":0.010514175985008478}
{"op_code":7,"worker_id":"0a30ba4f-654d-4189-98eb-97fb55b217da-138735477166080","trial_id":51,"step":43,"intermediate_value":0.02996975090354681}
{"op_code":7,"worker_id":"b288c2b1-e49e-41d8-afbe-1fb10ef2db45-138861632921600","trial_id":32,"step":19,"intermediate_value":0.017133337445557117}
{"op_code":7,"worker_id":"0a30ba4f-654d-4189-98eb-97fb55b217da-138735477166080","trial_id":51,"step":44,"intermediate_value":0.0329554108902812}
{"op_code":7,"worker_id":"0a30ba4f-654d-4189-98eb-97fb55b217da-138735477166080","trial_id":51,"step":45,"intermediate_value":0.034270825795829296}
{"op_code":7,"worker_id":"0a30ba4f-654d-4189-98eb-97fb55b217da-138735477166080","trial_id":51,"step":46,"intermediate_value":0.0329554108902812}
{"op_code":7,"worker_id":"0a30ba4f-654d-4189-98eb-97fb55b217da-138735477166080","trial_id":51,"step":47,"intermediate_value":0.03331332094967365}
{"op_code":7,"worker_id":"0a30ba4f-654d-4189-98eb-97fb55b217da-138735477166080","trial_id":51,"step":48,"intermediate_value":0.03283610753715038}
{"op_code":7,"worker_id":"15962467-67e7-4409-b4ae-e830dcbffe7e-130407820439552","trial_id":39,"step":94,"intermediate_value":0.03366507403552532}
{"op_code":7,"worker_id":"0a30ba4f-654d-4189-98eb-97fb55b217da-138735477166080","trial_id":51,"step":49,"intermediate_value":0.028535032644867897}
{"op_code":7,"worker_id":"b288c2b1-e49e-41d8-afbe-1fb10ef2db45-138861632921600","trial_id":32,"step":20,"intermediate_value":0.017133337445557117}
{"op_code":7,"worker_id":"b288c2b1-e49e-41d8-afbe-1fb10ef2db45-138861632921600","trial_id":32,"step":21,"intermediate_value":0.017133337445557117}
{"op_code":7,"worker_id":"0a30ba4f-654d-4189-98eb-97fb55b217da-138735477166080","trial_id":51,"step":50,"intermediate_value":0.02996975090354681}
{"op_code":7,"worker_id":"0a30ba4f-654d-4189-98eb-97fb55b217da-138735477166080","trial_id":51,"step":51,"intermediate_value":0.030208357609808445}
{"op_code":7,"worker_id":"b288c2b1-e49e-41d8-afbe-1fb10ef2db45-138861632921600","trial_id":32,"step":22,"intermediate_value":0.017133337445557117}
{"op_code":7,"worker_id":"0a30ba4f-654d-4189-98eb-97fb55b217da-138735477166080","trial_id":51,"step":52,"intermediate_value":0.030924176797270775}
{"op_code":7,"worker_id":"0a30ba4f-654d-4189-98eb-97fb55b217da-138735477166080","trial_id":51,"step":53,"intermediate_value":0.029012246057391167}
{"op_code":7,"worker_id":"0a30ba4f-654d-4189-98eb-97fb55b217da-138735477166080","trial_id":51,"step":54,"intermediate_value":0.026861708611249924}
{"op_code":7,"worker_id":"0a30ba4f-654d-4189-98eb-97fb55b217da-138735477166080","trial_id":51,"step":55,"intermediate_value":0.028770560398697853}
{"op_code":7,"worker_id":"0a30ba4f-654d-4189-98eb-97fb55b217da-138735477166080","trial_id":51,"step":56,"intermediate_value":0.03211413137614727}
{"op_code":7,"worker_id":"0a30ba4f-654d-4189-98eb-97fb55b217da-138735477166080","trial_id":51,"step":57,"intermediate_value":0.027216539718210697}
{"op_code":7,"worker_id":"0a30ba4f-654d-4189-98eb-97fb55b217da-138735477166080","trial_id":51,"step":58,"intermediate_value":0.03199482709169388}
{"op_code":7,"worker_id":"0a30ba4f-654d-4189-98eb-97fb55b217da-138735477166080","trial_id":51,"step":59,"intermediate_value":0.03474188223481178}
{"op_code":7,"worker_id":"0a30ba4f-654d-4189-98eb-97fb55b217da-138735477166080","trial_id":51,"step":60,"intermediate_value":0.034861184656620026}
{"op_code":7,"worker_id":"0a30ba4f-654d-4189-98eb-97fb55b217da-138735477166080","trial_id":51,"step":61,"intermediate_value":0.03151453658938408}
{"op_code":7,"worker_id":"0a30ba4f-654d-4189-98eb-97fb55b217da-138735477166080","trial_id":51,"step":62,"intermediate_value":0.03067633416503668}
{"op_code":7,"worker_id":"0a30ba4f-654d-4189-98eb-97fb55b217da-138735477166080","trial_id":51,"step":63,"intermediate_value":0.03222727682441473}
{"op_code":7,"worker_id":"0a30ba4f-654d-4189-98eb-97fb55b217da-138735477166080","trial_id":51,"step":64,"intermediate_value":0.032943095080554485}
{"op_code":7,"worker_id":"0a30ba4f-654d-4189-98eb-97fb55b217da-138735477166080","trial_id":51,"step":65,"intermediate_value":0.03258518595248461}
{"op_code":7,"worker_id":"b288c2b1-e49e-41d8-afbe-1fb10ef2db45-138861632921600","trial_id":32,"step":23,"intermediate_value":0.017133337445557117}
{"op_code":7,"worker_id":"0a30ba4f-654d-4189-98eb-97fb55b217da-138735477166080","trial_id":51,"step":66,"intermediate_value":0.03330100607126951}
{"op_code":7,"worker_id":"0a30ba4f-654d-4189-98eb-97fb55b217da-138735477166080","trial_id":51,"step":67,"intermediate_value":0.03353961277753115}
{"op_code":7,"worker_id":"b288c2b1-e49e-41d8-afbe-1fb10ef2db45-138861632921600","trial_id":32,"step":24,"intermediate_value":0.017133337445557117}
{"op_code":7,"worker_id":"0a30ba4f-654d-4189-98eb-97fb55b217da-138735477166080","trial_id":51,"step":68,"intermediate_value":0.033420308493077755}
{"op_code":7,"worker_id":"b288c2b1-e49e-41d8-afbe-1fb10ef2db45-138861632921600","trial_id":32,"step":25,"intermediate_value":0.017133337445557117}
{"op_code":7,"worker_id":"0a30ba4f-654d-4189-98eb-97fb55b217da-138735477166080","trial_id":51,"step":69,"intermediate_value":0.03473264444619417}
{"op_code":7,"worker_id":"b288c2b1-e49e-41d8-afbe-1fb10ef2db45-138861632921600","trial_id":32,"step":26,"intermediate_value":0.017133337445557117}
{"op_code":7,"worker_id":"b288c2b1-e49e-41d8-afbe-1fb10ef2db45-138861632921600","trial_id":32,"step":27,"intermediate_value":0.017133337445557117}
{"op_code":7,"worker_id":"b288c2b1-e49e-41d8-afbe-1fb10ef2db45-138861632921600","trial_id":32,"step":28,"intermediate_value":0.017133337445557117}
{"op_code":7,"worker_id":"b288c2b1-e49e-41d8-afbe-1fb10ef2db45-138861632921600","trial_id":32,"step":29,"intermediate_value":0.017133337445557117}
{"op_code":7,"worker_id":"b288c2b1-e49e-41d8-afbe-1fb10ef2db45-138861632921600","trial_id":32,"step":30,"intermediate_value":0.017133337445557117}
{"op_code":7,"worker_id":"b288c2b1-e49e-41d8-afbe-1fb10ef2db45-138861632921600","trial_id":32,"step":31,"intermediate_value":0.017133337445557117}
{"op_code":7,"worker_id":"0a30ba4f-654d-4189-98eb-97fb55b217da-138735477166080","trial_id":51,"step":70,"intermediate_value":0.03497125115245581}
{"op_code":7,"worker_id":"b288c2b1-e49e-41d8-afbe-1fb10ef2db45-138861632921600","trial_id":32,"step":32,"intermediate_value":0.017133337445557117}
{"op_code":7,"worker_id":"0a30ba4f-654d-4189-98eb-97fb55b217da-138735477166080","trial_id":51,"step":71,"intermediate_value":0.03461334202438593}
{"op_code":7,"worker_id":"b288c2b1-e49e-41d8-afbe-1fb10ef2db45-138861632921600","trial_id":32,"step":33,"intermediate_value":0.017133337445557117}
{"op_code":7,"worker_id":"0a30ba4f-654d-4189-98eb-97fb55b217da-138735477166080","trial_id":51,"step":72,"intermediate_value":0.03353961277753115}
{"op_code":7,"worker_id":"0a30ba4f-654d-4189-98eb-97fb55b217da-138735477166080","trial_id":51,"step":73,"intermediate_value":0.034374735318124294}
{"op_code":7,"worker_id":"0a30ba4f-654d-4189-98eb-97fb55b217da-138735477166080","trial_id":51,"step":74,"intermediate_value":0.035448464564979076}
{"op_code":7,"worker_id":"0a30ba4f-654d-4189-98eb-97fb55b217da-138735477166080","trial_id":51,"step":75,"intermediate_value":0.03676080051809549}
{"op_code":7,"worker_id":"b288c2b1-e49e-41d8-afbe-1fb10ef2db45-138861632921600","trial_id":32,"step":34,"intermediate_value":0.017133337445557117}
{"op_code":7,"worker_id":"0a30ba4f-654d-4189-98eb-97fb55b217da-138735477166080","trial_id":51,"step":76,"intermediate_value":0.036880102939903736}
{"op_code":7,"worker_id":"0a30ba4f-654d-4189-98eb-97fb55b217da-138735477166080","trial_id":51,"step":77,"intermediate_value":0.037834529764950275}
{"op_code":7,"worker_id":"b288c2b1-e49e-41d8-afbe-1fb10ef2db45-138861632921600","trial_id":32,"step":35,"intermediate_value":0.017133337445557117}
{"op_code":7,"worker_id":"b288c2b1-e49e-41d8-afbe-1fb10ef2db45-138861632921600","trial_id":32,"step":36,"intermediate_value":0.017133337445557117}
{"op_code":7,"worker_id":"b288c2b1-e49e-41d8-afbe-1fb10ef2db45-138861632921600","trial_id":32,"step":37,"intermediate_value":0.017133337445557117}
{"op_code":7,"worker_id":"b288c2b1-e49e-41d8-afbe-1fb10ef2db45-138861632921600","trial_id":32,"step":38,"intermediate_value":0.017133337445557117}
{"op_code":7,"worker_id":"b288c2b1-e49e-41d8-afbe-1fb10ef2db45-138861632921600","trial_id":32,"step":39,"intermediate_value":0.017133337445557117}
{"op_code":7,"worker_id":"0a30ba4f-654d-4189-98eb-97fb55b217da-138735477166080","trial_id":51,"step":78,"intermediate_value":0.03807313647121191}
{"op_code":7,"worker_id":"0a30ba4f-654d-4189-98eb-97fb55b217da-138735477166080","trial_id":51,"step":79,"intermediate_value":0.03759592305868864}
{"op_code":7,"worker_id":"0a30ba4f-654d-4189-98eb-97fb55b217da-138735477166080","trial_id":51,"step":80,"intermediate_value":0.03843104559928179}
{"op_code":7,"worker_id":"0a30ba4f-654d-4189-98eb-97fb55b217da-138735477166080","trial_id":51,"step":81,"intermediate_value":0.038788954727351665}
{"op_code":7,"worker_id":"0a30ba4f-654d-4189-98eb-97fb55b217da-138735477166080","trial_id":51,"step":82,"intermediate_value":0.04010129068046808}
{"op_code":7,"worker_id":"0a30ba4f-654d-4189-98eb-97fb55b217da-138735477166080","trial_id":51,"step":83,"intermediate_value":0.04057850409299135}
{"op_code":7,"worker_id":"0a30ba4f-654d-4189-98eb-97fb55b217da-138735477166080","trial_id":51,"step":84,"intermediate_value":0.04212944861501455}
{"op_code":7,"worker_id":"0a30ba4f-654d-4189-98eb-97fb55b217da-138735477166080","trial_id":51,"step":85,"intermediate_value":0.04332248028367758}
{"op_code":7,"worker_id":"0a30ba4f-654d-4189-98eb-97fb55b217da-138735477166080","trial_id":51,"step":86,"intermediate_value":0.04379969369620085}
{"op_code":7,"worker_id":"15962467-67e7-4409-b4ae-e830dcbffe7e-130407820439552","trial_id":39,"step":95,"intermediate_value":0.03450019657611847}
{"op_code":7,"worker_id":"988bc229-147d-4984-ba60-2fb82aca9a8b-134485039202304","trial_id":42,"step":19,"intermediate_value":0.014325628988444805}
{"op_code":7,"worker_id":"0a30ba4f-654d-4189-98eb-97fb55b217da-138735477166080","trial_id":51,"step":87,"intermediate_value":0.04582784976810217}
{"op_code":7,"worker_id":"0a30ba4f-654d-4189-98eb-97fb55b217da-138735477166080","trial_id":51,"step":88,"intermediate_value":0.0453506363555789}
{"op_code":7,"worker_id":"0a30ba4f-654d-4189-98eb-97fb55b217da-138735477166080","trial_id":51,"step":89,"intermediate_value":0.0461857570335269}
{"op_code":7,"worker_id":"b288c2b1-e49e-41d8-afbe-1fb10ef2db45-138861632921600","trial_id":32,"step":40,"intermediate_value":0.017133337445557117}
{"op_code":7,"worker_id":"0a30ba4f-654d-4189-98eb-97fb55b217da-138735477166080","trial_id":51,"step":90,"intermediate_value":0.048094610683619976}
{"op_code":7,"worker_id":"871add6e-a47b-4710-b4c8-b7fd23719e8b-134882817724416","trial_id":52,"step":42,"intermediate_value":0.02877979725599289}
{"op_code":7,"worker_id":"0a30ba4f-654d-4189-98eb-97fb55b217da-138735477166080","trial_id":51,"step":91,"intermediate_value":0.04785600211471319}
{"op_code":7,"worker_id":"871add6e-a47b-4710-b4c8-b7fd23719e8b-134882817724416","trial_id":52,"step":43,"intermediate_value":0.034273904748260975}
{"op_code":7,"worker_id":"0a30ba4f-654d-4189-98eb-97fb55b217da-138735477166080","trial_id":51,"step":92,"intermediate_value":0.04916833993047476}
{"op_code":7,"worker_id":"871add6e-a47b-4710-b4c8-b7fd23719e8b-134882817724416","trial_id":52,"step":44,"intermediate_value":0.03487042058259249}
{"op_code":7,"worker_id":"0a30ba4f-654d-4189-98eb-97fb55b217da-138735477166080","trial_id":51,"step":93,"intermediate_value":0.04988415818661451}
{"op_code":7,"worker_id":"988bc229-147d-4984-ba60-2fb82aca9a8b-134485039202304","trial_id":42,"step":20,"intermediate_value":0.016234480775892735}
{"op_code":7,"worker_id":"988bc229-147d-4984-ba60-2fb82aca9a8b-134485039202304","trial_id":42,"step":21,"intermediate_value":0.019942119251936674}
{"op_code":7,"worker_id":"988bc229-147d-4984-ba60-2fb82aca9a8b-134485039202304","trial_id":42,"step":22,"intermediate_value":0.01970351254567504}
{"op_code":7,"worker_id":"988bc229-147d-4984-ba60-2fb82aca9a8b-134485039202304","trial_id":42,"step":23,"intermediate_value":0.021138230338692665}
{"op_code":7,"worker_id":"988bc229-147d-4984-ba60-2fb82aca9a8b-134485039202304","trial_id":42,"step":24,"intermediate_value":0.015283133834600449}
{"op_code":7,"worker_id":"0447dc80-4ad8-4169-a6fe-da2d6c1fe77c-138417116717056","trial_id":38,"step":47,"intermediate_value":0.017253439407795668}
{"op_code":7,"worker_id":"8a43f17c-07c0-4588-9f45-3ae858c4f551-126199918092288","trial_id":48,"step":14,"intermediate_value":0.022571582812815905}
{"op_code":7,"worker_id":"b288c2b1-e49e-41d8-afbe-1fb10ef2db45-138861632921600","trial_id":32,"step":41,"intermediate_value":0.017133337445557117}
{"op_code":7,"worker_id":"988bc229-147d-4984-ba60-2fb82aca9a8b-134485039202304","trial_id":42,"step":25,"intermediate_value":0.014325628988444805}
{"op_code":7,"worker_id":"0a30ba4f-654d-4189-98eb-97fb55b217da-138735477166080","trial_id":51,"step":94,"intermediate_value":0.05036137159913778}
{"op_code":7,"worker_id":"0447dc80-4ad8-4169-a6fe-da2d6c1fe77c-138417116717056","trial_id":38,"step":48,"intermediate_value":0.017253439407795668}
{"op_code":7,"worker_id":"b288c2b1-e49e-41d8-afbe-1fb10ef2db45-138861632921600","trial_id":32,"step":42,"intermediate_value":0.017133337445557117}
{"op_code":7,"worker_id":"0447dc80-4ad8-4169-a6fe-da2d6c1fe77c-138417116717056","trial_id":38,"step":49,"intermediate_value":0.018552447203546762}
{"op_code":7,"worker_id":"b288c2b1-e49e-41d8-afbe-1fb10ef2db45-138861632921600","trial_id":32,"step":43,"intermediate_value":0.017133337445557117}
{"op_code":7,"worker_id":"0447dc80-4ad8-4169-a6fe-da2d6c1fe77c-138417116717056","trial_id":38,"step":50,"intermediate_value":0.018552447203546762}
{"op_code":7,"worker_id":"0447dc80-4ad8-4169-a6fe-da2d6c1fe77c-138417116717056","trial_id":38,"step":51,"intermediate_value":0.018552447203546762}
{"op_code":7,"worker_id":"b288c2b1-e49e-41d8-afbe-1fb10ef2db45-138861632921600","trial_id":32,"step":44,"intermediate_value":0.017133337445557117}
{"op_code":7,"worker_id":"b288c2b1-e49e-41d8-afbe-1fb10ef2db45-138861632921600","trial_id":32,"step":45,"intermediate_value":0.017133337445557117}
{"op_code":7,"worker_id":"b0c9ae72-81be-4f8d-bdfe-e40fead80a21-133278269722624","trial_id":43,"step":45,"intermediate_value":0.15356178395450115}
{"op_code":7,"worker_id":"b288c2b1-e49e-41d8-afbe-1fb10ef2db45-138861632921600","trial_id":32,"step":46,"intermediate_value":0.017133337445557117}
{"op_code":7,"worker_id":"cf9cf729-a546-45d9-bb4d-3718aff6d658-124878650773504","trial_id":47,"step":17,"intermediate_value":0.0387951135635376}
{"op_code":7,"worker_id":"38c72711-3d75-48a8-a479-bb713d90eb3c-133136419479552","trial_id":50,"step":69,"intermediate_value":0.03855034988373518}
{"op_code":7,"worker_id":"b0c9ae72-81be-4f8d-bdfe-e40fead80a21-133278269722624","trial_id":43,"step":46,"intermediate_value":0.16894882451742887}
{"op_code":7,"worker_id":"b288c2b1-e49e-41d8-afbe-1fb10ef2db45-138861632921600","trial_id":32,"step":47,"intermediate_value":0.017133337445557117}
{"op_code":7,"worker_id":"b288c2b1-e49e-41d8-afbe-1fb10ef2db45-138861632921600","trial_id":32,"step":48,"intermediate_value":0.017133337445557117}
{"op_code":7,"worker_id":"b288c2b1-e49e-41d8-afbe-1fb10ef2db45-138861632921600","trial_id":32,"step":49,"intermediate_value":0.017133337445557117}
{"op_code":7,"worker_id":"b288c2b1-e49e-41d8-afbe-1fb10ef2db45-138861632921600","trial_id":32,"step":50,"intermediate_value":0.017133337445557117}
{"op_code":7,"worker_id":"b288c2b1-e49e-41d8-afbe-1fb10ef2db45-138861632921600","trial_id":32,"step":51,"intermediate_value":0.017133337445557117}
{"op_code":7,"worker_id":"b288c2b1-e49e-41d8-afbe-1fb10ef2db45-138861632921600","trial_id":32,"step":52,"intermediate_value":0.017133337445557117}
{"op_code":7,"worker_id":"b288c2b1-e49e-41d8-afbe-1fb10ef2db45-138861632921600","trial_id":32,"step":53,"intermediate_value":0.017133337445557117}
{"op_code":7,"worker_id":"b288c2b1-e49e-41d8-afbe-1fb10ef2db45-138861632921600","trial_id":32,"step":54,"intermediate_value":0.017133337445557117}
{"op_code":7,"worker_id":"b288c2b1-e49e-41d8-afbe-1fb10ef2db45-138861632921600","trial_id":32,"step":55,"intermediate_value":0.017133337445557117}
{"op_code":7,"worker_id":"219797d8-fde4-4035-a684-f9b55d950771-124921969557504","trial_id":49,"step":18,"intermediate_value":0.03162460308521986}
{"op_code":7,"worker_id":"a2098b9d-5eba-41cd-b048-cc073efc9089-135653394321408","trial_id":55,"step":1,"intermediate_value":0.016002031974494457}
{"op_code":7,"worker_id":"15962467-67e7-4409-b4ae-e830dcbffe7e-130407820439552","trial_id":39,"step":96,"intermediate_value":0.03438089229166508}
{"op_code":7,"worker_id":"b288c2b1-e49e-41d8-afbe-1fb10ef2db45-138861632921600","trial_id":32,"step":56,"intermediate_value":0.017133337445557117}
{"op_code":7,"worker_id":"38c72711-3d75-48a8-a479-bb713d90eb3c-133136419479552","trial_id":50,"step":70,"intermediate_value":0.04033989738672972}
{"op_code":7,"worker_id":"15962467-67e7-4409-b4ae-e830dcbffe7e-130407820439552","trial_id":39,"step":97,"intermediate_value":0.035216016694903374}
{"op_code":7,"worker_id":"38c72711-3d75-48a8-a479-bb713d90eb3c-133136419479552","trial_id":50,"step":71,"intermediate_value":0.036283587105572224}
{"op_code":7,"worker_id":"15962467-67e7-4409-b4ae-e830dcbffe7e-130407820439552","trial_id":39,"step":98,"intermediate_value":0.035335319116711617}
{"op_code":7,"worker_id":"38c72711-3d75-48a8-a479-bb713d90eb3c-133136419479552","trial_id":50,"step":72,"intermediate_value":0.03795383218675852}
{"op_code":7,"worker_id":"15962467-67e7-4409-b4ae-e830dcbffe7e-130407820439552","trial_id":39,"step":99,"intermediate_value":0.03354269079864025}
{"op_code":7,"worker_id":"15962467-67e7-4409-b4ae-e830dcbffe7e-130407820439552","trial_id":39,"step":100,"intermediate_value":0.03366199508309364}
{"op_code":7,"worker_id":"15962467-67e7-4409-b4ae-e830dcbffe7e-130407820439552","trial_id":39,"step":101,"intermediate_value":0.032707568258047104}
{"op_code":7,"worker_id":"15962467-67e7-4409-b4ae-e830dcbffe7e-130407820439552","trial_id":39,"step":102,"intermediate_value":0.033304084092378616}
{"op_code":7,"worker_id":"15962467-67e7-4409-b4ae-e830dcbffe7e-130407820439552","trial_id":39,"step":103,"intermediate_value":0.03306547924876213}
{"op_code":7,"worker_id":"15962467-67e7-4409-b4ae-e830dcbffe7e-130407820439552","trial_id":39,"step":104,"intermediate_value":0.032826872542500496}
{"op_code":7,"worker_id":"15962467-67e7-4409-b4ae-e830dcbffe7e-130407820439552","trial_id":39,"step":105,"intermediate_value":0.03258826583623886}
{"op_code":7,"worker_id":"15962467-67e7-4409-b4ae-e830dcbffe7e-130407820439552","trial_id":39,"step":106,"intermediate_value":0.030914940871298313}
{"op_code":7,"worker_id":"15962467-67e7-4409-b4ae-e830dcbffe7e-130407820439552","trial_id":39,"step":107,"intermediate_value":0.031511456705629826}
{"op_code":7,"worker_id":"15962467-67e7-4409-b4ae-e830dcbffe7e-130407820439552","trial_id":39,"step":108,"intermediate_value":0.03557392582297325}
{"op_code":7,"worker_id":"15962467-67e7-4409-b4ae-e830dcbffe7e-130407820439552","trial_id":39,"step":109,"intermediate_value":0.03461949899792671}
{"op_code":7,"worker_id":"44c6a450-b07e-4b06-baaf-2f623988bc71-134028377853952","trial_id":46,"step":37,"intermediate_value":0.017133337445557117}
{"op_code":7,"worker_id":"15962467-67e7-4409-b4ae-e830dcbffe7e-130407820439552","trial_id":39,"step":110,"intermediate_value":0.036770036444067955}
{"op_code":7,"worker_id":"38c72711-3d75-48a8-a479-bb713d90eb3c-133136419479552","trial_id":50,"step":73,"intermediate_value":0.039743381552398205}
{"op_code":7,"worker_id":"44c6a450-b07e-4b06-baaf-2f623988bc71-134028377853952","trial_id":46,"step":38,"intermediate_value":0.017133337445557117}
{"op_code":7,"worker_id":"15962467-67e7-4409-b4ae-e830dcbffe7e-130407820439552","trial_id":39,"step":111,"intermediate_value":0.03653142973780632}
{"op_code":7,"worker_id":"0447dc80-4ad8-4169-a6fe-da2d6c1fe77c-138417116717056","trial_id":38,"step":52,"intermediate_value":0.018552447203546762}
{"op_code":7,"worker_id":"44c6a450-b07e-4b06-baaf-2f623988bc71-134028377853952","trial_id":46,"step":39,"intermediate_value":0.017133337445557117}
{"op_code":7,"worker_id":"15962467-67e7-4409-b4ae-e830dcbffe7e-130407820439552","trial_id":39,"step":112,"intermediate_value":0.037247249856591225}
{"op_code":7,"worker_id":"0447dc80-4ad8-4169-a6fe-da2d6c1fe77c-138417116717056","trial_id":38,"step":53,"intermediate_value":0.018552447203546762}
{"op_code":7,"worker_id":"15962467-67e7-4409-b4ae-e830dcbffe7e-130407820439552","trial_id":39,"step":113,"intermediate_value":0.03413920849561691}
{"op_code":7,"worker_id":"44c6a450-b07e-4b06-baaf-2f623988bc71-134028377853952","trial_id":46,"step":40,"intermediate_value":0.01015990087762475}
{"op_code":7,"worker_id":"0447dc80-4ad8-4169-a6fe-da2d6c1fe77c-138417116717056","trial_id":38,"step":54,"intermediate_value":0.018552447203546762}
{"op_code":7,"worker_id":"15962467-67e7-4409-b4ae-e830dcbffe7e-130407820439552","trial_id":39,"step":114,"intermediate_value":0.03473264444619417}
{"op_code":7,"worker_id":"38c72711-3d75-48a8-a479-bb713d90eb3c-133136419479552","trial_id":50,"step":74,"intermediate_value":0.04129432421177626}
{"op_code":7,"worker_id":"0447dc80-4ad8-4169-a6fe-da2d6c1fe77c-138417116717056","trial_id":38,"step":55,"intermediate_value":0.005668398458510637}
{"op_code":7,"worker_id":"38c72711-3d75-48a8-a479-bb713d90eb3c-133136419479552","trial_id":50,"step":75,"intermediate_value":0.041652233339846134}
{"op_code":7,"worker_id":"0447dc80-4ad8-4169-a6fe-da2d6c1fe77c-138417116717056","trial_id":38,"step":56,"intermediate_value":0.012051376979798079}
{"op_code":7,"worker_id":"38c72711-3d75-48a8-a479-bb713d90eb3c-133136419479552","trial_id":50,"step":76,"intermediate_value":0.041175021789968014}
{"op_code":7,"worker_id":"0447dc80-4ad8-4169-a6fe-da2d6c1fe77c-138417116717056","trial_id":38,"step":57,"intermediate_value":0.028482195921242237}
{"op_code":7,"worker_id":"38c72711-3d75-48a8-a479-bb713d90eb3c-133136419479552","trial_id":50,"step":77,"intermediate_value":0.04379969369620085}
{"op_code":7,"worker_id":"0447dc80-4ad8-4169-a6fe-da2d6c1fe77c-138417116717056","trial_id":38,"step":58,"intermediate_value":0.028482195921242237}
{"op_code":7,"worker_id":"38c72711-3d75-48a8-a479-bb713d90eb3c-133136419479552","trial_id":50,"step":78,"intermediate_value":0.045112027786672115}
{"op_code":7,"worker_id":"0447dc80-4ad8-4169-a6fe-da2d6c1fe77c-138417116717056","trial_id":38,"step":59,"intermediate_value":0.028482195921242237}
{"op_code":7,"worker_id":"38c72711-3d75-48a8-a479-bb713d90eb3c-133136419479552","trial_id":50,"step":79,"intermediate_value":0.04546993877738714}
{"op_code":7,"worker_id":"38c72711-3d75-48a8-a479-bb713d90eb3c-133136419479552","trial_id":50,"step":80,"intermediate_value":0.04475412052124739}
{"op_code":7,"worker_id":"2e3a8247-5dbe-4080-a4ba-f8ab09ec2e50-137397948055552","trial_id":40,"step":26,"intermediate_value":0.032465881668031216}
{"op_code":7,"worker_id":"38c72711-3d75-48a8-a479-bb713d90eb3c-133136419479552","trial_id":50,"step":81,"intermediate_value":0.046066454611718655}
{"op_code":7,"worker_id":"38c72711-3d75-48a8-a479-bb713d90eb3c-133136419479552","trial_id":50,"step":82,"intermediate_value":0.04797530826181173}
{"op_code":7,"worker_id":"2e3a8247-5dbe-4080-a4ba-f8ab09ec2e50-137397948055552","trial_id":40,"step":27,"intermediate_value":0.03365891519933939}
{"op_code":7,"worker_id":"871add6e-a47b-4710-b4c8-b7fd23719e8b-134882817724416","trial_id":52,"step":45,"intermediate_value":0.03439320810139179}
{"op_code":7,"worker_id":"b0c9ae72-81be-4f8d-bdfe-e40fead80a21-133278269722624","trial_id":43,"step":47,"intermediate_value":0.18803734611719847}
{"op_code":7,"worker_id":"2e3a8247-5dbe-4080-a4ba-f8ab09ec2e50-137397948055552","trial_id":40,"step":28,"intermediate_value":0.03401682432740927}
{"op_code":7,"worker_id":"38c72711-3d75-48a8-a479-bb713d90eb3c-133136419479552","trial_id":50,"step":83,"intermediate_value":0.05059998016804457}
{"op_code":7,"worker_id":"b0c9ae72-81be-4f8d-bdfe-e40fead80a21-133278269722624","trial_id":43,"step":48,"intermediate_value":0.19340598117560148}
{"op_code":7,"worker_id":"38c72711-3d75-48a8-a479-bb713d90eb3c-133136419479552","trial_id":50,"step":84,"intermediate_value":0.05215092282742262}
{"op_code":7,"worker_id":"38c72711-3d75-48a8-a479-bb713d90eb3c-133136419479552","trial_id":50,"step":85,"intermediate_value":0.0540597727522254}
{"op_code":7,"worker_id":"44c6a450-b07e-4b06-baaf-2f623988bc71-134028377853952","trial_id":46,"step":41,"intermediate_value":0.00897697452455759}
{"op_code":7,"worker_id":"38c72711-3d75-48a8-a479-bb713d90eb3c-133136419479552","trial_id":50,"step":86,"intermediate_value":0.05561071541160345}
{"op_code":7,"worker_id":"44c6a450-b07e-4b06-baaf-2f623988bc71-134028377853952","trial_id":46,"step":42,"intermediate_value":0.01654287939891219}
{"op_code":7,"worker_id":"38c72711-3d75-48a8-a479-bb713d90eb3c-133136419479552","trial_id":50,"step":87,"intermediate_value":0.05501419957727194}
{"op_code":7,"worker_id":"38c72711-3d75-48a8-a479-bb713d90eb3c-133136419479552","trial_id":50,"step":88,"intermediate_value":0.057758173905313015}
{"op_code":7,"worker_id":"44c6a450-b07e-4b06-baaf-2f623988bc71-134028377853952","trial_id":46,"step":43,"intermediate_value":0.017133337445557117}
{"op_code":7,"worker_id":"15962467-67e7-4409-b4ae-e830dcbffe7e-130407820439552","trial_id":39,"step":115,"intermediate_value":0.03449403773993254}
{"op_code":7,"worker_id":"44c6a450-b07e-4b06-baaf-2f623988bc71-134028377853952","trial_id":46,"step":44,"intermediate_value":0.017133337445557117}
{"op_code":7,"worker_id":"15962467-67e7-4409-b4ae-e830dcbffe7e-130407820439552","trial_id":39,"step":116,"intermediate_value":0.03318170178681612}
{"op_code":7,"worker_id":"44c6a450-b07e-4b06-baaf-2f623988bc71-134028377853952","trial_id":46,"step":45,"intermediate_value":0.017133337445557117}
{"op_code":7,"worker_id":"15962467-67e7-4409-b4ae-e830dcbffe7e-130407820439552","trial_id":39,"step":117,"intermediate_value":0.03210797253996134}
{"op_code":7,"worker_id":"15962467-67e7-4409-b4ae-e830dcbffe7e-130407820439552","trial_id":39,"step":118,"intermediate_value":0.033184781670570374}
{"op_code":7,"worker_id":"44c6a450-b07e-4b06-baaf-2f623988bc71-134028377853952","trial_id":46,"step":46,"intermediate_value":0.010514175985008478}
{"op_code":7,"worker_id":"44c6a450-b07e-4b06-baaf-2f623988bc71-134028377853952","trial_id":46,"step":47,"intermediate_value":0.010514175985008478}
{"op_code":7,"worker_id":"44c6a450-b07e-4b06-baaf-2f623988bc71-134028377853952","trial_id":46,"step":48,"intermediate_value":0.01725142914801836}
{"op_code":7,"worker_id":"44c6a450-b07e-4b06-baaf-2f623988bc71-134028377853952","trial_id":46,"step":49,"intermediate_value":0.017133337445557117}
{"op_code":7,"worker_id":"15962467-67e7-4409-b4ae-e830dcbffe7e-130407820439552","trial_id":39,"step":119,"intermediate_value":0.033781297504901886}
{"op_code":7,"worker_id":"15962467-67e7-4409-b4ae-e830dcbffe7e-130407820439552","trial_id":39,"step":120,"intermediate_value":0.030557029880583286}
{"op_code":7,"worker_id":"2e3a8247-5dbe-4080-a4ba-f8ab09ec2e50-137397948055552","trial_id":40,"step":29,"intermediate_value":0.03377821762114763}
{"op_code":7,"worker_id":"2e3a8247-5dbe-4080-a4ba-f8ab09ec2e50-137397948055552","trial_id":40,"step":30,"intermediate_value":0.0374766206368804}
{"op_code":7,"worker_id":"2e3a8247-5dbe-4080-a4ba-f8ab09ec2e50-137397948055552","trial_id":40,"step":31,"intermediate_value":0.03950785472989082}
{"op_code":7,"worker_id":"2e3a8247-5dbe-4080-a4ba-f8ab09ec2e50-137397948055552","trial_id":40,"step":32,"intermediate_value":0.03843104559928179}
{"op_code":7,"worker_id":"2e3a8247-5dbe-4080-a4ba-f8ab09ec2e50-137397948055552","trial_id":40,"step":33,"intermediate_value":0.03998198825865984}
{"op_code":7,"worker_id":"2e3a8247-5dbe-4080-a4ba-f8ab09ec2e50-137397948055552","trial_id":40,"step":34,"intermediate_value":0.04153293091803789}
{"op_code":7,"worker_id":"2e3a8247-5dbe-4080-a4ba-f8ab09ec2e50-137397948055552","trial_id":40,"step":35,"intermediate_value":0.043680391274392605}
{"op_code":7,"worker_id":"44c6a450-b07e-4b06-baaf-2f623988bc71-134028377853952","trial_id":46,"step":50,"intermediate_value":0.017133337445557117}
{"op_code":7,"worker_id":"871add6e-a47b-4710-b4c8-b7fd23719e8b-134882817724416","trial_id":52,"step":46,"intermediate_value":0.03212336730211973}
{"op_code":7,"worker_id":"2e3a8247-5dbe-4080-a4ba-f8ab09ec2e50-137397948055552","trial_id":40,"step":36,"intermediate_value":0.045112027786672115}
{"op_code":7,"worker_id":"15962467-67e7-4409-b4ae-e830dcbffe7e-130407820439552","trial_id":39,"step":121,"intermediate_value":0.03127284999936819}
{"op_code":7,"worker_id":"38c72711-3d75-48a8-a479-bb713d90eb3c-133136419479552","trial_id":50,"step":89,"intermediate_value":0.06074383668601513}
{"op_code":7,"worker_id":"15962467-67e7-4409-b4ae-e830dcbffe7e-130407820439552","trial_id":39,"step":122,"intermediate_value":0.0318693658336997}
{"op_code":7,"worker_id":"38c72711-3d75-48a8-a479-bb713d90eb3c-133136419479552","trial_id":50,"step":90,"intermediate_value":0.06229477934539318}
{"op_code":7,"worker_id":"15962467-67e7-4409-b4ae-e830dcbffe7e-130407820439552","trial_id":39,"step":123,"intermediate_value":0.03234657924622297}
{"op_code":7,"worker_id":"cf9cf729-a546-45d9-bb4d-3718aff6d658-124878650773504","trial_id":47,"step":18,"intermediate_value":0.033897521905601025}
{"op_code":7,"worker_id":"38c72711-3d75-48a8-a479-bb713d90eb3c-133136419479552","trial_id":50,"step":91,"intermediate_value":0.06491945125162601}
{"op_code":7,"worker_id":"15962467-67e7-4409-b4ae-e830dcbffe7e-130407820439552","trial_id":39,"step":124,"intermediate_value":0.032943095080554485}
{"op_code":7,"worker_id":"38c72711-3d75-48a8-a479-bb713d90eb3c-133136419479552","trial_id":50,"step":92,"intermediate_value":0.06050214823335409}
{"op_code":7,"worker_id":"0447dc80-4ad8-4169-a6fe-da2d6c1fe77c-138417116717056","trial_id":38,"step":60,"intermediate_value":0.02860028762370348}
{"op_code":7,"worker_id":"15962467-67e7-4409-b4ae-e830dcbffe7e-130407820439552","trial_id":39,"step":125,"intermediate_value":0.03413612861186266}
{"op_code":7,"worker_id":"38c72711-3d75-48a8-a479-bb713d90eb3c-133136419479552","trial_id":50,"step":93,"intermediate_value":0.06587387807667255}
{"op_code":7,"worker_id":"0447dc80-4ad8-4169-a6fe-da2d6c1fe77c-138417116717056","trial_id":38,"step":61,"intermediate_value":0.023990691639482975}
{"op_code":7,"worker_id":"38c72711-3d75-48a8-a479-bb713d90eb3c-133136419479552","trial_id":50,"step":94,"intermediate_value":0.06969158165156841}
{"op_code":7,"worker_id":"219797d8-fde4-4035-a684-f9b55d950771-124921969557504","trial_id":49,"step":19,"intermediate_value":0.029712671879678965}
{"op_code":7,"worker_id":"0447dc80-4ad8-4169-a6fe-da2d6c1fe77c-138417116717056","trial_id":38,"step":62,"intermediate_value":0.023990691639482975}
{"op_code":7,"worker_id":"38c72711-3d75-48a8-a479-bb713d90eb3c-133136419479552","trial_id":50,"step":95,"intermediate_value":0.06814063899219036}
{"op_code":7,"worker_id":"0447dc80-4ad8-4169-a6fe-da2d6c1fe77c-138417116717056","trial_id":38,"step":63,"intermediate_value":0.014179036486893892}
{"op_code":7,"worker_id":"38c72711-3d75-48a8-a479-bb713d90eb3c-133136419479552","trial_id":50,"step":96,"intermediate_value":0.06849854998290539}
{"op_code":7,"worker_id":"0447dc80-4ad8-4169-a6fe-da2d6c1fe77c-138417116717056","trial_id":38,"step":64,"intermediate_value":0.014179036486893892}
{"op_code":7,"worker_id":"38c72711-3d75-48a8-a479-bb713d90eb3c-133136419479552","trial_id":50,"step":97,"intermediate_value":0.07100391574203968}
{"op_code":7,"worker_id":"219797d8-fde4-4035-a684-f9b55d950771-124921969557504","trial_id":49,"step":20,"intermediate_value":0.03556468803435564}
{"op_code":7,"worker_id":"38c72711-3d75-48a8-a479-bb713d90eb3c-133136419479552","trial_id":50,"step":98,"intermediate_value":0.06813755910843611}
{"op_code":7,"worker_id":"38c72711-3d75-48a8-a479-bb713d90eb3c-133136419479552","trial_id":50,"step":99,"intermediate_value":0.06921128835529089}
{"op_code":7,"worker_id":"38c72711-3d75-48a8-a479-bb713d90eb3c-133136419479552","trial_id":50,"step":100,"intermediate_value":0.0778042059391737}
{"op_code":7,"worker_id":"219797d8-fde4-4035-a684-f9b55d950771-124921969557504","trial_id":49,"step":21,"intermediate_value":0.03293693903833628}
{"op_code":7,"worker_id":"38c72711-3d75-48a8-a479-bb713d90eb3c-133136419479552","trial_id":50,"step":101,"intermediate_value":0.07637256197631359}
{"op_code":7,"worker_id":"38c72711-3d75-48a8-a479-bb713d90eb3c-133136419479552","trial_id":50,"step":102,"intermediate_value":0.07947136741131544}
{"op_code":7,"worker_id":"38c72711-3d75-48a8-a479-bb713d90eb3c-133136419479552","trial_id":50,"step":103,"intermediate_value":0.07744321506470442}
{"op_code":7,"worker_id":"38c72711-3d75-48a8-a479-bb713d90eb3c-133136419479552","trial_id":50,"step":104,"intermediate_value":0.08114469610154629}
{"op_code":7,"worker_id":"219797d8-fde4-4035-a684-f9b55d950771-124921969557504","trial_id":49,"step":22,"intermediate_value":0.0361612057313323}
{"op_code":7,"worker_id":"38c72711-3d75-48a8-a479-bb713d90eb3c-133136419479552","trial_id":50,"step":105,"intermediate_value":0.08722916059195995}
{"op_code":7,"worker_id":"38c72711-3d75-48a8-a479-bb713d90eb3c-133136419479552","trial_id":50,"step":106,"intermediate_value":0.09092756174504757}
{"op_code":7,"worker_id":"38c72711-3d75-48a8-a479-bb713d90eb3c-133136419479552","trial_id":50,"step":107,"intermediate_value":0.08925424050539732}
{"op_code":7,"worker_id":"219797d8-fde4-4035-a684-f9b55d950771-124921969557504","trial_id":49,"step":23,"intermediate_value":0.03866965230554342}
{"op_code":7,"worker_id":"44c6a450-b07e-4b06-baaf-2f623988bc71-134028377853952","trial_id":46,"step":51,"intermediate_value":0.014769494999200106}
{"op_code":7,"worker_id":"38c72711-3d75-48a8-a479-bb713d90eb3c-133136419479552","trial_id":50,"step":108,"intermediate_value":0.09080518316477537}
{"op_code":7,"worker_id":"2e3a8247-5dbe-4080-a4ba-f8ab09ec2e50-137397948055552","trial_id":40,"step":37,"intermediate_value":0.04785600211471319}
{"op_code":7,"worker_id":"219797d8-fde4-4035-a684-f9b55d950771-124921969557504","trial_id":49,"step":24,"intermediate_value":0.03866965230554342}
{"op_code":7,"worker_id":"44c6a450-b07e-4b06-baaf-2f623988bc71-134028377853952","trial_id":46,"step":52,"intermediate_value":0.010514175985008478}
{"op_code":7,"worker_id":"38c72711-3d75-48a8-a479-bb713d90eb3c-133136419479552","trial_id":50,"step":109,"intermediate_value":0.0943873580545187}
{"op_code":7,"worker_id":"2e3a8247-5dbe-4080-a4ba-f8ab09ec2e50-137397948055552","trial_id":40,"step":38,"intermediate_value":0.048094610683619976}
{"op_code":7,"worker_id":"988bc229-147d-4984-ba60-2fb82aca9a8b-134485039202304","trial_id":42,"step":26,"intermediate_value":0.013013293035328388}
{"op_code":7,"worker_id":"38c72711-3d75-48a8-a479-bb713d90eb3c-133136419479552","trial_id":50,"step":110,"intermediate_value":0.0966541226953268}
{"op_code":7,"worker_id":"2e3a8247-5dbe-4080-a4ba-f8ab09ec2e50-137397948055552","trial_id":40,"step":39,"intermediate_value":0.04212944861501455}
{"op_code":7,"worker_id":"38c72711-3d75-48a8-a479-bb713d90eb3c-133136419479552","trial_id":50,"step":111,"intermediate_value":0.10428644996136427}
{"op_code":7,"worker_id":"2e3a8247-5dbe-4080-a4ba-f8ab09ec2e50-137397948055552","trial_id":40,"step":40,"intermediate_value":0.04248735588043928}
{"op_code":7,"worker_id":"38c72711-3d75-48a8-a479-bb713d90eb3c-133136419479552","trial_id":50,"step":112,"intermediate_value":0.10321271698921919}
{"op_code":7,"worker_id":"38c72711-3d75-48a8-a479-bb713d90eb3c-133136419479552","trial_id":50,"step":113,"intermediate_value":0.10882305167615414}
{"op_code":7,"worker_id":"b288c2b1-e49e-41d8-afbe-1fb10ef2db45-138861632921600","trial_id":32,"step":57,"intermediate_value":0.017133337445557117}
{"op_code":7,"worker_id":"a2098b9d-5eba-41cd-b048-cc073efc9089-135653394321408","trial_id":55,"step":2,"intermediate_value":0.016002031974494457}
{"op_code":7,"worker_id":"988bc229-147d-4984-ba60-2fb82aca9a8b-134485039202304","trial_id":42,"step":27,"intermediate_value":0.017314367927610874}
{"op_code":7,"worker_id":"44c6a450-b07e-4b06-baaf-2f623988bc71-134028377853952","trial_id":46,"step":53,"intermediate_value":0.017133337445557117}
{"op_code":7,"worker_id":"cf9cf729-a546-45d9-bb4d-3718aff6d658-124878650773504","trial_id":47,"step":19,"intermediate_value":0.04142286442220211}
{"op_code":7,"worker_id":"0447dc80-4ad8-4169-a6fe-da2d6c1fe77c-138417116717056","trial_id":38,"step":65,"intermediate_value":0.014179036486893892}
{"op_code":7,"worker_id":"b288c2b1-e49e-41d8-afbe-1fb10ef2db45-138861632921600","trial_id":32,"step":58,"intermediate_value":0.017133337445557117}
{"op_code":7,"worker_id":"44c6a450-b07e-4b06-baaf-2f623988bc71-134028377853952","trial_id":46,"step":54,"intermediate_value":0.017133337445557117}
{"op_code":7,"worker_id":"0447dc80-4ad8-4169-a6fe-da2d6c1fe77c-138417116717056","trial_id":38,"step":66,"intermediate_value":0.018552447203546762}
{"op_code":7,"worker_id":"b288c2b1-e49e-41d8-afbe-1fb10ef2db45-138861632921600","trial_id":32,"step":59,"intermediate_value":0.017133337445557117}
{"op_code":7,"worker_id":"44c6a450-b07e-4b06-baaf-2f623988bc71-134028377853952","trial_id":46,"step":55,"intermediate_value":0.017133337445557117}
{"op_code":7,"worker_id":"0447dc80-4ad8-4169-a6fe-da2d6c1fe77c-138417116717056","trial_id":38,"step":67,"intermediate_value":0.018552447203546762}
{"op_code":7,"worker_id":"a2098b9d-5eba-41cd-b048-cc073efc9089-135653394321408","trial_id":55,"step":3,"intermediate_value":0.01420940412208438}
{"op_code":7,"worker_id":"44c6a450-b07e-4b06-baaf-2f623988bc71-134028377853952","trial_id":46,"step":56,"intermediate_value":0.014769494999200106}
{"op_code":7,"worker_id":"988bc229-147d-4984-ba60-2fb82aca9a8b-134485039202304","trial_id":42,"step":28,"intermediate_value":0.020896545611321926}
{"op_code":7,"worker_id":"b288c2b1-e49e-41d8-afbe-1fb10ef2db45-138861632921600","trial_id":32,"step":60,"intermediate_value":0.017133337445557117}
{"op_code":7,"worker_id":"0447dc80-4ad8-4169-a6fe-da2d6c1fe77c-138417116717056","trial_id":38,"step":68,"intermediate_value":0.018552447203546762}
{"op_code":7,"worker_id":"44c6a450-b07e-4b06-baaf-2f623988bc71-134028377853952","trial_id":46,"step":57,"intermediate_value":0.014769494999200106}
{"op_code":7,"worker_id":"219797d8-fde4-4035-a684-f9b55d950771-124921969557504","trial_id":49,"step":25,"intermediate_value":0.03496509324759245}
{"op_code":7,"worker_id":"b288c2b1-e49e-41d8-afbe-1fb10ef2db45-138861632921600","trial_id":32,"step":61,"intermediate_value":0.017133337445557117}
{"op_code":7,"worker_id":"0447dc80-4ad8-4169-a6fe-da2d6c1fe77c-138417116717056","trial_id":38,"step":69,"intermediate_value":0.018552447203546762}
{"op_code":7,"worker_id":"cf9cf729-a546-45d9-bb4d-3718aff6d658-124878650773504","trial_id":47,"step":20,"intermediate_value":0.03998814709484577}
{"op_code":7,"worker_id":"b288c2b1-e49e-41d8-afbe-1fb10ef2db45-138861632921600","trial_id":32,"step":62,"intermediate_value":0.017133337445557117}
{"op_code":7,"worker_id":"0447dc80-4ad8-4169-a6fe-da2d6c1fe77c-138417116717056","trial_id":38,"step":70,"intermediate_value":0.018552447203546762}
{"op_code":7,"worker_id":"a2098b9d-5eba-41cd-b048-cc073efc9089-135653394321408","trial_id":55,"step":4,"intermediate_value":0.012058866675943136}
{"op_code":7,"worker_id":"988bc229-147d-4984-ba60-2fb82aca9a8b-134485039202304","trial_id":42,"step":29,"intermediate_value":0.026629259809851646}
{"op_code":7,"worker_id":"2e3a8247-5dbe-4080-a4ba-f8ab09ec2e50-137397948055552","trial_id":40,"step":41,"intermediate_value":0.050480674020946026}
{"op_code":7,"worker_id":"a2098b9d-5eba-41cd-b048-cc073efc9089-135653394321408","trial_id":55,"step":5,"intermediate_value":0.012058866675943136}
{"op_code":7,"worker_id":"988bc229-147d-4984-ba60-2fb82aca9a8b-134485039202304","trial_id":42,"step":30,"intermediate_value":0.022805397398769855}
{"op_code":7,"worker_id":"a2098b9d-5eba-41cd-b048-cc073efc9089-135653394321408","trial_id":55,"step":6,"intermediate_value":0.013251899275928736}
{"op_code":7,"worker_id":"988bc229-147d-4984-ba60-2fb82aca9a8b-134485039202304","trial_id":42,"step":31,"intermediate_value":0.017430592328310013}
{"op_code":7,"worker_id":"a2098b9d-5eba-41cd-b048-cc073efc9089-135653394321408","trial_id":55,"step":7,"intermediate_value":0.010143856750801206}
{"op_code":7,"worker_id":"a2098b9d-5eba-41cd-b048-cc073efc9089-135653394321408","trial_id":55,"step":8,"intermediate_value":0.009308733744546771}
{"op_code":7,"worker_id":"8a43f17c-07c0-4588-9f45-3ae858c4f551-126199918092288","trial_id":48,"step":15,"intermediate_value":0.022571582812815905}
{"op_code":7,"worker_id":"219797d8-fde4-4035-a684-f9b55d950771-124921969557504","trial_id":49,"step":26,"intermediate_value":0.03711563069373369}
{"op_code":7,"worker_id":"2e3a8247-5dbe-4080-a4ba-f8ab09ec2e50-137397948055552","trial_id":40,"step":42,"intermediate_value":0.04546993877738714}
{"op_code":7,"worker_id":"a2098b9d-5eba-41cd-b048-cc073efc9089-135653394321408","trial_id":55,"step":9,"intermediate_value":0.009189430391415954}
{"op_code":7,"worker_id":"2e3a8247-5dbe-4080-a4ba-f8ab09ec2e50-137397948055552","trial_id":40,"step":43,"intermediate_value":0.05346325691789389}
{"op_code":7,"worker_id":"8a43f17c-07c0-4588-9f45-3ae858c4f551-126199918092288","trial_id":48,"step":16,"intermediate_value":0.022571582812815905}
{"op_code":7,"worker_id":"8a43f17c-07c0-4588-9f45-3ae858c4f551-126199918092288","trial_id":48,"step":17,"intermediate_value":0.020680106710642576}
{"op_code":7,"worker_id":"219797d8-fde4-4035-a684-f9b55d950771-124921969557504","trial_id":49,"step":27,"intermediate_value":0.03591952007263899}
{"op_code":7,"worker_id":"a2098b9d-5eba-41cd-b048-cc073efc9089-135653394321408","trial_id":55,"step":10,"intermediate_value":0.009428037097677588}
{"op_code":7,"worker_id":"8a43f17c-07c0-4588-9f45-3ae858c4f551-126199918092288","trial_id":48,"step":18,"intermediate_value":0.016186594497412443}
{"op_code":7,"worker_id":"8a43f17c-07c0-4588-9f45-3ae858c4f551-126199918092288","trial_id":48,"step":19,"intermediate_value":0.010396084282547235}
{"op_code":7,"worker_id":"988bc229-147d-4984-ba60-2fb82aca9a8b-134485039202304","trial_id":42,"step":32,"intermediate_value":0.02591651864349842}
{"op_code":7,"worker_id":"a2098b9d-5eba-41cd-b048-cc073efc9089-135653394321408","trial_id":55,"step":11,"intermediate_value":0.009308733744546771}
{"op_code":7,"worker_id":"8a43f17c-07c0-4588-9f45-3ae858c4f551-126199918092288","trial_id":48,"step":20,"intermediate_value":0.015005677938461304}
{"op_code":7,"worker_id":"219797d8-fde4-4035-a684-f9b55d950771-124921969557504","trial_id":49,"step":28,"intermediate_value":0.041175021789968014}
{"op_code":7,"worker_id":"8a43f17c-07c0-4588-9f45-3ae858c4f551-126199918092288","trial_id":48,"step":21,"intermediate_value":0.012996110133826733}
{"op_code":7,"worker_id":"988bc229-147d-4984-ba60-2fb82aca9a8b-134485039202304","trial_id":42,"step":33,"intermediate_value":0.024123890791088343}
{"op_code":7,"worker_id":"8a43f17c-07c0-4588-9f45-3ae858c4f551-126199918092288","trial_id":48,"step":22,"intermediate_value":0.01642478769645095}
{"op_code":7,"worker_id":"a2098b9d-5eba-41cd-b048-cc073efc9089-135653394321408","trial_id":55,"step":12,"intermediate_value":0.009189430391415954}
{"op_code":7,"worker_id":"a2098b9d-5eba-41cd-b048-cc073efc9089-135653394321408","trial_id":55,"step":13,"intermediate_value":0.01958420965820551}
{"op_code":7,"worker_id":"a2098b9d-5eba-41cd-b048-cc073efc9089-135653394321408","trial_id":55,"step":14,"intermediate_value":0.029978986829519272}
{"op_code":7,"worker_id":"871add6e-a47b-4710-b4c8-b7fd23719e8b-134882817724416","trial_id":52,"step":47,"intermediate_value":0.03021143563091755}
{"op_code":7,"worker_id":"2e3a8247-5dbe-4080-a4ba-f8ab09ec2e50-137397948055552","trial_id":40,"step":44,"intermediate_value":0.05250883009284735}
{"op_code":7,"worker_id":"871add6e-a47b-4710-b4c8-b7fd23719e8b-134882817724416","trial_id":52,"step":48,"intermediate_value":0.025671754963696003}
{"op_code":7,"worker_id":"a2098b9d-5eba-41cd-b048-cc073efc9089-135653394321408","trial_id":55,"step":15,"intermediate_value":0.029859683476388454}
{"op_code":7,"worker_id":"2e3a8247-5dbe-4080-a4ba-f8ab09ec2e50-137397948055552","trial_id":40,"step":45,"intermediate_value":0.05155440326780081}
{"op_code":7,"worker_id":"871add6e-a47b-4710-b4c8-b7fd23719e8b-134882817724416","trial_id":52,"step":49,"intermediate_value":0.021609284915030003}
{"op_code":7,"worker_id":"871add6e-a47b-4710-b4c8-b7fd23719e8b-134882817724416","trial_id":52,"step":50,"intermediate_value":0.028657414950430393}
{"op_code":7,"worker_id":"2e3a8247-5dbe-4080-a4ba-f8ab09ec2e50-137397948055552","trial_id":40,"step":46,"intermediate_value":0.05740026663988829}
{"op_code":7,"worker_id":"a2098b9d-5eba-41cd-b048-cc073efc9089-135653394321408","trial_id":55,"step":16,"intermediate_value":0.02770914603024721}
{"op_code":7,"worker_id":"2e3a8247-5dbe-4080-a4ba-f8ab09ec2e50-137397948055552","trial_id":40,"step":47,"intermediate_value":0.05990563239902258}
{"op_code":7,"worker_id":"2e3a8247-5dbe-4080-a4ba-f8ab09ec2e50-137397948055552","trial_id":40,"step":48,"intermediate_value":0.06324612628668547}
{"op_code":7,"worker_id":"a2098b9d-5eba-41cd-b048-cc073efc9089-135653394321408","trial_id":55,"step":17,"intermediate_value":0.0213768370449543}
{"op_code":7,"worker_id":"871add6e-a47b-4710-b4c8-b7fd23719e8b-134882817724416","trial_id":52,"step":51,"intermediate_value":0.02829950489103794}
{"op_code":7,"worker_id":"871add6e-a47b-4710-b4c8-b7fd23719e8b-134882817724416","trial_id":52,"step":52,"intermediate_value":0.03295848984271288}
{"op_code":7,"worker_id":"a2098b9d-5eba-41cd-b048-cc073efc9089-135653394321408","trial_id":55,"step":18,"intermediate_value":0.0213768370449543}
{"op_code":7,"worker_id":"2e3a8247-5dbe-4080-a4ba-f8ab09ec2e50-137397948055552","trial_id":40,"step":49,"intermediate_value":0.05788055621087551}
{"op_code":7,"worker_id":"2e3a8247-5dbe-4080-a4ba-f8ab09ec2e50-137397948055552","trial_id":40,"step":50,"intermediate_value":0.0571616580709815}
{"op_code":7,"worker_id":"a2098b9d-5eba-41cd-b048-cc073efc9089-135653394321408","trial_id":55,"step":19,"intermediate_value":0.0213768370449543}
{"op_code":7,"worker_id":"871add6e-a47b-4710-b4c8-b7fd23719e8b-134882817724416","trial_id":52,"step":53,"intermediate_value":0.03690165653824806}
{"op_code":7,"worker_id":"871add6e-a47b-4710-b4c8-b7fd23719e8b-134882817724416","trial_id":52,"step":54,"intermediate_value":0.03463181387633085}
{"op_code":7,"worker_id":"a2098b9d-5eba-41cd-b048-cc073efc9089-135653394321408","trial_id":55,"step":20,"intermediate_value":0.0213768370449543}
{"op_code":7,"worker_id":"871add6e-a47b-4710-b4c8-b7fd23719e8b-134882817724416","trial_id":52,"step":55,"intermediate_value":0.03236197307705879}
{"op_code":7,"worker_id":"871add6e-a47b-4710-b4c8-b7fd23719e8b-134882817724416","trial_id":52,"step":56,"intermediate_value":0.03056934569031}
{"op_code":7,"worker_id":"871add6e-a47b-4710-b4c8-b7fd23719e8b-134882817724416","trial_id":52,"step":57,"intermediate_value":0.027941595762968063}
{"op_code":7,"worker_id":"a2098b9d-5eba-41cd-b048-cc073efc9089-135653394321408","trial_id":55,"step":21,"intermediate_value":0.0213768370449543}
{"op_code":7,"worker_id":"871add6e-a47b-4710-b4c8-b7fd23719e8b-134882817724416","trial_id":52,"step":58,"intermediate_value":0.024117733351886272}
{"op_code":7,"worker_id":"871add6e-a47b-4710-b4c8-b7fd23719e8b-134882817724416","trial_id":52,"step":59,"intermediate_value":0.026387574151158333}
{"op_code":7,"worker_id":"a2098b9d-5eba-41cd-b048-cc073efc9089-135653394321408","trial_id":55,"step":22,"intermediate_value":0.0213768370449543}
{"op_code":7,"worker_id":"871add6e-a47b-4710-b4c8-b7fd23719e8b-134882817724416","trial_id":52,"step":60,"intermediate_value":0.02698409091681242}
{"op_code":7,"worker_id":"871add6e-a47b-4710-b4c8-b7fd23719e8b-134882817724416","trial_id":52,"step":61,"intermediate_value":0.02877671830356121}
{"op_code":7,"worker_id":"871add6e-a47b-4710-b4c8-b7fd23719e8b-134882817724416","trial_id":52,"step":62,"intermediate_value":0.028538111597299576}
{"op_code":7,"worker_id":"871add6e-a47b-4710-b4c8-b7fd23719e8b-134882817724416","trial_id":52,"step":63,"intermediate_value":0.030092133209109306}
{"op_code":7,"worker_id":"871add6e-a47b-4710-b4c8-b7fd23719e8b-134882817724416","trial_id":52,"step":64,"intermediate_value":0.033197096548974514}
{"op_code":7,"worker_id":"871add6e-a47b-4710-b4c8-b7fd23719e8b-134882817724416","trial_id":52,"step":65,"intermediate_value":0.03690165653824806}
{"op_code":7,"worker_id":"44c6a450-b07e-4b06-baaf-2f623988bc71-134028377853952","trial_id":46,"step":58,"intermediate_value":0.017133337445557117}
{"op_code":7,"worker_id":"871add6e-a47b-4710-b4c8-b7fd23719e8b-134882817724416","trial_id":52,"step":66,"intermediate_value":0.04574241302907467}
{"op_code":7,"worker_id":"b288c2b1-e49e-41d8-afbe-1fb10ef2db45-138861632921600","trial_id":32,"step":63,"intermediate_value":0.017133337445557117}
{"op_code":7,"worker_id":"44c6a450-b07e-4b06-baaf-2f623988bc71-134028377853952","trial_id":46,"step":59,"intermediate_value":0.017133337445557117}
{"op_code":7,"worker_id":"871add6e-a47b-4710-b4c8-b7fd23719e8b-134882817724416","trial_id":52,"step":67,"intermediate_value":0.03821399249136448}
{"op_code":7,"worker_id":"871add6e-a47b-4710-b4c8-b7fd23719e8b-134882817724416","trial_id":52,"step":68,"intermediate_value":0.0371402632445097}
{"op_code":7,"worker_id":"219797d8-fde4-4035-a684-f9b55d950771-124921969557504","trial_id":49,"step":29,"intermediate_value":0.04045920167118311}
{"op_code":7,"worker_id":"44c6a450-b07e-4b06-baaf-2f623988bc71-134028377853952","trial_id":46,"step":60,"intermediate_value":0.017133337445557117}
{"op_code":7,"worker_id":"219797d8-fde4-4035-a684-f9b55d950771-124921969557504","trial_id":49,"step":30,"intermediate_value":0.0365160359069705}
{"op_code":7,"worker_id":"44c6a450-b07e-4b06-baaf-2f623988bc71-134028377853952","trial_id":46,"step":61,"intermediate_value":0.01890672231093049}
{"op_code":7,"worker_id":"b0c9ae72-81be-4f8d-bdfe-e40fead80a21-133278269722624","trial_id":43,"step":49,"intermediate_value":0.20593283604830503}
{"op_code":7,"worker_id":"8a43f17c-07c0-4588-9f45-3ae858c4f551-126199918092288","trial_id":48,"step":23,"intermediate_value":0.02079819841310382}
{"op_code":7,"worker_id":"44c6a450-b07e-4b06-baaf-2f623988bc71-134028377853952","trial_id":46,"step":62,"intermediate_value":0.017133337445557117}
{"op_code":7,"worker_id":"44c6a450-b07e-4b06-baaf-2f623988bc71-134028377853952","trial_id":46,"step":63,"intermediate_value":0.017133337445557117}
{"op_code":7,"worker_id":"8a43f17c-07c0-4588-9f45-3ae858c4f551-126199918092288","trial_id":48,"step":24,"intermediate_value":0.017133337445557117}
{"op_code":7,"worker_id":"219797d8-fde4-4035-a684-f9b55d950771-124921969557504","trial_id":49,"step":31,"intermediate_value":0.04093641508370638}
{"op_code":7,"worker_id":"44c6a450-b07e-4b06-baaf-2f623988bc71-134028377853952","trial_id":46,"step":64,"intermediate_value":0.021506748162209988}
{"op_code":7,"worker_id":"8a43f17c-07c0-4588-9f45-3ae858c4f551-126199918092288","trial_id":48,"step":25,"intermediate_value":0.017133337445557117}
{"op_code":7,"worker_id":"44c6a450-b07e-4b06-baaf-2f623988bc71-134028377853952","trial_id":46,"step":65,"intermediate_value":0.01642478769645095}
{"op_code":7,"worker_id":"8a43f17c-07c0-4588-9f45-3ae858c4f551-126199918092288","trial_id":48,"step":26,"intermediate_value":0.017133337445557117}
{"op_code":7,"worker_id":"44c6a450-b07e-4b06-baaf-2f623988bc71-134028377853952","trial_id":46,"step":66,"intermediate_value":0.017133337445557117}
{"op_code":7,"worker_id":"219797d8-fde4-4035-a684-f9b55d950771-124921969557504","trial_id":49,"step":32,"intermediate_value":0.040697808377444744}
{"op_code":7,"worker_id":"44c6a450-b07e-4b06-baaf-2f623988bc71-134028377853952","trial_id":46,"step":67,"intermediate_value":0.017133337445557117}
{"op_code":7,"worker_id":"b0c9ae72-81be-4f8d-bdfe-e40fead80a21-133278269722624","trial_id":43,"step":50,"intermediate_value":0.2246634466573596}
{"op_code":7,"worker_id":"44c6a450-b07e-4b06-baaf-2f623988bc71-134028377853952","trial_id":46,"step":68,"intermediate_value":0.01890672231093049}
{"op_code":7,"worker_id":"b0c9ae72-81be-4f8d-bdfe-e40fead80a21-133278269722624","trial_id":43,"step":51,"intermediate_value":0.24196241330355406}
{"op_code":7,"worker_id":"44c6a450-b07e-4b06-baaf-2f623988bc71-134028377853952","trial_id":46,"step":69,"intermediate_value":0.017133337445557117}
{"op_code":7,"worker_id":"b0c9ae72-81be-4f8d-bdfe-e40fead80a21-133278269722624","trial_id":43,"step":52,"intermediate_value":0.24709245096892118}
{"op_code":7,"worker_id":"44c6a450-b07e-4b06-baaf-2f623988bc71-134028377853952","trial_id":46,"step":70,"intermediate_value":0.017133337445557117}
{"op_code":7,"worker_id":"b0c9ae72-81be-4f8d-bdfe-e40fead80a21-133278269722624","trial_id":43,"step":53,"intermediate_value":0.2622439665719867}
{"op_code":7,"worker_id":"44c6a450-b07e-4b06-baaf-2f623988bc71-134028377853952","trial_id":46,"step":71,"intermediate_value":0.017133337445557117}
{"op_code":7,"worker_id":"b0c9ae72-81be-4f8d-bdfe-e40fead80a21-133278269722624","trial_id":43,"step":54,"intermediate_value":0.28085835091769695}
{"op_code":7,"worker_id":"44c6a450-b07e-4b06-baaf-2f623988bc71-134028377853952","trial_id":46,"step":72,"intermediate_value":0.017133337445557117}
{"op_code":7,"worker_id":"44c6a450-b07e-4b06-baaf-2f623988bc71-134028377853952","trial_id":46,"step":73,"intermediate_value":0.017133337445557117}
{"op_code":7,"worker_id":"44c6a450-b07e-4b06-baaf-2f623988bc71-134028377853952","trial_id":46,"step":74,"intermediate_value":0.015005677938461304}
{"op_code":7,"worker_id":"44c6a450-b07e-4b06-baaf-2f623988bc71-134028377853952","trial_id":46,"step":75,"intermediate_value":0.01926099695265293}
{"op_code":7,"worker_id":"44c6a450-b07e-4b06-baaf-2f623988bc71-134028377853952","trial_id":46,"step":76,"intermediate_value":0.016779062803834677}
{"op_code":7,"worker_id":"44c6a450-b07e-4b06-baaf-2f623988bc71-134028377853952","trial_id":46,"step":77,"intermediate_value":0.016779062803834677}
{"op_code":7,"worker_id":"44c6a450-b07e-4b06-baaf-2f623988bc71-134028377853952","trial_id":46,"step":78,"intermediate_value":0.016779062803834677}
{"op_code":7,"worker_id":"44c6a450-b07e-4b06-baaf-2f623988bc71-134028377853952","trial_id":46,"step":79,"intermediate_value":0.015596136450767517}
{"op_code":7,"worker_id":"8a43f17c-07c0-4588-9f45-3ae858c4f551-126199918092288","trial_id":48,"step":27,"intermediate_value":0.017133337445557117}
{"op_code":7,"worker_id":"2e3a8247-5dbe-4080-a4ba-f8ab09ec2e50-137397948055552","trial_id":40,"step":51,"intermediate_value":0.06157895736396313}
{"op_code":7,"worker_id":"44c6a450-b07e-4b06-baaf-2f623988bc71-134028377853952","trial_id":46,"step":80,"intermediate_value":0.015241861343383789}
{"op_code":7,"worker_id":"b0c9ae72-81be-4f8d-bdfe-e40fead80a21-133278269722624","trial_id":43,"step":55,"intermediate_value":0.28884858917444944}
{"op_code":7,"worker_id":"2e3a8247-5dbe-4080-a4ba-f8ab09ec2e50-137397948055552","trial_id":40,"step":52,"intermediate_value":0.06575149204581976}
{"op_code":7,"worker_id":"2e3a8247-5dbe-4080-a4ba-f8ab09ec2e50-137397948055552","trial_id":40,"step":53,"intermediate_value":0.07183596026152372}
{"op_code":7,"worker_id":"cf9cf729-a546-45d9-bb4d-3718aff6d658-124878650773504","trial_id":47,"step":21,"intermediate_value":0.04285450279712677}
{"op_code":7,"worker_id":"a2098b9d-5eba-41cd-b048-cc073efc9089-135653394321408","trial_id":55,"step":23,"intermediate_value":0.01970351254567504}
{"op_code":7,"worker_id":"219797d8-fde4-4035-a684-f9b55d950771-124921969557504","trial_id":49,"step":33,"intermediate_value":0.04332556016743183}
{"op_code":7,"worker_id":"871add6e-a47b-4710-b4c8-b7fd23719e8b-134882817724416","trial_id":52,"step":69,"intermediate_value":0.036543747410178185}
{"op_code":7,"worker_id":"871add6e-a47b-4710-b4c8-b7fd23719e8b-134882817724416","trial_id":52,"step":70,"intermediate_value":0.03236197307705879}
{"op_code":7,"worker_id":"871add6e-a47b-4710-b4c8-b7fd23719e8b-134882817724416","trial_id":52,"step":71,"intermediate_value":0.032719883136451244}
{"op_code":7,"worker_id":"871add6e-a47b-4710-b4c8-b7fd23719e8b-134882817724416","trial_id":52,"step":72,"intermediate_value":0.03068864904344082}
{"op_code":7,"worker_id":"871add6e-a47b-4710-b4c8-b7fd23719e8b-134882817724416","trial_id":52,"step":73,"intermediate_value":0.027342000044882298}
{"op_code":7,"worker_id":"871add6e-a47b-4710-b4c8-b7fd23719e8b-134882817724416","trial_id":52,"step":74,"intermediate_value":0.023401914164423943}
{"op_code":7,"worker_id":"15962467-67e7-4409-b4ae-e830dcbffe7e-130407820439552","trial_id":39,"step":126,"intermediate_value":0.035925677977502346}
{"op_code":7,"worker_id":"871add6e-a47b-4710-b4c8-b7fd23719e8b-134882817724416","trial_id":52,"step":75,"intermediate_value":0.026148967444896698}
{"op_code":7,"worker_id":"15962467-67e7-4409-b4ae-e830dcbffe7e-130407820439552","trial_id":39,"step":127,"intermediate_value":0.04297380708158016}
{"op_code":7,"worker_id":"871add6e-a47b-4710-b4c8-b7fd23719e8b-134882817724416","trial_id":52,"step":76,"intermediate_value":0.02698409091681242}
{"op_code":7,"worker_id":"8a43f17c-07c0-4588-9f45-3ae858c4f551-126199918092288","trial_id":48,"step":28,"intermediate_value":0.015359953045845032}
{"op_code":7,"worker_id":"44c6a450-b07e-4b06-baaf-2f623988bc71-134028377853952","trial_id":46,"step":81,"intermediate_value":0.008740791119635105}
{"op_code":7,"worker_id":"44c6a450-b07e-4b06-baaf-2f623988bc71-134028377853952","trial_id":46,"step":82,"intermediate_value":0.017133337445557117}
{"op_code":7,"worker_id":"15962467-67e7-4409-b4ae-e830dcbffe7e-130407820439552","trial_id":39,"step":128,"intermediate_value":0.04548225365579128}
{"op_code":7,"worker_id":"44c6a450-b07e-4b06-baaf-2f623988bc71-134028377853952","trial_id":46,"step":83,"intermediate_value":0.01287801843136549}
{"op_code":7,"worker_id":"15962467-67e7-4409-b4ae-e830dcbffe7e-130407820439552","trial_id":39,"step":129,"intermediate_value":0.04500504024326801}
{"op_code":7,"worker_id":"44c6a450-b07e-4b06-baaf-2f623988bc71-134028377853952","trial_id":46,"step":84,"intermediate_value":0.00897697452455759}
{"op_code":7,"worker_id":"15962467-67e7-4409-b4ae-e830dcbffe7e-130407820439552","trial_id":39,"step":130,"intermediate_value":0.043215492740273476}
{"op_code":7,"worker_id":"44c6a450-b07e-4b06-baaf-2f623988bc71-134028377853952","trial_id":46,"step":85,"intermediate_value":0.017487612552940845}
{"op_code":7,"worker_id":"15962467-67e7-4409-b4ae-e830dcbffe7e-130407820439552","trial_id":39,"step":131,"intermediate_value":0.04249967262148857}
{"op_code":7,"worker_id":"44c6a450-b07e-4b06-baaf-2f623988bc71-134028377853952","trial_id":46,"step":86,"intermediate_value":0.01725142914801836}
{"op_code":7,"worker_id":"15962467-67e7-4409-b4ae-e830dcbffe7e-130407820439552","trial_id":39,"step":132,"intermediate_value":0.043215492740273476}
{"op_code":7,"worker_id":"44c6a450-b07e-4b06-baaf-2f623988bc71-134028377853952","trial_id":46,"step":87,"intermediate_value":0.010868450626730919}
{"op_code":7,"worker_id":"15962467-67e7-4409-b4ae-e830dcbffe7e-130407820439552","trial_id":39,"step":133,"intermediate_value":0.040707044303417206}
{"op_code":7,"worker_id":"0a30ba4f-654d-4189-98eb-97fb55b217da-138735477166080","trial_id":51,"step":95,"intermediate_value":0.05227022524923086}
{"op_code":7,"worker_id":"0a30ba4f-654d-4189-98eb-97fb55b217da-138735477166080","trial_id":51,"step":96,"intermediate_value":0.05250883009284735}
{"op_code":7,"worker_id":"0a30ba4f-654d-4189-98eb-97fb55b217da-138735477166080","trial_id":51,"step":97,"intermediate_value":0.055372110567986965}
{"op_code":7,"worker_id":"0a30ba4f-654d-4189-98eb-97fb55b217da-138735477166080","trial_id":51,"step":98,"intermediate_value":0.055849323980510235}
{"op_code":7,"worker_id":"0a30ba4f-654d-4189-98eb-97fb55b217da-138735477166080","trial_id":51,"step":99,"intermediate_value":0.05751956906169653}
{"op_code":7,"worker_id":"0a30ba4f-654d-4189-98eb-97fb55b217da-138735477166080","trial_id":51,"step":100,"intermediate_value":0.056803747080266476}
{"op_code":7,"worker_id":"0a30ba4f-654d-4189-98eb-97fb55b217da-138735477166080","trial_id":51,"step":101,"intermediate_value":0.05668444465845823}
{"op_code":7,"worker_id":"38c72711-3d75-48a8-a479-bb713d90eb3c-133136419479552","trial_id":50,"step":114,"intermediate_value":0.10894235782325268}
{"op_code":7,"worker_id":"0a30ba4f-654d-4189-98eb-97fb55b217da-138735477166080","trial_id":51,"step":102,"intermediate_value":0.05895120929926634}
{"op_code":7,"worker_id":"38c72711-3d75-48a8-a479-bb713d90eb3c-133136419479552","trial_id":50,"step":115,"intermediate_value":0.10977747850120068}
{"op_code":7,"worker_id":"44c6a450-b07e-4b06-baaf-2f623988bc71-134028377853952","trial_id":46,"step":88,"intermediate_value":0.015241861343383789}
{"op_code":7,"worker_id":"219797d8-fde4-4035-a684-f9b55d950771-124921969557504","trial_id":49,"step":34,"intermediate_value":0.04356416501104832}
{"op_code":7,"worker_id":"38c72711-3d75-48a8-a479-bb713d90eb3c-133136419479552","trial_id":50,"step":116,"intermediate_value":0.11299559008330107}
{"op_code":7,"worker_id":"44c6a450-b07e-4b06-baaf-2f623988bc71-134028377853952","trial_id":46,"step":89,"intermediate_value":0.019733363762497902}
{"op_code":7,"worker_id":"38c72711-3d75-48a8-a479-bb713d90eb3c-133136419479552","trial_id":50,"step":117,"intermediate_value":0.11371140461415052}
{"op_code":7,"worker_id":"44c6a450-b07e-4b06-baaf-2f623988bc71-134028377853952","trial_id":46,"step":90,"intermediate_value":0.010275982320308685}
{"op_code":7,"worker_id":"38c72711-3d75-48a8-a479-bb713d90eb3c-133136419479552","trial_id":50,"step":118,"intermediate_value":0.11908005457371473}
{"op_code":7,"worker_id":"38c72711-3d75-48a8-a479-bb713d90eb3c-133136419479552","trial_id":50,"step":119,"intermediate_value":0.12397456727921963}
{"op_code":7,"worker_id":"38c72711-3d75-48a8-a479-bb713d90eb3c-133136419479552","trial_id":50,"step":120,"intermediate_value":0.12302014045417309}
{"op_code":7,"worker_id":"38c72711-3d75-48a8-a479-bb713d90eb3c-133136419479552","trial_id":50,"step":121,"intermediate_value":0.12767296843230724}
{"op_code":7,"worker_id":"38c72711-3d75-48a8-a479-bb713d90eb3c-133136419479552","trial_id":50,"step":122,"intermediate_value":0.12826948426663876}
{"op_code":7,"worker_id":"38c72711-3d75-48a8-a479-bb713d90eb3c-133136419479552","trial_id":50,"step":123,"intermediate_value":0.1324420226737857}
{"op_code":7,"worker_id":"38c72711-3d75-48a8-a479-bb713d90eb3c-133136419479552","trial_id":50,"step":124,"intermediate_value":0.13948398642241955}
{"op_code":7,"worker_id":"38c72711-3d75-48a8-a479-bb713d90eb3c-133136419479552","trial_id":50,"step":125,"intermediate_value":0.13232271652668715}
{"op_code":7,"worker_id":"38c72711-3d75-48a8-a479-bb713d90eb3c-133136419479552","trial_id":50,"step":126,"intermediate_value":0.1369755370542407}
{"op_code":7,"worker_id":"2e3a8247-5dbe-4080-a4ba-f8ab09ec2e50-137397948055552","trial_id":40,"step":54,"intermediate_value":0.0714780492708087}
{"op_code":7,"worker_id":"38c72711-3d75-48a8-a479-bb713d90eb3c-133136419479552","trial_id":50,"step":127,"intermediate_value":0.13769135903567076}
{"op_code":7,"worker_id":"38c72711-3d75-48a8-a479-bb713d90eb3c-133136419479552","trial_id":50,"step":128,"intermediate_value":0.14294071029871702}
{"op_code":7,"worker_id":"2e3a8247-5dbe-4080-a4ba-f8ab09ec2e50-137397948055552","trial_id":40,"step":55,"intermediate_value":0.08090917021036148}
{"op_code":7,"worker_id":"44c6a450-b07e-4b06-baaf-2f623988bc71-134028377853952","trial_id":46,"step":91,"intermediate_value":0.0160685027949512}
{"op_code":7,"worker_id":"38c72711-3d75-48a8-a479-bb713d90eb3c-133136419479552","trial_id":50,"step":129,"intermediate_value":0.14377890340983868}
{"op_code":7,"worker_id":"44c6a450-b07e-4b06-baaf-2f623988bc71-134028377853952","trial_id":46,"step":92,"intermediate_value":0.013940843287855387}
{"op_code":7,"worker_id":"2e3a8247-5dbe-4080-a4ba-f8ab09ec2e50-137397948055552","trial_id":40,"step":56,"intermediate_value":0.08293424360454082}
{"op_code":7,"worker_id":"38c72711-3d75-48a8-a479-bb713d90eb3c-133136419479552","trial_id":50,"step":130,"intermediate_value":0.14628428034484386}
{"op_code":7,"worker_id":"2e3a8247-5dbe-4080-a4ba-f8ab09ec2e50-137397948055552","trial_id":40,"step":57,"intermediate_value":0.08639711886644363}
{"op_code":7,"worker_id":"38c72711-3d75-48a8-a479-bb713d90eb3c-133136419479552","trial_id":50,"step":131,"intermediate_value":0.14878964237868786}
{"op_code":7,"worker_id":"38c72711-3d75-48a8-a479-bb713d90eb3c-133136419479552","trial_id":50,"step":132,"intermediate_value":0.15236873738467693}
{"op_code":7,"worker_id":"2e3a8247-5dbe-4080-a4ba-f8ab09ec2e50-137397948055552","trial_id":40,"step":58,"intermediate_value":0.0868743285536766}
{"op_code":7,"worker_id":"38c72711-3d75-48a8-a479-bb713d90eb3c-133136419479552","trial_id":50,"step":133,"intermediate_value":0.15213013999164104}
{"op_code":7,"worker_id":"2e3a8247-5dbe-4080-a4ba-f8ab09ec2e50-137397948055552","trial_id":40,"step":59,"intermediate_value":0.0821022018790245}
{"op_code":7,"worker_id":"38c72711-3d75-48a8-a479-bb713d90eb3c-133136419479552","trial_id":50,"step":134,"intermediate_value":0.1568991942331195}
{"op_code":7,"worker_id":"2e3a8247-5dbe-4080-a4ba-f8ab09ec2e50-137397948055552","trial_id":40,"step":60,"intermediate_value":0.08758399169892073}
{"op_code":7,"worker_id":"38c72711-3d75-48a8-a479-bb713d90eb3c-133136419479552","trial_id":50,"step":135,"intermediate_value":0.16190993320196867}
{"op_code":7,"worker_id":"2e3a8247-5dbe-4080-a4ba-f8ab09ec2e50-137397948055552","trial_id":40,"step":61,"intermediate_value":0.09116924554109573}
{"op_code":7,"worker_id":"38c72711-3d75-48a8-a479-bb713d90eb3c-133136419479552","trial_id":50,"step":136,"intermediate_value":0.16238714288920164}
{"op_code":7,"worker_id":"2e3a8247-5dbe-4080-a4ba-f8ab09ec2e50-137397948055552","trial_id":40,"step":62,"intermediate_value":0.08531722705811262}
{"op_code":7,"worker_id":"38c72711-3d75-48a8-a479-bb713d90eb3c-133136419479552","trial_id":50,"step":137,"intermediate_value":0.1668013585731387}
{"op_code":7,"worker_id":"38c72711-3d75-48a8-a479-bb713d90eb3c-133136419479552","trial_id":50,"step":138,"intermediate_value":0.1693067355081439}
{"op_code":7,"worker_id":"2e3a8247-5dbe-4080-a4ba-f8ab09ec2e50-137397948055552","trial_id":40,"step":63,"intermediate_value":0.0735277608036995}
{"op_code":7,"worker_id":"38c72711-3d75-48a8-a479-bb713d90eb3c-133136419479552","trial_id":50,"step":139,"intermediate_value":0.17622940056025982}
{"op_code":7,"worker_id":"38c72711-3d75-48a8-a479-bb713d90eb3c-133136419479552","trial_id":50,"step":140,"intermediate_value":0.16775579284876585}
{"op_code":7,"worker_id":"2e3a8247-5dbe-4080-a4ba-f8ab09ec2e50-137397948055552","trial_id":40,"step":64,"intermediate_value":0.0863909600302577}
{"op_code":7,"worker_id":"2e3a8247-5dbe-4080-a4ba-f8ab09ec2e50-137397948055552","trial_id":40,"step":65,"intermediate_value":0.08674887102097273}
{"op_code":7,"worker_id":"2e3a8247-5dbe-4080-a4ba-f8ab09ec2e50-137397948055552","trial_id":40,"step":66,"intermediate_value":0.09045650996267796}
{"op_code":7,"worker_id":"2e3a8247-5dbe-4080-a4ba-f8ab09ec2e50-137397948055552","trial_id":40,"step":67,"intermediate_value":0.08415190875530243}
{"op_code":7,"worker_id":"2e3a8247-5dbe-4080-a4ba-f8ab09ec2e50-137397948055552","trial_id":40,"step":68,"intermediate_value":0.0967703415080905}
{"op_code":7,"worker_id":"38c72711-3d75-48a8-a479-bb713d90eb3c-133136419479552","trial_id":50,"step":141,"intermediate_value":0.17539119254797697}
{"op_code":7,"worker_id":"38c72711-3d75-48a8-a479-bb713d90eb3c-133136419479552","trial_id":50,"step":142,"intermediate_value":0.18350381683558226}
{"op_code":7,"worker_id":"2e3a8247-5dbe-4080-a4ba-f8ab09ec2e50-137397948055552","trial_id":40,"step":69,"intermediate_value":0.10082665365189314}
{"op_code":7,"worker_id":"2e3a8247-5dbe-4080-a4ba-f8ab09ec2e50-137397948055552","trial_id":40,"step":70,"intermediate_value":0.10810414981096983}
{"op_code":7,"worker_id":"2e3a8247-5dbe-4080-a4ba-f8ab09ec2e50-137397948055552","trial_id":40,"step":71,"intermediate_value":0.10524395667016506}
{"op_code":7,"worker_id":"2e3a8247-5dbe-4080-a4ba-f8ab09ec2e50-137397948055552","trial_id":40,"step":72,"intermediate_value":0.11538781225681305}
{"op_code":7,"worker_id":"2e3a8247-5dbe-4080-a4ba-f8ab09ec2e50-137397948055552","trial_id":40,"step":73,"intermediate_value":0.12218501977622509}
{"op_code":7,"worker_id":"38c72711-3d75-48a8-a479-bb713d90eb3c-133136419479552","trial_id":50,"step":143,"intermediate_value":0.18171426188200712}
{"op_code":7,"worker_id":"2e3a8247-5dbe-4080-a4ba-f8ab09ec2e50-137397948055552","trial_id":40,"step":74,"intermediate_value":0.12253985088318586}
{"op_code":7,"worker_id":"38c72711-3d75-48a8-a479-bb713d90eb3c-133136419479552","trial_id":50,"step":144,"intermediate_value":0.18506091833114624}
{"op_code":7,"worker_id":"2e3a8247-5dbe-4080-a4ba-f8ab09ec2e50-137397948055552","trial_id":40,"step":75,"intermediate_value":0.13077485375106335}
{"op_code":7,"worker_id":"38c72711-3d75-48a8-a479-bb713d90eb3c-133136419479552","trial_id":50,"step":145,"intermediate_value":0.1866118609905243}
{"op_code":7,"worker_id":"38c72711-3d75-48a8-a479-bb713d90eb3c-133136419479552","trial_id":50,"step":146,"intermediate_value":0.18959136120975018}
{"op_code":7,"worker_id":"38c72711-3d75-48a8-a479-bb713d90eb3c-133136419479552","trial_id":50,"step":147,"intermediate_value":0.1980618964880705}
{"op_code":7,"worker_id":"38c72711-3d75-48a8-a479-bb713d90eb3c-133136419479552","trial_id":50,"step":148,"intermediate_value":0.2024730397388339}
{"op_code":7,"worker_id":"38c72711-3d75-48a8-a479-bb713d90eb3c-133136419479552","trial_id":50,"step":149,"intermediate_value":0.19925184082239866}
{"op_code":7,"worker_id":"38c72711-3d75-48a8-a479-bb713d90eb3c-133136419479552","trial_id":50,"step":150,"intermediate_value":0.19650786649435759}
{"op_code":7,"worker_id":"38c72711-3d75-48a8-a479-bb713d90eb3c-133136419479552","trial_id":50,"step":151,"intermediate_value":0.2066486580297351}
{"op_code":7,"worker_id":"38c72711-3d75-48a8-a479-bb713d90eb3c-133136419479552","trial_id":50,"step":152,"intermediate_value":0.2103470517322421}
{"op_code":7,"worker_id":"38c72711-3d75-48a8-a479-bb713d90eb3c-133136419479552","trial_id":50,"step":153,"intermediate_value":0.21726664435118437}
{"op_code":7,"worker_id":"988bc229-147d-4984-ba60-2fb82aca9a8b-134485039202304","trial_id":42,"step":34,"intermediate_value":0.024123890791088343}
{"op_code":7,"worker_id":"8a43f17c-07c0-4588-9f45-3ae858c4f551-126199918092288","trial_id":48,"step":29,"intermediate_value":0.01335038524121046}
{"op_code":7,"worker_id":"cf9cf729-a546-45d9-bb4d-3718aff6d658-124878650773504","trial_id":47,"step":22,"intermediate_value":0.04440544545650482}
{"op_code":7,"worker_id":"a2098b9d-5eba-41cd-b048-cc073efc9089-135653394321408","trial_id":55,"step":24,"intermediate_value":0.022808476351201534}
{"op_code":7,"worker_id":"38c72711-3d75-48a8-a479-bb713d90eb3c-133136419479552","trial_id":50,"step":154,"intermediate_value":0.21321032475680113}
{"op_code":7,"worker_id":"2e3a8247-5dbe-4080-a4ba-f8ab09ec2e50-137397948055552","trial_id":40,"step":76,"intermediate_value":0.12194333504885435}
{"op_code":7,"worker_id":"2e3a8247-5dbe-4080-a4ba-f8ab09ec2e50-137397948055552","trial_id":40,"step":77,"intermediate_value":0.11932173930108547}
{"op_code":7,"worker_id":"988bc229-147d-4984-ba60-2fb82aca9a8b-134485039202304","trial_id":42,"step":35,"intermediate_value":0.022092656698077917}
{"op_code":7,"worker_id":"a2098b9d-5eba-41cd-b048-cc073efc9089-135653394321408","trial_id":55,"step":25,"intermediate_value":0.021496140398085117}
{"op_code":7,"worker_id":"2e3a8247-5dbe-4080-a4ba-f8ab09ec2e50-137397948055552","trial_id":40,"step":78,"intermediate_value":0.14198936335742474}
{"op_code":7,"worker_id":"2e3a8247-5dbe-4080-a4ba-f8ab09ec2e50-137397948055552","trial_id":40,"step":79,"intermediate_value":0.13614350371062756}
{"op_code":7,"worker_id":"988bc229-147d-4984-ba60-2fb82aca9a8b-134485039202304","trial_id":42,"step":36,"intermediate_value":0.023166386410593987}
{"op_code":7,"worker_id":"a2098b9d-5eba-41cd-b048-cc073efc9089-135653394321408","trial_id":55,"step":26,"intermediate_value":0.010740372585132718}
{"op_code":7,"worker_id":"cf9cf729-a546-45d9-bb4d-3718aff6d658-124878650773504","trial_id":47,"step":23,"intermediate_value":0.039266168139874935}
{"op_code":7,"worker_id":"2e3a8247-5dbe-4080-a4ba-f8ab09ec2e50-137397948055552","trial_id":40,"step":80,"intermediate_value":0.13602419756352901}
{"op_code":7,"worker_id":"2e3a8247-5dbe-4080-a4ba-f8ab09ec2e50-137397948055552","trial_id":40,"step":81,"intermediate_value":0.14282139670103788}
{"op_code":7,"worker_id":"2e3a8247-5dbe-4080-a4ba-f8ab09ec2e50-137397948055552","trial_id":40,"step":82,"intermediate_value":0.14402058720588684}
{"op_code":7,"worker_id":"2e3a8247-5dbe-4080-a4ba-f8ab09ec2e50-137397948055552","trial_id":40,"step":83,"intermediate_value":0.14043842069804668}
{"op_code":7,"worker_id":"2e3a8247-5dbe-4080-a4ba-f8ab09ec2e50-137397948055552","trial_id":40,"step":84,"intermediate_value":0.14938616566359997}
{"op_code":7,"worker_id":"2e3a8247-5dbe-4080-a4ba-f8ab09ec2e50-137397948055552","trial_id":40,"step":85,"intermediate_value":0.147003173828125}
{"op_code":7,"worker_id":"2e3a8247-5dbe-4080-a4ba-f8ab09ec2e50-137397948055552","trial_id":40,"step":86,"intermediate_value":0.1638218592852354}
{"op_code":7,"worker_id":"2e3a8247-5dbe-4080-a4ba-f8ab09ec2e50-137397948055552","trial_id":40,"step":87,"intermediate_value":0.1528459619730711}
{"op_code":7,"worker_id":"2e3a8247-5dbe-4080-a4ba-f8ab09ec2e50-137397948055552","trial_id":40,"step":88,"intermediate_value":0.16250644158571959}
{"op_code":7,"worker_id":"2e3a8247-5dbe-4080-a4ba-f8ab09ec2e50-137397948055552","trial_id":40,"step":89,"intermediate_value":0.16191300563514233}
{"op_code":7,"worker_id":"0447dc80-4ad8-4169-a6fe-da2d6c1fe77c-138417116717056","trial_id":38,"step":71,"intermediate_value":0.018552447203546762}
{"op_code":7,"worker_id":"988bc229-147d-4984-ba60-2fb82aca9a8b-134485039202304","trial_id":42,"step":37,"intermediate_value":0.020058343186974525}
{"op_code":7,"worker_id":"2e3a8247-5dbe-4080-a4ba-f8ab09ec2e50-137397948055552","trial_id":40,"step":90,"intermediate_value":0.167648795992136}
{"op_code":7,"worker_id":"988bc229-147d-4984-ba60-2fb82aca9a8b-134485039202304","trial_id":42,"step":38,"intermediate_value":0.01874292828142643}
{"op_code":7,"worker_id":"2e3a8247-5dbe-4080-a4ba-f8ab09ec2e50-137397948055552","trial_id":40,"step":91,"intermediate_value":0.17443677317351103}
{"op_code":7,"worker_id":"2e3a8247-5dbe-4080-a4ba-f8ab09ec2e50-137397948055552","trial_id":40,"step":92,"intermediate_value":0.15797599963843822}
{"op_code":7,"worker_id":"988bc229-147d-4984-ba60-2fb82aca9a8b-134485039202304","trial_id":42,"step":39,"intermediate_value":0.022086498327553272}
{"op_code":7,"worker_id":"cf9cf729-a546-45d9-bb4d-3718aff6d658-124878650773504","trial_id":47,"step":24,"intermediate_value":0.041536010801792145}
{"op_code":7,"worker_id":"2e3a8247-5dbe-4080-a4ba-f8ab09ec2e50-137397948055552","trial_id":40,"step":93,"intermediate_value":0.16441529523581266}
{"op_code":7,"worker_id":"cf9cf729-a546-45d9-bb4d-3718aff6d658-124878650773504","trial_id":47,"step":25,"intermediate_value":0.04010129068046808}
{"op_code":7,"worker_id":"2e3a8247-5dbe-4080-a4ba-f8ab09ec2e50-137397948055552","trial_id":40,"step":94,"intermediate_value":0.17181516997516155}
{"op_code":7,"worker_id":"38c72711-3d75-48a8-a479-bb713d90eb3c-133136419479552","trial_id":50,"step":155,"intermediate_value":0.21881758701056242}
{"op_code":7,"worker_id":"a2098b9d-5eba-41cd-b048-cc073efc9089-135653394321408","trial_id":55,"step":27,"intermediate_value":0.01575726829469204}
{"op_code":7,"worker_id":"38c72711-3d75-48a8-a479-bb713d90eb3c-133136419479552","trial_id":50,"step":156,"intermediate_value":0.22180015873163939}
{"op_code":7,"worker_id":"38c72711-3d75-48a8-a479-bb713d90eb3c-133136419479552","trial_id":50,"step":157,"intermediate_value":0.2333725793287158}
{"op_code":7,"worker_id":"38c72711-3d75-48a8-a479-bb713d90eb3c-133136419479552","trial_id":50,"step":158,"intermediate_value":0.22120672278106213}
{"op_code":7,"worker_id":"988bc229-147d-4984-ba60-2fb82aca9a8b-134485039202304","trial_id":42,"step":40,"intermediate_value":0.021367600187659264}
{"op_code":7,"worker_id":"38c72711-3d75-48a8-a479-bb713d90eb3c-133136419479552","trial_id":50,"step":159,"intermediate_value":0.23075099103152752}
{"op_code":7,"worker_id":"b0c9ae72-81be-4f8d-bdfe-e40fead80a21-133278269722624","trial_id":43,"step":56,"intermediate_value":0.300063113681972}
{"op_code":7,"worker_id":"871add6e-a47b-4710-b4c8-b7fd23719e8b-134882817724416","trial_id":52,"step":77,"intermediate_value":0.02650687750428915}
{"op_code":7,"worker_id":"38c72711-3d75-48a8-a479-bb713d90eb3c-133136419479552","trial_id":50,"step":160,"intermediate_value":0.2095119310542941}
{"op_code":7,"worker_id":"988bc229-147d-4984-ba60-2fb82aca9a8b-134485039202304","trial_id":42,"step":41,"intermediate_value":0.02268301509320736}
{"op_code":7,"worker_id":"38c72711-3d75-48a8-a479-bb713d90eb3c-133136419479552","trial_id":50,"step":161,"intermediate_value":0.22036852966994047}
{"op_code":7,"worker_id":"38c72711-3d75-48a8-a479-bb713d90eb3c-133136419479552","trial_id":50,"step":162,"intermediate_value":0.22191947232931852}
{"op_code":7,"worker_id":"38c72711-3d75-48a8-a479-bb713d90eb3c-133136419479552","trial_id":50,"step":163,"intermediate_value":0.21977200638502836}
{"op_code":7,"worker_id":"988bc229-147d-4984-ba60-2fb82aca9a8b-134485039202304","trial_id":42,"step":42,"intermediate_value":0.018262636847794056}
{"op_code":7,"worker_id":"871add6e-a47b-4710-b4c8-b7fd23719e8b-134882817724416","trial_id":52,"step":78,"intermediate_value":0.025910360738635063}
{"op_code":7,"worker_id":"b288c2b1-e49e-41d8-afbe-1fb10ef2db45-138861632921600","trial_id":32,"step":64,"intermediate_value":0.017487612552940845}
{"op_code":7,"worker_id":"871add6e-a47b-4710-b4c8-b7fd23719e8b-134882817724416","trial_id":52,"step":79,"intermediate_value":0.025910360738635063}
{"op_code":7,"worker_id":"b288c2b1-e49e-41d8-afbe-1fb10ef2db45-138861632921600","trial_id":32,"step":65,"intermediate_value":0.019733363762497902}
{"op_code":7,"worker_id":"871add6e-a47b-4710-b4c8-b7fd23719e8b-134882817724416","trial_id":52,"step":80,"intermediate_value":0.025910360738635063}
{"op_code":7,"worker_id":"988bc229-147d-4984-ba60-2fb82aca9a8b-134485039202304","trial_id":42,"step":43,"intermediate_value":0.026742405258119106}
{"op_code":7,"worker_id":"871add6e-a47b-4710-b4c8-b7fd23719e8b-134882817724416","trial_id":52,"step":81,"intermediate_value":0.025549372658133507}
{"op_code":7,"worker_id":"b288c2b1-e49e-41d8-afbe-1fb10ef2db45-138861632921600","trial_id":32,"step":66,"intermediate_value":0.0199695467017591}
{"op_code":7,"worker_id":"871add6e-a47b-4710-b4c8-b7fd23719e8b-134882817724416","trial_id":52,"step":82,"intermediate_value":0.030092133209109306}
{"op_code":7,"worker_id":"b288c2b1-e49e-41d8-afbe-1fb10ef2db45-138861632921600","trial_id":32,"step":67,"intermediate_value":0.022215297911316156}
{"op_code":7,"worker_id":"871add6e-a47b-4710-b4c8-b7fd23719e8b-134882817724416","trial_id":52,"step":83,"intermediate_value":0.03726264555007219}
{"op_code":7,"worker_id":"988bc229-147d-4984-ba60-2fb82aca9a8b-134485039202304","trial_id":42,"step":44,"intermediate_value":0.02447256352752447}
{"op_code":7,"worker_id":"871add6e-a47b-4710-b4c8-b7fd23719e8b-134882817724416","trial_id":52,"step":84,"intermediate_value":0.032603658735752106}
{"op_code":7,"worker_id":"871add6e-a47b-4710-b4c8-b7fd23719e8b-134882817724416","trial_id":52,"step":85,"intermediate_value":0.03284226544201374}
{"op_code":7,"worker_id":"871add6e-a47b-4710-b4c8-b7fd23719e8b-134882817724416","trial_id":52,"step":86,"intermediate_value":0.02997282985597849}
{"op_code":7,"worker_id":"988bc229-147d-4984-ba60-2fb82aca9a8b-134485039202304","trial_id":42,"step":45,"intermediate_value":0.02710031531751156}
{"op_code":7,"worker_id":"871add6e-a47b-4710-b4c8-b7fd23719e8b-134882817724416","trial_id":52,"step":87,"intermediate_value":0.024594946764409542}
{"op_code":7,"worker_id":"871add6e-a47b-4710-b4c8-b7fd23719e8b-134882817724416","trial_id":52,"step":88,"intermediate_value":0.02220580168068409}
{"op_code":7,"worker_id":"988bc229-147d-4984-ba60-2fb82aca9a8b-134485039202304","trial_id":42,"step":46,"intermediate_value":0.030921097844839096}
{"op_code":7,"worker_id":"871add6e-a47b-4710-b4c8-b7fd23719e8b-134882817724416","trial_id":52,"step":89,"intermediate_value":0.027461303398013115}
{"op_code":7,"worker_id":"871add6e-a47b-4710-b4c8-b7fd23719e8b-134882817724416","trial_id":52,"step":90,"intermediate_value":0.03558316174894571}
{"op_code":7,"worker_id":"871add6e-a47b-4710-b4c8-b7fd23719e8b-134882817724416","trial_id":52,"step":91,"intermediate_value":0.03450943250209093}
{"op_code":7,"worker_id":"988bc229-147d-4984-ba60-2fb82aca9a8b-134485039202304","trial_id":42,"step":47,"intermediate_value":0.030324582010507584}
{"op_code":7,"worker_id":"cf9cf729-a546-45d9-bb4d-3718aff6d658-124878650773504","trial_id":47,"step":26,"intermediate_value":0.042490435764193535}
{"op_code":7,"worker_id":"44c6a450-b07e-4b06-baaf-2f623988bc71-134028377853952","trial_id":46,"step":93,"intermediate_value":0.017369520850479603}
{"op_code":7,"worker_id":"a2098b9d-5eba-41cd-b048-cc073efc9089-135653394321408","trial_id":55,"step":28,"intermediate_value":0.021251375786960125}
{"op_code":7,"worker_id":"871add6e-a47b-4710-b4c8-b7fd23719e8b-134882817724416","trial_id":52,"step":92,"intermediate_value":0.03857190255075693}
{"op_code":7,"worker_id":"44c6a450-b07e-4b06-baaf-2f623988bc71-134028377853952","trial_id":46,"step":94,"intermediate_value":0.017605704255402088}
{"op_code":7,"worker_id":"871add6e-a47b-4710-b4c8-b7fd23719e8b-134882817724416","trial_id":52,"step":93,"intermediate_value":0.03917149733752012}
{"op_code":7,"worker_id":"44c6a450-b07e-4b06-baaf-2f623988bc71-134028377853952","trial_id":46,"step":95,"intermediate_value":0.015950411092489958}
{"op_code":7,"worker_id":"a2098b9d-5eba-41cd-b048-cc073efc9089-135653394321408","trial_id":55,"step":29,"intermediate_value":0.014680459629744291}
{"op_code":7,"worker_id":"a2098b9d-5eba-41cd-b048-cc073efc9089-135653394321408","trial_id":55,"step":30,"intermediate_value":0.011933405185118318}
{"op_code":7,"worker_id":"2e3a8247-5dbe-4080-a4ba-f8ab09ec2e50-137397948055552","trial_id":40,"step":95,"intermediate_value":0.16715926956385374}
{"op_code":7,"worker_id":"0a30ba4f-654d-4189-98eb-97fb55b217da-138735477166080","trial_id":51,"step":103,"intermediate_value":0.060263543389737606}
{"op_code":7,"worker_id":"a2098b9d-5eba-41cd-b048-cc073efc9089-135653394321408","trial_id":55,"step":31,"intermediate_value":0.008231925778090954}
{"op_code":7,"worker_id":"0a30ba4f-654d-4189-98eb-97fb55b217da-138735477166080","trial_id":51,"step":104,"intermediate_value":0.061217970214784145}
{"op_code":7,"worker_id":"988bc229-147d-4984-ba60-2fb82aca9a8b-134485039202304","trial_id":42,"step":48,"intermediate_value":0.02710031531751156}
{"op_code":7,"worker_id":"b288c2b1-e49e-41d8-afbe-1fb10ef2db45-138861632921600","trial_id":32,"step":68,"intermediate_value":0.0199695467017591}
{"op_code":7,"worker_id":"0a30ba4f-654d-4189-98eb-97fb55b217da-138735477166080","trial_id":51,"step":105,"intermediate_value":0.06264961045235395}
{"op_code":7,"worker_id":"a2098b9d-5eba-41cd-b048-cc073efc9089-135653394321408","trial_id":55,"step":32,"intermediate_value":0.011217585997655988}
{"op_code":7,"worker_id":"0a30ba4f-654d-4189-98eb-97fb55b217da-138735477166080","trial_id":51,"step":106,"intermediate_value":0.06563218962401152}
{"op_code":7,"worker_id":"b288c2b1-e49e-41d8-afbe-1fb10ef2db45-138861632921600","trial_id":32,"step":69,"intermediate_value":0.020087638404220343}
{"op_code":7,"worker_id":"0a30ba4f-654d-4189-98eb-97fb55b217da-138735477166080","trial_id":51,"step":107,"intermediate_value":0.06706382986158133}
{"op_code":7,"worker_id":"988bc229-147d-4984-ba60-2fb82aca9a8b-134485039202304","trial_id":42,"step":49,"intermediate_value":0.029847368597984314}
{"op_code":7,"worker_id":"b288c2b1-e49e-41d8-afbe-1fb10ef2db45-138861632921600","trial_id":32,"step":70,"intermediate_value":0.01795997889712453}
{"op_code":7,"worker_id":"0a30ba4f-654d-4189-98eb-97fb55b217da-138735477166080","trial_id":51,"step":108,"intermediate_value":0.06873407494276762}
{"op_code":7,"worker_id":"a2098b9d-5eba-41cd-b048-cc073efc9089-135653394321408","trial_id":55,"step":33,"intermediate_value":0.0159958740696311}
{"op_code":7,"worker_id":"0a30ba4f-654d-4189-98eb-97fb55b217da-138735477166080","trial_id":51,"step":109,"intermediate_value":0.07123944442719221}
{"op_code":7,"worker_id":"871add6e-a47b-4710-b4c8-b7fd23719e8b-134882817724416","trial_id":52,"step":94,"intermediate_value":0.03917149733752012}
{"op_code":7,"worker_id":"0a30ba4f-654d-4189-98eb-97fb55b217da-138735477166080","trial_id":51,"step":110,"intermediate_value":0.07350620906800032}
{"op_code":7,"worker_id":"871add6e-a47b-4710-b4c8-b7fd23719e8b-134882817724416","trial_id":52,"step":95,"intermediate_value":0.03510902728885412}
{"op_code":7,"worker_id":"988bc229-147d-4984-ba60-2fb82aca9a8b-134485039202304","trial_id":42,"step":50,"intermediate_value":0.026023506186902523}
{"op_code":7,"worker_id":"988bc229-147d-4984-ba60-2fb82aca9a8b-134485039202304","trial_id":42,"step":51,"intermediate_value":0.027097235433757305}
{"op_code":7,"worker_id":"988bc229-147d-4984-ba60-2fb82aca9a8b-134485039202304","trial_id":42,"step":52,"intermediate_value":0.0319917481392622}
{"op_code":7,"worker_id":"0a30ba4f-654d-4189-98eb-97fb55b217da-138735477166080","trial_id":51,"step":111,"intermediate_value":0.07434132974594831}
{"op_code":7,"worker_id":"988bc229-147d-4984-ba60-2fb82aca9a8b-134485039202304","trial_id":42,"step":53,"intermediate_value":0.02685554977506399}
{"op_code":7,"worker_id":"a2098b9d-5eba-41cd-b048-cc073efc9089-135653394321408","trial_id":55,"step":34,"intermediate_value":0.018623624928295612}
{"op_code":7,"worker_id":"871add6e-a47b-4710-b4c8-b7fd23719e8b-134882817724416","trial_id":52,"step":96,"intermediate_value":0.03343570325523615}
{"op_code":7,"worker_id":"b288c2b1-e49e-41d8-afbe-1fb10ef2db45-138861632921600","trial_id":32,"step":71,"intermediate_value":0.01772379595786333}
{"op_code":7,"worker_id":"871add6e-a47b-4710-b4c8-b7fd23719e8b-134882817724416","trial_id":52,"step":97,"intermediate_value":0.03343570325523615}
{"op_code":7,"worker_id":"988bc229-147d-4984-ba60-2fb82aca9a8b-134485039202304","trial_id":42,"step":54,"intermediate_value":0.03318786062300205}
{"op_code":7,"worker_id":"a2098b9d-5eba-41cd-b048-cc073efc9089-135653394321408","trial_id":55,"step":35,"intermediate_value":0.020654859021306038}
{"op_code":7,"worker_id":"b288c2b1-e49e-41d8-afbe-1fb10ef2db45-138861632921600","trial_id":32,"step":72,"intermediate_value":0.020205730106681585}
{"op_code":7,"worker_id":"871add6e-a47b-4710-b4c8-b7fd23719e8b-134882817724416","trial_id":52,"step":98,"intermediate_value":0.03821399249136448}
{"op_code":7,"worker_id":"871add6e-a47b-4710-b4c8-b7fd23719e8b-134882817724416","trial_id":52,"step":99,"intermediate_value":0.0329554108902812}
{"op_code":7,"worker_id":"b288c2b1-e49e-41d8-afbe-1fb10ef2db45-138861632921600","trial_id":32,"step":73,"intermediate_value":0.015832319390028715}
{"op_code":7,"worker_id":"871add6e-a47b-4710-b4c8-b7fd23719e8b-134882817724416","trial_id":52,"step":100,"intermediate_value":0.03271680511534214}
{"op_code":7,"worker_id":"0a30ba4f-654d-4189-98eb-97fb55b217da-138735477166080","trial_id":51,"step":112,"intermediate_value":0.07446062844246626}
{"op_code":7,"worker_id":"b288c2b1-e49e-41d8-afbe-1fb10ef2db45-138861632921600","trial_id":32,"step":74,"intermediate_value":0.01441320963203907}
{"op_code":7,"worker_id":"871add6e-a47b-4710-b4c8-b7fd23719e8b-134882817724416","trial_id":52,"step":101,"intermediate_value":0.030089054256677628}
{"op_code":7,"worker_id":"0a30ba4f-654d-4189-98eb-97fb55b217da-138735477166080","trial_id":51,"step":113,"intermediate_value":0.07648878823965788}
{"op_code":7,"worker_id":"988bc229-147d-4984-ba60-2fb82aca9a8b-134485039202304","trial_id":42,"step":55,"intermediate_value":0.033784376457333565}
{"op_code":7,"worker_id":"871add6e-a47b-4710-b4c8-b7fd23719e8b-134882817724416","trial_id":52,"step":102,"intermediate_value":0.02841880824416876}
{"op_code":7,"worker_id":"b288c2b1-e49e-41d8-afbe-1fb10ef2db45-138861632921600","trial_id":32,"step":75,"intermediate_value":0.012049367185682058}
{"op_code":7,"worker_id":"871add6e-a47b-4710-b4c8-b7fd23719e8b-134882817724416","trial_id":52,"step":103,"intermediate_value":0.028657414950430393}
{"op_code":7,"worker_id":"b288c2b1-e49e-41d8-afbe-1fb10ef2db45-138861632921600","trial_id":32,"step":76,"intermediate_value":0.010984532535076141}
{"op_code":7,"worker_id":"871add6e-a47b-4710-b4c8-b7fd23719e8b-134882817724416","trial_id":52,"step":104,"intermediate_value":0.026148967444896698}
{"op_code":7,"worker_id":"871add6e-a47b-4710-b4c8-b7fd23719e8b-134882817724416","trial_id":52,"step":105,"intermediate_value":0.027103394269943237}
{"op_code":7,"worker_id":"219797d8-fde4-4035-a684-f9b55d950771-124921969557504","trial_id":49,"step":35,"intermediate_value":0.037231856025755405}
{"op_code":7,"worker_id":"15962467-67e7-4409-b4ae-e830dcbffe7e-130407820439552","trial_id":39,"step":134,"intermediate_value":0.04046843759715557}
{"op_code":7,"worker_id":"871add6e-a47b-4710-b4c8-b7fd23719e8b-134882817724416","trial_id":52,"step":106,"intermediate_value":0.024952856823801994}
{"op_code":7,"worker_id":"44c6a450-b07e-4b06-baaf-2f623988bc71-134028377853952","trial_id":46,"step":96,"intermediate_value":0.010396084282547235}
{"op_code":7,"worker_id":"38c72711-3d75-48a8-a479-bb713d90eb3c-133136419479552","trial_id":50,"step":164,"intermediate_value":0.23373357765376568}
{"op_code":7,"worker_id":"a2098b9d-5eba-41cd-b048-cc073efc9089-135653394321408","trial_id":55,"step":36,"intermediate_value":0.01384533615782857}
{"op_code":7,"worker_id":"b0c9ae72-81be-4f8d-bdfe-e40fead80a21-133278269722624","trial_id":43,"step":57,"intermediate_value":0.32678703498095274}
{"op_code":7,"worker_id":"15962467-67e7-4409-b4ae-e830dcbffe7e-130407820439552","trial_id":39,"step":135,"intermediate_value":0.0408263485878706}
{"op_code":7,"worker_id":"871add6e-a47b-4710-b4c8-b7fd23719e8b-134882817724416","trial_id":52,"step":107,"intermediate_value":0.026626180857419968}
{"op_code":7,"worker_id":"44c6a450-b07e-4b06-baaf-2f623988bc71-134028377853952","trial_id":46,"step":97,"intermediate_value":0.016540869139134884}
{"op_code":7,"worker_id":"38c72711-3d75-48a8-a479-bb713d90eb3c-133136419479552","trial_id":50,"step":165,"intermediate_value":0.23969564866274595}
{"op_code":7,"worker_id":"988bc229-147d-4984-ba60-2fb82aca9a8b-134485039202304","trial_id":42,"step":56,"intermediate_value":0.03545770049095154}
{"op_code":7,"worker_id":"0a30ba4f-654d-4189-98eb-97fb55b217da-138735477166080","trial_id":51,"step":114,"intermediate_value":0.07923276256769896}
{"op_code":7,"worker_id":"44c6a450-b07e-4b06-baaf-2f623988bc71-134028377853952","trial_id":46,"step":98,"intermediate_value":0.015596136450767517}
{"op_code":7,"worker_id":"0a30ba4f-654d-4189-98eb-97fb55b217da-138735477166080","trial_id":51,"step":115,"intermediate_value":0.07970997225493193}
{"op_code":7,"worker_id":"988bc229-147d-4984-ba60-2fb82aca9a8b-134485039202304","trial_id":42,"step":57,"intermediate_value":0.03796614892780781}
{"op_code":7,"worker_id":"988bc229-147d-4984-ba60-2fb82aca9a8b-134485039202304","trial_id":42,"step":58,"intermediate_value":0.036292823031544685}
{"op_code":7,"worker_id":"0447dc80-4ad8-4169-a6fe-da2d6c1fe77c-138417116717056","trial_id":38,"step":72,"intermediate_value":0.018552447203546762}
{"op_code":7,"worker_id":"988bc229-147d-4984-ba60-2fb82aca9a8b-134485039202304","trial_id":42,"step":59,"intermediate_value":0.03545770049095154}
{"op_code":7,"worker_id":"0447dc80-4ad8-4169-a6fe-da2d6c1fe77c-138417116717056","trial_id":38,"step":73,"intermediate_value":0.014297128189355135}
{"op_code":7,"worker_id":"2e3a8247-5dbe-4080-a4ba-f8ab09ec2e50-137397948055552","trial_id":40,"step":96,"intermediate_value":0.19556267745792866}
{"op_code":7,"worker_id":"0a30ba4f-654d-4189-98eb-97fb55b217da-138735477166080","trial_id":51,"step":116,"intermediate_value":0.07982927840203047}
{"op_code":7,"worker_id":"2e3a8247-5dbe-4080-a4ba-f8ab09ec2e50-137397948055552","trial_id":40,"step":97,"intermediate_value":0.18267176859080791}
{"op_code":7,"worker_id":"0a30ba4f-654d-4189-98eb-97fb55b217da-138735477166080","trial_id":51,"step":117,"intermediate_value":0.08126091491430998}
{"op_code":7,"worker_id":"0a30ba4f-654d-4189-98eb-97fb55b217da-138735477166080","trial_id":51,"step":118,"intermediate_value":0.08233464788645506}
{"op_code":7,"worker_id":"2e3a8247-5dbe-4080-a4ba-f8ab09ec2e50-137397948055552","trial_id":40,"step":98,"intermediate_value":0.19567890465259552}
{"op_code":7,"worker_id":"2e3a8247-5dbe-4080-a4ba-f8ab09ec2e50-137397948055552","trial_id":40,"step":99,"intermediate_value":0.1852933717891574}
{"op_code":7,"worker_id":"a2098b9d-5eba-41cd-b048-cc073efc9089-135653394321408","trial_id":55,"step":37,"intermediate_value":0.012172011891379952}
{"op_code":7,"worker_id":"44c6a450-b07e-4b06-baaf-2f623988bc71-134028377853952","trial_id":46,"step":99,"intermediate_value":0.008268424775451422}
{"op_code":7,"worker_id":"38c72711-3d75-48a8-a479-bb713d90eb3c-133136419479552","trial_id":50,"step":166,"intermediate_value":0.2350428206846118}
{"op_code":7,"worker_id":"15962467-67e7-4409-b4ae-e830dcbffe7e-130407820439552","trial_id":39,"step":136,"intermediate_value":0.03999122604727745}
{"op_code":7,"worker_id":"38c72711-3d75-48a8-a479-bb713d90eb3c-133136419479552","trial_id":50,"step":167,"intermediate_value":0.24470638763159513}
{"op_code":7,"worker_id":"44c6a450-b07e-4b06-baaf-2f623988bc71-134028377853952","trial_id":46,"step":100,"intermediate_value":0.017133337445557117}
{"op_code":7,"worker_id":"15962467-67e7-4409-b4ae-e830dcbffe7e-130407820439552","trial_id":39,"step":137,"intermediate_value":0.042138684540987015}
{"op_code":7,"worker_id":"44c6a450-b07e-4b06-baaf-2f623988bc71-134028377853952","trial_id":46,"step":101,"intermediate_value":0.013586568180471659}
{"op_code":7,"worker_id":"15962467-67e7-4409-b4ae-e830dcbffe7e-130407820439552","trial_id":39,"step":138,"intermediate_value":0.04297380708158016}
{"op_code":7,"worker_id":"44c6a450-b07e-4b06-baaf-2f623988bc71-134028377853952","trial_id":46,"step":102,"intermediate_value":0.01772379595786333}
{"op_code":7,"worker_id":"44c6a450-b07e-4b06-baaf-2f623988bc71-134028377853952","trial_id":46,"step":103,"intermediate_value":0.0160685027949512}
{"op_code":7,"worker_id":"44c6a450-b07e-4b06-baaf-2f623988bc71-134028377853952","trial_id":46,"step":104,"intermediate_value":0.011813183780759573}
{"op_code":7,"worker_id":"44c6a450-b07e-4b06-baaf-2f623988bc71-134028377853952","trial_id":46,"step":105,"intermediate_value":0.017369520850479603}
{"op_code":7,"worker_id":"44c6a450-b07e-4b06-baaf-2f623988bc71-134028377853952","trial_id":46,"step":106,"intermediate_value":0.015478044748306274}
{"op_code":7,"worker_id":"44c6a450-b07e-4b06-baaf-2f623988bc71-134028377853952","trial_id":46,"step":107,"intermediate_value":0.020205730106681585}
{"op_code":7,"worker_id":"871add6e-a47b-4710-b4c8-b7fd23719e8b-134882817724416","trial_id":52,"step":108,"intermediate_value":0.024356340058147907}
{"op_code":7,"worker_id":"988bc229-147d-4984-ba60-2fb82aca9a8b-134485039202304","trial_id":42,"step":60,"intermediate_value":0.03462257795035839}
{"op_code":7,"worker_id":"0a30ba4f-654d-4189-98eb-97fb55b217da-138735477166080","trial_id":51,"step":119,"intermediate_value":0.0841241953894496}
{"op_code":7,"worker_id":"44c6a450-b07e-4b06-baaf-2f623988bc71-134028377853952","trial_id":46,"step":108,"intermediate_value":0.010394074022769928}
{"op_code":7,"worker_id":"871add6e-a47b-4710-b4c8-b7fd23719e8b-134882817724416","trial_id":52,"step":109,"intermediate_value":0.025191462598741055}
{"op_code":7,"worker_id":"871add6e-a47b-4710-b4c8-b7fd23719e8b-134882817724416","trial_id":52,"step":110,"intermediate_value":0.024594946764409542}
{"op_code":7,"worker_id":"871add6e-a47b-4710-b4c8-b7fd23719e8b-134882817724416","trial_id":52,"step":111,"intermediate_value":0.025191462598741055}
{"op_code":7,"worker_id":"871add6e-a47b-4710-b4c8-b7fd23719e8b-134882817724416","trial_id":52,"step":112,"intermediate_value":0.02339883428066969}
{"op_code":7,"worker_id":"871add6e-a47b-4710-b4c8-b7fd23719e8b-134882817724416","trial_id":52,"step":113,"intermediate_value":0.024233956821262836}
{"op_code":7,"worker_id":"871add6e-a47b-4710-b4c8-b7fd23719e8b-134882817724416","trial_id":52,"step":114,"intermediate_value":0.026384495198726654}
{"op_code":7,"worker_id":"871add6e-a47b-4710-b4c8-b7fd23719e8b-134882817724416","trial_id":52,"step":115,"intermediate_value":0.025310765951871872}
{"op_code":7,"worker_id":"871add6e-a47b-4710-b4c8-b7fd23719e8b-134882817724416","trial_id":52,"step":116,"intermediate_value":0.025310765951871872}
{"op_code":7,"worker_id":"871add6e-a47b-4710-b4c8-b7fd23719e8b-134882817724416","trial_id":52,"step":117,"intermediate_value":0.027819213457405567}
{"op_code":7,"worker_id":"871add6e-a47b-4710-b4c8-b7fd23719e8b-134882817724416","trial_id":52,"step":118,"intermediate_value":0.028654335997998714}
{"op_code":7,"worker_id":"871add6e-a47b-4710-b4c8-b7fd23719e8b-134882817724416","trial_id":52,"step":119,"intermediate_value":0.028057820163667202}
{"op_code":7,"worker_id":"871add6e-a47b-4710-b4c8-b7fd23719e8b-134882817724416","trial_id":52,"step":120,"intermediate_value":0.027938516810536385}
{"op_code":7,"worker_id":"871add6e-a47b-4710-b4c8-b7fd23719e8b-134882817724416","trial_id":52,"step":121,"intermediate_value":0.02292162086814642}
{"op_code":7,"worker_id":"871add6e-a47b-4710-b4c8-b7fd23719e8b-134882817724416","trial_id":52,"step":122,"intermediate_value":0.02662310190498829}
{"op_code":7,"worker_id":"871add6e-a47b-4710-b4c8-b7fd23719e8b-134882817724416","trial_id":52,"step":123,"intermediate_value":0.03008597530424595}
{"op_code":7,"worker_id":"8a43f17c-07c0-4588-9f45-3ae858c4f551-126199918092288","trial_id":48,"step":30,"intermediate_value":0.01914290525019169}
{"op_code":7,"worker_id":"871add6e-a47b-4710-b4c8-b7fd23719e8b-134882817724416","trial_id":52,"step":124,"intermediate_value":0.02781613450497389}
{"op_code":7,"worker_id":"44c6a450-b07e-4b06-baaf-2f623988bc71-134028377853952","trial_id":46,"step":109,"intermediate_value":0.012521733529865742}
{"op_code":7,"worker_id":"871add6e-a47b-4710-b4c8-b7fd23719e8b-134882817724416","trial_id":52,"step":125,"intermediate_value":0.03474496025592089}
{"op_code":7,"worker_id":"44c6a450-b07e-4b06-baaf-2f623988bc71-134028377853952","trial_id":46,"step":110,"intermediate_value":0.012994100339710712}
{"op_code":7,"worker_id":"871add6e-a47b-4710-b4c8-b7fd23719e8b-134882817724416","trial_id":52,"step":126,"intermediate_value":0.03653758764266968}
{"op_code":7,"worker_id":"44c6a450-b07e-4b06-baaf-2f623988bc71-134028377853952","trial_id":46,"step":111,"intermediate_value":0.019733363762497902}
{"op_code":7,"worker_id":"871add6e-a47b-4710-b4c8-b7fd23719e8b-134882817724416","trial_id":52,"step":127,"intermediate_value":0.03797230590134859}
{"op_code":7,"worker_id":"44c6a450-b07e-4b06-baaf-2f623988bc71-134028377853952","trial_id":46,"step":112,"intermediate_value":0.015714227687567472}
{"op_code":7,"worker_id":"871add6e-a47b-4710-b4c8-b7fd23719e8b-134882817724416","trial_id":52,"step":128,"intermediate_value":0.03558316174894571}
{"op_code":7,"worker_id":"44c6a450-b07e-4b06-baaf-2f623988bc71-134028377853952","trial_id":46,"step":113,"intermediate_value":0.016540869139134884}
{"op_code":7,"worker_id":"871add6e-a47b-4710-b4c8-b7fd23719e8b-134882817724416","trial_id":52,"step":129,"intermediate_value":0.029847368597984314}
{"op_code":7,"worker_id":"44c6a450-b07e-4b06-baaf-2f623988bc71-134028377853952","trial_id":46,"step":114,"intermediate_value":0.012285550124943256}
{"op_code":7,"worker_id":"871add6e-a47b-4710-b4c8-b7fd23719e8b-134882817724416","trial_id":52,"step":130,"intermediate_value":0.030205278657376766}
{"op_code":7,"worker_id":"44c6a450-b07e-4b06-baaf-2f623988bc71-134028377853952","trial_id":46,"step":115,"intermediate_value":0.017487612552940845}
{"op_code":7,"worker_id":"871add6e-a47b-4710-b4c8-b7fd23719e8b-134882817724416","trial_id":52,"step":131,"intermediate_value":0.03271372616291046}
{"op_code":7,"worker_id":"871add6e-a47b-4710-b4c8-b7fd23719e8b-134882817724416","trial_id":52,"step":132,"intermediate_value":0.03056318871676922}
{"op_code":7,"worker_id":"871add6e-a47b-4710-b4c8-b7fd23719e8b-134882817724416","trial_id":52,"step":133,"intermediate_value":0.03379053436219692}
{"op_code":7,"worker_id":"871add6e-a47b-4710-b4c8-b7fd23719e8b-134882817724416","trial_id":52,"step":134,"intermediate_value":0.03187860269099474}
{"op_code":7,"worker_id":"871add6e-a47b-4710-b4c8-b7fd23719e8b-134882817724416","trial_id":52,"step":135,"intermediate_value":0.032117209397256374}
{"op_code":7,"worker_id":"871add6e-a47b-4710-b4c8-b7fd23719e8b-134882817724416","trial_id":52,"step":136,"intermediate_value":0.03127900883555412}
{"op_code":7,"worker_id":"871add6e-a47b-4710-b4c8-b7fd23719e8b-134882817724416","trial_id":52,"step":137,"intermediate_value":0.028889864683151245}
{"op_code":7,"worker_id":"871add6e-a47b-4710-b4c8-b7fd23719e8b-134882817724416","trial_id":52,"step":138,"intermediate_value":0.02685862872749567}
{"op_code":7,"worker_id":"871add6e-a47b-4710-b4c8-b7fd23719e8b-134882817724416","trial_id":52,"step":139,"intermediate_value":0.029247773811221123}
{"op_code":7,"worker_id":"871add6e-a47b-4710-b4c8-b7fd23719e8b-134882817724416","trial_id":52,"step":140,"intermediate_value":0.029605682939291}
{"op_code":7,"worker_id":"871add6e-a47b-4710-b4c8-b7fd23719e8b-134882817724416","trial_id":52,"step":141,"intermediate_value":0.0287674805149436}
{"op_code":7,"worker_id":"b288c2b1-e49e-41d8-afbe-1fb10ef2db45-138861632921600","trial_id":32,"step":77,"intermediate_value":0.014531301334500313}
{"op_code":7,"worker_id":"44c6a450-b07e-4b06-baaf-2f623988bc71-134028377853952","trial_id":46,"step":116,"intermediate_value":0.015714227687567472}
{"op_code":7,"worker_id":"871add6e-a47b-4710-b4c8-b7fd23719e8b-134882817724416","trial_id":52,"step":142,"intermediate_value":0.030321503058075905}
{"op_code":7,"worker_id":"44c6a450-b07e-4b06-baaf-2f623988bc71-134028377853952","trial_id":46,"step":117,"intermediate_value":0.012285550124943256}
{"op_code":7,"worker_id":"871add6e-a47b-4710-b4c8-b7fd23719e8b-134882817724416","trial_id":52,"step":143,"intermediate_value":0.03247204050421715}
{"op_code":7,"worker_id":"871add6e-a47b-4710-b4c8-b7fd23719e8b-134882817724416","trial_id":52,"step":144,"intermediate_value":0.03199482709169388}
{"op_code":7,"worker_id":"871add6e-a47b-4710-b4c8-b7fd23719e8b-134882817724416","trial_id":52,"step":145,"intermediate_value":0.029009167104959488}
{"op_code":7,"worker_id":"871add6e-a47b-4710-b4c8-b7fd23719e8b-134882817724416","trial_id":52,"step":146,"intermediate_value":0.028889864683151245}
{"op_code":7,"worker_id":"871add6e-a47b-4710-b4c8-b7fd23719e8b-134882817724416","trial_id":52,"step":147,"intermediate_value":0.028889864683151245}
{"op_code":7,"worker_id":"871add6e-a47b-4710-b4c8-b7fd23719e8b-134882817724416","trial_id":52,"step":148,"intermediate_value":0.030321503058075905}
{"op_code":7,"worker_id":"871add6e-a47b-4710-b4c8-b7fd23719e8b-134882817724416","trial_id":52,"step":149,"intermediate_value":0.03067941404879093}
{"op_code":7,"worker_id":"871add6e-a47b-4710-b4c8-b7fd23719e8b-134882817724416","trial_id":52,"step":150,"intermediate_value":0.0287674805149436}
{"op_code":7,"worker_id":"871add6e-a47b-4710-b4c8-b7fd23719e8b-134882817724416","trial_id":52,"step":151,"intermediate_value":0.02972190733999014}
{"op_code":7,"worker_id":"871add6e-a47b-4710-b4c8-b7fd23719e8b-134882817724416","trial_id":52,"step":152,"intermediate_value":0.030557029880583286}
{"op_code":7,"worker_id":"b288c2b1-e49e-41d8-afbe-1fb10ef2db45-138861632921600","trial_id":32,"step":78,"intermediate_value":0.012285550124943256}
{"op_code":7,"worker_id":"871add6e-a47b-4710-b4c8-b7fd23719e8b-134882817724416","trial_id":52,"step":153,"intermediate_value":0.0311535457149148}
{"op_code":7,"worker_id":"44c6a450-b07e-4b06-baaf-2f623988bc71-134028377853952","trial_id":46,"step":118,"intermediate_value":0.016304686199873686}
{"op_code":7,"worker_id":"b288c2b1-e49e-41d8-afbe-1fb10ef2db45-138861632921600","trial_id":32,"step":79,"intermediate_value":0.009567432571202517}
{"op_code":7,"worker_id":"2e3a8247-5dbe-4080-a4ba-f8ab09ec2e50-137397948055552","trial_id":40,"step":100,"intermediate_value":0.19317045621573925}
{"op_code":7,"worker_id":"871add6e-a47b-4710-b4c8-b7fd23719e8b-134882817724416","trial_id":52,"step":154,"intermediate_value":0.03067633416503668}
{"op_code":7,"worker_id":"44c6a450-b07e-4b06-baaf-2f623988bc71-134028377853952","trial_id":46,"step":119,"intermediate_value":0.012757916934788227}
{"op_code":7,"worker_id":"b288c2b1-e49e-41d8-afbe-1fb10ef2db45-138861632921600","trial_id":32,"step":80,"intermediate_value":0.012994100339710712}
{"op_code":7,"worker_id":"871add6e-a47b-4710-b4c8-b7fd23719e8b-134882817724416","trial_id":52,"step":155,"intermediate_value":0.031034243293106556}
{"op_code":7,"worker_id":"2e3a8247-5dbe-4080-a4ba-f8ab09ec2e50-137397948055552","trial_id":40,"step":101,"intermediate_value":0.20569422375410795}
{"op_code":7,"worker_id":"44c6a450-b07e-4b06-baaf-2f623988bc71-134028377853952","trial_id":46,"step":120,"intermediate_value":0.01807807059958577}
{"op_code":7,"worker_id":"871add6e-a47b-4710-b4c8-b7fd23719e8b-134882817724416","trial_id":52,"step":156,"intermediate_value":0.031034243293106556}
{"op_code":7,"worker_id":"b288c2b1-e49e-41d8-afbe-1fb10ef2db45-138861632921600","trial_id":32,"step":81,"intermediate_value":0.013112192042171955}
{"op_code":7,"worker_id":"2e3a8247-5dbe-4080-a4ba-f8ab09ec2e50-137397948055552","trial_id":40,"step":102,"intermediate_value":0.20188883319497108}
{"op_code":7,"worker_id":"44c6a450-b07e-4b06-baaf-2f623988bc71-134028377853952","trial_id":46,"step":121,"intermediate_value":0.00578649016097188}
{"op_code":7,"worker_id":"871add6e-a47b-4710-b4c8-b7fd23719e8b-134882817724416","trial_id":52,"step":157,"intermediate_value":0.03211105242371559}
{"op_code":7,"worker_id":"b288c2b1-e49e-41d8-afbe-1fb10ef2db45-138861632921600","trial_id":32,"step":82,"intermediate_value":0.012639825232326984}
{"op_code":7,"worker_id":"871add6e-a47b-4710-b4c8-b7fd23719e8b-134882817724416","trial_id":52,"step":158,"intermediate_value":0.03414228558540344}
{"op_code":7,"worker_id":"44c6a450-b07e-4b06-baaf-2f623988bc71-134028377853952","trial_id":46,"step":122,"intermediate_value":0.017133337445557117}
{"op_code":7,"worker_id":"871add6e-a47b-4710-b4c8-b7fd23719e8b-134882817724416","trial_id":52,"step":159,"intermediate_value":0.03438089229166508}
{"op_code":7,"worker_id":"b288c2b1-e49e-41d8-afbe-1fb10ef2db45-138861632921600","trial_id":32,"step":83,"intermediate_value":0.015357943251729012}
{"op_code":7,"worker_id":"44c6a450-b07e-4b06-baaf-2f623988bc71-134028377853952","trial_id":46,"step":123,"intermediate_value":0.017133337445557117}
{"op_code":7,"worker_id":"871add6e-a47b-4710-b4c8-b7fd23719e8b-134882817724416","trial_id":52,"step":160,"intermediate_value":0.033304084092378616}
{"op_code":7,"worker_id":"44c6a450-b07e-4b06-baaf-2f623988bc71-134028377853952","trial_id":46,"step":124,"intermediate_value":0.01453331159427762}
{"op_code":7,"worker_id":"b288c2b1-e49e-41d8-afbe-1fb10ef2db45-138861632921600","trial_id":32,"step":84,"intermediate_value":0.012639825232326984}
{"op_code":7,"worker_id":"44c6a450-b07e-4b06-baaf-2f623988bc71-134028377853952","trial_id":46,"step":125,"intermediate_value":0.01725142914801836}
{"op_code":7,"worker_id":"2e3a8247-5dbe-4080-a4ba-f8ab09ec2e50-137397948055552","trial_id":40,"step":103,"intermediate_value":0.20617452077567577}
{"op_code":7,"worker_id":"b288c2b1-e49e-41d8-afbe-1fb10ef2db45-138861632921600","trial_id":32,"step":85,"intermediate_value":0.01393883302807808}
{"op_code":7,"worker_id":"b288c2b1-e49e-41d8-afbe-1fb10ef2db45-138861632921600","trial_id":32,"step":86,"intermediate_value":0.015476034954190254}
{"op_code":7,"worker_id":"cf9cf729-a546-45d9-bb4d-3718aff6d658-124878650773504","trial_id":47,"step":27,"intermediate_value":0.043444862589240074}
{"op_code":7,"worker_id":"8a43f17c-07c0-4588-9f45-3ae858c4f551-126199918092288","trial_id":48,"step":31,"intermediate_value":0.016306695993989706}
{"op_code":7,"worker_id":"b288c2b1-e49e-41d8-afbe-1fb10ef2db45-138861632921600","trial_id":32,"step":87,"intermediate_value":0.010275982320308685}
{"op_code":7,"worker_id":"8a43f17c-07c0-4588-9f45-3ae858c4f551-126199918092288","trial_id":48,"step":32,"intermediate_value":0.016779062803834677}
{"op_code":7,"worker_id":"b288c2b1-e49e-41d8-afbe-1fb10ef2db45-138861632921600","trial_id":32,"step":88,"intermediate_value":0.011102624237537384}
{"op_code":7,"worker_id":"44c6a450-b07e-4b06-baaf-2f623988bc71-134028377853952","trial_id":46,"step":126,"intermediate_value":0.017133337445557117}
{"op_code":7,"worker_id":"8a43f17c-07c0-4588-9f45-3ae858c4f551-126199918092288","trial_id":48,"step":33,"intermediate_value":0.017015245743095875}
{"op_code":7,"worker_id":"b288c2b1-e49e-41d8-afbe-1fb10ef2db45-138861632921600","trial_id":32,"step":89,"intermediate_value":0.01630267594009638}
{"op_code":7,"worker_id":"44c6a450-b07e-4b06-baaf-2f623988bc71-134028377853952","trial_id":46,"step":127,"intermediate_value":0.015478044748306274}
{"op_code":7,"worker_id":"cf9cf729-a546-45d9-bb4d-3718aff6d658-124878650773504","trial_id":47,"step":28,"intermediate_value":0.038189359940588474}
{"op_code":7,"worker_id":"8a43f17c-07c0-4588-9f45-3ae858c4f551-126199918092288","trial_id":48,"step":34,"intermediate_value":0.017133337445557117}
{"op_code":7,"worker_id":"b288c2b1-e49e-41d8-afbe-1fb10ef2db45-138861632921600","trial_id":32,"step":90,"intermediate_value":0.01204735692590475}
{"op_code":7,"worker_id":"8a43f17c-07c0-4588-9f45-3ae858c4f551-126199918092288","trial_id":48,"step":35,"intermediate_value":0.017015245743095875}
{"op_code":7,"worker_id":"871add6e-a47b-4710-b4c8-b7fd23719e8b-134882817724416","trial_id":52,"step":161,"intermediate_value":0.031392152421176434}
{"op_code":7,"worker_id":"b288c2b1-e49e-41d8-afbe-1fb10ef2db45-138861632921600","trial_id":32,"step":91,"intermediate_value":0.01677504274994135}
{"op_code":7,"worker_id":"871add6e-a47b-4710-b4c8-b7fd23719e8b-134882817724416","trial_id":52,"step":162,"intermediate_value":0.033184781670570374}
{"op_code":7,"worker_id":"8a43f17c-07c0-4588-9f45-3ae858c4f551-126199918092288","trial_id":48,"step":36,"intermediate_value":0.015123769640922546}
{"op_code":7,"worker_id":"cf9cf729-a546-45d9-bb4d-3718aff6d658-124878650773504","trial_id":47,"step":29,"intermediate_value":0.03950169589370489}
{"op_code":7,"worker_id":"8a43f17c-07c0-4588-9f45-3ae858c4f551-126199918092288","trial_id":48,"step":37,"intermediate_value":0.012996110133826733}
{"op_code":7,"worker_id":"b288c2b1-e49e-41d8-afbe-1fb10ef2db45-138861632921600","trial_id":32,"step":92,"intermediate_value":0.018548427149653435}
{"op_code":7,"worker_id":"8a43f17c-07c0-4588-9f45-3ae858c4f551-126199918092288","trial_id":48,"step":38,"intermediate_value":0.011222725734114647}
{"op_code":7,"worker_id":"b288c2b1-e49e-41d8-afbe-1fb10ef2db45-138861632921600","trial_id":32,"step":93,"intermediate_value":0.015830309130251408}
{"op_code":7,"worker_id":"8a43f17c-07c0-4588-9f45-3ae858c4f551-126199918092288","trial_id":48,"step":39,"intermediate_value":0.01335038524121046}
{"op_code":7,"worker_id":"cf9cf729-a546-45d9-bb4d-3718aff6d658-124878650773504","trial_id":47,"step":30,"intermediate_value":0.03997891116887331}
{"op_code":7,"worker_id":"a2098b9d-5eba-41cd-b048-cc073efc9089-135653394321408","trial_id":55,"step":38,"intermediate_value":0.014441852923482656}
{"op_code":7,"worker_id":"8a43f17c-07c0-4588-9f45-3ae858c4f551-126199918092288","trial_id":48,"step":40,"intermediate_value":0.013940843287855387}
{"op_code":7,"worker_id":"cf9cf729-a546-45d9-bb4d-3718aff6d658-124878650773504","trial_id":47,"step":31,"intermediate_value":0.03962100017815828}
{"op_code":7,"worker_id":"8a43f17c-07c0-4588-9f45-3ae858c4f551-126199918092288","trial_id":48,"step":41,"intermediate_value":0.013822751585394144}
{"op_code":7,"worker_id":"a2098b9d-5eba-41cd-b048-cc073efc9089-135653394321408","trial_id":55,"step":39,"intermediate_value":0.023640520870685577}
{"op_code":7,"worker_id":"8a43f17c-07c0-4588-9f45-3ae858c4f551-126199918092288","trial_id":48,"step":42,"intermediate_value":0.01169509207829833}
{"op_code":7,"worker_id":"8a43f17c-07c0-4588-9f45-3ae858c4f551-126199918092288","trial_id":48,"step":43,"intermediate_value":0.017369520850479603}
{"op_code":7,"worker_id":"cf9cf729-a546-45d9-bb4d-3718aff6d658-124878650773504","trial_id":47,"step":32,"intermediate_value":0.03400450781919062}
{"op_code":7,"worker_id":"a2098b9d-5eba-41cd-b048-cc073efc9089-135653394321408","trial_id":55,"step":40,"intermediate_value":0.026864787563681602}
{"op_code":7,"worker_id":"8a43f17c-07c0-4588-9f45-3ae858c4f551-126199918092288","trial_id":48,"step":44,"intermediate_value":0.017487612552940845}
{"op_code":7,"worker_id":"8a43f17c-07c0-4588-9f45-3ae858c4f551-126199918092288","trial_id":48,"step":45,"intermediate_value":0.01453331159427762}
{"op_code":7,"worker_id":"8a43f17c-07c0-4588-9f45-3ae858c4f551-126199918092288","trial_id":48,"step":46,"intermediate_value":0.01453331159427762}
{"op_code":7,"worker_id":"cf9cf729-a546-45d9-bb4d-3718aff6d658-124878650773504","trial_id":47,"step":33,"intermediate_value":0.03448172123171389}
{"op_code":7,"worker_id":"a2098b9d-5eba-41cd-b048-cc073efc9089-135653394321408","trial_id":55,"step":41,"intermediate_value":0.025668676011264324}
{"op_code":7,"worker_id":"8a43f17c-07c0-4588-9f45-3ae858c4f551-126199918092288","trial_id":48,"step":47,"intermediate_value":0.014297128189355135}
{"op_code":7,"worker_id":"8a43f17c-07c0-4588-9f45-3ae858c4f551-126199918092288","trial_id":48,"step":48,"intermediate_value":0.010750358924269676}
{"op_code":7,"worker_id":"a2098b9d-5eba-41cd-b048-cc073efc9089-135653394321408","trial_id":55,"step":42,"intermediate_value":0.024711170233786106}
{"op_code":7,"worker_id":"cf9cf729-a546-45d9-bb4d-3718aff6d658-124878650773504","trial_id":47,"step":34,"intermediate_value":0.03830558340996504}
{"op_code":7,"worker_id":"8a43f17c-07c0-4588-9f45-3ae858c4f551-126199918092288","trial_id":48,"step":49,"intermediate_value":0.017487612552940845}
{"op_code":7,"worker_id":"8a43f17c-07c0-4588-9f45-3ae858c4f551-126199918092288","trial_id":48,"step":50,"intermediate_value":0.01406094478443265}
{"op_code":7,"worker_id":"a2098b9d-5eba-41cd-b048-cc073efc9089-135653394321408","trial_id":55,"step":43,"intermediate_value":0.024830473586916924}
{"op_code":7,"worker_id":"8a43f17c-07c0-4588-9f45-3ae858c4f551-126199918092288","trial_id":48,"step":51,"intermediate_value":0.015359953045845032}
{"op_code":7,"worker_id":"cf9cf729-a546-45d9-bb4d-3718aff6d658-124878650773504","trial_id":47,"step":35,"intermediate_value":0.03734808089211583}
{"op_code":7,"worker_id":"8a43f17c-07c0-4588-9f45-3ae858c4f551-126199918092288","trial_id":48,"step":52,"intermediate_value":0.012167458422482014}
{"op_code":7,"worker_id":"a2098b9d-5eba-41cd-b048-cc073efc9089-135653394321408","trial_id":55,"step":44,"intermediate_value":0.021006612107157707}
{"op_code":7,"worker_id":"cf9cf729-a546-45d9-bb4d-3718aff6d658-124878650773504","trial_id":47,"step":36,"intermediate_value":0.038663494400680065}
{"op_code":7,"worker_id":"8a43f17c-07c0-4588-9f45-3ae858c4f551-126199918092288","trial_id":48,"step":53,"intermediate_value":0.01157499011605978}
{"op_code":7,"worker_id":"8a43f17c-07c0-4588-9f45-3ae858c4f551-126199918092288","trial_id":48,"step":54,"intermediate_value":0.01973135396838188}
{"op_code":7,"worker_id":"a2098b9d-5eba-41cd-b048-cc073efc9089-135653394321408","trial_id":55,"step":45,"intermediate_value":0.021006612107157707}
{"op_code":7,"worker_id":"8a43f17c-07c0-4588-9f45-3ae858c4f551-126199918092288","trial_id":48,"step":55,"intermediate_value":0.014531301334500313}
{"op_code":7,"worker_id":"cf9cf729-a546-45d9-bb4d-3718aff6d658-124878650773504","trial_id":47,"step":37,"intermediate_value":0.04141054768115282}
{"op_code":7,"worker_id":"8a43f17c-07c0-4588-9f45-3ae858c4f551-126199918092288","trial_id":48,"step":56,"intermediate_value":0.01051216572523117}
{"op_code":7,"worker_id":"a2098b9d-5eba-41cd-b048-cc073efc9089-135653394321408","trial_id":55,"step":46,"intermediate_value":0.025784899480640888}
{"op_code":7,"worker_id":"8a43f17c-07c0-4588-9f45-3ae858c4f551-126199918092288","trial_id":48,"step":57,"intermediate_value":0.01405893499031663}
{"op_code":7,"worker_id":"988bc229-147d-4984-ba60-2fb82aca9a8b-134485039202304","trial_id":42,"step":61,"intermediate_value":0.032829951494932175}
{"op_code":7,"worker_id":"988bc229-147d-4984-ba60-2fb82aca9a8b-134485039202304","trial_id":42,"step":62,"intermediate_value":0.03593183495104313}
{"op_code":7,"worker_id":"988bc229-147d-4984-ba60-2fb82aca9a8b-134485039202304","trial_id":42,"step":63,"intermediate_value":0.044295378029346466}
{"op_code":7,"worker_id":"cf9cf729-a546-45d9-bb4d-3718aff6d658-124878650773504","trial_id":47,"step":38,"intermediate_value":0.04033681843429804}
{"op_code":7,"worker_id":"a2098b9d-5eba-41cd-b048-cc073efc9089-135653394321408","trial_id":55,"step":47,"intermediate_value":0.01981050008907914}
{"op_code":7,"worker_id":"988bc229-147d-4984-ba60-2fb82aca9a8b-134485039202304","trial_id":42,"step":64,"intermediate_value":0.0445339847356081}
{"op_code":7,"worker_id":"a2098b9d-5eba-41cd-b048-cc073efc9089-135653394321408","trial_id":55,"step":48,"intermediate_value":0.020884229335933924}
{"op_code":7,"worker_id":"cf9cf729-a546-45d9-bb4d-3718aff6d658-124878650773504","trial_id":47,"step":39,"intermediate_value":0.04081403184682131}
{"op_code":7,"worker_id":"988bc229-147d-4984-ba60-2fb82aca9a8b-134485039202304","trial_id":42,"step":65,"intermediate_value":0.039278484880924225}
{"op_code":7,"worker_id":"a2098b9d-5eba-41cd-b048-cc073efc9089-135653394321408","trial_id":55,"step":49,"intermediate_value":0.02339267637580633}
{"op_code":7,"worker_id":"8a43f17c-07c0-4588-9f45-3ae858c4f551-126199918092288","trial_id":48,"step":58,"intermediate_value":0.011220715939998627}
{"op_code":7,"worker_id":"988bc229-147d-4984-ba60-2fb82aca9a8b-134485039202304","trial_id":42,"step":66,"intermediate_value":0.03653142973780632}
{"op_code":7,"worker_id":"8a43f17c-07c0-4588-9f45-3ae858c4f551-126199918092288","trial_id":48,"step":59,"intermediate_value":0.008030231110751629}
{"op_code":7,"worker_id":"a2098b9d-5eba-41cd-b048-cc073efc9089-135653394321408","trial_id":55,"step":50,"intermediate_value":0.023631283082067966}
{"op_code":7,"worker_id":"8a43f17c-07c0-4588-9f45-3ae858c4f551-126199918092288","trial_id":48,"step":60,"intermediate_value":0.011102624237537384}
{"op_code":7,"worker_id":"988bc229-147d-4984-ba60-2fb82aca9a8b-134485039202304","trial_id":42,"step":67,"intermediate_value":0.03593491390347481}
{"op_code":7,"worker_id":"8a43f17c-07c0-4588-9f45-3ae858c4f551-126199918092288","trial_id":48,"step":61,"intermediate_value":0.01204735692590475}
{"op_code":7,"worker_id":"b288c2b1-e49e-41d8-afbe-1fb10ef2db45-138861632921600","trial_id":32,"step":94,"intermediate_value":0.018076060339808464}
{"op_code":7,"worker_id":"2e3a8247-5dbe-4080-a4ba-f8ab09ec2e50-137397948055552","trial_id":40,"step":104,"intermediate_value":0.19412180315703154}
{"op_code":7,"worker_id":"a2098b9d-5eba-41cd-b048-cc073efc9089-135653394321408","trial_id":55,"step":51,"intermediate_value":0.022912385407835245}
{"op_code":7,"worker_id":"8a43f17c-07c0-4588-9f45-3ae858c4f551-126199918092288","trial_id":48,"step":62,"intermediate_value":0.009801605716347694}
{"op_code":7,"worker_id":"988bc229-147d-4984-ba60-2fb82aca9a8b-134485039202304","trial_id":42,"step":68,"intermediate_value":0.03438089229166508}
{"op_code":7,"worker_id":"a2098b9d-5eba-41cd-b048-cc073efc9089-135653394321408","trial_id":55,"step":52,"intermediate_value":0.022912385407835245}
{"op_code":7,"worker_id":"8a43f17c-07c0-4588-9f45-3ae858c4f551-126199918092288","trial_id":48,"step":63,"intermediate_value":0.011693081818521023}
{"op_code":7,"worker_id":"8a43f17c-07c0-4588-9f45-3ae858c4f551-126199918092288","trial_id":48,"step":64,"intermediate_value":0.010866440832614899}
{"op_code":7,"worker_id":"a2098b9d-5eba-41cd-b048-cc073efc9089-135653394321408","trial_id":55,"step":53,"intermediate_value":0.02219656528905034}
{"op_code":7,"worker_id":"8a43f17c-07c0-4588-9f45-3ae858c4f551-126199918092288","trial_id":48,"step":65,"intermediate_value":0.01133880764245987}
{"op_code":7,"worker_id":"8a43f17c-07c0-4588-9f45-3ae858c4f551-126199918092288","trial_id":48,"step":66,"intermediate_value":0.012637815438210964}
{"op_code":7,"worker_id":"a2098b9d-5eba-41cd-b048-cc073efc9089-135653394321408","trial_id":55,"step":54,"intermediate_value":0.026375259272754192}
{"op_code":7,"worker_id":"44c6a450-b07e-4b06-baaf-2f623988bc71-134028377853952","trial_id":46,"step":128,"intermediate_value":0.009923717472702265}
{"op_code":7,"worker_id":"0a30ba4f-654d-4189-98eb-97fb55b217da-138735477166080","trial_id":51,"step":120,"intermediate_value":0.08507862221449614}
{"op_code":7,"worker_id":"8a43f17c-07c0-4588-9f45-3ae858c4f551-126199918092288","trial_id":48,"step":67,"intermediate_value":0.011693081818521023}
{"op_code":7,"worker_id":"b288c2b1-e49e-41d8-afbe-1fb10ef2db45-138861632921600","trial_id":32,"step":95,"intermediate_value":0.018548427149653435}
{"op_code":7,"worker_id":"2e3a8247-5dbe-4080-a4ba-f8ab09ec2e50-137397948055552","trial_id":40,"step":105,"intermediate_value":0.20927331876009703}
{"op_code":7,"worker_id":"44c6a450-b07e-4b06-baaf-2f623988bc71-134028377853952","trial_id":46,"step":129,"intermediate_value":0.012996110133826733}
{"op_code":7,"worker_id":"44c6a450-b07e-4b06-baaf-2f623988bc71-134028377853952","trial_id":46,"step":130,"intermediate_value":0.018788630608469248}
{"op_code":7,"worker_id":"2e3a8247-5dbe-4080-a4ba-f8ab09ec2e50-137397948055552","trial_id":40,"step":106,"intermediate_value":0.2207356709986925}
{"op_code":7,"worker_id":"2e3a8247-5dbe-4080-a4ba-f8ab09ec2e50-137397948055552","trial_id":40,"step":107,"intermediate_value":0.21405469067394733}
{"op_code":7,"worker_id":"871add6e-a47b-4710-b4c8-b7fd23719e8b-134882817724416","trial_id":52,"step":163,"intermediate_value":0.03306547924876213}
{"op_code":7,"worker_id":"38c72711-3d75-48a8-a479-bb713d90eb3c-133136419479552","trial_id":50,"step":168,"intermediate_value":0.25365721993148327}
{"op_code":7,"worker_id":"988bc229-147d-4984-ba60-2fb82aca9a8b-134485039202304","trial_id":42,"step":69,"intermediate_value":0.026616943068802357}
{"op_code":7,"worker_id":"44c6a450-b07e-4b06-baaf-2f623988bc71-134028377853952","trial_id":46,"step":131,"intermediate_value":0.014651403296738863}
{"op_code":7,"worker_id":"38c72711-3d75-48a8-a479-bb713d90eb3c-133136419479552","trial_id":50,"step":169,"intermediate_value":0.25353790633380413}
{"op_code":7,"worker_id":"38c72711-3d75-48a8-a479-bb713d90eb3c-133136419479552","trial_id":50,"step":170,"intermediate_value":0.24709245096892118}
{"op_code":7,"worker_id":"988bc229-147d-4984-ba60-2fb82aca9a8b-134485039202304","trial_id":42,"step":70,"intermediate_value":0.02733276318758726}
{"op_code":7,"worker_id":"38c72711-3d75-48a8-a479-bb713d90eb3c-133136419479552","trial_id":50,"step":171,"intermediate_value":0.26248259376734495}
{"op_code":7,"worker_id":"38c72711-3d75-48a8-a479-bb713d90eb3c-133136419479552","trial_id":50,"step":172,"intermediate_value":0.26439143251627684}
{"op_code":7,"worker_id":"38c72711-3d75-48a8-a479-bb713d90eb3c-133136419479552","trial_id":50,"step":173,"intermediate_value":0.2630821894854307}
{"op_code":7,"worker_id":"38c72711-3d75-48a8-a479-bb713d90eb3c-133136419479552","trial_id":50,"step":174,"intermediate_value":0.269044260494411}
{"op_code":7,"worker_id":"38c72711-3d75-48a8-a479-bb713d90eb3c-133136419479552","trial_id":50,"step":175,"intermediate_value":0.2738163871690631}
{"op_code":7,"worker_id":"38c72711-3d75-48a8-a479-bb713d90eb3c-133136419479552","trial_id":50,"step":176,"intermediate_value":0.28013945650309324}
{"op_code":7,"worker_id":"38c72711-3d75-48a8-a479-bb713d90eb3c-133136419479552","trial_id":50,"step":177,"intermediate_value":0.28205139748752117}
{"op_code":7,"worker_id":"38c72711-3d75-48a8-a479-bb713d90eb3c-133136419479552","trial_id":50,"step":178,"intermediate_value":0.2884906930848956}
{"op_code":7,"worker_id":"38c72711-3d75-48a8-a479-bb713d90eb3c-133136419479552","trial_id":50,"step":179,"intermediate_value":0.2874169750139117}
{"op_code":7,"worker_id":"38c72711-3d75-48a8-a479-bb713d90eb3c-133136419479552","trial_id":50,"step":180,"intermediate_value":0.2999438149854541}
{"op_code":7,"worker_id":"38c72711-3d75-48a8-a479-bb713d90eb3c-133136419479552","trial_id":50,"step":181,"intermediate_value":0.29744152538478374}
{"op_code":7,"worker_id":"38c72711-3d75-48a8-a479-bb713d90eb3c-133136419479552","trial_id":50,"step":182,"intermediate_value":0.29958588909357786}
{"op_code":7,"worker_id":"38c72711-3d75-48a8-a479-bb713d90eb3c-133136419479552","trial_id":50,"step":183,"intermediate_value":0.3117548329755664}
{"op_code":7,"worker_id":"b0c9ae72-81be-4f8d-bdfe-e40fead80a21-133278269722624","trial_id":43,"step":58,"intermediate_value":0.33322940301150084}
{"op_code":7,"worker_id":"8a43f17c-07c0-4588-9f45-3ae858c4f551-126199918092288","trial_id":48,"step":68,"intermediate_value":0.01287600863724947}
{"op_code":7,"worker_id":"b0c9ae72-81be-4f8d-bdfe-e40fead80a21-133278269722624","trial_id":43,"step":59,"intermediate_value":0.35374958347529173}
{"op_code":7,"worker_id":"8a43f17c-07c0-4588-9f45-3ae858c4f551-126199918092288","trial_id":48,"step":69,"intermediate_value":0.012755907140672207}
{"op_code":7,"worker_id":"b0c9ae72-81be-4f8d-bdfe-e40fead80a21-133278269722624","trial_id":43,"step":60,"intermediate_value":0.36389036010950804}
{"op_code":7,"worker_id":"8a43f17c-07c0-4588-9f45-3ae858c4f551-126199918092288","trial_id":48,"step":70,"intermediate_value":0.015001658350229263}
{"op_code":7,"worker_id":"b0c9ae72-81be-4f8d-bdfe-e40fead80a21-133278269722624","trial_id":43,"step":61,"intermediate_value":0.3842912120744586}
{"op_code":7,"worker_id":"8a43f17c-07c0-4588-9f45-3ae858c4f551-126199918092288","trial_id":48,"step":71,"intermediate_value":0.015117739327251911}
{"op_code":7,"worker_id":"b0c9ae72-81be-4f8d-bdfe-e40fead80a21-133278269722624","trial_id":43,"step":62,"intermediate_value":0.37462766002863646}
{"op_code":7,"worker_id":"8a43f17c-07c0-4588-9f45-3ae858c4f551-126199918092288","trial_id":48,"step":72,"intermediate_value":0.011691072024405003}
{"op_code":7,"worker_id":"b0c9ae72-81be-4f8d-bdfe-e40fead80a21-133278269722624","trial_id":43,"step":63,"intermediate_value":0.4036183459684253}
{"op_code":7,"worker_id":"219797d8-fde4-4035-a684-f9b55d950771-124921969557504","trial_id":49,"step":36,"intermediate_value":0.03711255174130201}
{"op_code":7,"worker_id":"44c6a450-b07e-4b06-baaf-2f623988bc71-134028377853952","trial_id":46,"step":132,"intermediate_value":0.013114201836287975}
{"op_code":7,"worker_id":"8a43f17c-07c0-4588-9f45-3ae858c4f551-126199918092288","trial_id":48,"step":73,"intermediate_value":0.01110061351209879}
{"op_code":7,"worker_id":"b0c9ae72-81be-4f8d-bdfe-e40fead80a21-133278269722624","trial_id":43,"step":64,"intermediate_value":0.4182926518842578}
{"op_code":7,"worker_id":"44c6a450-b07e-4b06-baaf-2f623988bc71-134028377853952","trial_id":46,"step":133,"intermediate_value":0.016660971101373434}
{"op_code":7,"worker_id":"b0c9ae72-81be-4f8d-bdfe-e40fead80a21-133278269722624","trial_id":43,"step":65,"intermediate_value":0.42795620393007994}
{"op_code":7,"worker_id":"8a43f17c-07c0-4588-9f45-3ae858c4f551-126199918092288","trial_id":48,"step":74,"intermediate_value":0.017129317857325077}
{"op_code":7,"worker_id":"44c6a450-b07e-4b06-baaf-2f623988bc71-134028377853952","trial_id":46,"step":134,"intermediate_value":0.01914290525019169}
{"op_code":7,"worker_id":"988bc229-147d-4984-ba60-2fb82aca9a8b-134485039202304","trial_id":42,"step":71,"intermediate_value":0.025898045860230923}
{"op_code":7,"worker_id":"b0c9ae72-81be-4f8d-bdfe-e40fead80a21-133278269722624","trial_id":43,"step":66,"intermediate_value":0.43272833060473204}
{"op_code":7,"worker_id":"44c6a450-b07e-4b06-baaf-2f623988bc71-134028377853952","trial_id":46,"step":135,"intermediate_value":0.018196162302047014}
{"op_code":7,"worker_id":"8a43f17c-07c0-4588-9f45-3ae858c4f551-126199918092288","trial_id":48,"step":75,"intermediate_value":0.014173006638884544}
{"op_code":7,"worker_id":"44c6a450-b07e-4b06-baaf-2f623988bc71-134028377853952","trial_id":46,"step":136,"intermediate_value":0.017841887194663286}
{"op_code":7,"worker_id":"b0c9ae72-81be-4f8d-bdfe-e40fead80a21-133278269722624","trial_id":43,"step":67,"intermediate_value":0.4444200498983264}
{"op_code":7,"worker_id":"15962467-67e7-4409-b4ae-e830dcbffe7e-130407820439552","trial_id":39,"step":139,"intermediate_value":0.04225798696279526}
{"op_code":7,"worker_id":"871add6e-a47b-4710-b4c8-b7fd23719e8b-134882817724416","trial_id":52,"step":164,"intermediate_value":0.032349659129977226}
{"op_code":7,"worker_id":"15962467-67e7-4409-b4ae-e830dcbffe7e-130407820439552","trial_id":39,"step":140,"intermediate_value":0.04273520037531853}
{"op_code":7,"worker_id":"b0c9ae72-81be-4f8d-bdfe-e40fead80a21-133278269722624","trial_id":43,"step":68,"intermediate_value":0.4559924704954028}
{"op_code":7,"worker_id":"871add6e-a47b-4710-b4c8-b7fd23719e8b-134882817724416","trial_id":52,"step":165,"intermediate_value":0.030557029880583286}
{"op_code":7,"worker_id":"871add6e-a47b-4710-b4c8-b7fd23719e8b-134882817724416","trial_id":52,"step":166,"intermediate_value":0.03067633416503668}
{"op_code":7,"worker_id":"b0c9ae72-81be-4f8d-bdfe-e40fead80a21-133278269722624","trial_id":43,"step":69,"intermediate_value":0.4661332471296191}
{"op_code":7,"worker_id":"871add6e-a47b-4710-b4c8-b7fd23719e8b-134882817724416","trial_id":52,"step":167,"intermediate_value":0.033781297504901886}
{"op_code":7,"worker_id":"b0c9ae72-81be-4f8d-bdfe-e40fead80a21-133278269722624","trial_id":43,"step":70,"intermediate_value":0.47496170829981565}
{"op_code":7,"worker_id":"38c72711-3d75-48a8-a479-bb713d90eb3c-133136419479552","trial_id":50,"step":184,"intermediate_value":0.31103901099413633}
{"op_code":7,"worker_id":"0447dc80-4ad8-4169-a6fe-da2d6c1fe77c-138417116717056","trial_id":38,"step":74,"intermediate_value":0.014297128189355135}
{"op_code":7,"worker_id":"b0c9ae72-81be-4f8d-bdfe-e40fead80a21-133278269722624","trial_id":43,"step":71,"intermediate_value":0.4862955017015338}
{"op_code":7,"worker_id":"38c72711-3d75-48a8-a479-bb713d90eb3c-133136419479552","trial_id":50,"step":185,"intermediate_value":0.3130702506750822}
{"op_code":7,"worker_id":"0447dc80-4ad8-4169-a6fe-da2d6c1fe77c-138417116717056","trial_id":38,"step":75,"intermediate_value":0.014297128189355135}
{"op_code":7,"worker_id":"b0c9ae72-81be-4f8d-bdfe-e40fead80a21-133278269722624","trial_id":43,"step":72,"intermediate_value":0.48808504175394773}
{"op_code":7,"worker_id":"38c72711-3d75-48a8-a479-bb713d90eb3c-133136419479552","trial_id":50,"step":186,"intermediate_value":0.3171234829351306}
{"op_code":7,"worker_id":"38c72711-3d75-48a8-a479-bb713d90eb3c-133136419479552","trial_id":50,"step":187,"intermediate_value":0.3212990863248706}
{"op_code":7,"worker_id":"b0c9ae72-81be-4f8d-bdfe-e40fead80a21-133278269722624","trial_id":43,"step":73,"intermediate_value":0.49261857103556395}
{"op_code":7,"worker_id":"b0c9ae72-81be-4f8d-bdfe-e40fead80a21-133278269722624","trial_id":43,"step":74,"intermediate_value":0.49691350292414427}
{"op_code":7,"worker_id":"b0c9ae72-81be-4f8d-bdfe-e40fead80a21-133278269722624","trial_id":43,"step":75,"intermediate_value":0.5031172735616565}
{"op_code":7,"worker_id":"b0c9ae72-81be-4f8d-bdfe-e40fead80a21-133278269722624","trial_id":43,"step":76,"intermediate_value":0.5038330955430865}
{"op_code":7,"worker_id":"38c72711-3d75-48a8-a479-bb713d90eb3c-133136419479552","trial_id":50,"step":188,"intermediate_value":0.3313267081975937}
{"op_code":7,"worker_id":"b0c9ae72-81be-4f8d-bdfe-e40fead80a21-133278269722624","trial_id":43,"step":77,"intermediate_value":0.5071735782548785}
{"op_code":7,"worker_id":"44c6a450-b07e-4b06-baaf-2f623988bc71-134028377853952","trial_id":46,"step":137,"intermediate_value":0.018314254004508257}
{"op_code":7,"worker_id":"988bc229-147d-4984-ba60-2fb82aca9a8b-134485039202304","trial_id":42,"step":72,"intermediate_value":0.026852470822632313}
{"op_code":7,"worker_id":"38c72711-3d75-48a8-a479-bb713d90eb3c-133136419479552","trial_id":50,"step":189,"intermediate_value":0.3316846340894699}
{"op_code":7,"worker_id":"44c6a450-b07e-4b06-baaf-2f623988bc71-134028377853952","trial_id":46,"step":138,"intermediate_value":0.022687664721161127}
{"op_code":7,"worker_id":"38c72711-3d75-48a8-a479-bb713d90eb3c-133136419479552","trial_id":50,"step":190,"intermediate_value":0.3306047422811389}
{"op_code":7,"worker_id":"b0c9ae72-81be-4f8d-bdfe-e40fead80a21-133278269722624","trial_id":43,"step":78,"intermediate_value":0.5090824170038104}
{"op_code":7,"worker_id":"44c6a450-b07e-4b06-baaf-2f623988bc71-134028377853952","trial_id":46,"step":139,"intermediate_value":0.016304686199873686}
{"op_code":7,"worker_id":"b0c9ae72-81be-4f8d-bdfe-e40fead80a21-133278269722624","trial_id":43,"step":79,"intermediate_value":0.5088438196107745}
{"op_code":7,"worker_id":"44c6a450-b07e-4b06-baaf-2f623988bc71-134028377853952","trial_id":46,"step":140,"intermediate_value":0.01807807059958577}
{"op_code":7,"worker_id":"38c72711-3d75-48a8-a479-bb713d90eb3c-133136419479552","trial_id":50,"step":191,"intermediate_value":0.34337017964571714}
{"op_code":7,"worker_id":"38c72711-3d75-48a8-a479-bb713d90eb3c-133136419479552","trial_id":50,"step":192,"intermediate_value":0.3485064059495926}
{"op_code":7,"worker_id":"38c72711-3d75-48a8-a479-bb713d90eb3c-133136419479552","trial_id":50,"step":193,"intermediate_value":0.3480291813611984}
{"op_code":7,"worker_id":"38c72711-3d75-48a8-a479-bb713d90eb3c-133136419479552","trial_id":50,"step":194,"intermediate_value":0.35446847788989544}
{"op_code":7,"worker_id":"44c6a450-b07e-4b06-baaf-2f623988bc71-134028377853952","trial_id":46,"step":141,"intermediate_value":0.019851455464959145}
{"op_code":7,"worker_id":"38c72711-3d75-48a8-a479-bb713d90eb3c-133136419479552","trial_id":50,"step":195,"intermediate_value":0.3545877765864134}
{"op_code":7,"worker_id":"44c6a450-b07e-4b06-baaf-2f623988bc71-134028377853952","trial_id":46,"step":142,"intermediate_value":0.017841887194663286}
{"op_code":7,"worker_id":"38c72711-3d75-48a8-a479-bb713d90eb3c-133136419479552","trial_id":50,"step":196,"intermediate_value":0.36461232602596283}
{"op_code":7,"worker_id":"38c72711-3d75-48a8-a479-bb713d90eb3c-133136419479552","trial_id":50,"step":197,"intermediate_value":0.3582861851900816}
{"op_code":7,"worker_id":"38c72711-3d75-48a8-a479-bb713d90eb3c-133136419479552","trial_id":50,"step":198,"intermediate_value":0.3555421959608793}
{"op_code":7,"worker_id":"38c72711-3d75-48a8-a479-bb713d90eb3c-133136419479552","trial_id":50,"step":199,"intermediate_value":0.3692620825022459}
{"op_code":7,"worker_id":"38c72711-3d75-48a8-a479-bb713d90eb3c-133136419479552","trial_id":50,"step":200,"intermediate_value":0.36950378119945526}
{"op_code":7,"worker_id":"38c72711-3d75-48a8-a479-bb713d90eb3c-133136419479552","trial_id":50,"step":201,"intermediate_value":0.37367631308734417}
{"op_code":7,"worker_id":"38c72711-3d75-48a8-a479-bb713d90eb3c-133136419479552","trial_id":50,"step":202,"intermediate_value":0.3721222681924701}
{"op_code":7,"worker_id":"38c72711-3d75-48a8-a479-bb713d90eb3c-133136419479552","trial_id":50,"step":203,"intermediate_value":0.38143102638423443}
{"op_code":7,"worker_id":"38c72711-3d75-48a8-a479-bb713d90eb3c-133136419479552","trial_id":50,"step":204,"intermediate_value":0.3906204551458359}
{"op_code":7,"worker_id":"38c72711-3d75-48a8-a479-bb713d90eb3c-133136419479552","trial_id":50,"step":205,"intermediate_value":0.3844135832041502}
{"op_code":7,"worker_id":"38c72711-3d75-48a8-a479-bb713d90eb3c-133136419479552","trial_id":50,"step":206,"intermediate_value":0.3957474064081907}
{"op_code":7,"worker_id":"988bc229-147d-4984-ba60-2fb82aca9a8b-134485039202304","trial_id":42,"step":73,"intermediate_value":0.024821237195283175}
{"op_code":7,"worker_id":"b0c9ae72-81be-4f8d-bdfe-e40fead80a21-133278269722624","trial_id":43,"step":80,"intermediate_value":0.5120680760592222}
{"op_code":7,"worker_id":"cf9cf729-a546-45d9-bb4d-3718aff6d658-124878650773504","trial_id":47,"step":40,"intermediate_value":0.04081403184682131}
{"op_code":7,"worker_id":"15962467-67e7-4409-b4ae-e830dcbffe7e-130407820439552","trial_id":39,"step":141,"intermediate_value":0.04046536050736904}
{"op_code":7,"worker_id":"b0c9ae72-81be-4f8d-bdfe-e40fead80a21-133278269722624","trial_id":43,"step":81,"intermediate_value":0.5105140609666705}
{"op_code":7,"worker_id":"15962467-67e7-4409-b4ae-e830dcbffe7e-130407820439552","trial_id":39,"step":142,"intermediate_value":0.039627159014344215}
{"op_code":7,"worker_id":"b0c9ae72-81be-4f8d-bdfe-e40fead80a21-133278269722624","trial_id":43,"step":82,"intermediate_value":0.5129032265394926}
{"op_code":7,"worker_id":"15962467-67e7-4409-b4ae-e830dcbffe7e-130407820439552","trial_id":39,"step":143,"intermediate_value":0.040104370564222336}
{"op_code":7,"worker_id":"988bc229-147d-4984-ba60-2fb82aca9a8b-134485039202304","trial_id":42,"step":74,"intermediate_value":0.031988670118153095}
{"op_code":7,"worker_id":"15962467-67e7-4409-b4ae-e830dcbffe7e-130407820439552","trial_id":39,"step":144,"intermediate_value":0.041536010801792145}
{"op_code":7,"worker_id":"15962467-67e7-4409-b4ae-e830dcbffe7e-130407820439552","trial_id":39,"step":145,"intermediate_value":0.04034297727048397}
{"op_code":7,"worker_id":"cf9cf729-a546-45d9-bb4d-3718aff6d658-124878650773504","trial_id":47,"step":41,"intermediate_value":0.04093333426862955}
{"op_code":7,"worker_id":"15962467-67e7-4409-b4ae-e830dcbffe7e-130407820439552","trial_id":39,"step":146,"intermediate_value":0.0398657638579607}
{"op_code":7,"worker_id":"988bc229-147d-4984-ba60-2fb82aca9a8b-134485039202304","trial_id":42,"step":75,"intermediate_value":0.03605113923549652}
{"op_code":7,"worker_id":"44c6a450-b07e-4b06-baaf-2f623988bc71-134028377853952","trial_id":46,"step":143,"intermediate_value":0.020205730106681585}
{"op_code":7,"worker_id":"15962467-67e7-4409-b4ae-e830dcbffe7e-130407820439552","trial_id":39,"step":147,"intermediate_value":0.04273212142288685}
{"op_code":7,"worker_id":"44c6a450-b07e-4b06-baaf-2f623988bc71-134028377853952","trial_id":46,"step":144,"intermediate_value":0.015950411092489958}
{"op_code":7,"worker_id":"15962467-67e7-4409-b4ae-e830dcbffe7e-130407820439552","trial_id":39,"step":148,"intermediate_value":0.04344794154167175}
{"op_code":7,"worker_id":"15962467-67e7-4409-b4ae-e830dcbffe7e-130407820439552","trial_id":39,"step":149,"intermediate_value":0.043090030550956726}
{"op_code":7,"worker_id":"44c6a450-b07e-4b06-baaf-2f623988bc71-134028377853952","trial_id":46,"step":145,"intermediate_value":0.013940843287855387}
{"op_code":7,"worker_id":"15962467-67e7-4409-b4ae-e830dcbffe7e-130407820439552","trial_id":39,"step":150,"intermediate_value":0.04213252663612366}
{"op_code":7,"worker_id":"b0c9ae72-81be-4f8d-bdfe-e40fead80a21-133278269722624","trial_id":43,"step":83,"intermediate_value":0.5107526881620288}
{"op_code":7,"worker_id":"44c6a450-b07e-4b06-baaf-2f623988bc71-134028377853952","trial_id":46,"step":146,"intermediate_value":0.014177026692777872}
{"op_code":7,"worker_id":"15962467-67e7-4409-b4ae-e830dcbffe7e-130407820439552","trial_id":39,"step":151,"intermediate_value":0.0422518290579319}
{"op_code":7,"worker_id":"b0c9ae72-81be-4f8d-bdfe-e40fead80a21-133278269722624","trial_id":43,"step":84,"intermediate_value":0.5107526881620288}
{"op_code":7,"worker_id":"44c6a450-b07e-4b06-baaf-2f623988bc71-134028377853952","trial_id":46,"step":147,"intermediate_value":0.01925898715853691}
{"op_code":7,"worker_id":"15962467-67e7-4409-b4ae-e830dcbffe7e-130407820439552","trial_id":39,"step":152,"intermediate_value":0.04093949310481548}
{"op_code":7,"worker_id":"8a43f17c-07c0-4588-9f45-3ae858c4f551-126199918092288","trial_id":48,"step":76,"intermediate_value":0.011809163726866245}
{"op_code":7,"worker_id":"38c72711-3d75-48a8-a479-bb713d90eb3c-133136419479552","trial_id":50,"step":207,"intermediate_value":0.38596452586352825}
{"op_code":7,"worker_id":"15962467-67e7-4409-b4ae-e830dcbffe7e-130407820439552","trial_id":39,"step":153,"intermediate_value":0.042013224214315414}
{"op_code":7,"worker_id":"44c6a450-b07e-4b06-baaf-2f623988bc71-134028377853952","trial_id":46,"step":148,"intermediate_value":0.012521733529865742}
{"op_code":7,"worker_id":"cf9cf729-a546-45d9-bb4d-3718aff6d658-124878650773504","trial_id":47,"step":42,"intermediate_value":0.040217516012489796}
{"op_code":7,"worker_id":"0a30ba4f-654d-4189-98eb-97fb55b217da-138735477166080","trial_id":51,"step":121,"intermediate_value":0.08651025872677565}
{"op_code":7,"worker_id":"a2098b9d-5eba-41cd-b048-cc073efc9089-135653394321408","trial_id":55,"step":55,"intermediate_value":0.03413920849561691}
{"op_code":7,"worker_id":"38c72711-3d75-48a8-a479-bb713d90eb3c-133136419479552","trial_id":50,"step":208,"intermediate_value":0.38262404315173626}
{"op_code":7,"worker_id":"15962467-67e7-4409-b4ae-e830dcbffe7e-130407820439552","trial_id":39,"step":154,"intermediate_value":0.04368346929550171}
{"op_code":7,"worker_id":"44c6a450-b07e-4b06-baaf-2f623988bc71-134028377853952","trial_id":46,"step":149,"intermediate_value":0.012167458422482014}
{"op_code":7,"worker_id":"8a43f17c-07c0-4588-9f45-3ae858c4f551-126199918092288","trial_id":48,"step":77,"intermediate_value":0.012399622239172459}
{"op_code":7,"worker_id":"0a30ba4f-654d-4189-98eb-97fb55b217da-138735477166080","trial_id":51,"step":122,"intermediate_value":0.08579444419592619}
{"op_code":7,"worker_id":"38c72711-3d75-48a8-a479-bb713d90eb3c-133136419479552","trial_id":50,"step":209,"intermediate_value":0.405172361060977}
{"op_code":7,"worker_id":"15962467-67e7-4409-b4ae-e830dcbffe7e-130407820439552","trial_id":39,"step":155,"intermediate_value":0.04368346929550171}
{"op_code":7,"worker_id":"cf9cf729-a546-45d9-bb4d-3718aff6d658-124878650773504","trial_id":47,"step":43,"intermediate_value":0.044995805248618126}
{"op_code":7,"worker_id":"38c72711-3d75-48a8-a479-bb713d90eb3c-133136419479552","trial_id":50,"step":210,"intermediate_value":0.39789179991930723}
{"op_code":7,"worker_id":"15962467-67e7-4409-b4ae-e830dcbffe7e-130407820439552","trial_id":39,"step":156,"intermediate_value":0.04236805345863104}
{"op_code":7,"worker_id":"15962467-67e7-4409-b4ae-e830dcbffe7e-130407820439552","trial_id":39,"step":157,"intermediate_value":0.041652233339846134}
{"op_code":7,"worker_id":"15962467-67e7-4409-b4ae-e830dcbffe7e-130407820439552","trial_id":39,"step":158,"intermediate_value":0.04248735588043928}
{"op_code":7,"worker_id":"cf9cf729-a546-45d9-bb4d-3718aff6d658-124878650773504","trial_id":47,"step":44,"intermediate_value":0.043561085127294064}
{"op_code":7,"worker_id":"15962467-67e7-4409-b4ae-e830dcbffe7e-130407820439552","trial_id":39,"step":159,"intermediate_value":0.04189084004610777}
{"op_code":7,"worker_id":"cf9cf729-a546-45d9-bb4d-3718aff6d658-124878650773504","trial_id":47,"step":45,"intermediate_value":0.041171942837536335}
{"op_code":7,"worker_id":"38c72711-3d75-48a8-a479-bb713d90eb3c-133136419479552","trial_id":50,"step":211,"intermediate_value":0.39657945465296507}
{"op_code":7,"worker_id":"cf9cf729-a546-45d9-bb4d-3718aff6d658-124878650773504","trial_id":47,"step":46,"intermediate_value":0.04571162350475788}
{"op_code":7,"worker_id":"15962467-67e7-4409-b4ae-e830dcbffe7e-130407820439552","trial_id":39,"step":160,"intermediate_value":0.043083871714770794}
{"op_code":7,"worker_id":"38c72711-3d75-48a8-a479-bb713d90eb3c-133136419479552","trial_id":50,"step":212,"intermediate_value":0.41579036228358746}
{"op_code":7,"worker_id":"15962467-67e7-4409-b4ae-e830dcbffe7e-130407820439552","trial_id":39,"step":161,"intermediate_value":0.04391899611800909}
{"op_code":7,"worker_id":"38c72711-3d75-48a8-a479-bb713d90eb3c-133136419479552","trial_id":50,"step":213,"intermediate_value":0.40314422361552715}
{"op_code":7,"worker_id":"15962467-67e7-4409-b4ae-e830dcbffe7e-130407820439552","trial_id":39,"step":162,"intermediate_value":0.04379969369620085}
{"op_code":7,"worker_id":"38c72711-3d75-48a8-a479-bb713d90eb3c-133136419479552","trial_id":50,"step":214,"intermediate_value":0.3943157624453306}
{"op_code":7,"worker_id":"15962467-67e7-4409-b4ae-e830dcbffe7e-130407820439552","trial_id":39,"step":163,"intermediate_value":0.044157600961625576}
{"op_code":7,"worker_id":"38c72711-3d75-48a8-a479-bb713d90eb3c-133136419479552","trial_id":50,"step":215,"intermediate_value":0.41805712692439556}
{"op_code":7,"worker_id":"15962467-67e7-4409-b4ae-e830dcbffe7e-130407820439552","trial_id":39,"step":164,"intermediate_value":0.04678535275161266}
{"op_code":7,"worker_id":"38c72711-3d75-48a8-a479-bb713d90eb3c-133136419479552","trial_id":50,"step":216,"intermediate_value":0.4160258872434497}
{"op_code":7,"worker_id":"15962467-67e7-4409-b4ae-e830dcbffe7e-130407820439552","trial_id":39,"step":165,"intermediate_value":0.04821699298918247}
{"op_code":7,"worker_id":"38c72711-3d75-48a8-a479-bb713d90eb3c-133136419479552","trial_id":50,"step":217,"intermediate_value":0.41507146786898375}
{"op_code":7,"worker_id":"15962467-67e7-4409-b4ae-e830dcbffe7e-130407820439552","trial_id":39,"step":166,"intermediate_value":0.04917141981422901}
{"op_code":7,"worker_id":"38c72711-3d75-48a8-a479-bb713d90eb3c-133136419479552","trial_id":50,"step":218,"intermediate_value":0.4205594165250659}
{"op_code":7,"worker_id":"15962467-67e7-4409-b4ae-e830dcbffe7e-130407820439552","trial_id":39,"step":167,"intermediate_value":0.04762047715485096}
{"op_code":7,"worker_id":"38c72711-3d75-48a8-a479-bb713d90eb3c-133136419479552","trial_id":50,"step":219,"intermediate_value":0.4289137255400419}
{"op_code":7,"worker_id":"15962467-67e7-4409-b4ae-e830dcbffe7e-130407820439552","trial_id":39,"step":168,"intermediate_value":0.04797838814556599}
{"op_code":7,"worker_id":"38c72711-3d75-48a8-a479-bb713d90eb3c-133136419479552","trial_id":50,"step":220,"intermediate_value":0.4280786048620939}
{"op_code":7,"worker_id":"15962467-67e7-4409-b4ae-e830dcbffe7e-130407820439552","trial_id":39,"step":169,"intermediate_value":0.0477397795766592}
{"op_code":7,"worker_id":"38c72711-3d75-48a8-a479-bb713d90eb3c-133136419479552","trial_id":50,"step":221,"intermediate_value":0.43404374830424786}
{"op_code":7,"worker_id":"15962467-67e7-4409-b4ae-e830dcbffe7e-130407820439552","trial_id":39,"step":170,"intermediate_value":0.04618883691728115}
{"op_code":7,"worker_id":"38c72711-3d75-48a8-a479-bb713d90eb3c-133136419479552","trial_id":50,"step":222,"intermediate_value":0.431299788877368}
{"op_code":7,"worker_id":"15962467-67e7-4409-b4ae-e830dcbffe7e-130407820439552","trial_id":39,"step":171,"intermediate_value":0.04606953449547291}
{"op_code":7,"worker_id":"38c72711-3d75-48a8-a479-bb713d90eb3c-133136419479552","trial_id":50,"step":223,"intermediate_value":0.44072167109698057}
{"op_code":7,"worker_id":"15962467-67e7-4409-b4ae-e830dcbffe7e-130407820439552","trial_id":39,"step":172,"intermediate_value":0.04654674790799618}
{"op_code":7,"worker_id":"38c72711-3d75-48a8-a479-bb713d90eb3c-133136419479552","trial_id":50,"step":224,"intermediate_value":0.42175243329256773}
{"op_code":7,"worker_id":"15962467-67e7-4409-b4ae-e830dcbffe7e-130407820439552","trial_id":39,"step":173,"intermediate_value":0.047381868585944176}
{"op_code":7,"worker_id":"38c72711-3d75-48a8-a479-bb713d90eb3c-133136419479552","trial_id":50,"step":225,"intermediate_value":0.42008219193667173}
{"op_code":7,"worker_id":"15962467-67e7-4409-b4ae-e830dcbffe7e-130407820439552","trial_id":39,"step":174,"intermediate_value":0.04714018385857344}
{"op_code":7,"worker_id":"38c72711-3d75-48a8-a479-bb713d90eb3c-133136419479552","trial_id":50,"step":226,"intermediate_value":0.43690703622996807}
{"op_code":7,"worker_id":"15962467-67e7-4409-b4ae-e830dcbffe7e-130407820439552","trial_id":39,"step":175,"intermediate_value":0.04833321552723646}
{"op_code":7,"worker_id":"38c72711-3d75-48a8-a479-bb713d90eb3c-133136419479552","trial_id":50,"step":227,"intermediate_value":0.4388189762830734}
{"op_code":7,"worker_id":"15962467-67e7-4409-b4ae-e830dcbffe7e-130407820439552","trial_id":39,"step":176,"intermediate_value":0.049526250921189785}
{"op_code":7,"worker_id":"cf9cf729-a546-45d9-bb4d-3718aff6d658-124878650773504","trial_id":47,"step":47,"intermediate_value":0.03926001023501158}
{"op_code":7,"worker_id":"38c72711-3d75-48a8-a479-bb713d90eb3c-133136419479552","trial_id":50,"step":228,"intermediate_value":0.4438235564157367}
{"op_code":7,"worker_id":"15962467-67e7-4409-b4ae-e830dcbffe7e-130407820439552","trial_id":39,"step":177,"intermediate_value":0.05107719358056784}
{"op_code":7,"worker_id":"38c72711-3d75-48a8-a479-bb713d90eb3c-133136419479552","trial_id":50,"step":229,"intermediate_value":0.44263050984591246}
{"op_code":7,"worker_id":"15962467-67e7-4409-b4ae-e830dcbffe7e-130407820439552","trial_id":39,"step":178,"intermediate_value":0.05083858501166105}
{"op_code":7,"worker_id":"38c72711-3d75-48a8-a479-bb713d90eb3c-133136419479552","trial_id":50,"step":230,"intermediate_value":0.44740263652056456}
{"op_code":7,"worker_id":"15962467-67e7-4409-b4ae-e830dcbffe7e-130407820439552","trial_id":39,"step":179,"intermediate_value":0.05059998016804457}
{"op_code":7,"worker_id":"38c72711-3d75-48a8-a479-bb713d90eb3c-133136419479552","trial_id":50,"step":231,"intermediate_value":0.45086552016437054}
{"op_code":7,"worker_id":"15962467-67e7-4409-b4ae-e830dcbffe7e-130407820439552","trial_id":39,"step":180,"intermediate_value":0.05119649600237608}
{"op_code":7,"worker_id":"38c72711-3d75-48a8-a479-bb713d90eb3c-133136419479552","trial_id":50,"step":232,"intermediate_value":0.45647276751697063}
{"op_code":7,"worker_id":"15962467-67e7-4409-b4ae-e830dcbffe7e-130407820439552","trial_id":39,"step":181,"intermediate_value":0.05298912338912487}
{"op_code":7,"worker_id":"38c72711-3d75-48a8-a479-bb713d90eb3c-133136419479552","trial_id":50,"step":233,"intermediate_value":0.45754341315478086}
{"op_code":7,"worker_id":"cf9cf729-a546-45d9-bb4d-3718aff6d658-124878650773504","trial_id":47,"step":48,"intermediate_value":0.03913762839511037}
{"op_code":7,"worker_id":"15962467-67e7-4409-b4ae-e830dcbffe7e-130407820439552","trial_id":39,"step":182,"intermediate_value":0.05394662916660309}
{"op_code":7,"worker_id":"15962467-67e7-4409-b4ae-e830dcbffe7e-130407820439552","trial_id":39,"step":183,"intermediate_value":0.053350113332271576}
{"op_code":7,"worker_id":"15962467-67e7-4409-b4ae-e830dcbffe7e-130407820439552","trial_id":39,"step":184,"intermediate_value":0.05191539414227009}
{"op_code":7,"worker_id":"15962467-67e7-4409-b4ae-e830dcbffe7e-130407820439552","trial_id":39,"step":185,"intermediate_value":0.05072236247360706}
{"op_code":7,"worker_id":"cf9cf729-a546-45d9-bb4d-3718aff6d658-124878650773504","trial_id":47,"step":49,"intermediate_value":0.0453506363555789}
{"op_code":7,"worker_id":"15962467-67e7-4409-b4ae-e830dcbffe7e-130407820439552","trial_id":39,"step":186,"intermediate_value":0.050957887433469296}
{"op_code":7,"worker_id":"15962467-67e7-4409-b4ae-e830dcbffe7e-130407820439552","trial_id":39,"step":187,"intermediate_value":0.050957887433469296}
{"op_code":7,"worker_id":"15962467-67e7-4409-b4ae-e830dcbffe7e-130407820439552","trial_id":39,"step":188,"intermediate_value":0.050957887433469296}
{"op_code":7,"worker_id":"cf9cf729-a546-45d9-bb4d-3718aff6d658-124878650773504","trial_id":47,"step":50,"intermediate_value":0.04546685982495546}
{"op_code":7,"worker_id":"15962467-67e7-4409-b4ae-e830dcbffe7e-130407820439552","trial_id":39,"step":189,"intermediate_value":0.051912314258515835}
{"op_code":7,"worker_id":"15962467-67e7-4409-b4ae-e830dcbffe7e-130407820439552","trial_id":39,"step":190,"intermediate_value":0.054182155057787895}
{"op_code":7,"worker_id":"15962467-67e7-4409-b4ae-e830dcbffe7e-130407820439552","trial_id":39,"step":191,"intermediate_value":0.05167370941489935}
{"op_code":7,"worker_id":"15962467-67e7-4409-b4ae-e830dcbffe7e-130407820439552","trial_id":39,"step":192,"intermediate_value":0.05131579842418432}
{"op_code":7,"worker_id":"15962467-67e7-4409-b4ae-e830dcbffe7e-130407820439552","trial_id":39,"step":193,"intermediate_value":0.05167370941489935}
{"op_code":7,"worker_id":"2e3a8247-5dbe-4080-a4ba-f8ab09ec2e50-137397948055552","trial_id":40,"step":108,"intermediate_value":0.20808644592761993}
{"op_code":7,"worker_id":"219797d8-fde4-4035-a684-f9b55d950771-124921969557504","trial_id":49,"step":37,"intermediate_value":0.03567783581092954}
{"op_code":7,"worker_id":"44c6a450-b07e-4b06-baaf-2f623988bc71-134028377853952","trial_id":46,"step":150,"intermediate_value":0.01441320963203907}
{"op_code":7,"worker_id":"988bc229-147d-4984-ba60-2fb82aca9a8b-134485039202304","trial_id":42,"step":76,"intermediate_value":0.032465881668031216}
{"op_code":7,"worker_id":"15962467-67e7-4409-b4ae-e830dcbffe7e-130407820439552","trial_id":39,"step":194,"intermediate_value":0.05155440326780081}
{"op_code":7,"worker_id":"2e3a8247-5dbe-4080-a4ba-f8ab09ec2e50-137397948055552","trial_id":40,"step":109,"intermediate_value":0.22860661149024963}
{"op_code":7,"worker_id":"15962467-67e7-4409-b4ae-e830dcbffe7e-130407820439552","trial_id":39,"step":195,"intermediate_value":0.05179301183670759}
{"op_code":7,"worker_id":"2e3a8247-5dbe-4080-a4ba-f8ab09ec2e50-137397948055552","trial_id":40,"step":110,"intermediate_value":0.22037160210311413}
{"op_code":7,"worker_id":"15962467-67e7-4409-b4ae-e830dcbffe7e-130407820439552","trial_id":39,"step":196,"intermediate_value":0.05215092282742262}
{"op_code":7,"worker_id":"988bc229-147d-4984-ba60-2fb82aca9a8b-134485039202304","trial_id":42,"step":77,"intermediate_value":0.031511456705629826}
{"op_code":7,"worker_id":"15962467-67e7-4409-b4ae-e830dcbffe7e-130407820439552","trial_id":39,"step":197,"intermediate_value":0.05310534592717886}
{"op_code":7,"worker_id":"15962467-67e7-4409-b4ae-e830dcbffe7e-130407820439552","trial_id":39,"step":198,"intermediate_value":0.05262813623994589}
{"op_code":7,"worker_id":"15962467-67e7-4409-b4ae-e830dcbffe7e-130407820439552","trial_id":39,"step":199,"intermediate_value":0.05167370941489935}
{"op_code":7,"worker_id":"988bc229-147d-4984-ba60-2fb82aca9a8b-134485039202304","trial_id":42,"step":78,"intermediate_value":0.03700556419789791}
{"op_code":7,"worker_id":"15962467-67e7-4409-b4ae-e830dcbffe7e-130407820439552","trial_id":39,"step":200,"intermediate_value":0.05274743866175413}
{"op_code":7,"worker_id":"988bc229-147d-4984-ba60-2fb82aca9a8b-134485039202304","trial_id":42,"step":79,"intermediate_value":0.03019604180008173}
{"op_code":7,"worker_id":"b288c2b1-e49e-41d8-afbe-1fb10ef2db45-138861632921600","trial_id":32,"step":96,"intermediate_value":0.01594840083271265}
{"op_code":7,"worker_id":"8a43f17c-07c0-4588-9f45-3ae858c4f551-126199918092288","trial_id":48,"step":78,"intermediate_value":0.013344354927539825}
{"op_code":7,"worker_id":"b288c2b1-e49e-41d8-afbe-1fb10ef2db45-138861632921600","trial_id":32,"step":97,"intermediate_value":0.012519723735749722}
{"op_code":7,"worker_id":"8a43f17c-07c0-4588-9f45-3ae858c4f551-126199918092288","trial_id":48,"step":79,"intermediate_value":0.013226263225078583}
{"op_code":7,"worker_id":"988bc229-147d-4984-ba60-2fb82aca9a8b-134485039202304","trial_id":42,"step":80,"intermediate_value":0.031389075331389904}
{"op_code":7,"worker_id":"15962467-67e7-4409-b4ae-e830dcbffe7e-130407820439552","trial_id":39,"step":201,"intermediate_value":0.052389527671039104}
{"op_code":7,"worker_id":"b288c2b1-e49e-41d8-afbe-1fb10ef2db45-138861632921600","trial_id":32,"step":98,"intermediate_value":0.015355932526290417}
{"op_code":7,"worker_id":"8a43f17c-07c0-4588-9f45-3ae858c4f551-126199918092288","trial_id":48,"step":80,"intermediate_value":0.013226263225078583}
{"op_code":7,"worker_id":"15962467-67e7-4409-b4ae-e830dcbffe7e-130407820439552","trial_id":39,"step":202,"intermediate_value":0.05179301183670759}
{"op_code":7,"worker_id":"b288c2b1-e49e-41d8-afbe-1fb10ef2db45-138861632921600","trial_id":32,"step":99,"intermediate_value":0.01925697736442089}
{"op_code":7,"worker_id":"8a43f17c-07c0-4588-9f45-3ae858c4f551-126199918092288","trial_id":48,"step":81,"intermediate_value":0.013462446630001068}
{"op_code":7,"worker_id":"15962467-67e7-4409-b4ae-e830dcbffe7e-130407820439552","trial_id":39,"step":203,"intermediate_value":0.05215092282742262}
{"op_code":7,"worker_id":"988bc229-147d-4984-ba60-2fb82aca9a8b-134485039202304","trial_id":42,"step":81,"intermediate_value":0.032943095080554485}
{"op_code":7,"worker_id":"44c6a450-b07e-4b06-baaf-2f623988bc71-134028377853952","trial_id":46,"step":151,"intermediate_value":0.013704659882932901}
{"op_code":7,"worker_id":"15962467-67e7-4409-b4ae-e830dcbffe7e-130407820439552","trial_id":39,"step":204,"intermediate_value":0.05262813623994589}
{"op_code":7,"worker_id":"b288c2b1-e49e-41d8-afbe-1fb10ef2db45-138861632921600","trial_id":32,"step":100,"intermediate_value":0.013464456424117088}
{"op_code":7,"worker_id":"8a43f17c-07c0-4588-9f45-3ae858c4f551-126199918092288","trial_id":48,"step":82,"intermediate_value":0.012163438834249973}
{"op_code":7,"worker_id":"44c6a450-b07e-4b06-baaf-2f623988bc71-134028377853952","trial_id":46,"step":152,"intermediate_value":0.022215297911316156}
{"op_code":7,"worker_id":"15962467-67e7-4409-b4ae-e830dcbffe7e-130407820439552","trial_id":39,"step":205,"intermediate_value":0.05370186548680067}
{"op_code":7,"worker_id":"15962467-67e7-4409-b4ae-e830dcbffe7e-130407820439552","trial_id":39,"step":206,"intermediate_value":0.054894897155463696}
{"op_code":7,"worker_id":"15962467-67e7-4409-b4ae-e830dcbffe7e-130407820439552","trial_id":39,"step":207,"intermediate_value":0.05620723124593496}
{"op_code":7,"worker_id":"15962467-67e7-4409-b4ae-e830dcbffe7e-130407820439552","trial_id":39,"step":208,"intermediate_value":0.05835468973964453}
{"op_code":7,"worker_id":"15962467-67e7-4409-b4ae-e830dcbffe7e-130407820439552","trial_id":39,"step":209,"intermediate_value":0.058712600730359554}
{"op_code":7,"worker_id":"b288c2b1-e49e-41d8-afbe-1fb10ef2db45-138861632921600","trial_id":32,"step":101,"intermediate_value":0.014527281746268272}
{"op_code":7,"worker_id":"15962467-67e7-4409-b4ae-e830dcbffe7e-130407820439552","trial_id":39,"step":210,"intermediate_value":0.057280960492789745}
{"op_code":7,"worker_id":"988bc229-147d-4984-ba60-2fb82aca9a8b-134485039202304","trial_id":42,"step":82,"intermediate_value":0.030911861918866634}
{"op_code":7,"worker_id":"15962467-67e7-4409-b4ae-e830dcbffe7e-130407820439552","trial_id":39,"step":211,"intermediate_value":0.05811608489602804}
{"op_code":7,"worker_id":"b288c2b1-e49e-41d8-afbe-1fb10ef2db45-138861632921600","trial_id":32,"step":102,"intermediate_value":0.015828299336135387}
{"op_code":7,"worker_id":"8a43f17c-07c0-4588-9f45-3ae858c4f551-126199918092288","trial_id":48,"step":83,"intermediate_value":0.016771022230386734}
{"op_code":7,"worker_id":"b0c9ae72-81be-4f8d-bdfe-e40fead80a21-133278269722624","trial_id":43,"step":85,"intermediate_value":0.5150537639856339}
{"op_code":7,"worker_id":"15962467-67e7-4409-b4ae-e830dcbffe7e-130407820439552","trial_id":39,"step":212,"intermediate_value":0.05763887148350477}
{"op_code":7,"worker_id":"b288c2b1-e49e-41d8-afbe-1fb10ef2db45-138861632921600","trial_id":32,"step":103,"intermediate_value":0.015710207633674145}
{"op_code":7,"worker_id":"15962467-67e7-4409-b4ae-e830dcbffe7e-130407820439552","trial_id":39,"step":213,"intermediate_value":0.05668444465845823}
{"op_code":7,"worker_id":"8a43f17c-07c0-4588-9f45-3ae858c4f551-126199918092288","trial_id":48,"step":84,"intermediate_value":0.015470004640519619}
{"op_code":7,"worker_id":"b0c9ae72-81be-4f8d-bdfe-e40fead80a21-133278269722624","trial_id":43,"step":86,"intermediate_value":0.5127838980406523}
{"op_code":7,"worker_id":"8a43f17c-07c0-4588-9f45-3ae858c4f551-126199918092288","trial_id":48,"step":85,"intermediate_value":0.01665293052792549}
{"op_code":7,"worker_id":"b0c9ae72-81be-4f8d-bdfe-e40fead80a21-133278269722624","trial_id":43,"step":87,"intermediate_value":0.5127838980406523}
{"op_code":7,"worker_id":"8a43f17c-07c0-4588-9f45-3ae858c4f551-126199918092288","trial_id":48,"step":86,"intermediate_value":0.021971074864268303}
{"op_code":7,"worker_id":"b0c9ae72-81be-4f8d-bdfe-e40fead80a21-133278269722624","trial_id":43,"step":88,"intermediate_value":0.5129032265394926}
{"op_code":7,"worker_id":"8a43f17c-07c0-4588-9f45-3ae858c4f551-126199918092288","trial_id":48,"step":87,"intermediate_value":0.015824278816580772}
{"op_code":7,"worker_id":"b0c9ae72-81be-4f8d-bdfe-e40fead80a21-133278269722624","trial_id":43,"step":89,"intermediate_value":0.5129032265394926}
{"op_code":7,"worker_id":"b0c9ae72-81be-4f8d-bdfe-e40fead80a21-133278269722624","trial_id":43,"step":90,"intermediate_value":0.5129032265394926}
{"op_code":7,"worker_id":"988bc229-147d-4984-ba60-2fb82aca9a8b-134485039202304","trial_id":42,"step":83,"intermediate_value":0.028999931178987026}
{"op_code":7,"worker_id":"b288c2b1-e49e-41d8-afbe-1fb10ef2db45-138861632921600","trial_id":32,"step":104,"intermediate_value":0.012755907140672207}
{"op_code":7,"worker_id":"b0c9ae72-81be-4f8d-bdfe-e40fead80a21-133278269722624","trial_id":43,"step":91,"intermediate_value":0.5129032265394926}
{"op_code":7,"worker_id":"8a43f17c-07c0-4588-9f45-3ae858c4f551-126199918092288","trial_id":48,"step":88,"intermediate_value":0.015942370519042015}
{"op_code":7,"worker_id":"b288c2b1-e49e-41d8-afbe-1fb10ef2db45-138861632921600","trial_id":32,"step":105,"intermediate_value":0.016654941253364086}
{"op_code":7,"worker_id":"b0c9ae72-81be-4f8d-bdfe-e40fead80a21-133278269722624","trial_id":43,"step":92,"intermediate_value":0.5129032265394926}
{"op_code":7,"worker_id":"44c6a450-b07e-4b06-baaf-2f623988bc71-134028377853952","trial_id":46,"step":153,"intermediate_value":0.0223333896137774}
{"op_code":7,"worker_id":"0a30ba4f-654d-4189-98eb-97fb55b217da-138735477166080","trial_id":51,"step":123,"intermediate_value":0.08770329784601927}
{"op_code":7,"worker_id":"b0c9ae72-81be-4f8d-bdfe-e40fead80a21-133278269722624","trial_id":43,"step":93,"intermediate_value":0.5150537639856339}
{"op_code":7,"worker_id":"b288c2b1-e49e-41d8-afbe-1fb10ef2db45-138861632921600","trial_id":32,"step":106,"intermediate_value":0.013464456424117088}
{"op_code":7,"worker_id":"a2098b9d-5eba-41cd-b048-cc073efc9089-135653394321408","trial_id":55,"step":56,"intermediate_value":0.032465881668031216}
{"op_code":7,"worker_id":"44c6a450-b07e-4b06-baaf-2f623988bc71-134028377853952","trial_id":46,"step":154,"intermediate_value":0.02115046326071024}
{"op_code":7,"worker_id":"b288c2b1-e49e-41d8-afbe-1fb10ef2db45-138861632921600","trial_id":32,"step":107,"intermediate_value":0.02138262614607811}
{"op_code":7,"worker_id":"0a30ba4f-654d-4189-98eb-97fb55b217da-138735477166080","trial_id":51,"step":124,"intermediate_value":0.08985075633972883}
{"op_code":7,"worker_id":"0a30ba4f-654d-4189-98eb-97fb55b217da-138735477166080","trial_id":51,"step":125,"intermediate_value":0.09474218916147947}
{"op_code":7,"worker_id":"8a43f17c-07c0-4588-9f45-3ae858c4f551-126199918092288","trial_id":48,"step":89,"intermediate_value":0.016769012436270714}
{"op_code":7,"worker_id":"b288c2b1-e49e-41d8-afbe-1fb10ef2db45-138861632921600","trial_id":32,"step":108,"intermediate_value":0.017363490536808968}
{"op_code":7,"worker_id":"0a30ba4f-654d-4189-98eb-97fb55b217da-138735477166080","trial_id":51,"step":126,"intermediate_value":0.0967703415080905}
{"op_code":7,"worker_id":"b288c2b1-e49e-41d8-afbe-1fb10ef2db45-138861632921600","trial_id":32,"step":109,"intermediate_value":0.019727333448827267}
{"op_code":7,"worker_id":"0a30ba4f-654d-4189-98eb-97fb55b217da-138735477166080","trial_id":51,"step":127,"intermediate_value":0.09891780000180006}
{"op_code":7,"worker_id":"8a43f17c-07c0-4588-9f45-3ae858c4f551-126199918092288","trial_id":48,"step":90,"intermediate_value":0.02149267867207527}
{"op_code":7,"worker_id":"0a30ba4f-654d-4189-98eb-97fb55b217da-138735477166080","trial_id":51,"step":128,"intermediate_value":0.10130386333912611}
{"op_code":7,"worker_id":"b288c2b1-e49e-41d8-afbe-1fb10ef2db45-138861632921600","trial_id":32,"step":110,"intermediate_value":0.020790157839655876}
{"op_code":7,"worker_id":"0a30ba4f-654d-4189-98eb-97fb55b217da-138735477166080","trial_id":51,"step":129,"intermediate_value":0.10285480599850416}
{"op_code":7,"worker_id":"8a43f17c-07c0-4588-9f45-3ae858c4f551-126199918092288","trial_id":48,"step":91,"intermediate_value":0.023382144048810005}
{"op_code":7,"worker_id":"b288c2b1-e49e-41d8-afbe-1fb10ef2db45-138861632921600","trial_id":32,"step":111,"intermediate_value":0.01984542515128851}
{"op_code":7,"worker_id":"0a30ba4f-654d-4189-98eb-97fb55b217da-138735477166080","trial_id":51,"step":130,"intermediate_value":0.10476365964859724}
{"op_code":7,"worker_id":"0a30ba4f-654d-4189-98eb-97fb55b217da-138735477166080","trial_id":51,"step":131,"intermediate_value":0.1061983834952116}
{"op_code":7,"worker_id":"b288c2b1-e49e-41d8-afbe-1fb10ef2db45-138861632921600","trial_id":32,"step":112,"intermediate_value":0.02291781734675169}
{"op_code":7,"worker_id":"8a43f17c-07c0-4588-9f45-3ae858c4f551-126199918092288","trial_id":48,"step":92,"intermediate_value":0.02515552844852209}
{"op_code":7,"worker_id":"0a30ba4f-654d-4189-98eb-97fb55b217da-138735477166080","trial_id":51,"step":132,"intermediate_value":0.10524395667016506}
{"op_code":7,"worker_id":"b288c2b1-e49e-41d8-afbe-1fb10ef2db45-138861632921600","trial_id":32,"step":113,"intermediate_value":0.016062472946941853}
{"op_code":7,"worker_id":"0a30ba4f-654d-4189-98eb-97fb55b217da-138735477166080","trial_id":51,"step":133,"intermediate_value":0.10607907734811306}
{"op_code":7,"worker_id":"8a43f17c-07c0-4588-9f45-3ae858c4f551-126199918092288","trial_id":48,"step":93,"intermediate_value":0.024799244478344917}
{"op_code":7,"worker_id":"15962467-67e7-4409-b4ae-e830dcbffe7e-130407820439552","trial_id":39,"step":214,"intermediate_value":0.05596862640231848}
{"op_code":7,"worker_id":"0a30ba4f-654d-4189-98eb-97fb55b217da-138735477166080","trial_id":51,"step":134,"intermediate_value":0.10715280286967754}
{"op_code":7,"worker_id":"b288c2b1-e49e-41d8-afbe-1fb10ef2db45-138861632921600","trial_id":32,"step":114,"intermediate_value":0.021144432947039604}
{"op_code":7,"worker_id":"b0c9ae72-81be-4f8d-bdfe-e40fead80a21-133278269722624","trial_id":43,"step":94,"intermediate_value":0.5150537639856339}
{"op_code":7,"worker_id":"15962467-67e7-4409-b4ae-e830dcbffe7e-130407820439552","trial_id":39,"step":215,"intermediate_value":0.055849323980510235}
{"op_code":7,"worker_id":"8a43f17c-07c0-4588-9f45-3ae858c4f551-126199918092288","trial_id":48,"step":94,"intermediate_value":0.02858018595725298}
{"op_code":7,"worker_id":"15962467-67e7-4409-b4ae-e830dcbffe7e-130407820439552","trial_id":39,"step":216,"intermediate_value":0.056803747080266476}
{"op_code":7,"worker_id":"8a43f17c-07c0-4588-9f45-3ae858c4f551-126199918092288","trial_id":48,"step":95,"intermediate_value":0.03106212057173252}
{"op_code":7,"worker_id":"15962467-67e7-4409-b4ae-e830dcbffe7e-130407820439552","trial_id":39,"step":217,"intermediate_value":0.0571616580709815}
{"op_code":7,"worker_id":"8a43f17c-07c0-4588-9f45-3ae858c4f551-126199918092288","trial_id":48,"step":96,"intermediate_value":0.02952491957694292}
{"op_code":7,"worker_id":"15962467-67e7-4409-b4ae-e830dcbffe7e-130407820439552","trial_id":39,"step":218,"intermediate_value":0.05907051172107458}
{"op_code":7,"worker_id":"15962467-67e7-4409-b4ae-e830dcbffe7e-130407820439552","trial_id":39,"step":219,"intermediate_value":0.060740756802260876}
{"op_code":7,"worker_id":"8a43f17c-07c0-4588-9f45-3ae858c4f551-126199918092288","trial_id":48,"step":97,"intermediate_value":0.02881435863673687}
{"op_code":7,"worker_id":"15962467-67e7-4409-b4ae-e830dcbffe7e-130407820439552","trial_id":39,"step":220,"intermediate_value":0.06062145438045263}
{"op_code":7,"worker_id":"a2098b9d-5eba-41cd-b048-cc073efc9089-135653394321408","trial_id":55,"step":57,"intermediate_value":0.037244170904159546}
{"op_code":7,"worker_id":"15962467-67e7-4409-b4ae-e830dcbffe7e-130407820439552","trial_id":39,"step":221,"intermediate_value":0.06038284581154585}
{"op_code":7,"worker_id":"8a43f17c-07c0-4588-9f45-3ae858c4f551-126199918092288","trial_id":48,"step":98,"intermediate_value":0.02905255276709795}
{"op_code":7,"worker_id":"15962467-67e7-4409-b4ae-e830dcbffe7e-130407820439552","trial_id":39,"step":222,"intermediate_value":0.060263543389737606}
{"op_code":7,"worker_id":"b288c2b1-e49e-41d8-afbe-1fb10ef2db45-138861632921600","trial_id":32,"step":115,"intermediate_value":0.019609241746366024}
{"op_code":7,"worker_id":"15962467-67e7-4409-b4ae-e830dcbffe7e-130407820439552","trial_id":39,"step":223,"intermediate_value":0.06014424096792936}
{"op_code":7,"worker_id":"8a43f17c-07c0-4588-9f45-3ae858c4f551-126199918092288","trial_id":48,"step":99,"intermediate_value":0.03519331756979227}
{"op_code":7,"worker_id":"b288c2b1-e49e-41d8-afbe-1fb10ef2db45-138861632921600","trial_id":32,"step":116,"intermediate_value":0.01831023395061493}
{"op_code":7,"worker_id":"15962467-67e7-4409-b4ae-e830dcbffe7e-130407820439552","trial_id":39,"step":224,"intermediate_value":0.06097936164587736}
{"op_code":7,"worker_id":"8a43f17c-07c0-4588-9f45-3ae858c4f551-126199918092288","trial_id":48,"step":100,"intermediate_value":0.0348370335996151}
{"op_code":7,"worker_id":"b288c2b1-e49e-41d8-afbe-1fb10ef2db45-138861632921600","trial_id":32,"step":117,"intermediate_value":0.020081608556210995}
{"op_code":7,"worker_id":"a2098b9d-5eba-41cd-b048-cc073efc9089-135653394321408","trial_id":55,"step":58,"intermediate_value":0.03497433103621006}
{"op_code":7,"worker_id":"b0c9ae72-81be-4f8d-bdfe-e40fead80a21-133278269722624","trial_id":43,"step":95,"intermediate_value":0.5129032265394926}
{"op_code":7,"worker_id":"b0c9ae72-81be-4f8d-bdfe-e40fead80a21-133278269722624","trial_id":43,"step":96,"intermediate_value":0.5129032265394926}
{"op_code":7,"worker_id":"b0c9ae72-81be-4f8d-bdfe-e40fead80a21-133278269722624","trial_id":43,"step":97,"intermediate_value":0.5129032265394926}
{"op_code":7,"worker_id":"a2098b9d-5eba-41cd-b048-cc073efc9089-135653394321408","trial_id":55,"step":59,"intermediate_value":0.03210489358752966}
{"op_code":7,"worker_id":"a2098b9d-5eba-41cd-b048-cc073efc9089-135653394321408","trial_id":55,"step":60,"intermediate_value":0.02959644701331854}
{"op_code":7,"worker_id":"219797d8-fde4-4035-a684-f9b55d950771-124921969557504","trial_id":49,"step":38,"intermediate_value":0.03735115844756365}
{"op_code":7,"worker_id":"15962467-67e7-4409-b4ae-e830dcbffe7e-130407820439552","trial_id":39,"step":225,"intermediate_value":0.06097936164587736}
{"op_code":7,"worker_id":"8a43f17c-07c0-4588-9f45-3ae858c4f551-126199918092288","trial_id":48,"step":101,"intermediate_value":0.03909034002572298}
{"op_code":7,"worker_id":"b288c2b1-e49e-41d8-afbe-1fb10ef2db45-138861632921600","trial_id":32,"step":118,"intermediate_value":0.02208916563540697}
{"op_code":7,"worker_id":"a2098b9d-5eba-41cd-b048-cc073efc9089-135653394321408","trial_id":55,"step":61,"intermediate_value":0.03067017626017332}
{"op_code":7,"worker_id":"15962467-67e7-4409-b4ae-e830dcbffe7e-130407820439552","trial_id":39,"step":226,"intermediate_value":0.061695183627307415}
{"op_code":7,"worker_id":"8a43f17c-07c0-4588-9f45-3ae858c4f551-126199918092288","trial_id":48,"step":102,"intermediate_value":0.04393611755222082}
{"op_code":7,"worker_id":"15962467-67e7-4409-b4ae-e830dcbffe7e-130407820439552","trial_id":39,"step":227,"intermediate_value":0.06408124696463346}
{"op_code":7,"worker_id":"219797d8-fde4-4035-a684-f9b55d950771-124921969557504","trial_id":49,"step":39,"intermediate_value":0.04201014246791601}
{"op_code":7,"worker_id":"a2098b9d-5eba-41cd-b048-cc073efc9089-135653394321408","trial_id":55,"step":62,"intermediate_value":0.03126669209450483}
{"op_code":7,"worker_id":"15962467-67e7-4409-b4ae-e830dcbffe7e-130407820439552","trial_id":39,"step":228,"intermediate_value":0.06455846037715673}
{"op_code":7,"worker_id":"b288c2b1-e49e-41d8-afbe-1fb10ef2db45-138861632921600","trial_id":32,"step":119,"intermediate_value":0.01700720563530922}
{"op_code":7,"worker_id":"8a43f17c-07c0-4588-9f45-3ae858c4f551-126199918092288","trial_id":48,"step":103,"intermediate_value":0.045705484226346016}
{"op_code":7,"worker_id":"15962467-67e7-4409-b4ae-e830dcbffe7e-130407820439552","trial_id":39,"step":229,"intermediate_value":0.06443915795534849}
{"op_code":7,"worker_id":"b0c9ae72-81be-4f8d-bdfe-e40fead80a21-133278269722624","trial_id":43,"step":98,"intermediate_value":0.5129032265394926}
{"op_code":7,"worker_id":"15962467-67e7-4409-b4ae-e830dcbffe7e-130407820439552","trial_id":39,"step":230,"intermediate_value":0.06431985553354025}
{"op_code":7,"worker_id":"15962467-67e7-4409-b4ae-e830dcbffe7e-130407820439552","trial_id":39,"step":231,"intermediate_value":0.06443915795534849}
{"op_code":7,"worker_id":"b0c9ae72-81be-4f8d-bdfe-e40fead80a21-133278269722624","trial_id":43,"step":99,"intermediate_value":0.5129032265394926}
{"op_code":7,"worker_id":"219797d8-fde4-4035-a684-f9b55d950771-124921969557504","trial_id":49,"step":40,"intermediate_value":0.03520062053576112}
{"op_code":7,"worker_id":"b0c9ae72-81be-4f8d-bdfe-e40fead80a21-133278269722624","trial_id":43,"step":100,"intermediate_value":0.5129032265394926}
{"op_code":7,"worker_id":"b0c9ae72-81be-4f8d-bdfe-e40fead80a21-133278269722624","trial_id":43,"step":101,"intermediate_value":0.5129032265394926}
{"op_code":7,"worker_id":"219797d8-fde4-4035-a684-f9b55d950771-124921969557504","trial_id":49,"step":41,"intermediate_value":0.03758976515382528}
{"op_code":7,"worker_id":"b0c9ae72-81be-4f8d-bdfe-e40fead80a21-133278269722624","trial_id":43,"step":102,"intermediate_value":0.5129032265394926}
{"op_code":7,"worker_id":"0447dc80-4ad8-4169-a6fe-da2d6c1fe77c-138417116717056","trial_id":38,"step":76,"intermediate_value":0.014297128189355135}
{"op_code":7,"worker_id":"b0c9ae72-81be-4f8d-bdfe-e40fead80a21-133278269722624","trial_id":43,"step":103,"intermediate_value":0.5129032265394926}
{"op_code":7,"worker_id":"0447dc80-4ad8-4169-a6fe-da2d6c1fe77c-138417116717056","trial_id":38,"step":77,"intermediate_value":0.010396084282547235}
{"op_code":7,"worker_id":"b0c9ae72-81be-4f8d-bdfe-e40fead80a21-133278269722624","trial_id":43,"step":104,"intermediate_value":0.5129032265394926}
{"op_code":7,"worker_id":"0447dc80-4ad8-4169-a6fe-da2d6c1fe77c-138417116717056","trial_id":38,"step":78,"intermediate_value":0.010514175985008478}
{"op_code":7,"worker_id":"b0c9ae72-81be-4f8d-bdfe-e40fead80a21-133278269722624","trial_id":43,"step":105,"intermediate_value":0.5129032265394926}
{"op_code":7,"worker_id":"0447dc80-4ad8-4169-a6fe-da2d6c1fe77c-138417116717056","trial_id":38,"step":79,"intermediate_value":0.010514175985008478}
{"op_code":7,"worker_id":"b0c9ae72-81be-4f8d-bdfe-e40fead80a21-133278269722624","trial_id":43,"step":106,"intermediate_value":0.5129032265394926}
{"op_code":7,"worker_id":"0447dc80-4ad8-4169-a6fe-da2d6c1fe77c-138417116717056","trial_id":38,"step":80,"intermediate_value":0.018788630608469248}
{"op_code":7,"worker_id":"b0c9ae72-81be-4f8d-bdfe-e40fead80a21-133278269722624","trial_id":43,"step":107,"intermediate_value":0.5129032265394926}
{"op_code":7,"worker_id":"0447dc80-4ad8-4169-a6fe-da2d6c1fe77c-138417116717056","trial_id":38,"step":81,"intermediate_value":0.018788630608469248}
{"op_code":7,"worker_id":"b0c9ae72-81be-4f8d-bdfe-e40fead80a21-133278269722624","trial_id":43,"step":108,"intermediate_value":0.5129032265394926}
{"op_code":7,"worker_id":"0447dc80-4ad8-4169-a6fe-da2d6c1fe77c-138417116717056","trial_id":38,"step":82,"intermediate_value":0.018788630608469248}
{"op_code":7,"worker_id":"0447dc80-4ad8-4169-a6fe-da2d6c1fe77c-138417116717056","trial_id":38,"step":83,"intermediate_value":0.018788630608469248}
{"op_code":7,"worker_id":"0447dc80-4ad8-4169-a6fe-da2d6c1fe77c-138417116717056","trial_id":38,"step":84,"intermediate_value":0.018788630608469248}
{"op_code":7,"worker_id":"0447dc80-4ad8-4169-a6fe-da2d6c1fe77c-138417116717056","trial_id":38,"step":85,"intermediate_value":0.018788630608469248}
{"op_code":7,"worker_id":"0447dc80-4ad8-4169-a6fe-da2d6c1fe77c-138417116717056","trial_id":38,"step":86,"intermediate_value":0.018788630608469248}
{"op_code":7,"worker_id":"0447dc80-4ad8-4169-a6fe-da2d6c1fe77c-138417116717056","trial_id":38,"step":87,"intermediate_value":0.014769494999200106}
{"op_code":7,"worker_id":"38c72711-3d75-48a8-a479-bb713d90eb3c-133136419479552","trial_id":50,"step":234,"intermediate_value":0.463153762742877}
{"op_code":7,"worker_id":"871add6e-a47b-4710-b4c8-b7fd23719e8b-134882817724416","trial_id":52,"step":168,"intermediate_value":0.033304084092378616}
{"op_code":7,"worker_id":"38c72711-3d75-48a8-a479-bb713d90eb3c-133136419479552","trial_id":50,"step":235,"intermediate_value":0.46327306143939495}
{"op_code":7,"worker_id":"871add6e-a47b-4710-b4c8-b7fd23719e8b-134882817724416","trial_id":52,"step":169,"intermediate_value":0.03354269079864025}
{"op_code":7,"worker_id":"38c72711-3d75-48a8-a479-bb713d90eb3c-133136419479552","trial_id":50,"step":236,"intermediate_value":0.4654205273836851}
{"op_code":7,"worker_id":"871add6e-a47b-4710-b4c8-b7fd23719e8b-134882817724416","trial_id":52,"step":170,"intermediate_value":0.03366199508309364}
{"op_code":7,"worker_id":"38c72711-3d75-48a8-a479-bb713d90eb3c-133136419479552","trial_id":50,"step":237,"intermediate_value":0.46792281698435545}
{"op_code":7,"worker_id":"871add6e-a47b-4710-b4c8-b7fd23719e8b-134882817724416","trial_id":52,"step":171,"intermediate_value":0.03509671241044998}
{"op_code":7,"worker_id":"871add6e-a47b-4710-b4c8-b7fd23719e8b-134882817724416","trial_id":52,"step":172,"intermediate_value":0.03067633416503668}
{"op_code":7,"worker_id":"871add6e-a47b-4710-b4c8-b7fd23719e8b-134882817724416","trial_id":52,"step":173,"intermediate_value":0.031511456705629826}
{"op_code":7,"worker_id":"871add6e-a47b-4710-b4c8-b7fd23719e8b-134882817724416","trial_id":52,"step":174,"intermediate_value":0.0318693658336997}
{"op_code":7,"worker_id":"38c72711-3d75-48a8-a479-bb713d90eb3c-133136419479552","trial_id":50,"step":238,"intermediate_value":0.4693575333803892}
{"op_code":7,"worker_id":"871add6e-a47b-4710-b4c8-b7fd23719e8b-134882817724416","trial_id":52,"step":175,"intermediate_value":0.03353961277753115}
{"op_code":7,"worker_id":"38c72711-3d75-48a8-a479-bb713d90eb3c-133136419479552","trial_id":50,"step":239,"intermediate_value":0.4721014928072691}
{"op_code":7,"worker_id":"871add6e-a47b-4710-b4c8-b7fd23719e8b-134882817724416","trial_id":52,"step":176,"intermediate_value":0.03306239936500788}
{"op_code":7,"worker_id":"38c72711-3d75-48a8-a479-bb713d90eb3c-133136419479552","trial_id":50,"step":240,"intermediate_value":0.47484548203647137}
{"op_code":7,"worker_id":"871add6e-a47b-4710-b4c8-b7fd23719e8b-134882817724416","trial_id":52,"step":177,"intermediate_value":0.033184781670570374}
{"op_code":7,"worker_id":"38c72711-3d75-48a8-a479-bb713d90eb3c-133136419479552","trial_id":50,"step":241,"intermediate_value":0.4772284431383014}
{"op_code":7,"worker_id":"871add6e-a47b-4710-b4c8-b7fd23719e8b-134882817724416","trial_id":52,"step":178,"intermediate_value":0.03401990421116352}
{"op_code":7,"worker_id":"988bc229-147d-4984-ba60-2fb82aca9a8b-134485039202304","trial_id":42,"step":84,"intermediate_value":0.029835053719580173}
{"op_code":7,"worker_id":"38c72711-3d75-48a8-a479-bb713d90eb3c-133136419479552","trial_id":50,"step":242,"intermediate_value":0.47806359361857176}
{"op_code":7,"worker_id":"871add6e-a47b-4710-b4c8-b7fd23719e8b-134882817724416","trial_id":52,"step":179,"intermediate_value":0.03222727682441473}
{"op_code":7,"worker_id":"38c72711-3d75-48a8-a479-bb713d90eb3c-133136419479552","trial_id":50,"step":243,"intermediate_value":0.47925968281924725}
{"op_code":7,"worker_id":"871add6e-a47b-4710-b4c8-b7fd23719e8b-134882817724416","trial_id":52,"step":180,"intermediate_value":0.03640596941113472}
{"op_code":7,"worker_id":"38c72711-3d75-48a8-a479-bb713d90eb3c-133136419479552","trial_id":50,"step":244,"intermediate_value":0.4820036720484495}
{"op_code":7,"worker_id":"871add6e-a47b-4710-b4c8-b7fd23719e8b-134882817724416","trial_id":52,"step":181,"intermediate_value":0.03473264444619417}
{"op_code":7,"worker_id":"38c72711-3d75-48a8-a479-bb713d90eb3c-133136419479552","trial_id":50,"step":245,"intermediate_value":0.47913731168955564}
{"op_code":7,"worker_id":"988bc229-147d-4984-ba60-2fb82aca9a8b-134485039202304","trial_id":42,"step":85,"intermediate_value":0.029357840307056904}
{"op_code":7,"worker_id":"871add6e-a47b-4710-b4c8-b7fd23719e8b-134882817724416","trial_id":52,"step":182,"intermediate_value":0.03509055357426405}
{"op_code":7,"worker_id":"871add6e-a47b-4710-b4c8-b7fd23719e8b-134882817724416","trial_id":52,"step":183,"intermediate_value":0.034851948730647564}
{"op_code":7,"worker_id":"871add6e-a47b-4710-b4c8-b7fd23719e8b-134882817724416","trial_id":52,"step":184,"intermediate_value":0.03556776698678732}
{"op_code":7,"worker_id":"871add6e-a47b-4710-b4c8-b7fd23719e8b-134882817724416","trial_id":52,"step":185,"intermediate_value":0.0374766206368804}
{"op_code":7,"worker_id":"871add6e-a47b-4710-b4c8-b7fd23719e8b-134882817724416","trial_id":52,"step":186,"intermediate_value":0.03723801393061876}
{"op_code":7,"worker_id":"871add6e-a47b-4710-b4c8-b7fd23719e8b-134882817724416","trial_id":52,"step":187,"intermediate_value":0.03604498039931059}
{"op_code":7,"worker_id":"871add6e-a47b-4710-b4c8-b7fd23719e8b-134882817724416","trial_id":52,"step":188,"intermediate_value":0.03843412548303604}
{"op_code":7,"worker_id":"871add6e-a47b-4710-b4c8-b7fd23719e8b-134882817724416","trial_id":52,"step":189,"intermediate_value":0.03736039623618126}
{"op_code":7,"worker_id":"871add6e-a47b-4710-b4c8-b7fd23719e8b-134882817724416","trial_id":52,"step":190,"intermediate_value":0.03771522548049688}
{"op_code":7,"worker_id":"871add6e-a47b-4710-b4c8-b7fd23719e8b-134882817724416","trial_id":52,"step":191,"intermediate_value":0.04045920167118311}
{"op_code":7,"worker_id":"871add6e-a47b-4710-b4c8-b7fd23719e8b-134882817724416","trial_id":52,"step":192,"intermediate_value":0.03771522548049688}
{"op_code":7,"worker_id":"871add6e-a47b-4710-b4c8-b7fd23719e8b-134882817724416","trial_id":52,"step":193,"intermediate_value":0.037357316352427006}
{"op_code":7,"worker_id":"871add6e-a47b-4710-b4c8-b7fd23719e8b-134882817724416","trial_id":52,"step":194,"intermediate_value":0.03759592305868864}
{"op_code":7,"worker_id":"871add6e-a47b-4710-b4c8-b7fd23719e8b-134882817724416","trial_id":52,"step":195,"intermediate_value":0.03723801393061876}
{"op_code":7,"worker_id":"871add6e-a47b-4710-b4c8-b7fd23719e8b-134882817724416","trial_id":52,"step":196,"intermediate_value":0.03699940722435713}
{"op_code":7,"worker_id":"871add6e-a47b-4710-b4c8-b7fd23719e8b-134882817724416","trial_id":52,"step":197,"intermediate_value":0.036880102939903736}
{"op_code":7,"worker_id":"871add6e-a47b-4710-b4c8-b7fd23719e8b-134882817724416","trial_id":52,"step":198,"intermediate_value":0.03723801393061876}
{"op_code":7,"worker_id":"871add6e-a47b-4710-b4c8-b7fd23719e8b-134882817724416","trial_id":52,"step":199,"intermediate_value":0.0374766206368804}
{"op_code":7,"worker_id":"8a43f17c-07c0-4588-9f45-3ae858c4f551-126199918092288","trial_id":48,"step":104,"intermediate_value":0.04487683344632387}
{"op_code":7,"worker_id":"38c72711-3d75-48a8-a479-bb713d90eb3c-133136419479552","trial_id":50,"step":246,"intermediate_value":0.47937590908259153}
{"op_code":7,"worker_id":"871add6e-a47b-4710-b4c8-b7fd23719e8b-134882817724416","trial_id":52,"step":200,"intermediate_value":0.03711870964616537}
{"op_code":7,"worker_id":"38c72711-3d75-48a8-a479-bb713d90eb3c-133136419479552","trial_id":50,"step":247,"intermediate_value":0.48916186206042767}
{"op_code":7,"worker_id":"871add6e-a47b-4710-b4c8-b7fd23719e8b-134882817724416","trial_id":52,"step":201,"intermediate_value":0.03843104559928179}
{"op_code":7,"worker_id":"38c72711-3d75-48a8-a479-bb713d90eb3c-133136419479552","trial_id":50,"step":248,"intermediate_value":0.47985620610415936}
{"op_code":7,"worker_id":"871add6e-a47b-4710-b4c8-b7fd23719e8b-134882817724416","trial_id":52,"step":202,"intermediate_value":0.03855034988373518}
{"op_code":7,"worker_id":"38c72711-3d75-48a8-a479-bb713d90eb3c-133136419479552","trial_id":50,"step":249,"intermediate_value":0.4842704366892576}
{"op_code":7,"worker_id":"871add6e-a47b-4710-b4c8-b7fd23719e8b-134882817724416","trial_id":52,"step":203,"intermediate_value":0.040697808377444744}
{"op_code":7,"worker_id":"38c72711-3d75-48a8-a479-bb713d90eb3c-133136419479552","trial_id":50,"step":250,"intermediate_value":0.4817619724199176}
{"op_code":7,"worker_id":"871add6e-a47b-4710-b4c8-b7fd23719e8b-134882817724416","trial_id":52,"step":204,"intermediate_value":0.040697808377444744}
{"op_code":7,"worker_id":"38c72711-3d75-48a8-a479-bb713d90eb3c-133136419479552","trial_id":50,"step":251,"intermediate_value":0.4827164215967059}
{"op_code":7,"worker_id":"871add6e-a47b-4710-b4c8-b7fd23719e8b-134882817724416","trial_id":52,"step":205,"intermediate_value":0.0422518290579319}
{"op_code":7,"worker_id":"38c72711-3d75-48a8-a479-bb713d90eb3c-133136419479552","trial_id":50,"step":252,"intermediate_value":0.489158789627254}
{"op_code":7,"worker_id":"871add6e-a47b-4710-b4c8-b7fd23719e8b-134882817724416","trial_id":52,"step":206,"intermediate_value":0.04273212142288685}
{"op_code":7,"worker_id":"38c72711-3d75-48a8-a479-bb713d90eb3c-133136419479552","trial_id":50,"step":253,"intermediate_value":0.4909514021128416}
{"op_code":7,"worker_id":"871add6e-a47b-4710-b4c8-b7fd23719e8b-134882817724416","trial_id":52,"step":207,"intermediate_value":0.04177461750805378}
{"op_code":7,"worker_id":"38c72711-3d75-48a8-a479-bb713d90eb3c-133136419479552","trial_id":50,"step":254,"intermediate_value":0.48760784696787596}
{"op_code":7,"worker_id":"871add6e-a47b-4710-b4c8-b7fd23719e8b-134882817724416","trial_id":52,"step":208,"intermediate_value":0.03950477484613657}
{"op_code":7,"worker_id":"38c72711-3d75-48a8-a479-bb713d90eb3c-133136419479552","trial_id":50,"step":255,"intermediate_value":0.49202204775065184}
{"op_code":7,"worker_id":"871add6e-a47b-4710-b4c8-b7fd23719e8b-134882817724416","trial_id":52,"step":209,"intermediate_value":0.04213252663612366}
{"op_code":7,"worker_id":"38c72711-3d75-48a8-a479-bb713d90eb3c-133136419479552","trial_id":50,"step":256,"intermediate_value":0.492499272339046}
{"op_code":7,"worker_id":"871add6e-a47b-4710-b4c8-b7fd23719e8b-134882817724416","trial_id":52,"step":210,"intermediate_value":0.04272904247045517}
{"op_code":7,"worker_id":"38c72711-3d75-48a8-a479-bb713d90eb3c-133136419479552","trial_id":50,"step":257,"intermediate_value":0.4939309163019061}
{"op_code":7,"worker_id":"871add6e-a47b-4710-b4c8-b7fd23719e8b-134882817724416","trial_id":52,"step":211,"intermediate_value":0.04738802835345268}
{"op_code":7,"worker_id":"38c72711-3d75-48a8-a479-bb713d90eb3c-133136419479552","trial_id":50,"step":258,"intermediate_value":0.4964362783357501}
{"op_code":7,"worker_id":"871add6e-a47b-4710-b4c8-b7fd23719e8b-134882817724416","trial_id":52,"step":212,"intermediate_value":0.042248751036822796}
{"op_code":7,"worker_id":"38c72711-3d75-48a8-a479-bb713d90eb3c-133136419479552","trial_id":50,"step":259,"intermediate_value":0.4996605645865202}
{"op_code":7,"worker_id":"871add6e-a47b-4710-b4c8-b7fd23719e8b-134882817724416","trial_id":52,"step":213,"intermediate_value":0.042248751036822796}
{"op_code":7,"worker_id":"38c72711-3d75-48a8-a479-bb713d90eb3c-133136419479552","trial_id":50,"step":260,"intermediate_value":0.4991802675649524}
{"op_code":7,"worker_id":"871add6e-a47b-4710-b4c8-b7fd23719e8b-134882817724416","trial_id":52,"step":214,"intermediate_value":0.04379969369620085}
{"op_code":7,"worker_id":"38c72711-3d75-48a8-a479-bb713d90eb3c-133136419479552","trial_id":50,"step":261,"intermediate_value":0.4984644455835223}
{"op_code":7,"worker_id":"871add6e-a47b-4710-b4c8-b7fd23719e8b-134882817724416","trial_id":52,"step":215,"intermediate_value":0.046066454611718655}
{"op_code":7,"worker_id":"38c72711-3d75-48a8-a479-bb713d90eb3c-133136419479552","trial_id":50,"step":262,"intermediate_value":0.5030010472983122}
{"op_code":7,"worker_id":"8a43f17c-07c0-4588-9f45-3ae858c4f551-126199918092288","trial_id":48,"step":105,"intermediate_value":0.046766296960413456}
{"op_code":7,"worker_id":"871add6e-a47b-4710-b4c8-b7fd23719e8b-134882817724416","trial_id":52,"step":216,"intermediate_value":0.04546993877738714}
{"op_code":7,"worker_id":"38c72711-3d75-48a8-a479-bb713d90eb3c-133136419479552","trial_id":50,"step":263,"intermediate_value":0.49822581838816404}
{"op_code":7,"worker_id":"15962467-67e7-4409-b4ae-e830dcbffe7e-130407820439552","trial_id":39,"step":232,"intermediate_value":0.06408124696463346}
{"op_code":7,"worker_id":"0a30ba4f-654d-4189-98eb-97fb55b217da-138735477166080","trial_id":51,"step":135,"intermediate_value":0.10762694012373686}
{"op_code":7,"worker_id":"871add6e-a47b-4710-b4c8-b7fd23719e8b-134882817724416","trial_id":52,"step":217,"intermediate_value":0.04594715218991041}
{"op_code":7,"worker_id":"8a43f17c-07c0-4588-9f45-3ae858c4f551-126199918092288","trial_id":48,"step":106,"intermediate_value":0.05125779937952757}
{"op_code":7,"worker_id":"988bc229-147d-4984-ba60-2fb82aca9a8b-134485039202304","trial_id":42,"step":86,"intermediate_value":0.027923122514039278}
{"op_code":7,"worker_id":"38c72711-3d75-48a8-a479-bb713d90eb3c-133136419479552","trial_id":50,"step":264,"intermediate_value":0.5004956852644682}
{"op_code":7,"worker_id":"15962467-67e7-4409-b4ae-e830dcbffe7e-130407820439552","trial_id":39,"step":233,"intermediate_value":0.06336542870849371}
{"op_code":7,"worker_id":"871add6e-a47b-4710-b4c8-b7fd23719e8b-134882817724416","trial_id":52,"step":218,"intermediate_value":0.046543668024241924}
{"op_code":7,"worker_id":"0a30ba4f-654d-4189-98eb-97fb55b217da-138735477166080","trial_id":51,"step":136,"intermediate_value":0.10929718893021345}
{"op_code":7,"worker_id":"38c72711-3d75-48a8-a479-bb713d90eb3c-133136419479552","trial_id":50,"step":265,"intermediate_value":0.5013277037069201}
{"op_code":7,"worker_id":"8a43f17c-07c0-4588-9f45-3ae858c4f551-126199918092288","trial_id":48,"step":107,"intermediate_value":0.05302716605365276}
{"op_code":7,"worker_id":"15962467-67e7-4409-b4ae-e830dcbffe7e-130407820439552","trial_id":39,"step":234,"intermediate_value":0.06431985553354025}
{"op_code":7,"worker_id":"871add6e-a47b-4710-b4c8-b7fd23719e8b-134882817724416","trial_id":52,"step":219,"intermediate_value":0.048452521674335}
{"op_code":7,"worker_id":"0a30ba4f-654d-4189-98eb-97fb55b217da-138735477166080","trial_id":51,"step":137,"intermediate_value":0.11192185711115599}
{"op_code":7,"worker_id":"44c6a450-b07e-4b06-baaf-2f623988bc71-134028377853952","trial_id":46,"step":155,"intermediate_value":0.0199695467017591}
{"op_code":7,"worker_id":"0a30ba4f-654d-4189-98eb-97fb55b217da-138735477166080","trial_id":51,"step":138,"intermediate_value":0.11502374242991209}
{"op_code":7,"worker_id":"44c6a450-b07e-4b06-baaf-2f623988bc71-134028377853952","trial_id":46,"step":156,"intermediate_value":0.01961326226592064}
{"op_code":7,"worker_id":"0a30ba4f-654d-4189-98eb-97fb55b217da-138735477166080","trial_id":51,"step":139,"intermediate_value":0.11573956441134214}
{"op_code":7,"worker_id":"44c6a450-b07e-4b06-baaf-2f623988bc71-134028377853952","trial_id":46,"step":157,"intermediate_value":0.022451481316238642}
{"op_code":7,"worker_id":"0a30ba4f-654d-4189-98eb-97fb55b217da-138735477166080","trial_id":51,"step":140,"intermediate_value":0.11967657040804625}
{"op_code":7,"worker_id":"44c6a450-b07e-4b06-baaf-2f623988bc71-134028377853952","trial_id":46,"step":158,"intermediate_value":0.02316003106534481}
{"op_code":7,"worker_id":"0a30ba4f-654d-4189-98eb-97fb55b217da-138735477166080","trial_id":51,"step":141,"intermediate_value":0.12075029592961073}
{"op_code":7,"worker_id":"0a30ba4f-654d-4189-98eb-97fb55b217da-138735477166080","trial_id":51,"step":142,"intermediate_value":0.12110820692032576}
{"op_code":7,"worker_id":"0a30ba4f-654d-4189-98eb-97fb55b217da-138735477166080","trial_id":51,"step":143,"intermediate_value":0.1212275130674243}
{"op_code":7,"worker_id":"0a30ba4f-654d-4189-98eb-97fb55b217da-138735477166080","trial_id":51,"step":144,"intermediate_value":0.1220626337453723}
{"op_code":7,"worker_id":"0a30ba4f-654d-4189-98eb-97fb55b217da-138735477166080","trial_id":51,"step":145,"intermediate_value":0.12421009223908186}
{"op_code":7,"worker_id":"38c72711-3d75-48a8-a479-bb713d90eb3c-133136419479552","trial_id":50,"step":266,"intermediate_value":0.501808000728488}
{"op_code":7,"worker_id":"0a30ba4f-654d-4189-98eb-97fb55b217da-138735477166080","trial_id":51,"step":146,"intermediate_value":0.12934013735502958}
{"op_code":7,"worker_id":"38c72711-3d75-48a8-a479-bb713d90eb3c-133136419479552","trial_id":50,"step":267,"intermediate_value":0.5025207502767444}
{"op_code":7,"worker_id":"0a30ba4f-654d-4189-98eb-97fb55b217da-138735477166080","trial_id":51,"step":147,"intermediate_value":0.12695406656712294}
{"op_code":7,"worker_id":"38c72711-3d75-48a8-a479-bb713d90eb3c-133136419479552","trial_id":50,"step":268,"intermediate_value":0.5022821528837085}
{"op_code":7,"worker_id":"0a30ba4f-654d-4189-98eb-97fb55b217da-138735477166080","trial_id":51,"step":148,"intermediate_value":0.12421009223908186}
{"op_code":7,"worker_id":"38c72711-3d75-48a8-a479-bb713d90eb3c-133136419479552","trial_id":50,"step":269,"intermediate_value":0.5044295890256763}
{"op_code":7,"worker_id":"0a30ba4f-654d-4189-98eb-97fb55b217da-138735477166080","trial_id":51,"step":149,"intermediate_value":0.12397148739546537}
{"op_code":7,"worker_id":"38c72711-3d75-48a8-a479-bb713d90eb3c-133136419479552","trial_id":50,"step":270,"intermediate_value":0.5051454110071063}
{"op_code":7,"worker_id":"0a30ba4f-654d-4189-98eb-97fb55b217da-138735477166080","trial_id":51,"step":150,"intermediate_value":0.126834767870605}
{"op_code":7,"worker_id":"38c72711-3d75-48a8-a479-bb713d90eb3c-133136419479552","trial_id":50,"step":271,"intermediate_value":0.5072959493845701}
{"op_code":7,"worker_id":"0a30ba4f-654d-4189-98eb-97fb55b217da-138735477166080","trial_id":51,"step":151,"intermediate_value":0.12922083120793104}
{"op_code":7,"worker_id":"38c72711-3d75-48a8-a479-bb713d90eb3c-133136419479552","trial_id":50,"step":272,"intermediate_value":0.5082503985613585}
{"op_code":7,"worker_id":"b0c9ae72-81be-4f8d-bdfe-e40fead80a21-133278269722624","trial_id":43,"step":109,"intermediate_value":0.5129032265394926}
{"op_code":7,"worker_id":"15962467-67e7-4409-b4ae-e830dcbffe7e-130407820439552","trial_id":39,"step":235,"intermediate_value":0.06539358478039503}
{"op_code":7,"worker_id":"0a30ba4f-654d-4189-98eb-97fb55b217da-138735477166080","trial_id":51,"step":152,"intermediate_value":0.12981734704226255}
{"op_code":7,"worker_id":"38c72711-3d75-48a8-a479-bb713d90eb3c-133136419479552","trial_id":50,"step":273,"intermediate_value":0.5045489175245166}
{"op_code":7,"worker_id":"15962467-67e7-4409-b4ae-e830dcbffe7e-130407820439552","trial_id":39,"step":236,"intermediate_value":0.06789895426481962}
{"op_code":7,"worker_id":"0a30ba4f-654d-4189-98eb-97fb55b217da-138735477166080","trial_id":51,"step":153,"intermediate_value":0.1313682897016406}
{"op_code":7,"worker_id":"38c72711-3d75-48a8-a479-bb713d90eb3c-133136419479552","trial_id":50,"step":274,"intermediate_value":0.5062222313135862}
{"op_code":7,"worker_id":"15962467-67e7-4409-b4ae-e830dcbffe7e-130407820439552","trial_id":39,"step":237,"intermediate_value":0.06944989319890738}
{"op_code":7,"worker_id":"0a30ba4f-654d-4189-98eb-97fb55b217da-138735477166080","trial_id":51,"step":154,"intermediate_value":0.13399296533316374}
{"op_code":7,"worker_id":"38c72711-3d75-48a8-a479-bb713d90eb3c-133136419479552","trial_id":50,"step":275,"intermediate_value":0.5050261123105884}
{"op_code":7,"worker_id":"15962467-67e7-4409-b4ae-e830dcbffe7e-130407820439552","trial_id":39,"step":238,"intermediate_value":0.06873407494276762}
{"op_code":7,"worker_id":"0a30ba4f-654d-4189-98eb-97fb55b217da-138735477166080","trial_id":51,"step":155,"intermediate_value":0.13578250538557768}
{"op_code":7,"worker_id":"38c72711-3d75-48a8-a479-bb713d90eb3c-133136419479552","trial_id":50,"step":276,"intermediate_value":0.5052647395059466}
{"op_code":7,"worker_id":"15962467-67e7-4409-b4ae-e830dcbffe7e-130407820439552","trial_id":39,"step":239,"intermediate_value":0.06873407494276762}
{"op_code":7,"worker_id":"0a30ba4f-654d-4189-98eb-97fb55b217da-138735477166080","trial_id":51,"step":156,"intermediate_value":0.13685623835772276}
{"op_code":7,"worker_id":"38c72711-3d75-48a8-a479-bb713d90eb3c-133136419479552","trial_id":50,"step":277,"intermediate_value":0.5039523942396045}
{"op_code":7,"worker_id":"2e3a8247-5dbe-4080-a4ba-f8ab09ec2e50-137397948055552","trial_id":40,"step":111,"intermediate_value":0.2293224334716797}
{"op_code":7,"worker_id":"0a30ba4f-654d-4189-98eb-97fb55b217da-138735477166080","trial_id":51,"step":157,"intermediate_value":0.13995812367647886}
{"op_code":7,"worker_id":"15962467-67e7-4409-b4ae-e830dcbffe7e-130407820439552","trial_id":39,"step":240,"intermediate_value":0.07004641275852919}
{"op_code":7,"worker_id":"38c72711-3d75-48a8-a479-bb713d90eb3c-133136419479552","trial_id":50,"step":278,"intermediate_value":0.5069349808618426}
{"op_code":7,"worker_id":"2e3a8247-5dbe-4080-a4ba-f8ab09ec2e50-137397948055552","trial_id":40,"step":112,"intermediate_value":0.2216839473694563}
{"op_code":7,"worker_id":"38c72711-3d75-48a8-a479-bb713d90eb3c-133136419479552","trial_id":50,"step":279,"intermediate_value":0.5038330955430865}
{"op_code":7,"worker_id":"38c72711-3d75-48a8-a479-bb713d90eb3c-133136419479552","trial_id":50,"step":280,"intermediate_value":0.5050261123105884}
{"op_code":7,"worker_id":"2e3a8247-5dbe-4080-a4ba-f8ab09ec2e50-137397948055552","trial_id":40,"step":113,"intermediate_value":0.22919696103781462}
{"op_code":7,"worker_id":"0a30ba4f-654d-4189-98eb-97fb55b217da-138735477166080","trial_id":51,"step":158,"intermediate_value":0.14270209800451994}
{"op_code":7,"worker_id":"2e3a8247-5dbe-4080-a4ba-f8ab09ec2e50-137397948055552","trial_id":40,"step":114,"intermediate_value":0.21775001287460327}
{"op_code":7,"worker_id":"0a30ba4f-654d-4189-98eb-97fb55b217da-138735477166080","trial_id":51,"step":159,"intermediate_value":0.14747422467917204}
{"op_code":7,"worker_id":"44c6a450-b07e-4b06-baaf-2f623988bc71-134028377853952","trial_id":46,"step":159,"intermediate_value":0.01807807059958577}
{"op_code":7,"worker_id":"2e3a8247-5dbe-4080-a4ba-f8ab09ec2e50-137397948055552","trial_id":40,"step":115,"intermediate_value":0.23326559737324715}
{"op_code":7,"worker_id":"0a30ba4f-654d-4189-98eb-97fb55b217da-138735477166080","trial_id":51,"step":160,"intermediate_value":0.14520747493952513}
{"op_code":7,"worker_id":"44c6a450-b07e-4b06-baaf-2f623988bc71-134028377853952","trial_id":46,"step":160,"intermediate_value":0.024224865715950727}
{"op_code":7,"worker_id":"0a30ba4f-654d-4189-98eb-97fb55b217da-138735477166080","trial_id":51,"step":161,"intermediate_value":0.14759353827685118}
{"op_code":7,"worker_id":"44c6a450-b07e-4b06-baaf-2f623988bc71-134028377853952","trial_id":46,"step":161,"intermediate_value":0.027061074040830135}
{"op_code":7,"worker_id":"0a30ba4f-654d-4189-98eb-97fb55b217da-138735477166080","trial_id":51,"step":162,"intermediate_value":0.14699701499193907}
{"op_code":7,"worker_id":"0a30ba4f-654d-4189-98eb-97fb55b217da-138735477166080","trial_id":51,"step":163,"intermediate_value":0.14723562728613615}
{"op_code":7,"worker_id":"44c6a450-b07e-4b06-baaf-2f623988bc71-134028377853952","trial_id":46,"step":162,"intermediate_value":0.020205730106681585}
{"op_code":7,"worker_id":"0a30ba4f-654d-4189-98eb-97fb55b217da-138735477166080","trial_id":51,"step":164,"intermediate_value":0.147116313688457}
{"op_code":7,"worker_id":"44c6a450-b07e-4b06-baaf-2f623988bc71-134028377853952","trial_id":46,"step":163,"intermediate_value":0.021504738368093967}
{"op_code":7,"worker_id":"0a30ba4f-654d-4189-98eb-97fb55b217da-138735477166080","trial_id":51,"step":165,"intermediate_value":0.1495054643601179}
{"op_code":7,"worker_id":"44c6a450-b07e-4b06-baaf-2f623988bc71-134028377853952","trial_id":46,"step":164,"intermediate_value":0.015832319390028715}
{"op_code":7,"worker_id":"0a30ba4f-654d-4189-98eb-97fb55b217da-138735477166080","trial_id":51,"step":166,"intermediate_value":0.14771592430770397}
{"op_code":7,"worker_id":"44c6a450-b07e-4b06-baaf-2f623988bc71-134028377853952","trial_id":46,"step":165,"intermediate_value":0.019733363762497902}
{"op_code":7,"worker_id":"0a30ba4f-654d-4189-98eb-97fb55b217da-138735477166080","trial_id":51,"step":167,"intermediate_value":0.15081779472529888}
{"op_code":7,"worker_id":"0a30ba4f-654d-4189-98eb-97fb55b217da-138735477166080","trial_id":51,"step":168,"intermediate_value":0.1553513240069151}
{"op_code":7,"worker_id":"0a30ba4f-654d-4189-98eb-97fb55b217da-138735477166080","trial_id":51,"step":169,"intermediate_value":0.15845013689249754}
{"op_code":7,"worker_id":"0a30ba4f-654d-4189-98eb-97fb55b217da-138735477166080","trial_id":51,"step":170,"intermediate_value":0.16071688663214445}
{"op_code":7,"worker_id":"38c72711-3d75-48a8-a479-bb713d90eb3c-133136419479552","trial_id":50,"step":281,"intermediate_value":0.5066963536664844}
{"op_code":7,"worker_id":"44c6a450-b07e-4b06-baaf-2f623988bc71-134028377853952","trial_id":46,"step":166,"intermediate_value":0.022451481316238642}
{"op_code":7,"worker_id":"38c72711-3d75-48a8-a479-bb713d90eb3c-133136419479552","trial_id":50,"step":282,"intermediate_value":0.5072959493845701}
{"op_code":7,"worker_id":"38c72711-3d75-48a8-a479-bb713d90eb3c-133136419479552","trial_id":50,"step":283,"intermediate_value":0.5120711773633957}
{"op_code":7,"worker_id":"38c72711-3d75-48a8-a479-bb713d90eb3c-133136419479552","trial_id":50,"step":284,"intermediate_value":0.5089662205427885}
{"op_code":7,"worker_id":"38c72711-3d75-48a8-a479-bb713d90eb3c-133136419479552","trial_id":50,"step":285,"intermediate_value":0.5088438196107745}
{"op_code":7,"worker_id":"38c72711-3d75-48a8-a479-bb713d90eb3c-133136419479552","trial_id":50,"step":286,"intermediate_value":0.5083665950223804}
{"op_code":7,"worker_id":"38c72711-3d75-48a8-a479-bb713d90eb3c-133136419479552","trial_id":50,"step":287,"intermediate_value":0.5093210441991687}
{"op_code":7,"worker_id":"0a30ba4f-654d-4189-98eb-97fb55b217da-138735477166080","trial_id":51,"step":171,"intermediate_value":0.15821152459830046}
{"op_code":7,"worker_id":"44c6a450-b07e-4b06-baaf-2f623988bc71-134028377853952","trial_id":46,"step":167,"intermediate_value":0.015950411092489958}
{"op_code":7,"worker_id":"38c72711-3d75-48a8-a479-bb713d90eb3c-133136419479552","trial_id":50,"step":288,"intermediate_value":0.5090824170038104}
{"op_code":7,"worker_id":"0a30ba4f-654d-4189-98eb-97fb55b217da-138735477166080","trial_id":51,"step":172,"intermediate_value":0.15845013689249754}
{"op_code":7,"worker_id":"44c6a450-b07e-4b06-baaf-2f623988bc71-134028377853952","trial_id":46,"step":168,"intermediate_value":0.022689674515277147}
{"op_code":7,"worker_id":"38c72711-3d75-48a8-a479-bb713d90eb3c-133136419479552","trial_id":50,"step":289,"intermediate_value":0.5129062980413437}
{"op_code":7,"worker_id":"38c72711-3d75-48a8-a479-bb713d90eb3c-133136419479552","trial_id":50,"step":290,"intermediate_value":0.5140993148088455}
{"op_code":7,"worker_id":"38c72711-3d75-48a8-a479-bb713d90eb3c-133136419479552","trial_id":50,"step":291,"intermediate_value":0.5117101799696684}
{"op_code":7,"worker_id":"38c72711-3d75-48a8-a479-bb713d90eb3c-133136419479552","trial_id":50,"step":292,"intermediate_value":0.5119487773627043}
{"op_code":7,"worker_id":"0a30ba4f-654d-4189-98eb-97fb55b217da-138735477166080","trial_id":51,"step":173,"intermediate_value":0.15475172828882933}
{"op_code":7,"worker_id":"38c72711-3d75-48a8-a479-bb713d90eb3c-133136419479552","trial_id":50,"step":293,"intermediate_value":0.5119487773627043}
{"op_code":7,"worker_id":"0a30ba4f-654d-4189-98eb-97fb55b217da-138735477166080","trial_id":51,"step":174,"intermediate_value":0.15379730891436338}
{"op_code":7,"worker_id":"38c72711-3d75-48a8-a479-bb713d90eb3c-133136419479552","trial_id":50,"step":294,"intermediate_value":0.5123067032545805}
{"op_code":7,"worker_id":"0a30ba4f-654d-4189-98eb-97fb55b217da-138735477166080","trial_id":51,"step":175,"intermediate_value":0.15677988063544035}
{"op_code":7,"worker_id":"38c72711-3d75-48a8-a479-bb713d90eb3c-133136419479552","trial_id":50,"step":295,"intermediate_value":0.5093210441991687}
{"op_code":7,"worker_id":"0a30ba4f-654d-4189-98eb-97fb55b217da-138735477166080","trial_id":51,"step":176,"intermediate_value":0.16107479762285948}
{"op_code":7,"worker_id":"38c72711-3d75-48a8-a479-bb713d90eb3c-133136419479552","trial_id":50,"step":296,"intermediate_value":0.5114715825766325}
{"op_code":7,"worker_id":"0a30ba4f-654d-4189-98eb-97fb55b217da-138735477166080","trial_id":51,"step":177,"intermediate_value":0.1656083269044757}
{"op_code":7,"worker_id":"38c72711-3d75-48a8-a479-bb713d90eb3c-133136419479552","trial_id":50,"step":297,"intermediate_value":0.5142186135053635}
{"op_code":7,"worker_id":"0a30ba4f-654d-4189-98eb-97fb55b217da-138735477166080","trial_id":51,"step":178,"intermediate_value":0.16715926956385374}
{"op_code":7,"worker_id":"38c72711-3d75-48a8-a479-bb713d90eb3c-133136419479552","trial_id":50,"step":298,"intermediate_value":0.5095596415922046}
{"op_code":7,"worker_id":"0a30ba4f-654d-4189-98eb-97fb55b217da-138735477166080","trial_id":51,"step":179,"intermediate_value":0.16882951091974974}
{"op_code":7,"worker_id":"871add6e-a47b-4710-b4c8-b7fd23719e8b-134882817724416","trial_id":52,"step":220,"intermediate_value":0.046066454611718655}
{"op_code":7,"worker_id":"38c72711-3d75-48a8-a479-bb713d90eb3c-133136419479552","trial_id":50,"step":299,"intermediate_value":0.5102754635736346}
{"op_code":7,"worker_id":"0a30ba4f-654d-4189-98eb-97fb55b217da-138735477166080","trial_id":51,"step":180,"intermediate_value":0.17085767816752195}
{"op_code":7,"worker_id":"871add6e-a47b-4710-b4c8-b7fd23719e8b-134882817724416","trial_id":52,"step":221,"intermediate_value":0.04487342294305563}
{"op_code":7,"worker_id":"38c72711-3d75-48a8-a479-bb713d90eb3c-133136419479552","trial_id":50,"step":300,"intermediate_value":0.5140993148088455}
{"op_code":7,"worker_id":"871add6e-a47b-4710-b4c8-b7fd23719e8b-134882817724416","trial_id":52,"step":222,"intermediate_value":0.043680391274392605}
{"op_code":7,"worker_id":"38c72711-3d75-48a8-a479-bb713d90eb3c-133136419479552","trial_id":50,"step":301,"intermediate_value":0.5140993148088455}
{"op_code":7,"worker_id":"871add6e-a47b-4710-b4c8-b7fd23719e8b-134882817724416","trial_id":52,"step":223,"intermediate_value":0.04654674790799618}
{"op_code":7,"worker_id":"38c72711-3d75-48a8-a479-bb713d90eb3c-133136419479552","trial_id":50,"step":302,"intermediate_value":0.5105140609666705}
{"op_code":7,"worker_id":"871add6e-a47b-4710-b4c8-b7fd23719e8b-134882817724416","trial_id":52,"step":224,"intermediate_value":0.048336295410990715}
{"op_code":7,"worker_id":"38c72711-3d75-48a8-a479-bb713d90eb3c-133136419479552","trial_id":50,"step":303,"intermediate_value":0.5101561648771167}
{"op_code":7,"worker_id":"871add6e-a47b-4710-b4c8-b7fd23719e8b-134882817724416","trial_id":52,"step":225,"intermediate_value":0.04809769056737423}
{"op_code":7,"worker_id":"38c72711-3d75-48a8-a479-bb713d90eb3c-133136419479552","trial_id":50,"step":304,"intermediate_value":0.5121874045580626}
{"op_code":7,"worker_id":"871add6e-a47b-4710-b4c8-b7fd23719e8b-134882817724416","trial_id":52,"step":226,"intermediate_value":0.047498094849288464}
{"op_code":7,"worker_id":"38c72711-3d75-48a8-a479-bb713d90eb3c-133136419479552","trial_id":50,"step":305,"intermediate_value":0.5148151367902756}
{"op_code":7,"worker_id":"871add6e-a47b-4710-b4c8-b7fd23719e8b-134882817724416","trial_id":52,"step":227,"intermediate_value":0.051435100845992565}
{"op_code":7,"worker_id":"871add6e-a47b-4710-b4c8-b7fd23719e8b-134882817724416","trial_id":52,"step":228,"intermediate_value":0.05215092282742262}
{"op_code":7,"worker_id":"871add6e-a47b-4710-b4c8-b7fd23719e8b-134882817724416","trial_id":52,"step":229,"intermediate_value":0.05227022524923086}
{"op_code":7,"worker_id":"871add6e-a47b-4710-b4c8-b7fd23719e8b-134882817724416","trial_id":52,"step":230,"intermediate_value":0.05215400271117687}
{"op_code":7,"worker_id":"38c72711-3d75-48a8-a479-bb713d90eb3c-133136419479552","trial_id":50,"step":306,"intermediate_value":0.5103947622701526}
{"op_code":7,"worker_id":"871add6e-a47b-4710-b4c8-b7fd23719e8b-134882817724416","trial_id":52,"step":231,"intermediate_value":0.05203469656407833}
{"op_code":7,"worker_id":"38c72711-3d75-48a8-a479-bb713d90eb3c-133136419479552","trial_id":50,"step":307,"intermediate_value":0.5124260019510984}
{"op_code":7,"worker_id":"871add6e-a47b-4710-b4c8-b7fd23719e8b-134882817724416","trial_id":52,"step":232,"intermediate_value":0.05358563922345638}
{"op_code":7,"worker_id":"38c72711-3d75-48a8-a479-bb713d90eb3c-133136419479552","trial_id":50,"step":308,"intermediate_value":0.5127838980406523}
{"op_code":7,"worker_id":"871add6e-a47b-4710-b4c8-b7fd23719e8b-134882817724416","trial_id":52,"step":233,"intermediate_value":0.051912314258515835}
{"op_code":7,"worker_id":"871add6e-a47b-4710-b4c8-b7fd23719e8b-134882817724416","trial_id":52,"step":234,"intermediate_value":0.05262813623994589}
{"op_code":7,"worker_id":"871add6e-a47b-4710-b4c8-b7fd23719e8b-134882817724416","trial_id":52,"step":235,"intermediate_value":0.05382116790860891}
{"op_code":7,"worker_id":"871add6e-a47b-4710-b4c8-b7fd23719e8b-134882817724416","trial_id":52,"step":236,"intermediate_value":0.05262813623994589}
{"op_code":7,"worker_id":"871add6e-a47b-4710-b4c8-b7fd23719e8b-134882817724416","trial_id":52,"step":237,"intermediate_value":0.049406944774091244}
{"op_code":7,"worker_id":"871add6e-a47b-4710-b4c8-b7fd23719e8b-134882817724416","trial_id":52,"step":238,"intermediate_value":0.052273305132985115}
{"op_code":7,"worker_id":"38c72711-3d75-48a8-a479-bb713d90eb3c-133136419479552","trial_id":50,"step":309,"intermediate_value":0.5103947622701526}
{"op_code":7,"worker_id":"871add6e-a47b-4710-b4c8-b7fd23719e8b-134882817724416","trial_id":52,"step":239,"intermediate_value":0.05262813623994589}
{"op_code":7,"worker_id":"38c72711-3d75-48a8-a479-bb713d90eb3c-133136419479552","trial_id":50,"step":310,"intermediate_value":0.5125453006476164}
{"op_code":7,"worker_id":"871add6e-a47b-4710-b4c8-b7fd23719e8b-134882817724416","trial_id":52,"step":240,"intermediate_value":0.055730017833411694}
{"op_code":7,"worker_id":"38c72711-3d75-48a8-a479-bb713d90eb3c-133136419479552","trial_id":50,"step":311,"intermediate_value":0.5148151367902756}
{"op_code":7,"worker_id":"871add6e-a47b-4710-b4c8-b7fd23719e8b-134882817724416","trial_id":52,"step":241,"intermediate_value":0.05954772513359785}
{"op_code":7,"worker_id":"38c72711-3d75-48a8-a479-bb713d90eb3c-133136419479552","trial_id":50,"step":312,"intermediate_value":0.5150537639856339}
{"op_code":7,"worker_id":"871add6e-a47b-4710-b4c8-b7fd23719e8b-134882817724416","trial_id":52,"step":242,"intermediate_value":0.06181448604911566}
{"op_code":7,"worker_id":"38c72711-3d75-48a8-a479-bb713d90eb3c-133136419479552","trial_id":50,"step":313,"intermediate_value":0.5170849729329348}
{"op_code":7,"worker_id":"b0c9ae72-81be-4f8d-bdfe-e40fead80a21-133278269722624","trial_id":43,"step":110,"intermediate_value":0.5129032265394926}
{"op_code":7,"worker_id":"b288c2b1-e49e-41d8-afbe-1fb10ef2db45-138861632921600","trial_id":32,"step":120,"intermediate_value":0.01854440663009882}
{"op_code":7,"worker_id":"871add6e-a47b-4710-b4c8-b7fd23719e8b-134882817724416","trial_id":52,"step":243,"intermediate_value":0.06372641958296299}
{"op_code":7,"worker_id":"871add6e-a47b-4710-b4c8-b7fd23719e8b-134882817724416","trial_id":52,"step":244,"intermediate_value":0.06301059760153294}
{"op_code":7,"worker_id":"871add6e-a47b-4710-b4c8-b7fd23719e8b-134882817724416","trial_id":52,"step":245,"intermediate_value":0.060263543389737606}
{"op_code":7,"worker_id":"871add6e-a47b-4710-b4c8-b7fd23719e8b-134882817724416","trial_id":52,"step":246,"intermediate_value":0.059667027555406094}
{"op_code":7,"worker_id":"871add6e-a47b-4710-b4c8-b7fd23719e8b-134882817724416","trial_id":52,"step":247,"intermediate_value":0.06181448604911566}
{"op_code":7,"worker_id":"871add6e-a47b-4710-b4c8-b7fd23719e8b-134882817724416","trial_id":52,"step":248,"intermediate_value":0.06396502442657948}
{"op_code":7,"worker_id":"871add6e-a47b-4710-b4c8-b7fd23719e8b-134882817724416","trial_id":52,"step":249,"intermediate_value":0.06480014882981777}
{"op_code":7,"worker_id":"871add6e-a47b-4710-b4c8-b7fd23719e8b-134882817724416","trial_id":52,"step":250,"intermediate_value":0.06551596708595753}
{"op_code":7,"worker_id":"871add6e-a47b-4710-b4c8-b7fd23719e8b-134882817724416","trial_id":52,"step":251,"intermediate_value":0.06396502442657948}
{"op_code":7,"worker_id":"871add6e-a47b-4710-b4c8-b7fd23719e8b-134882817724416","trial_id":52,"step":252,"intermediate_value":0.06157588120549917}
{"op_code":7,"worker_id":"871add6e-a47b-4710-b4c8-b7fd23719e8b-134882817724416","trial_id":52,"step":253,"intermediate_value":0.06086005922406912}
{"op_code":7,"worker_id":"8a43f17c-07c0-4588-9f45-3ae858c4f551-126199918092288","trial_id":48,"step":108,"intermediate_value":0.05479652900248766}
{"op_code":7,"worker_id":"871add6e-a47b-4710-b4c8-b7fd23719e8b-134882817724416","trial_id":52,"step":254,"intermediate_value":0.060740756802260876}
{"op_code":7,"worker_id":"38c72711-3d75-48a8-a479-bb713d90eb3c-133136419479552","trial_id":50,"step":314,"intermediate_value":0.5129032265394926}
{"op_code":7,"worker_id":"871add6e-a47b-4710-b4c8-b7fd23719e8b-134882817724416","trial_id":52,"step":255,"intermediate_value":0.06336542870849371}
{"op_code":7,"worker_id":"0a30ba4f-654d-4189-98eb-97fb55b217da-138735477166080","trial_id":51,"step":181,"intermediate_value":0.16727856826037169}
{"op_code":7,"worker_id":"8a43f17c-07c0-4588-9f45-3ae858c4f551-126199918092288","trial_id":48,"step":109,"intermediate_value":0.06034884788095951}
{"op_code":7,"worker_id":"38c72711-3d75-48a8-a479-bb713d90eb3c-133136419479552","trial_id":50,"step":315,"intermediate_value":0.5106333596631885}
{"op_code":7,"worker_id":"871add6e-a47b-4710-b4c8-b7fd23719e8b-134882817724416","trial_id":52,"step":256,"intermediate_value":0.0667059188708663}
{"op_code":7,"worker_id":"b0c9ae72-81be-4f8d-bdfe-e40fead80a21-133278269722624","trial_id":43,"step":111,"intermediate_value":0.5129032265394926}
{"op_code":7,"worker_id":"0a30ba4f-654d-4189-98eb-97fb55b217da-138735477166080","trial_id":51,"step":182,"intermediate_value":0.16918742191046476}
{"op_code":7,"worker_id":"38c72711-3d75-48a8-a479-bb713d90eb3c-133136419479552","trial_id":50,"step":316,"intermediate_value":0.5127838980406523}
{"op_code":7,"worker_id":"871add6e-a47b-4710-b4c8-b7fd23719e8b-134882817724416","trial_id":52,"step":257,"intermediate_value":0.06825686153024435}
{"op_code":7,"worker_id":"8a43f17c-07c0-4588-9f45-3ae858c4f551-126199918092288","trial_id":48,"step":110,"intermediate_value":0.06530668307095766}
{"op_code":7,"worker_id":"0a30ba4f-654d-4189-98eb-97fb55b217da-138735477166080","trial_id":51,"step":183,"intermediate_value":0.16811368893831968}
{"op_code":7,"worker_id":"b0c9ae72-81be-4f8d-bdfe-e40fead80a21-133278269722624","trial_id":43,"step":112,"intermediate_value":0.5129032265394926}
{"op_code":7,"worker_id":"38c72711-3d75-48a8-a479-bb713d90eb3c-133136419479552","trial_id":50,"step":317,"intermediate_value":0.5150537639856339}
{"op_code":7,"worker_id":"871add6e-a47b-4710-b4c8-b7fd23719e8b-134882817724416","trial_id":52,"step":258,"intermediate_value":0.07076223101466894}
{"op_code":7,"worker_id":"38c72711-3d75-48a8-a479-bb713d90eb3c-133136419479552","trial_id":50,"step":318,"intermediate_value":0.5148151367902756}
{"op_code":7,"worker_id":"0a30ba4f-654d-4189-98eb-97fb55b217da-138735477166080","trial_id":51,"step":184,"intermediate_value":0.1678750915452838}
{"op_code":7,"worker_id":"871add6e-a47b-4710-b4c8-b7fd23719e8b-134882817724416","trial_id":52,"step":259,"intermediate_value":0.06992710661143064}
{"op_code":7,"worker_id":"38c72711-3d75-48a8-a479-bb713d90eb3c-133136419479552","trial_id":50,"step":319,"intermediate_value":0.5150537639856339}
{"op_code":7,"worker_id":"871add6e-a47b-4710-b4c8-b7fd23719e8b-134882817724416","trial_id":52,"step":260,"intermediate_value":0.06873407494276762}
{"op_code":7,"worker_id":"38c72711-3d75-48a8-a479-bb713d90eb3c-133136419479552","trial_id":50,"step":320,"intermediate_value":0.5129032265394926}
{"op_code":7,"worker_id":"871add6e-a47b-4710-b4c8-b7fd23719e8b-134882817724416","trial_id":52,"step":261,"intermediate_value":0.06742174085229635}
{"op_code":7,"worker_id":"38c72711-3d75-48a8-a479-bb713d90eb3c-133136419479552","trial_id":50,"step":321,"intermediate_value":0.5150537639856339}
{"op_code":7,"worker_id":"871add6e-a47b-4710-b4c8-b7fd23719e8b-134882817724416","trial_id":52,"step":262,"intermediate_value":0.06968850176781416}
{"op_code":7,"worker_id":"38c72711-3d75-48a8-a479-bb713d90eb3c-133136419479552","trial_id":50,"step":322,"intermediate_value":0.5150537639856339}
{"op_code":7,"worker_id":"871add6e-a47b-4710-b4c8-b7fd23719e8b-134882817724416","trial_id":52,"step":263,"intermediate_value":0.07481853943318129}
{"op_code":7,"worker_id":"38c72711-3d75-48a8-a479-bb713d90eb3c-133136419479552","trial_id":50,"step":323,"intermediate_value":0.5129032265394926}
{"op_code":7,"worker_id":"871add6e-a47b-4710-b4c8-b7fd23719e8b-134882817724416","trial_id":52,"step":264,"intermediate_value":0.07839764188975096}
{"op_code":7,"worker_id":"38c72711-3d75-48a8-a479-bb713d90eb3c-133136419479552","trial_id":50,"step":324,"intermediate_value":0.5129032265394926}
{"op_code":7,"worker_id":"871add6e-a47b-4710-b4c8-b7fd23719e8b-134882817724416","trial_id":52,"step":265,"intermediate_value":0.08245703391730785}
{"op_code":7,"worker_id":"2e3a8247-5dbe-4080-a4ba-f8ab09ec2e50-137397948055552","trial_id":40,"step":116,"intermediate_value":0.2214484065771103}
{"op_code":7,"worker_id":"38c72711-3d75-48a8-a479-bb713d90eb3c-133136419479552","trial_id":50,"step":325,"intermediate_value":0.5129032265394926}
{"op_code":7,"worker_id":"871add6e-a47b-4710-b4c8-b7fd23719e8b-134882817724416","trial_id":52,"step":266,"intermediate_value":0.0809060912579298}
{"op_code":7,"worker_id":"38c72711-3d75-48a8-a479-bb713d90eb3c-133136419479552","trial_id":50,"step":326,"intermediate_value":0.5150537639856339}
{"op_code":7,"worker_id":"2e3a8247-5dbe-4080-a4ba-f8ab09ec2e50-137397948055552","trial_id":40,"step":117,"intermediate_value":0.23838947713375092}
{"op_code":7,"worker_id":"871add6e-a47b-4710-b4c8-b7fd23719e8b-134882817724416","trial_id":52,"step":267,"intermediate_value":0.08019026927649975}
{"op_code":7,"worker_id":"871add6e-a47b-4710-b4c8-b7fd23719e8b-134882817724416","trial_id":52,"step":268,"intermediate_value":0.08269871771335602}
{"op_code":7,"worker_id":"38c72711-3d75-48a8-a479-bb713d90eb3c-133136419479552","trial_id":50,"step":327,"intermediate_value":0.5172043014317751}
{"op_code":7,"worker_id":"871add6e-a47b-4710-b4c8-b7fd23719e8b-134882817724416","trial_id":52,"step":269,"intermediate_value":0.0768466992303729}
{"op_code":7,"worker_id":"38c72711-3d75-48a8-a479-bb713d90eb3c-133136419479552","trial_id":50,"step":328,"intermediate_value":0.5129032265394926}
{"op_code":7,"worker_id":"15962467-67e7-4409-b4ae-e830dcbffe7e-130407820439552","trial_id":39,"step":241,"intermediate_value":0.06873407494276762}
{"op_code":7,"worker_id":"38c72711-3d75-48a8-a479-bb713d90eb3c-133136419479552","trial_id":50,"step":329,"intermediate_value":0.5127838980406523}
{"op_code":7,"worker_id":"15962467-67e7-4409-b4ae-e830dcbffe7e-130407820439552","trial_id":39,"step":242,"intermediate_value":0.06694452743977308}
{"op_code":7,"worker_id":"38c72711-3d75-48a8-a479-bb713d90eb3c-133136419479552","trial_id":50,"step":330,"intermediate_value":0.5150537639856339}
{"op_code":7,"worker_id":"871add6e-a47b-4710-b4c8-b7fd23719e8b-134882817724416","trial_id":52,"step":270,"intermediate_value":0.07613087724894285}
{"op_code":7,"worker_id":"15962467-67e7-4409-b4ae-e830dcbffe7e-130407820439552","trial_id":39,"step":243,"intermediate_value":0.06777964811772108}
{"op_code":7,"worker_id":"38c72711-3d75-48a8-a479-bb713d90eb3c-133136419479552","trial_id":50,"step":331,"intermediate_value":0.5146958380937576}
{"op_code":7,"worker_id":"15962467-67e7-4409-b4ae-e830dcbffe7e-130407820439552","trial_id":39,"step":244,"intermediate_value":0.06742174085229635}
{"op_code":7,"worker_id":"38c72711-3d75-48a8-a479-bb713d90eb3c-133136419479552","trial_id":50,"step":332,"intermediate_value":0.5129032265394926}
{"op_code":7,"worker_id":"38c72711-3d75-48a8-a479-bb713d90eb3c-133136419479552","trial_id":50,"step":333,"intermediate_value":0.5129032265394926}
{"op_code":7,"worker_id":"38c72711-3d75-48a8-a479-bb713d90eb3c-133136419479552","trial_id":50,"step":334,"intermediate_value":0.5150537639856339}
{"op_code":7,"worker_id":"871add6e-a47b-4710-b4c8-b7fd23719e8b-134882817724416","trial_id":52,"step":271,"intermediate_value":0.07863624673336744}
{"op_code":7,"worker_id":"38c72711-3d75-48a8-a479-bb713d90eb3c-133136419479552","trial_id":50,"step":335,"intermediate_value":0.5172043014317751}
{"op_code":7,"worker_id":"15962467-67e7-4409-b4ae-e830dcbffe7e-130407820439552","trial_id":39,"step":245,"intermediate_value":0.06646731402724981}
{"op_code":7,"worker_id":"871add6e-a47b-4710-b4c8-b7fd23719e8b-134882817724416","trial_id":52,"step":272,"intermediate_value":0.08030649553984404}
{"op_code":7,"worker_id":"38c72711-3d75-48a8-a479-bb713d90eb3c-133136419479552","trial_id":50,"step":336,"intermediate_value":0.5129032265394926}
{"op_code":7,"worker_id":"15962467-67e7-4409-b4ae-e830dcbffe7e-130407820439552","trial_id":39,"step":246,"intermediate_value":0.06682522129267454}
{"op_code":7,"worker_id":"871add6e-a47b-4710-b4c8-b7fd23719e8b-134882817724416","trial_id":52,"step":273,"intermediate_value":0.08424350153654814}
{"op_code":7,"worker_id":"871add6e-a47b-4710-b4c8-b7fd23719e8b-134882817724416","trial_id":52,"step":274,"intermediate_value":0.08388559054583311}
{"op_code":7,"worker_id":"871add6e-a47b-4710-b4c8-b7fd23719e8b-134882817724416","trial_id":52,"step":275,"intermediate_value":0.08388559054583311}
{"op_code":7,"worker_id":"871add6e-a47b-4710-b4c8-b7fd23719e8b-134882817724416","trial_id":52,"step":276,"intermediate_value":0.08185743819922209}
{"op_code":7,"worker_id":"871add6e-a47b-4710-b4c8-b7fd23719e8b-134882817724416","trial_id":52,"step":277,"intermediate_value":0.08054510038346052}
{"op_code":7,"worker_id":"871add6e-a47b-4710-b4c8-b7fd23719e8b-134882817724416","trial_id":52,"step":278,"intermediate_value":0.07911345642060041}
{"op_code":7,"worker_id":"871add6e-a47b-4710-b4c8-b7fd23719e8b-134882817724416","trial_id":52,"step":279,"intermediate_value":0.08090301137417555}
{"op_code":7,"worker_id":"871add6e-a47b-4710-b4c8-b7fd23719e8b-134882817724416","trial_id":52,"step":280,"intermediate_value":0.08305046986788511}
{"op_code":7,"worker_id":"cf9cf729-a546-45d9-bb4d-3718aff6d658-124878650773504","trial_id":47,"step":51,"intermediate_value":0.05119957588613033}
{"op_code":7,"worker_id":"988bc229-147d-4984-ba60-2fb82aca9a8b-134485039202304","trial_id":42,"step":87,"intermediate_value":0.028638940770179033}
{"op_code":7,"worker_id":"871add6e-a47b-4710-b4c8-b7fd23719e8b-134882817724416","trial_id":52,"step":281,"intermediate_value":0.08460449241101742}
{"op_code":7,"worker_id":"cf9cf729-a546-45d9-bb4d-3718aff6d658-124878650773504","trial_id":47,"step":52,"intermediate_value":0.05609408766031265}
{"op_code":7,"worker_id":"871add6e-a47b-4710-b4c8-b7fd23719e8b-134882817724416","trial_id":52,"step":282,"intermediate_value":0.08627473376691341}
{"op_code":7,"worker_id":"871add6e-a47b-4710-b4c8-b7fd23719e8b-134882817724416","trial_id":52,"step":283,"intermediate_value":0.09475450590252876}
{"op_code":7,"worker_id":"988bc229-147d-4984-ba60-2fb82aca9a8b-134485039202304","trial_id":42,"step":88,"intermediate_value":0.03258210700005293}
{"op_code":7,"worker_id":"871add6e-a47b-4710-b4c8-b7fd23719e8b-134882817724416","trial_id":52,"step":284,"intermediate_value":0.0933167040348053}
{"op_code":7,"worker_id":"cf9cf729-a546-45d9-bb4d-3718aff6d658-124878650773504","trial_id":47,"step":53,"intermediate_value":0.05142894294112921}
{"op_code":7,"worker_id":"988bc229-147d-4984-ba60-2fb82aca9a8b-134485039202304","trial_id":42,"step":89,"intermediate_value":0.036644576117396355}
{"op_code":7,"worker_id":"988bc229-147d-4984-ba60-2fb82aca9a8b-134485039202304","trial_id":42,"step":90,"intermediate_value":0.04046843759715557}
{"op_code":7,"worker_id":"cf9cf729-a546-45d9-bb4d-3718aff6d658-124878650773504","trial_id":47,"step":54,"intermediate_value":0.05930911656469107}
{"op_code":7,"worker_id":"988bc229-147d-4984-ba60-2fb82aca9a8b-134485039202304","trial_id":42,"step":91,"intermediate_value":0.03628666698932648}
{"op_code":7,"worker_id":"cf9cf729-a546-45d9-bb4d-3718aff6d658-124878650773504","trial_id":47,"step":55,"intermediate_value":0.06420362927019596}
{"op_code":7,"worker_id":"2e3a8247-5dbe-4080-a4ba-f8ab09ec2e50-137397948055552","trial_id":40,"step":118,"intermediate_value":0.22824561409652233}
{"op_code":7,"worker_id":"b288c2b1-e49e-41d8-afbe-1fb10ef2db45-138861632921600","trial_id":32,"step":121,"intermediate_value":0.0200795978307724}
{"op_code":7,"worker_id":"988bc229-147d-4984-ba60-2fb82aca9a8b-134485039202304","trial_id":42,"step":92,"intermediate_value":0.03377821762114763}
{"op_code":7,"worker_id":"2e3a8247-5dbe-4080-a4ba-f8ab09ec2e50-137397948055552","trial_id":40,"step":119,"intermediate_value":0.24936537444591522}
{"op_code":7,"worker_id":"b288c2b1-e49e-41d8-afbe-1fb10ef2db45-138861632921600","trial_id":32,"step":122,"intermediate_value":0.017597664147615433}
{"op_code":7,"worker_id":"cf9cf729-a546-45d9-bb4d-3718aff6d658-124878650773504","trial_id":47,"step":56,"intermediate_value":0.05977709265425801}
{"op_code":7,"worker_id":"2e3a8247-5dbe-4080-a4ba-f8ab09ec2e50-137397948055552","trial_id":40,"step":120,"intermediate_value":0.2268170565366745}
{"op_code":7,"worker_id":"b288c2b1-e49e-41d8-afbe-1fb10ef2db45-138861632921600","trial_id":32,"step":123,"intermediate_value":0.017125297337770462}
{"op_code":7,"worker_id":"2e3a8247-5dbe-4080-a4ba-f8ab09ec2e50-137397948055552","trial_id":40,"step":121,"intermediate_value":0.24758506380021572}
{"op_code":7,"worker_id":"988bc229-147d-4984-ba60-2fb82aca9a8b-134485039202304","trial_id":42,"step":93,"intermediate_value":0.034374735318124294}
{"op_code":7,"worker_id":"b288c2b1-e49e-41d8-afbe-1fb10ef2db45-138861632921600","trial_id":32,"step":124,"intermediate_value":0.020197689533233643}
{"op_code":7,"worker_id":"2e3a8247-5dbe-4080-a4ba-f8ab09ec2e50-137397948055552","trial_id":40,"step":122,"intermediate_value":0.24781443178653717}
{"op_code":7,"worker_id":"b288c2b1-e49e-41d8-afbe-1fb10ef2db45-138861632921600","trial_id":32,"step":125,"intermediate_value":0.028824410401284695}
{"op_code":7,"worker_id":"2e3a8247-5dbe-4080-a4ba-f8ab09ec2e50-137397948055552","trial_id":40,"step":123,"intermediate_value":0.23456869833171368}
{"op_code":7,"worker_id":"988bc229-147d-4984-ba60-2fb82aca9a8b-134485039202304","trial_id":42,"step":94,"intermediate_value":0.03520985785871744}
{"op_code":7,"worker_id":"b288c2b1-e49e-41d8-afbe-1fb10ef2db45-138861632921600","trial_id":32,"step":126,"intermediate_value":0.02102433145046234}
{"op_code":7,"worker_id":"2e3a8247-5dbe-4080-a4ba-f8ab09ec2e50-137397948055552","trial_id":40,"step":124,"intermediate_value":0.23385903425514698}
{"op_code":7,"worker_id":"b288c2b1-e49e-41d8-afbe-1fb10ef2db45-138861632921600","trial_id":32,"step":127,"intermediate_value":0.0161785539239645}
{"op_code":7,"worker_id":"2e3a8247-5dbe-4080-a4ba-f8ab09ec2e50-137397948055552","trial_id":40,"step":125,"intermediate_value":0.24185234494507313}
{"op_code":7,"worker_id":"988bc229-147d-4984-ba60-2fb82aca9a8b-134485039202304","trial_id":42,"step":95,"intermediate_value":0.03556776698678732}
{"op_code":7,"worker_id":"2e3a8247-5dbe-4080-a4ba-f8ab09ec2e50-137397948055552","trial_id":40,"step":126,"intermediate_value":0.2431646902114153}
{"op_code":7,"worker_id":"b288c2b1-e49e-41d8-afbe-1fb10ef2db45-138861632921600","trial_id":32,"step":128,"intermediate_value":0.017713746055960655}
{"op_code":7,"worker_id":"0447dc80-4ad8-4169-a6fe-da2d6c1fe77c-138417116717056","trial_id":38,"step":88,"intermediate_value":0.014769494999200106}
{"op_code":7,"worker_id":"b0c9ae72-81be-4f8d-bdfe-e40fead80a21-133278269722624","trial_id":43,"step":113,"intermediate_value":0.5129032265394926}
{"op_code":7,"worker_id":"219797d8-fde4-4035-a684-f9b55d950771-124921969557504","trial_id":49,"step":42,"intermediate_value":0.03902448434382677}
{"op_code":7,"worker_id":"b288c2b1-e49e-41d8-afbe-1fb10ef2db45-138861632921600","trial_id":32,"step":129,"intermediate_value":0.019369038753211498}
{"op_code":7,"worker_id":"0447dc80-4ad8-4169-a6fe-da2d6c1fe77c-138417116717056","trial_id":38,"step":89,"intermediate_value":0.014769494999200106}
{"op_code":7,"worker_id":"b0c9ae72-81be-4f8d-bdfe-e40fead80a21-133278269722624","trial_id":43,"step":114,"intermediate_value":0.5129032265394926}
{"op_code":7,"worker_id":"988bc229-147d-4984-ba60-2fb82aca9a8b-134485039202304","trial_id":42,"step":96,"intermediate_value":0.037121789529919624}
{"op_code":7,"worker_id":"b288c2b1-e49e-41d8-afbe-1fb10ef2db45-138861632921600","trial_id":32,"step":130,"intermediate_value":0.030357589945197105}
{"op_code":7,"worker_id":"0447dc80-4ad8-4169-a6fe-da2d6c1fe77c-138417116717056","trial_id":38,"step":90,"intermediate_value":0.014769494999200106}
{"op_code":7,"worker_id":"b0c9ae72-81be-4f8d-bdfe-e40fead80a21-133278269722624","trial_id":43,"step":115,"intermediate_value":0.5129032265394926}
{"op_code":7,"worker_id":"0447dc80-4ad8-4169-a6fe-da2d6c1fe77c-138417116717056","trial_id":38,"step":91,"intermediate_value":0.014769494999200106}
{"op_code":7,"worker_id":"b288c2b1-e49e-41d8-afbe-1fb10ef2db45-138861632921600","trial_id":32,"step":131,"intermediate_value":0.026104281656444073}
{"op_code":7,"worker_id":"b0c9ae72-81be-4f8d-bdfe-e40fead80a21-133278269722624","trial_id":43,"step":116,"intermediate_value":0.5129032265394926}
{"op_code":7,"worker_id":"988bc229-147d-4984-ba60-2fb82aca9a8b-134485039202304","trial_id":42,"step":97,"intermediate_value":0.03509055357426405}
{"op_code":7,"worker_id":"b288c2b1-e49e-41d8-afbe-1fb10ef2db45-138861632921600","trial_id":32,"step":132,"intermediate_value":0.025868098251521587}
{"op_code":7,"worker_id":"b0c9ae72-81be-4f8d-bdfe-e40fead80a21-133278269722624","trial_id":43,"step":117,"intermediate_value":0.5129032265394926}
{"op_code":7,"worker_id":"b288c2b1-e49e-41d8-afbe-1fb10ef2db45-138861632921600","trial_id":32,"step":133,"intermediate_value":0.02787766605615616}
{"op_code":7,"worker_id":"2e3a8247-5dbe-4080-a4ba-f8ab09ec2e50-137397948055552","trial_id":40,"step":127,"intermediate_value":0.2381570227444172}
{"op_code":7,"worker_id":"b0c9ae72-81be-4f8d-bdfe-e40fead80a21-133278269722624","trial_id":43,"step":118,"intermediate_value":0.5129032265394926}
{"op_code":7,"worker_id":"2e3a8247-5dbe-4080-a4ba-f8ab09ec2e50-137397948055552","trial_id":40,"step":128,"intermediate_value":0.2528313286602497}
{"op_code":7,"worker_id":"b0c9ae72-81be-4f8d-bdfe-e40fead80a21-133278269722624","trial_id":43,"step":119,"intermediate_value":0.5150537639856339}
{"op_code":7,"worker_id":"2e3a8247-5dbe-4080-a4ba-f8ab09ec2e50-137397948055552","trial_id":40,"step":129,"intermediate_value":0.23564550280570984}
{"op_code":7,"worker_id":"b0c9ae72-81be-4f8d-bdfe-e40fead80a21-133278269722624","trial_id":43,"step":120,"intermediate_value":0.5150537639856339}
{"op_code":7,"worker_id":"b0c9ae72-81be-4f8d-bdfe-e40fead80a21-133278269722624","trial_id":43,"step":121,"intermediate_value":0.5150537639856339}
{"op_code":7,"worker_id":"b0c9ae72-81be-4f8d-bdfe-e40fead80a21-133278269722624","trial_id":43,"step":122,"intermediate_value":0.5150537639856339}
{"op_code":7,"worker_id":"b0c9ae72-81be-4f8d-bdfe-e40fead80a21-133278269722624","trial_id":43,"step":123,"intermediate_value":0.5150537639856339}
{"op_code":7,"worker_id":"b0c9ae72-81be-4f8d-bdfe-e40fead80a21-133278269722624","trial_id":43,"step":124,"intermediate_value":0.5129032265394926}
{"op_code":7,"worker_id":"b0c9ae72-81be-4f8d-bdfe-e40fead80a21-133278269722624","trial_id":43,"step":125,"intermediate_value":0.5129032265394926}
{"op_code":7,"worker_id":"b0c9ae72-81be-4f8d-bdfe-e40fead80a21-133278269722624","trial_id":43,"step":126,"intermediate_value":0.5129032265394926}
{"op_code":7,"worker_id":"a2098b9d-5eba-41cd-b048-cc073efc9089-135653394321408","trial_id":55,"step":63,"intermediate_value":0.03449095878750086}
{"op_code":7,"worker_id":"0447dc80-4ad8-4169-a6fe-da2d6c1fe77c-138417116717056","trial_id":38,"step":92,"intermediate_value":0.014769494999200106}
{"op_code":7,"worker_id":"0a30ba4f-654d-4189-98eb-97fb55b217da-138735477166080","trial_id":51,"step":185,"intermediate_value":0.16692065726965666}
{"op_code":7,"worker_id":"b0c9ae72-81be-4f8d-bdfe-e40fead80a21-133278269722624","trial_id":43,"step":127,"intermediate_value":0.5129032265394926}
{"op_code":7,"worker_id":"871add6e-a47b-4710-b4c8-b7fd23719e8b-134882817724416","trial_id":52,"step":285,"intermediate_value":0.09606375731527805}
{"op_code":7,"worker_id":"15962467-67e7-4409-b4ae-e830dcbffe7e-130407820439552","trial_id":39,"step":247,"intermediate_value":0.06646731402724981}
{"op_code":7,"worker_id":"0447dc80-4ad8-4169-a6fe-da2d6c1fe77c-138417116717056","trial_id":38,"step":93,"intermediate_value":0.014769494999200106}
{"op_code":7,"worker_id":"0a30ba4f-654d-4189-98eb-97fb55b217da-138735477166080","trial_id":51,"step":186,"intermediate_value":0.16906812321394682}
{"op_code":7,"worker_id":"0447dc80-4ad8-4169-a6fe-da2d6c1fe77c-138417116717056","trial_id":38,"step":94,"intermediate_value":0.014769494999200106}
{"op_code":7,"worker_id":"2e3a8247-5dbe-4080-a4ba-f8ab09ec2e50-137397948055552","trial_id":40,"step":130,"intermediate_value":0.24674685671925545}
{"op_code":7,"worker_id":"0a30ba4f-654d-4189-98eb-97fb55b217da-138735477166080","trial_id":51,"step":187,"intermediate_value":0.17085767816752195}
{"op_code":7,"worker_id":"0447dc80-4ad8-4169-a6fe-da2d6c1fe77c-138417116717056","trial_id":38,"step":95,"intermediate_value":0.014769494999200106}
{"op_code":7,"worker_id":"2e3a8247-5dbe-4080-a4ba-f8ab09ec2e50-137397948055552","trial_id":40,"step":131,"intermediate_value":0.25545600429177284}
{"op_code":7,"worker_id":"2e3a8247-5dbe-4080-a4ba-f8ab09ec2e50-137397948055552","trial_id":40,"step":132,"intermediate_value":0.2605829704552889}
{"op_code":7,"worker_id":"2e3a8247-5dbe-4080-a4ba-f8ab09ec2e50-137397948055552","trial_id":40,"step":133,"intermediate_value":0.2521124351769686}
{"op_code":7,"worker_id":"2e3a8247-5dbe-4080-a4ba-f8ab09ec2e50-137397948055552","trial_id":40,"step":134,"intermediate_value":0.24244578182697296}
{"op_code":7,"worker_id":"2e3a8247-5dbe-4080-a4ba-f8ab09ec2e50-137397948055552","trial_id":40,"step":135,"intermediate_value":0.2577166110277176}
{"op_code":7,"worker_id":"2e3a8247-5dbe-4080-a4ba-f8ab09ec2e50-137397948055552","trial_id":40,"step":136,"intermediate_value":0.23445862904191017}
{"op_code":7,"worker_id":"2e3a8247-5dbe-4080-a4ba-f8ab09ec2e50-137397948055552","trial_id":40,"step":137,"intermediate_value":0.2518738228827715}
{"op_code":7,"worker_id":"2e3a8247-5dbe-4080-a4ba-f8ab09ec2e50-137397948055552","trial_id":40,"step":138,"intermediate_value":0.20200813189148903}
{"op_code":7,"worker_id":"0447dc80-4ad8-4169-a6fe-da2d6c1fe77c-138417116717056","trial_id":38,"step":96,"intermediate_value":0.014769494999200106}
{"op_code":7,"worker_id":"2e3a8247-5dbe-4080-a4ba-f8ab09ec2e50-137397948055552","trial_id":40,"step":139,"intermediate_value":0.2533023804426193}
{"op_code":7,"worker_id":"0447dc80-4ad8-4169-a6fe-da2d6c1fe77c-138417116717056","trial_id":38,"step":97,"intermediate_value":0.005668398458510637}
{"op_code":7,"worker_id":"2e3a8247-5dbe-4080-a4ba-f8ab09ec2e50-137397948055552","trial_id":40,"step":140,"intermediate_value":0.20392314344644547}
{"op_code":7,"worker_id":"0447dc80-4ad8-4169-a6fe-da2d6c1fe77c-138417116717056","trial_id":38,"step":98,"intermediate_value":0.014297128189355135}
{"op_code":7,"worker_id":"2e3a8247-5dbe-4080-a4ba-f8ab09ec2e50-137397948055552","trial_id":40,"step":141,"intermediate_value":0.22468808107078075}
{"op_code":7,"worker_id":"0447dc80-4ad8-4169-a6fe-da2d6c1fe77c-138417116717056","trial_id":38,"step":99,"intermediate_value":0.014297128189355135}
{"op_code":7,"worker_id":"38c72711-3d75-48a8-a479-bb713d90eb3c-133136419479552","trial_id":50,"step":337,"intermediate_value":0.5150537639856339}
{"op_code":7,"worker_id":"38c72711-3d75-48a8-a479-bb713d90eb3c-133136419479552","trial_id":50,"step":338,"intermediate_value":0.5172043014317751}
{"op_code":7,"worker_id":"38c72711-3d75-48a8-a479-bb713d90eb3c-133136419479552","trial_id":50,"step":339,"intermediate_value":0.5172043014317751}
{"op_code":7,"worker_id":"38c72711-3d75-48a8-a479-bb713d90eb3c-133136419479552","trial_id":50,"step":340,"intermediate_value":0.5129032265394926}
{"op_code":7,"worker_id":"38c72711-3d75-48a8-a479-bb713d90eb3c-133136419479552","trial_id":50,"step":341,"intermediate_value":0.5107526881620288}
{"op_code":7,"worker_id":"38c72711-3d75-48a8-a479-bb713d90eb3c-133136419479552","trial_id":50,"step":342,"intermediate_value":0.5129032265394926}
{"op_code":7,"worker_id":"38c72711-3d75-48a8-a479-bb713d90eb3c-133136419479552","trial_id":50,"step":343,"intermediate_value":0.5129032265394926}
{"op_code":7,"worker_id":"38c72711-3d75-48a8-a479-bb713d90eb3c-133136419479552","trial_id":50,"step":344,"intermediate_value":0.5129032265394926}
{"op_code":7,"worker_id":"38c72711-3d75-48a8-a479-bb713d90eb3c-133136419479552","trial_id":50,"step":345,"intermediate_value":0.5150537639856339}
{"op_code":7,"worker_id":"38c72711-3d75-48a8-a479-bb713d90eb3c-133136419479552","trial_id":50,"step":346,"intermediate_value":0.5150537639856339}
{"op_code":7,"worker_id":"38c72711-3d75-48a8-a479-bb713d90eb3c-133136419479552","trial_id":50,"step":347,"intermediate_value":0.5129032265394926}
{"op_code":7,"worker_id":"38c72711-3d75-48a8-a479-bb713d90eb3c-133136419479552","trial_id":50,"step":348,"intermediate_value":0.5150537639856339}
{"op_code":7,"worker_id":"38c72711-3d75-48a8-a479-bb713d90eb3c-133136419479552","trial_id":50,"step":349,"intermediate_value":0.5150537639856339}
{"op_code":7,"worker_id":"38c72711-3d75-48a8-a479-bb713d90eb3c-133136419479552","trial_id":50,"step":350,"intermediate_value":0.5150537639856339}
{"op_code":7,"worker_id":"cf9cf729-a546-45d9-bb4d-3718aff6d658-124878650773504","trial_id":47,"step":57,"intermediate_value":0.07195834256708622}
{"op_code":7,"worker_id":"8a43f17c-07c0-4588-9f45-3ae858c4f551-126199918092288","trial_id":48,"step":111,"intermediate_value":0.06968009378761053}
{"op_code":7,"worker_id":"2e3a8247-5dbe-4080-a4ba-f8ab09ec2e50-137397948055552","trial_id":40,"step":142,"intermediate_value":0.23397833295166492}
{"op_code":7,"worker_id":"b288c2b1-e49e-41d8-afbe-1fb10ef2db45-138861632921600","trial_id":32,"step":134,"intermediate_value":0.027049015276134014}
{"op_code":7,"worker_id":"cf9cf729-a546-45d9-bb4d-3718aff6d658-124878650773504","trial_id":47,"step":58,"intermediate_value":0.07839456293731928}
{"op_code":7,"worker_id":"0447dc80-4ad8-4169-a6fe-da2d6c1fe77c-138417116717056","trial_id":38,"step":100,"intermediate_value":0.014297128189355135}
{"op_code":7,"worker_id":"0447dc80-4ad8-4169-a6fe-da2d6c1fe77c-138417116717056","trial_id":38,"step":101,"intermediate_value":0.014297128189355135}
{"op_code":7,"worker_id":"0447dc80-4ad8-4169-a6fe-da2d6c1fe77c-138417116717056","trial_id":38,"step":102,"intermediate_value":0.014297128189355135}
{"op_code":7,"worker_id":"cf9cf729-a546-45d9-bb4d-3718aff6d658-124878650773504","trial_id":47,"step":59,"intermediate_value":0.08471763227134943}
{"op_code":7,"worker_id":"0447dc80-4ad8-4169-a6fe-da2d6c1fe77c-138417116717056","trial_id":38,"step":103,"intermediate_value":0.014297128189355135}
{"op_code":7,"worker_id":"0447dc80-4ad8-4169-a6fe-da2d6c1fe77c-138417116717056","trial_id":38,"step":104,"intermediate_value":0.014297128189355135}
{"op_code":7,"worker_id":"0447dc80-4ad8-4169-a6fe-da2d6c1fe77c-138417116717056","trial_id":38,"step":105,"intermediate_value":0.014297128189355135}
{"op_code":7,"worker_id":"cf9cf729-a546-45d9-bb4d-3718aff6d658-124878650773504","trial_id":47,"step":60,"intermediate_value":0.0949746361002326}
{"op_code":7,"worker_id":"0447dc80-4ad8-4169-a6fe-da2d6c1fe77c-138417116717056","trial_id":38,"step":106,"intermediate_value":0.020562015008181334}
{"op_code":7,"worker_id":"0447dc80-4ad8-4169-a6fe-da2d6c1fe77c-138417116717056","trial_id":38,"step":107,"intermediate_value":0.020562015008181334}
{"op_code":7,"worker_id":"0447dc80-4ad8-4169-a6fe-da2d6c1fe77c-138417116717056","trial_id":38,"step":108,"intermediate_value":0.020562015008181334}
{"op_code":7,"worker_id":"cf9cf729-a546-45d9-bb4d-3718aff6d658-124878650773504","trial_id":47,"step":61,"intermediate_value":0.11420093849301338}
{"op_code":7,"worker_id":"0447dc80-4ad8-4169-a6fe-da2d6c1fe77c-138417116717056","trial_id":38,"step":109,"intermediate_value":0.020562015008181334}
{"op_code":7,"worker_id":"0447dc80-4ad8-4169-a6fe-da2d6c1fe77c-138417116717056","trial_id":38,"step":110,"intermediate_value":0.020562015008181334}
{"op_code":7,"worker_id":"0447dc80-4ad8-4169-a6fe-da2d6c1fe77c-138417116717056","trial_id":38,"step":111,"intermediate_value":0.02079819841310382}
{"op_code":7,"worker_id":"cf9cf729-a546-45d9-bb4d-3718aff6d658-124878650773504","trial_id":47,"step":62,"intermediate_value":0.11848353873938322}
{"op_code":7,"worker_id":"0447dc80-4ad8-4169-a6fe-da2d6c1fe77c-138417116717056","trial_id":38,"step":112,"intermediate_value":0.02079819841310382}
{"op_code":7,"worker_id":"44c6a450-b07e-4b06-baaf-2f623988bc71-134028377853952","trial_id":46,"step":169,"intermediate_value":0.020914279855787754}
{"op_code":7,"worker_id":"44c6a450-b07e-4b06-baaf-2f623988bc71-134028377853952","trial_id":46,"step":170,"intermediate_value":0.021268554963171482}
{"op_code":7,"worker_id":"44c6a450-b07e-4b06-baaf-2f623988bc71-134028377853952","trial_id":46,"step":171,"intermediate_value":0.01807807059958577}
{"op_code":7,"worker_id":"44c6a450-b07e-4b06-baaf-2f623988bc71-134028377853952","trial_id":46,"step":172,"intermediate_value":0.016186594497412443}
{"op_code":7,"worker_id":"44c6a450-b07e-4b06-baaf-2f623988bc71-134028377853952","trial_id":46,"step":173,"intermediate_value":0.0223333896137774}
{"op_code":7,"worker_id":"44c6a450-b07e-4b06-baaf-2f623988bc71-134028377853952","trial_id":46,"step":174,"intermediate_value":0.024224865715950727}
{"op_code":7,"worker_id":"44c6a450-b07e-4b06-baaf-2f623988bc71-134028377853952","trial_id":46,"step":175,"intermediate_value":0.02398868277668953}
{"op_code":7,"worker_id":"44c6a450-b07e-4b06-baaf-2f623988bc71-134028377853952","trial_id":46,"step":176,"intermediate_value":0.01795997889712453}
{"op_code":7,"worker_id":"44c6a450-b07e-4b06-baaf-2f623988bc71-134028377853952","trial_id":46,"step":177,"intermediate_value":0.01878662034869194}
{"op_code":7,"worker_id":"44c6a450-b07e-4b06-baaf-2f623988bc71-134028377853952","trial_id":46,"step":178,"intermediate_value":0.015478044748306274}
{"op_code":7,"worker_id":"0447dc80-4ad8-4169-a6fe-da2d6c1fe77c-138417116717056","trial_id":38,"step":113,"intermediate_value":0.02079819841310382}
{"op_code":7,"worker_id":"44c6a450-b07e-4b06-baaf-2f623988bc71-134028377853952","trial_id":46,"step":179,"intermediate_value":0.013822751585394144}
{"op_code":7,"worker_id":"0447dc80-4ad8-4169-a6fe-da2d6c1fe77c-138417116717056","trial_id":38,"step":114,"intermediate_value":0.02079819841310382}
{"op_code":7,"worker_id":"b0c9ae72-81be-4f8d-bdfe-e40fead80a21-133278269722624","trial_id":43,"step":128,"intermediate_value":0.5129032265394926}
{"op_code":7,"worker_id":"988bc229-147d-4984-ba60-2fb82aca9a8b-134485039202304","trial_id":42,"step":98,"intermediate_value":0.03568707127124071}
{"op_code":7,"worker_id":"988bc229-147d-4984-ba60-2fb82aca9a8b-134485039202304","trial_id":42,"step":99,"intermediate_value":0.031863209791481495}
{"op_code":7,"worker_id":"871add6e-a47b-4710-b4c8-b7fd23719e8b-134882817724416","trial_id":52,"step":286,"intermediate_value":0.0908113345503807}
{"op_code":7,"worker_id":"8a43f17c-07c0-4588-9f45-3ae858c4f551-126199918092288","trial_id":48,"step":112,"intermediate_value":0.07216001953929663}
{"op_code":7,"worker_id":"44c6a450-b07e-4b06-baaf-2f623988bc71-134028377853952","trial_id":46,"step":180,"intermediate_value":0.018666518852114677}
{"op_code":7,"worker_id":"44c6a450-b07e-4b06-baaf-2f623988bc71-134028377853952","trial_id":46,"step":181,"intermediate_value":0.013466467149555683}
{"op_code":7,"worker_id":"8a43f17c-07c0-4588-9f45-3ae858c4f551-126199918092288","trial_id":48,"step":113,"intermediate_value":0.07711786217987537}
{"op_code":7,"worker_id":"44c6a450-b07e-4b06-baaf-2f623988bc71-134028377853952","trial_id":46,"step":182,"intermediate_value":0.020323821809142828}
{"op_code":7,"worker_id":"8a43f17c-07c0-4588-9f45-3ae858c4f551-126199918092288","trial_id":48,"step":114,"intermediate_value":0.08586065843701363}
{"op_code":7,"worker_id":"44c6a450-b07e-4b06-baaf-2f623988bc71-134028377853952","trial_id":46,"step":183,"intermediate_value":0.025878149084746838}
{"op_code":7,"worker_id":"44c6a450-b07e-4b06-baaf-2f623988bc71-134028377853952","trial_id":46,"step":184,"intermediate_value":0.016540869139134884}
{"op_code":7,"worker_id":"8a43f17c-07c0-4588-9f45-3ae858c4f551-126199918092288","trial_id":48,"step":115,"intermediate_value":0.07817867118865252}
{"op_code":7,"worker_id":"44c6a450-b07e-4b06-baaf-2f623988bc71-134028377853952","trial_id":46,"step":185,"intermediate_value":0.020203719846904278}
{"op_code":7,"worker_id":"8a43f17c-07c0-4588-9f45-3ae858c4f551-126199918092288","trial_id":48,"step":116,"intermediate_value":0.08691745717078447}
{"op_code":7,"worker_id":"44c6a450-b07e-4b06-baaf-2f623988bc71-134028377853952","trial_id":46,"step":186,"intermediate_value":0.011813183780759573}
{"op_code":7,"worker_id":"44c6a450-b07e-4b06-baaf-2f623988bc71-134028377853952","trial_id":46,"step":187,"intermediate_value":0.025641965679824352}
{"op_code":7,"worker_id":"44c6a450-b07e-4b06-baaf-2f623988bc71-134028377853952","trial_id":46,"step":188,"intermediate_value":0.01630267594009638}
{"op_code":7,"worker_id":"44c6a450-b07e-4b06-baaf-2f623988bc71-134028377853952","trial_id":46,"step":189,"intermediate_value":0.02469522226601839}
{"op_code":7,"worker_id":"44c6a450-b07e-4b06-baaf-2f623988bc71-134028377853952","trial_id":46,"step":190,"intermediate_value":0.016540869139134884}
{"op_code":7,"worker_id":"44c6a450-b07e-4b06-baaf-2f623988bc71-134028377853952","trial_id":46,"step":191,"intermediate_value":0.01488557644188404}
{"op_code":7,"worker_id":"44c6a450-b07e-4b06-baaf-2f623988bc71-134028377853952","trial_id":46,"step":192,"intermediate_value":0.023396214470267296}
{"op_code":7,"worker_id":"44c6a450-b07e-4b06-baaf-2f623988bc71-134028377853952","trial_id":46,"step":193,"intermediate_value":0.017485602758824825}
{"op_code":7,"worker_id":"44c6a450-b07e-4b06-baaf-2f623988bc71-134028377853952","trial_id":46,"step":194,"intermediate_value":0.015239851549267769}
{"op_code":7,"worker_id":"38c72711-3d75-48a8-a479-bb713d90eb3c-133136419479552","trial_id":50,"step":351,"intermediate_value":0.5129032265394926}
{"op_code":7,"worker_id":"44c6a450-b07e-4b06-baaf-2f623988bc71-134028377853952","trial_id":46,"step":195,"intermediate_value":0.01795796863734722}
{"op_code":7,"worker_id":"38c72711-3d75-48a8-a479-bb713d90eb3c-133136419479552","trial_id":50,"step":352,"intermediate_value":0.5129032265394926}
{"op_code":7,"worker_id":"0447dc80-4ad8-4169-a6fe-da2d6c1fe77c-138417116717056","trial_id":38,"step":115,"intermediate_value":0.02079819841310382}
{"op_code":7,"worker_id":"44c6a450-b07e-4b06-baaf-2f623988bc71-134028377853952","trial_id":46,"step":196,"intermediate_value":0.012521733529865742}
{"op_code":7,"worker_id":"2e3a8247-5dbe-4080-a4ba-f8ab09ec2e50-137397948055552","trial_id":40,"step":143,"intermediate_value":0.23743505775928497}
{"op_code":7,"worker_id":"38c72711-3d75-48a8-a479-bb713d90eb3c-133136419479552","trial_id":50,"step":353,"intermediate_value":0.5129032265394926}
{"op_code":7,"worker_id":"2e3a8247-5dbe-4080-a4ba-f8ab09ec2e50-137397948055552","trial_id":40,"step":144,"intermediate_value":0.23005980253219604}
{"op_code":7,"worker_id":"38c72711-3d75-48a8-a479-bb713d90eb3c-133136419479552","trial_id":50,"step":354,"intermediate_value":0.5150537639856339}
{"op_code":7,"worker_id":"2e3a8247-5dbe-4080-a4ba-f8ab09ec2e50-137397948055552","trial_id":40,"step":145,"intermediate_value":0.2370925359427929}
{"op_code":7,"worker_id":"38c72711-3d75-48a8-a479-bb713d90eb3c-133136419479552","trial_id":50,"step":355,"intermediate_value":0.5150537639856339}
{"op_code":7,"worker_id":"2e3a8247-5dbe-4080-a4ba-f8ab09ec2e50-137397948055552","trial_id":40,"step":146,"intermediate_value":0.22836492769420147}
{"op_code":7,"worker_id":"38c72711-3d75-48a8-a479-bb713d90eb3c-133136419479552","trial_id":50,"step":356,"intermediate_value":0.5150537639856339}
{"op_code":7,"worker_id":"2e3a8247-5dbe-4080-a4ba-f8ab09ec2e50-137397948055552","trial_id":40,"step":147,"intermediate_value":0.21250374801456928}
{"op_code":7,"worker_id":"38c72711-3d75-48a8-a479-bb713d90eb3c-133136419479552","trial_id":50,"step":357,"intermediate_value":0.5150537639856339}
{"op_code":7,"worker_id":"2e3a8247-5dbe-4080-a4ba-f8ab09ec2e50-137397948055552","trial_id":40,"step":148,"intermediate_value":0.23540381900966167}
{"op_code":7,"worker_id":"38c72711-3d75-48a8-a479-bb713d90eb3c-133136419479552","trial_id":50,"step":358,"intermediate_value":0.5150537639856339}
{"op_code":7,"worker_id":"38c72711-3d75-48a8-a479-bb713d90eb3c-133136419479552","trial_id":50,"step":359,"intermediate_value":0.5129032265394926}
{"op_code":7,"worker_id":"2e3a8247-5dbe-4080-a4ba-f8ab09ec2e50-137397948055552","trial_id":40,"step":149,"intermediate_value":0.23660608008503914}
{"op_code":7,"worker_id":"2e3a8247-5dbe-4080-a4ba-f8ab09ec2e50-137397948055552","trial_id":40,"step":150,"intermediate_value":0.2436511293053627}
{"op_code":7,"worker_id":"2e3a8247-5dbe-4080-a4ba-f8ab09ec2e50-137397948055552","trial_id":40,"step":151,"intermediate_value":0.23123744502663612}
{"op_code":7,"worker_id":"2e3a8247-5dbe-4080-a4ba-f8ab09ec2e50-137397948055552","trial_id":40,"step":152,"intermediate_value":0.2371964454650879}
{"op_code":7,"worker_id":"2e3a8247-5dbe-4080-a4ba-f8ab09ec2e50-137397948055552","trial_id":40,"step":153,"intermediate_value":0.2208642140030861}
{"op_code":7,"worker_id":"2e3a8247-5dbe-4080-a4ba-f8ab09ec2e50-137397948055552","trial_id":40,"step":154,"intermediate_value":0.24818774685263634}
{"op_code":7,"worker_id":"2e3a8247-5dbe-4080-a4ba-f8ab09ec2e50-137397948055552","trial_id":40,"step":155,"intermediate_value":0.21476435475051403}
{"op_code":7,"worker_id":"2e3a8247-5dbe-4080-a4ba-f8ab09ec2e50-137397948055552","trial_id":40,"step":156,"intermediate_value":0.2424550261348486}
{"op_code":7,"worker_id":"2e3a8247-5dbe-4080-a4ba-f8ab09ec2e50-137397948055552","trial_id":40,"step":157,"intermediate_value":0.2616782486438751}
{"op_code":7,"worker_id":"2e3a8247-5dbe-4080-a4ba-f8ab09ec2e50-137397948055552","trial_id":40,"step":158,"intermediate_value":0.21668243780732155}
{"op_code":7,"worker_id":"2e3a8247-5dbe-4080-a4ba-f8ab09ec2e50-137397948055552","trial_id":40,"step":159,"intermediate_value":0.2582061365246773}
{"op_code":7,"worker_id":"2e3a8247-5dbe-4080-a4ba-f8ab09ec2e50-137397948055552","trial_id":40,"step":160,"intermediate_value":0.23412535339593887}
{"op_code":7,"worker_id":"2e3a8247-5dbe-4080-a4ba-f8ab09ec2e50-137397948055552","trial_id":40,"step":161,"intermediate_value":0.24938077852129936}
{"op_code":7,"worker_id":"15962467-67e7-4409-b4ae-e830dcbffe7e-130407820439552","trial_id":39,"step":248,"intermediate_value":0.06718313228338957}
{"op_code":7,"worker_id":"219797d8-fde4-4035-a684-f9b55d950771-124921969557504","trial_id":49,"step":43,"intermediate_value":0.038186280988156796}
{"op_code":7,"worker_id":"219797d8-fde4-4035-a684-f9b55d950771-124921969557504","trial_id":49,"step":44,"intermediate_value":0.037709067575633526}
{"op_code":7,"worker_id":"871add6e-a47b-4710-b4c8-b7fd23719e8b-134882817724416","trial_id":52,"step":287,"intermediate_value":0.09093064069747925}
{"op_code":7,"worker_id":"44c6a450-b07e-4b06-baaf-2f623988bc71-134028377853952","trial_id":46,"step":197,"intermediate_value":0.020203719846904278}
{"op_code":7,"worker_id":"219797d8-fde4-4035-a684-f9b55d950771-124921969557504","trial_id":49,"step":45,"intermediate_value":0.04009821359068155}
{"op_code":7,"worker_id":"2e3a8247-5dbe-4080-a4ba-f8ab09ec2e50-137397948055552","trial_id":40,"step":162,"intermediate_value":0.21788162738084793}
{"op_code":7,"worker_id":"871add6e-a47b-4710-b4c8-b7fd23719e8b-134882817724416","trial_id":52,"step":288,"intermediate_value":0.0904503520578146}
{"op_code":7,"worker_id":"2e3a8247-5dbe-4080-a4ba-f8ab09ec2e50-137397948055552","trial_id":40,"step":163,"intermediate_value":0.23304545879364014}
{"op_code":7,"worker_id":"871add6e-a47b-4710-b4c8-b7fd23719e8b-134882817724416","trial_id":52,"step":289,"intermediate_value":0.09617690555751324}
{"op_code":7,"worker_id":"219797d8-fde4-4035-a684-f9b55d950771-124921969557504","trial_id":49,"step":46,"intermediate_value":0.03627435164526105}
{"op_code":7,"worker_id":"871add6e-a47b-4710-b4c8-b7fd23719e8b-134882817724416","trial_id":52,"step":290,"intermediate_value":0.09856296889483929}
{"op_code":7,"worker_id":"871add6e-a47b-4710-b4c8-b7fd23719e8b-134882817724416","trial_id":52,"step":291,"intermediate_value":0.10118456464260817}
{"op_code":7,"worker_id":"871add6e-a47b-4710-b4c8-b7fd23719e8b-134882817724416","trial_id":52,"step":292,"intermediate_value":0.10345132928341627}
{"op_code":7,"worker_id":"219797d8-fde4-4035-a684-f9b55d950771-124921969557504","trial_id":49,"step":47,"intermediate_value":0.039143786765635014}
{"op_code":7,"worker_id":"871add6e-a47b-4710-b4c8-b7fd23719e8b-134882817724416","trial_id":52,"step":293,"intermediate_value":0.10703042428940535}
{"op_code":7,"worker_id":"871add6e-a47b-4710-b4c8-b7fd23719e8b-134882817724416","trial_id":52,"step":294,"intermediate_value":0.10667251329869032}
{"op_code":7,"worker_id":"871add6e-a47b-4710-b4c8-b7fd23719e8b-134882817724416","trial_id":52,"step":295,"intermediate_value":0.10404784511774778}
{"op_code":7,"worker_id":"219797d8-fde4-4035-a684-f9b55d950771-124921969557504","trial_id":49,"step":48,"intermediate_value":0.04081711079925299}
{"op_code":7,"worker_id":"871add6e-a47b-4710-b4c8-b7fd23719e8b-134882817724416","trial_id":52,"step":296,"intermediate_value":0.10261620115488768}
{"op_code":7,"worker_id":"871add6e-a47b-4710-b4c8-b7fd23719e8b-134882817724416","trial_id":52,"step":297,"intermediate_value":0.1046443609520793}
{"op_code":7,"worker_id":"871add6e-a47b-4710-b4c8-b7fd23719e8b-134882817724416","trial_id":52,"step":298,"intermediate_value":0.10512157063931227}
{"op_code":7,"worker_id":"871add6e-a47b-4710-b4c8-b7fd23719e8b-134882817724416","trial_id":52,"step":299,"intermediate_value":0.10595669131726027}
{"op_code":7,"worker_id":"871add6e-a47b-4710-b4c8-b7fd23719e8b-134882817724416","trial_id":52,"step":300,"intermediate_value":0.11192493699491024}
{"op_code":7,"worker_id":"871add6e-a47b-4710-b4c8-b7fd23719e8b-134882817724416","trial_id":52,"step":301,"intermediate_value":0.10965817235410213}
{"op_code":7,"worker_id":"871add6e-a47b-4710-b4c8-b7fd23719e8b-134882817724416","trial_id":52,"step":302,"intermediate_value":0.10679181944578886}
{"op_code":7,"worker_id":"871add6e-a47b-4710-b4c8-b7fd23719e8b-134882817724416","trial_id":52,"step":303,"intermediate_value":0.10404784511774778}
{"op_code":7,"worker_id":"0a30ba4f-654d-4189-98eb-97fb55b217da-138735477166080","trial_id":51,"step":188,"intermediate_value":0.17288583051413298}
{"op_code":7,"worker_id":"871add6e-a47b-4710-b4c8-b7fd23719e8b-134882817724416","trial_id":52,"step":304,"intermediate_value":0.10476365964859724}
{"op_code":7,"worker_id":"0a30ba4f-654d-4189-98eb-97fb55b217da-138735477166080","trial_id":51,"step":189,"intermediate_value":0.17694213520735502}
{"op_code":7,"worker_id":"871add6e-a47b-4710-b4c8-b7fd23719e8b-134882817724416","trial_id":52,"step":305,"intermediate_value":0.1046443609520793}
{"op_code":7,"worker_id":"871add6e-a47b-4710-b4c8-b7fd23719e8b-134882817724416","trial_id":52,"step":306,"intermediate_value":0.10571808647364378}
{"op_code":7,"worker_id":"871add6e-a47b-4710-b4c8-b7fd23719e8b-134882817724416","trial_id":52,"step":307,"intermediate_value":0.10977439861744642}
{"op_code":7,"worker_id":"871add6e-a47b-4710-b4c8-b7fd23719e8b-134882817724416","trial_id":52,"step":308,"intermediate_value":0.11275697778910398}
{"op_code":7,"worker_id":"871add6e-a47b-4710-b4c8-b7fd23719e8b-134882817724416","trial_id":52,"step":309,"intermediate_value":0.11752911191433668}
{"op_code":7,"worker_id":"871add6e-a47b-4710-b4c8-b7fd23719e8b-134882817724416","trial_id":52,"step":310,"intermediate_value":0.11609747540205717}
{"op_code":7,"worker_id":"219797d8-fde4-4035-a684-f9b55d950771-124921969557504","trial_id":49,"step":49,"intermediate_value":0.03448172123171389}
{"op_code":7,"worker_id":"871add6e-a47b-4710-b4c8-b7fd23719e8b-134882817724416","trial_id":52,"step":311,"intermediate_value":0.1164553789421916}
{"op_code":7,"worker_id":"871add6e-a47b-4710-b4c8-b7fd23719e8b-134882817724416","trial_id":52,"step":312,"intermediate_value":0.11740980576723814}
{"op_code":7,"worker_id":"871add6e-a47b-4710-b4c8-b7fd23719e8b-134882817724416","trial_id":52,"step":313,"intermediate_value":0.1244517769664526}
{"op_code":7,"worker_id":"219797d8-fde4-4035-a684-f9b55d950771-124921969557504","trial_id":49,"step":50,"intermediate_value":0.04105571750551462}
{"op_code":7,"worker_id":"871add6e-a47b-4710-b4c8-b7fd23719e8b-134882817724416","trial_id":52,"step":314,"intermediate_value":0.12922699004411697}
{"op_code":7,"worker_id":"38c72711-3d75-48a8-a479-bb713d90eb3c-133136419479552","trial_id":50,"step":360,"intermediate_value":0.5129032265394926}
{"op_code":7,"worker_id":"871add6e-a47b-4710-b4c8-b7fd23719e8b-134882817724416","trial_id":52,"step":315,"intermediate_value":0.13113584369421005}
{"op_code":7,"worker_id":"44c6a450-b07e-4b06-baaf-2f623988bc71-134028377853952","trial_id":46,"step":198,"intermediate_value":0.023396214470267296}
{"op_code":7,"worker_id":"38c72711-3d75-48a8-a479-bb713d90eb3c-133136419479552","trial_id":50,"step":361,"intermediate_value":0.5129032265394926}
{"op_code":7,"worker_id":"871add6e-a47b-4710-b4c8-b7fd23719e8b-134882817724416","trial_id":52,"step":316,"intermediate_value":0.13244817405939102}
{"op_code":7,"worker_id":"44c6a450-b07e-4b06-baaf-2f623988bc71-134028377853952","trial_id":46,"step":199,"intermediate_value":0.015003668144345284}
{"op_code":7,"worker_id":"38c72711-3d75-48a8-a479-bb713d90eb3c-133136419479552","trial_id":50,"step":362,"intermediate_value":0.5150537639856339}
{"op_code":7,"worker_id":"44c6a450-b07e-4b06-baaf-2f623988bc71-134028377853952","trial_id":46,"step":200,"intermediate_value":0.016066492535173893}
{"op_code":7,"worker_id":"38c72711-3d75-48a8-a479-bb713d90eb3c-133136419479552","trial_id":50,"step":363,"intermediate_value":0.5150537639856339}
{"op_code":7,"worker_id":"44c6a450-b07e-4b06-baaf-2f623988bc71-134028377853952","trial_id":46,"step":201,"intermediate_value":0.01772178616374731}
{"op_code":7,"worker_id":"38c72711-3d75-48a8-a479-bb713d90eb3c-133136419479552","trial_id":50,"step":364,"intermediate_value":0.5150537639856339}
{"op_code":7,"worker_id":"44c6a450-b07e-4b06-baaf-2f623988bc71-134028377853952","trial_id":46,"step":202,"intermediate_value":0.012283540330827236}
{"op_code":7,"worker_id":"38c72711-3d75-48a8-a479-bb713d90eb3c-133136419479552","trial_id":50,"step":365,"intermediate_value":0.5150537639856339}
{"op_code":7,"worker_id":"988bc229-147d-4984-ba60-2fb82aca9a8b-134485039202304","trial_id":42,"step":100,"intermediate_value":0.035925677977502346}
{"op_code":7,"worker_id":"44c6a450-b07e-4b06-baaf-2f623988bc71-134028377853952","trial_id":46,"step":203,"intermediate_value":0.013702649623155594}
{"op_code":7,"worker_id":"871add6e-a47b-4710-b4c8-b7fd23719e8b-134882817724416","trial_id":52,"step":317,"intermediate_value":0.13507284969091415}
{"op_code":7,"worker_id":"44c6a450-b07e-4b06-baaf-2f623988bc71-134028377853952","trial_id":46,"step":204,"intermediate_value":0.012049367185682058}
{"op_code":7,"worker_id":"871add6e-a47b-4710-b4c8-b7fd23719e8b-134882817724416","trial_id":52,"step":318,"intermediate_value":0.1353052956983447}
{"op_code":7,"worker_id":"44c6a450-b07e-4b06-baaf-2f623988bc71-134028377853952","trial_id":46,"step":205,"intermediate_value":0.02162283007055521}
{"op_code":7,"worker_id":"988bc229-147d-4984-ba60-2fb82aca9a8b-134485039202304","trial_id":42,"step":101,"intermediate_value":0.035806373693048954}
{"op_code":7,"worker_id":"871add6e-a47b-4710-b4c8-b7fd23719e8b-134882817724416","trial_id":52,"step":319,"intermediate_value":0.13805235736072063}
{"op_code":7,"worker_id":"44c6a450-b07e-4b06-baaf-2f623988bc71-134028377853952","trial_id":46,"step":206,"intermediate_value":0.025758047588169575}
{"op_code":7,"worker_id":"871add6e-a47b-4710-b4c8-b7fd23719e8b-134882817724416","trial_id":52,"step":320,"intermediate_value":0.14091871678829193}
{"op_code":7,"worker_id":"44c6a450-b07e-4b06-baaf-2f623988bc71-134028377853952","trial_id":46,"step":207,"intermediate_value":0.012401632033288479}
{"op_code":7,"worker_id":"871add6e-a47b-4710-b4c8-b7fd23719e8b-134882817724416","trial_id":52,"step":321,"intermediate_value":0.14044149219989777}
{"op_code":7,"worker_id":"988bc229-147d-4984-ba60-2fb82aca9a8b-134485039202304","trial_id":42,"step":102,"intermediate_value":0.03736039623618126}
{"op_code":7,"worker_id":"44c6a450-b07e-4b06-baaf-2f623988bc71-134028377853952","trial_id":46,"step":208,"intermediate_value":0.013584557920694351}
{"op_code":7,"worker_id":"871add6e-a47b-4710-b4c8-b7fd23719e8b-134882817724416","trial_id":52,"step":322,"intermediate_value":0.13900677673518658}
{"op_code":7,"worker_id":"871add6e-a47b-4710-b4c8-b7fd23719e8b-134882817724416","trial_id":52,"step":323,"intermediate_value":0.1396033000200987}
{"op_code":7,"worker_id":"2e3a8247-5dbe-4080-a4ba-f8ab09ec2e50-137397948055552","trial_id":40,"step":164,"intermediate_value":0.2217054944485426}
{"op_code":7,"worker_id":"988bc229-147d-4984-ba60-2fb82aca9a8b-134485039202304","trial_id":42,"step":103,"intermediate_value":0.03771830536425114}
{"op_code":7,"worker_id":"871add6e-a47b-4710-b4c8-b7fd23719e8b-134882817724416","trial_id":52,"step":324,"intermediate_value":0.1375720603391528}
{"op_code":7,"worker_id":"2e3a8247-5dbe-4080-a4ba-f8ab09ec2e50-137397948055552","trial_id":40,"step":165,"intermediate_value":0.2331555299460888}
{"op_code":7,"worker_id":"871add6e-a47b-4710-b4c8-b7fd23719e8b-134882817724416","trial_id":52,"step":325,"intermediate_value":0.1401998084038496}
{"op_code":7,"worker_id":"2e3a8247-5dbe-4080-a4ba-f8ab09ec2e50-137397948055552","trial_id":40,"step":166,"intermediate_value":0.23792458325624466}
{"op_code":7,"worker_id":"871add6e-a47b-4710-b4c8-b7fd23719e8b-134882817724416","trial_id":52,"step":326,"intermediate_value":0.13829095475375652}
{"op_code":7,"worker_id":"44c6a450-b07e-4b06-baaf-2f623988bc71-134028377853952","trial_id":46,"step":209,"intermediate_value":0.017011226154863834}
{"op_code":7,"worker_id":"871add6e-a47b-4710-b4c8-b7fd23719e8b-134882817724416","trial_id":52,"step":327,"intermediate_value":0.13363813422620296}
{"op_code":7,"worker_id":"2e3a8247-5dbe-4080-a4ba-f8ab09ec2e50-137397948055552","trial_id":40,"step":167,"intermediate_value":0.2555907070636749}
{"op_code":7,"worker_id":"44c6a450-b07e-4b06-baaf-2f623988bc71-134028377853952","trial_id":46,"step":210,"intermediate_value":0.01594840083271265}
{"op_code":7,"worker_id":"871add6e-a47b-4710-b4c8-b7fd23719e8b-134882817724416","trial_id":52,"step":328,"intermediate_value":0.13101345859467983}
{"op_code":7,"worker_id":"2e3a8247-5dbe-4080-a4ba-f8ab09ec2e50-137397948055552","trial_id":40,"step":168,"intermediate_value":0.21370600908994675}
{"op_code":7,"worker_id":"44c6a450-b07e-4b06-baaf-2f623988bc71-134028377853952","trial_id":46,"step":211,"intermediate_value":0.01287399884313345}
{"op_code":7,"worker_id":"871add6e-a47b-4710-b4c8-b7fd23719e8b-134882817724416","trial_id":52,"step":329,"intermediate_value":0.13137136958539486}
{"op_code":7,"worker_id":"2e3a8247-5dbe-4080-a4ba-f8ab09ec2e50-137397948055552","trial_id":40,"step":169,"intermediate_value":0.23698246479034424}
{"op_code":7,"worker_id":"44c6a450-b07e-4b06-baaf-2f623988bc71-134028377853952","trial_id":46,"step":212,"intermediate_value":0.009683514013886452}
{"op_code":7,"worker_id":"871add6e-a47b-4710-b4c8-b7fd23719e8b-134882817724416","trial_id":52,"step":330,"intermediate_value":0.13041694276034832}
{"op_code":7,"worker_id":"219797d8-fde4-4035-a684-f9b55d950771-124921969557504","trial_id":49,"step":51,"intermediate_value":0.03794767614454031}
{"op_code":7,"worker_id":"2e3a8247-5dbe-4080-a4ba-f8ab09ec2e50-137397948055552","trial_id":40,"step":170,"intermediate_value":0.22790617868304253}
{"op_code":7,"worker_id":"44c6a450-b07e-4b06-baaf-2f623988bc71-134028377853952","trial_id":46,"step":213,"intermediate_value":0.014765474945306778}
{"op_code":7,"worker_id":"871add6e-a47b-4710-b4c8-b7fd23719e8b-134882817724416","trial_id":52,"step":331,"intermediate_value":0.13339952193200588}
{"op_code":7,"worker_id":"2e3a8247-5dbe-4080-a4ba-f8ab09ec2e50-137397948055552","trial_id":40,"step":171,"intermediate_value":0.2305462583899498}
{"op_code":7,"worker_id":"871add6e-a47b-4710-b4c8-b7fd23719e8b-134882817724416","trial_id":52,"step":332,"intermediate_value":0.13614350371062756}
{"op_code":7,"worker_id":"871add6e-a47b-4710-b4c8-b7fd23719e8b-134882817724416","trial_id":52,"step":333,"intermediate_value":0.13721722923219204}
{"op_code":7,"worker_id":"219797d8-fde4-4035-a684-f9b55d950771-124921969557504","trial_id":49,"step":52,"intermediate_value":0.03412381396628916}
{"op_code":7,"worker_id":"871add6e-a47b-4710-b4c8-b7fd23719e8b-134882817724416","trial_id":52,"step":334,"intermediate_value":0.1401998084038496}
{"op_code":7,"worker_id":"219797d8-fde4-4035-a684-f9b55d950771-124921969557504","trial_id":49,"step":53,"intermediate_value":0.03782837372273207}
{"op_code":7,"worker_id":"a2098b9d-5eba-41cd-b048-cc073efc9089-135653394321408","trial_id":55,"step":64,"intermediate_value":0.03461026307195425}
{"op_code":7,"worker_id":"871add6e-a47b-4710-b4c8-b7fd23719e8b-134882817724416","trial_id":52,"step":335,"intermediate_value":0.14389821700751781}
{"op_code":7,"worker_id":"44c6a450-b07e-4b06-baaf-2f623988bc71-134028377853952","trial_id":46,"step":214,"intermediate_value":0.018546417355537415}
{"op_code":7,"worker_id":"219797d8-fde4-4035-a684-f9b55d950771-124921969557504","trial_id":49,"step":54,"intermediate_value":0.03591644065454602}
{"op_code":7,"worker_id":"871add6e-a47b-4710-b4c8-b7fd23719e8b-134882817724416","trial_id":52,"step":336,"intermediate_value":0.14640050660818815}
{"op_code":7,"worker_id":"2e3a8247-5dbe-4080-a4ba-f8ab09ec2e50-137397948055552","trial_id":40,"step":172,"intermediate_value":0.22921236418187618}
{"op_code":7,"worker_id":"44c6a450-b07e-4b06-baaf-2f623988bc71-134028377853952","trial_id":46,"step":215,"intermediate_value":0.02386657055467367}
{"op_code":7,"worker_id":"871add6e-a47b-4710-b4c8-b7fd23719e8b-134882817724416","trial_id":52,"step":337,"intermediate_value":0.14950239192694426}
{"op_code":7,"worker_id":"2e3a8247-5dbe-4080-a4ba-f8ab09ec2e50-137397948055552","trial_id":40,"step":173,"intermediate_value":0.20824269577860832}
{"op_code":7,"worker_id":"44c6a450-b07e-4b06-baaf-2f623988bc71-134028377853952","trial_id":46,"step":216,"intermediate_value":0.02221328765153885}
{"op_code":7,"worker_id":"871add6e-a47b-4710-b4c8-b7fd23719e8b-134882817724416","trial_id":52,"step":338,"intermediate_value":0.14950239192694426}
{"op_code":7,"worker_id":"2e3a8247-5dbe-4080-a4ba-f8ab09ec2e50-137397948055552","trial_id":40,"step":174,"intermediate_value":0.24748115241527557}
{"op_code":7,"worker_id":"871add6e-a47b-4710-b4c8-b7fd23719e8b-134882817724416","trial_id":52,"step":339,"intermediate_value":0.153084559366107}
{"op_code":7,"worker_id":"44c6a450-b07e-4b06-baaf-2f623988bc71-134028377853952","trial_id":46,"step":217,"intermediate_value":0.0179559588432312}
{"op_code":7,"worker_id":"219797d8-fde4-4035-a684-f9b55d950771-124921969557504","trial_id":49,"step":55,"intermediate_value":0.040694729425013065}
{"op_code":7,"worker_id":"2e3a8247-5dbe-4080-a4ba-f8ab09ec2e50-137397948055552","trial_id":40,"step":175,"intermediate_value":0.23676232993602753}
{"op_code":7,"worker_id":"871add6e-a47b-4710-b4c8-b7fd23719e8b-134882817724416","trial_id":52,"step":340,"intermediate_value":0.15583162009716034}
{"op_code":7,"worker_id":"44c6a450-b07e-4b06-baaf-2f623988bc71-134028377853952","trial_id":46,"step":218,"intermediate_value":0.01724740955978632}
{"op_code":7,"worker_id":"871add6e-a47b-4710-b4c8-b7fd23719e8b-134882817724416","trial_id":52,"step":341,"intermediate_value":0.15678603947162628}
{"op_code":7,"worker_id":"2e3a8247-5dbe-4080-a4ba-f8ab09ec2e50-137397948055552","trial_id":40,"step":176,"intermediate_value":0.2345810141414404}
{"op_code":7,"worker_id":"44c6a450-b07e-4b06-baaf-2f623988bc71-134028377853952","trial_id":46,"step":219,"intermediate_value":0.02351229637861252}
{"op_code":7,"worker_id":"871add6e-a47b-4710-b4c8-b7fd23719e8b-134882817724416","trial_id":52,"step":342,"intermediate_value":0.15976862609386444}
{"op_code":7,"worker_id":"2e3a8247-5dbe-4080-a4ba-f8ab09ec2e50-137397948055552","trial_id":40,"step":177,"intermediate_value":0.2513173371553421}
{"op_code":7,"worker_id":"44c6a450-b07e-4b06-baaf-2f623988bc71-134028377853952","trial_id":46,"step":220,"intermediate_value":0.02268565446138382}
{"op_code":7,"worker_id":"871add6e-a47b-4710-b4c8-b7fd23719e8b-134882817724416","trial_id":52,"step":343,"intermediate_value":0.16203230433166027}
{"op_code":7,"worker_id":"219797d8-fde4-4035-a684-f9b55d950771-124921969557504","trial_id":49,"step":56,"intermediate_value":0.038186280988156796}
{"op_code":7,"worker_id":"2e3a8247-5dbe-4080-a4ba-f8ab09ec2e50-137397948055552","trial_id":40,"step":178,"intermediate_value":0.24092871695756912}
{"op_code":7,"worker_id":"219797d8-fde4-4035-a684-f9b55d950771-124921969557504","trial_id":49,"step":57,"intermediate_value":0.03591644065454602}
{"op_code":7,"worker_id":"871add6e-a47b-4710-b4c8-b7fd23719e8b-134882817724416","trial_id":52,"step":344,"intermediate_value":0.16334464959800243}
{"op_code":7,"worker_id":"44c6a450-b07e-4b06-baaf-2f623988bc71-134028377853952","trial_id":46,"step":221,"intermediate_value":0.022565552964806557}
{"op_code":7,"worker_id":"a2098b9d-5eba-41cd-b048-cc073efc9089-135653394321408","trial_id":55,"step":65,"intermediate_value":0.03496817220002413}
{"op_code":7,"worker_id":"2e3a8247-5dbe-4080-a4ba-f8ab09ec2e50-137397948055552","trial_id":40,"step":179,"intermediate_value":0.23663687333464622}
{"op_code":0,"worker_id":"04350409-1855-4dff-8fbb-9f6ad08d0ca6-133189199245312","study_name":"adamw__decoder","directions":[1]}
{"op_code":0,"worker_id":"cd1009cf-b0cf-4d4d-8e07-36bc883855ed-133189199245312","study_name":"neuralgrok__decoder","directions":[1]}
{"op_code":0,"worker_id":"0dc1d806-3474-4639-b889-f5ed08a8dd79-133189199245312","study_name":"grokadamw__decoder","directions":[1]}
{"op_code":0,"worker_id":"0aa88510-66eb-44f4-b416-a0c53933cde0-135118154514432","study_name":"adamw__mamba","directions":[1]}
{"op_code":0,"worker_id":"36ab6e57-8dc8-4dd0-a7df-51ebab026985-133189199245312","study_name":"supergrok__decoder","directions":[1]}
{"op_code":0,"worker_id":"300c3768-8c2a-49a5-84ad-692c56b9a65d-135118154514432","study_name":"neuralgrok__mamba","directions":[1]}
{"op_code":0,"worker_id":"855aa31e-eefd-40ff-b92f-4ebe88b9296a-135118154514432","study_name":"grokadamw__mamba","directions":[1]}
{"op_code":0,"worker_id":"5ae0f3aa-a618-4a34-b9a6-53d4ea48b419-135118154514432","study_name":"supergrok__mamba","directions":[1]}
{"op_code":0,"worker_id":"6c525333-6ff4-42a2-8caf-ff2d7303e58f-135118154514432","study_name":"supergrok15__mamba","directions":[1]}
{"op_code":0,"worker_id":"a8d51cab-7588-41bd-a166-ddcf04a38cfa-135118154514432","study_name":"supergrok2__mamba","directions":[1]}
{"op_code":0,"worker_id":"db26fec7-9160-43de-8df4-8f0ddcc9db89-135118154514432","study_name":"grokfast__mamba","directions":[1]}
{"op_code":0,"worker_id":"0d4c9378-7bd3-48f1-a5f9-707c25e88af3-129090716581888","study_name":"adamw__decoder","directions":[1]}
{"op_code":0,"worker_id":"07e70f96-c985-4bcf-9b7b-d910a7288bce-132863787323392","study_name":"adamw__decoder","directions":[1]}
{"op_code":0,"worker_id":"c836221d-e6f4-42a1-9880-4cd65c8937ca-135118154514432","study_name":"muon__mamba","directions":[1]}
{"op_code":0,"worker_id":"c72853c6-bad3-4569-8666-8cd082e78117-132863787323392","study_name":"neuralgrok__decoder","directions":[1]}
{"op_code":0,"worker_id":"bb9a07e1-c7ad-4d79-a5cd-6fe8e2131f67-129090716581888","study_name":"neuralgrok__decoder","directions":[1]}
{"op_code":0,"worker_id":"15059474-2802-491e-b069-2441b973c009-132863787323392","study_name":"grokadamw__decoder","directions":[1]}
{"op_code":0,"worker_id":"f0aaed51-57b3-4cd9-b01c-f9a4b6816e88-135118154514432","study_name":"lion__mamba","directions":[1]}
{"op_code":0,"worker_id":"5e4b8f43-c3c7-4442-85ef-475b1ea892bc-135118154514432","study_name":"looksam__mamba","directions":[1]}
{"op_code":0,"worker_id":"a5f7ce7c-29df-40b9-b81d-769c28207998-132863787323392","study_name":"supergrok__decoder","directions":[1]}
{"op_code":0,"worker_id":"e0465576-a5f3-4860-8c67-8c71fbbe2e2d-129090716581888","study_name":"grokadamw__decoder","directions":[1]}
{"op_code":0,"worker_id":"105bdebe-206a-4fd1-981b-c235b28a5e51-135118154514432","study_name":"prodigy__mamba","directions":[1]}
{"op_code":4,"worker_id":"0aa88510-66eb-44f4-b416-a0c53933cde0-135118154514432","study_id":12,"datetime_start":"2026-06-09T23:25:12.124549"}
{"op_code":5,"worker_id":"0aa88510-66eb-44f4-b416-a0c53933cde0-135118154514432","trial_id":56,"param_name":"lr","param_value_internal":0.0011576160601673156,"distribution":"{\"name\": \"FloatDistribution\", \"attributes\": {\"step\": null, \"low\": 0.0002, \"high\": 0.005, \"log\": true}}"}
{"op_code":5,"worker_id":"0aa88510-66eb-44f4-b416-a0c53933cde0-135118154514432","trial_id":56,"param_name":"beta1","param_value_internal":0.8671865315032211,"distribution":"{\"name\": \"FloatDistribution\", \"attributes\": {\"step\": null, \"low\": 0.85, \"high\": 0.95, \"log\": false}}"}
{"op_code":5,"worker_id":"0aa88510-66eb-44f4-b416-a0c53933cde0-135118154514432","trial_id":56,"param_name":"beta2","param_value_internal":0.9922201245695225,"distribution":"{\"name\": \"FloatDistribution\", \"attributes\": {\"step\": null, \"low\": 0.95, \"high\": 0.9995, \"log\": false}}"}
{"op_code":5,"worker_id":"0aa88510-66eb-44f4-b416-a0c53933cde0-135118154514432","trial_id":56,"param_name":"weight_decay","param_value_internal":0.34316742743792855,"distribution":"{\"name\": \"FloatDistribution\", \"attributes\": {\"step\": null, \"low\": 0.2, \"high\": 4.0, \"log\": true}}"}
{"op_code":0,"worker_id":"e70ce40c-b874-437d-98f6-b4202d7cab9d-134317690548224","study_name":"adamw__decoder","directions":[1]}
{"op_code":0,"worker_id":"f819b9cc-f1aa-43ec-b65b-5bbb2503d92c-129478800961536","study_name":"adamw__decoder","directions":[1]}
{"op_code":5,"worker_id":"0aa88510-66eb-44f4-b416-a0c53933cde0-135118154514432","trial_id":56,"param_name":"matmul_precision","param_value_internal":0,"distribution":"{\"name\": \"CategoricalDistribution\", \"attributes\": {\"choices\": [\"bf16\", \"tf32\", \"fp32\", \"fp16amp\"]}}"}
{"op_code":0,"worker_id":"b62956c9-daec-4291-a509-9732b9b6d316-134317690548224","study_name":"neuralgrok__decoder","directions":[1]}
{"op_code":0,"worker_id":"4ebb2a3b-77de-4b49-be2d-4a446ab21ba8-129478800961536","study_name":"neuralgrok__decoder","directions":[1]}
{"op_code":0,"worker_id":"a2eb9dfd-d85a-49bc-b09b-f3254b3152ce-129478800961536","study_name":"grokadamw__decoder","directions":[1]}
{"op_code":0,"worker_id":"46c62649-37d8-43f9-9a02-9297a09ec718-129478800961536","study_name":"supergrok__decoder","directions":[1]}
{"op_code":0,"worker_id":"323ae07c-760c-4a3b-8f87-6f5cec305ec4-131165583757312","study_name":"adamw__decoder","directions":[1]}
{"op_code":0,"worker_id":"4edf9fa5-b005-46fd-9fa3-914b228fc886-129478800961536","study_name":"supergrok15__decoder","directions":[1]}
{"op_code":0,"worker_id":"9560daec-c4fa-492b-a37d-396e29e38037-131165583757312","study_name":"neuralgrok__decoder","directions":[1]}
{"op_code":0,"worker_id":"1777c809-0f04-4dd5-b5b6-a4a25f83e86e-129478800961536","study_name":"supergrok2__decoder","directions":[1]}
{"op_code":0,"worker_id":"1cd046f5-1686-4abf-94e8-e4fa59a08500-131165583757312","study_name":"grokadamw__decoder","directions":[1]}
{"op_code":0,"worker_id":"37cee79e-119e-420e-8407-b1276ffd409e-129478800961536","study_name":"grokfast__decoder","directions":[1]}
{"op_code":0,"worker_id":"67111212-4f00-4ddc-b3c0-2ee3c91f5b58-134317690548224","study_name":"grokadamw__decoder","directions":[1]}
{"op_code":0,"worker_id":"ef575042-ec67-4635-802d-b8e34ffb3aed-131165583757312","study_name":"supergrok__decoder","directions":[1]}
{"op_code":0,"worker_id":"d82211b7-058e-4a98-81d6-b2bb901ae4df-129478800961536","study_name":"muon__decoder","directions":[1]}
{"op_code":0,"worker_id":"c6bb3fd9-1431-4577-a4fe-d9d93b085b04-129478800961536","study_name":"lion__decoder","directions":[1]}
{"op_code":0,"worker_id":"ac3ca1af-ea18-424b-8a5a-a9db3411612a-133189199245312","study_name":"supergrok15__decoder","directions":[1]}
{"op_code":0,"worker_id":"19a3934a-3f3b-41b5-9ef3-ab38dfe933a9-126908061577216","study_name":"adamw__mamba","directions":[1]}
{"op_code":0,"worker_id":"2ce59213-4f92-4fa4-9210-91b7ee7340df-129478800961536","study_name":"looksam__decoder","directions":[1]}
{"op_code":0,"worker_id":"5e0e8973-4b44-4525-a1fb-e267dde658cb-126908061577216","study_name":"neuralgrok__mamba","directions":[1]}
{"op_code":0,"worker_id":"56e0cdb5-19d8-4e97-b32c-357d0ec90c2a-129478800961536","study_name":"prodigy__decoder","directions":[1]}
{"op_code":4,"worker_id":"f819b9cc-f1aa-43ec-b65b-5bbb2503d92c-129478800961536","study_id":0,"datetime_start":"2026-06-09T23:25:15.097623"}
{"op_code":8,"worker_id":"0aa88510-66eb-44f4-b416-a0c53933cde0-135118154514432","trial_id":56,"user_attr":{"crash":"TypeError(\"fused_step(): incompatible function arguments. The following argument types are supported:\\n    1. (arg0: str, arg1: str, arg2: torch.Tensor, arg3: torch.Tensor, arg4: torch.Tensor, arg5: torch.Tensor, arg6: float) -> None\\n\\nInvoked with: 'mamba3', 'adamw', tensor([-0.3818,  1.5190,  1.0"}}
{"op_code":5,"worker_id":"f819b9cc-f1aa-43ec-b65b-5bbb2503d92c-129478800961536","trial_id":57,"param_name":"lr","param_value_internal":0.0007058880443004793,"distribution":"{\"name\": \"FloatDistribution\", \"attributes\": {\"step\": null, \"low\": 0.0002, \"high\": 0.005, \"log\": true}}"}
{"op_code":6,"worker_id":"0aa88510-66eb-44f4-b416-a0c53933cde0-135118154514432","trial_id":56,"state":1,"values":[24100.0],"datetime_complete":"2026-06-09T23:25:15.174335"}
{"op_code":5,"worker_id":"f819b9cc-f1aa-43ec-b65b-5bbb2503d92c-129478800961536","trial_id":57,"param_name":"beta1","param_value_internal":0.9378735438800037,"distribution":"{\"name\": \"FloatDistribution\", \"attributes\": {\"step\": null, \"low\": 0.85, \"high\": 0.95, \"log\": false}}"}
{"op_code":4,"worker_id":"300c3768-8c2a-49a5-84ad-692c56b9a65d-135118154514432","study_id":14,"datetime_start":"2026-06-09T23:25:15.328917"}
{"op_code":5,"worker_id":"300c3768-8c2a-49a5-84ad-692c56b9a65d-135118154514432","trial_id":58,"param_name":"lr","param_value_internal":0.0011576160601673156,"distribution":"{\"name\": \"FloatDistribution\", \"attributes\": {\"step\": null, \"low\": 0.0002, \"high\": 0.005, \"log\": true}}"}
{"op_code":5,"worker_id":"300c3768-8c2a-49a5-84ad-692c56b9a65d-135118154514432","trial_id":58,"param_name":"neural_alpha","param_value_internal":3.185365635006737,"distribution":"{\"name\": \"FloatDistribution\", \"attributes\": {\"step\": null, \"low\": 2.0, \"high\": 30.0, \"log\": true}}"}
{"op_code":5,"worker_id":"300c3768-8c2a-49a5-84ad-692c56b9a65d-135118154514432","trial_id":58,"param_name":"neural_beta","param_value_internal":8.676386285367716,"distribution":"{\"name\": \"FloatDistribution\", \"attributes\": {\"step\": null, \"low\": 1.0, \"high\": 10.0, \"log\": false}}"}
{"op_code":5,"worker_id":"300c3768-8c2a-49a5-84ad-692c56b9a65d-135118154514432","trial_id":58,"param_name":"neural_grad_clip","param_value_internal":0.9505585269837273,"distribution":"{\"name\": \"FloatDistribution\", \"attributes\": {\"step\": null, \"low\": 0.5, \"high\": 3.0, \"log\": false}}"}
{"op_code":5,"worker_id":"300c3768-8c2a-49a5-84ad-692c56b9a65d-135118154514432","trial_id":58,"param_name":"weight_decay","param_value_internal":1.1666656718936412,"distribution":"{\"name\": \"FloatDistribution\", \"attributes\": {\"step\": null, \"low\": 0.2, \"high\": 4.0, \"log\": true}}"}
{"op_code":0,"worker_id":"49e12eb9-3948-4e12-bfde-31fc212f01b6-129090716581888","study_name":"supergrok__decoder","directions":[1]}
{"op_code":5,"worker_id":"300c3768-8c2a-49a5-84ad-692c56b9a65d-135118154514432","trial_id":58,"param_name":"matmul_precision","param_value_internal":3,"distribution":"{\"name\": \"CategoricalDistribution\", \"attributes\": {\"choices\": [\"bf16\", \"tf32\", \"fp32\", \"fp16amp\"]}}"}
{"op_code":0,"worker_id":"87245068-8f18-4935-8e9a-58d979f90712-129090716581888","study_name":"supergrok15__decoder","directions":[1]}
{"op_code":0,"worker_id":"874c4089-1fee-4131-bd74-cecf873e3485-131165583757312","study_name":"supergrok15__decoder","directions":[1]}
{"op_code":0,"worker_id":"d9142643-dc2a-4c30-bbd7-6793b443e26a-129090716581888","study_name":"supergrok2__decoder","directions":[1]}
{"op_code":0,"worker_id":"b198e7df-3c8d-4114-8ec9-ddecd42682a6-131165583757312","study_name":"supergrok2__decoder","directions":[1]}
{"op_code":0,"worker_id":"8ce715ba-b9db-439b-b76e-8275663ea9a1-131165583757312","study_name":"grokfast__decoder","directions":[1]}
{"op_code":0,"worker_id":"ff4b6e4d-5023-4fb3-b320-07e694477c18-132863787323392","study_name":"supergrok15__decoder","directions":[1]}
{"op_code":0,"worker_id":"84da9b5a-cfa7-4701-80e7-e204710a69f9-131165583757312","study_name":"muon__decoder","directions":[1]}
{"op_code":0,"worker_id":"599d4c02-7ab3-4a38-a787-2ff3b78b5522-129889096323072","study_name":"adamw__vit","directions":[1]}
{"op_code":0,"worker_id":"23286507-3c35-40b6-ba97-116cfd27a518-129889096323072","study_name":"neuralgrok__vit","directions":[1]}
{"op_code":0,"worker_id":"59b574b7-34c1-47dd-b858-42e827a02065-132863787323392","study_name":"supergrok2__decoder","directions":[1]}
{"op_code":0,"worker_id":"867ad85c-e340-4cd0-9d9f-781d68b45a81-129889096323072","study_name":"grokadamw__vit","directions":[1]}
{"op_code":0,"worker_id":"fe562966-f177-4963-9656-bad97a3b6abf-132863787323392","study_name":"grokfast__decoder","directions":[1]}
{"op_code":0,"worker_id":"c6e9b216-4a96-4059-838c-9f4e75142d26-132863787323392","study_name":"muon__decoder","directions":[1]}
{"op_code":0,"worker_id":"fcb0581e-5ac3-4c7d-ac4c-2626d1997479-134803987668992","study_name":"adamw__mamba","directions":[1]}
{"op_code":5,"worker_id":"f819b9cc-f1aa-43ec-b65b-5bbb2503d92c-129478800961536","trial_id":57,"param_name":"beta2","param_value_internal":0.9888918452026677,"distribution":"{\"name\": \"FloatDistribution\", \"attributes\": {\"step\": null, \"low\": 0.95, \"high\": 0.9995, \"log\": false}}"}
{"op_code":5,"worker_id":"f819b9cc-f1aa-43ec-b65b-5bbb2503d92c-129478800961536","trial_id":57,"param_name":"weight_decay","param_value_internal":0.23826518238747957,"distribution":"{\"name\": \"FloatDistribution\", \"attributes\": {\"step\": null, \"low\": 0.2, \"high\": 4.0, \"log\": true}}"}
{"op_code":5,"worker_id":"f819b9cc-f1aa-43ec-b65b-5bbb2503d92c-129478800961536","trial_id":57,"param_name":"matmul_precision","param_value_internal":0,"distribution":"{\"name\": \"CategoricalDistribution\", \"attributes\": {\"choices\": [\"bf16\", \"tf32\", \"fp32\", \"fp16amp\"]}}"}
{"op_code":0,"worker_id":"cd742558-2243-4534-a952-224485f29c78-132863787323392","study_name":"lion__decoder","directions":[1]}
{"op_code":0,"worker_id":"dd3af987-58e4-4db7-b684-b4b117c5c588-132863787323392","study_name":"looksam__decoder","directions":[1]}
{"op_code":0,"worker_id":"b7ad3da5-3a66-47f6-acaf-f6757c279b63-132863787323392","study_name":"prodigy__decoder","directions":[1]}
{"op_code":0,"worker_id":"d6ef18d9-551d-4759-b985-aa006c7adbb5-134317690548224","study_name":"supergrok__decoder","directions":[1]}
{"op_code":4,"worker_id":"07e70f96-c985-4bcf-9b7b-d910a7288bce-132863787323392","study_id":0,"datetime_start":"2026-06-09T23:25:41.675539"}
{"op_code":5,"worker_id":"07e70f96-c985-4bcf-9b7b-d910a7288bce-132863787323392","trial_id":59,"param_name":"lr","param_value_internal":0.000731420627677632,"distribution":"{\"name\": \"FloatDistribution\", \"attributes\": {\"step\": null, \"low\": 0.0002, \"high\": 0.005, \"log\": true}}"}
{"op_code":5,"worker_id":"07e70f96-c985-4bcf-9b7b-d910a7288bce-132863787323392","trial_id":59,"param_name":"beta1","param_value_internal":0.9204721383614235,"distribution":"{\"name\": \"FloatDistribution\", \"attributes\": {\"step\": null, \"low\": 0.85, \"high\": 0.95, \"log\": false}}"}
{"op_code":5,"worker_id":"07e70f96-c985-4bcf-9b7b-d910a7288bce-132863787323392","trial_id":59,"param_name":"beta2","param_value_internal":0.9828857301736396,"distribution":"{\"name\": \"FloatDistribution\", \"attributes\": {\"step\": null, \"low\": 0.95, \"high\": 0.9995, \"log\": false}}"}
{"op_code":5,"worker_id":"07e70f96-c985-4bcf-9b7b-d910a7288bce-132863787323392","trial_id":59,"param_name":"weight_decay","param_value_internal":0.3729993773754945,"distribution":"{\"name\": \"FloatDistribution\", \"attributes\": {\"step\": null, \"low\": 0.2, \"high\": 4.0, \"log\": true}}"}
{"op_code":0,"worker_id":"7a92fa9c-fb10-4179-9e31-fc85f8abc24e-134317690548224","study_name":"supergrok15__decoder","directions":[1]}
{"op_code":5,"worker_id":"07e70f96-c985-4bcf-9b7b-d910a7288bce-132863787323392","trial_id":59,"param_name":"matmul_precision","param_value_internal":0,"distribution":"{\"name\": \"CategoricalDistribution\", \"attributes\": {\"choices\": [\"bf16\", \"tf32\", \"fp32\", \"fp16amp\"]}}"}
{"op_code":0,"worker_id":"d5b1a7b1-20db-412d-92d7-6d994f1ec4a6-134317690548224","study_name":"supergrok2__decoder","directions":[1]}
{"op_code":0,"worker_id":"e2128d09-273b-4107-85b6-d975d1bf3e96-138063286341632","study_name":"adamw__vit","directions":[1]}
{"op_code":0,"worker_id":"7cac28a3-6ade-4a5a-be27-5b42a7e4b8f8-134317690548224","study_name":"grokfast__decoder","directions":[1]}
{"op_code":0,"worker_id":"23ef14d6-e0e6-41cd-a18b-9aabc083e09a-134317690548224","study_name":"muon__decoder","directions":[1]}
{"op_code":0,"worker_id":"750a3d8e-91ad-4178-86aa-16c451ee9dc0-134803987668992","study_name":"neuralgrok__mamba","directions":[1]}
{"op_code":0,"worker_id":"15f1bbc1-b6c0-4e54-9fff-7bb6d2c720ef-134317690548224","study_name":"lion__decoder","directions":[1]}
{"op_code":0,"worker_id":"0d363365-fb60-44b7-b09f-d3edac0628c8-134803987668992","study_name":"grokadamw__mamba","directions":[1]}
{"op_code":0,"worker_id":"bdf4002e-9faf-41f1-830c-c7e199fef136-134317690548224","study_name":"looksam__decoder","directions":[1]}
{"op_code":0,"worker_id":"49946549-921c-4f81-b488-95a7600d0d33-134803987668992","study_name":"supergrok__mamba","directions":[1]}
{"op_code":0,"worker_id":"969b0823-ed25-42bd-b542-fee426537ade-134317690548224","study_name":"prodigy__decoder","directions":[1]}
{"op_code":4,"worker_id":"e70ce40c-b874-437d-98f6-b4202d7cab9d-134317690548224","study_id":0,"datetime_start":"2026-06-09T23:25:43.015599"}
{"op_code":5,"worker_id":"e70ce40c-b874-437d-98f6-b4202d7cab9d-134317690548224","trial_id":60,"param_name":"lr","param_value_internal":0.000552252854624905,"distribution":"{\"name\": \"FloatDistribution\", \"attributes\": {\"step\": null, \"low\": 0.0002, \"high\": 0.005, \"log\": true}}"}
{"op_code":0,"worker_id":"5995d022-8a01-488a-8a3b-de18b9874811-138063286341632","study_name":"neuralgrok__vit","directions":[1]}
{"op_code":5,"worker_id":"e70ce40c-b874-437d-98f6-b4202d7cab9d-134317690548224","trial_id":60,"param_name":"beta1","param_value_internal":0.8936737680166532,"distribution":"{\"name\": \"FloatDistribution\", \"attributes\": {\"step\": null, \"low\": 0.85, \"high\": 0.95, \"log\": false}}"}
{"op_code":5,"worker_id":"e70ce40c-b874-437d-98f6-b4202d7cab9d-134317690548224","trial_id":60,"param_name":"beta2","param_value_internal":0.9754078363558373,"distribution":"{\"name\": \"FloatDistribution\", \"attributes\": {\"step\": null, \"low\": 0.95, \"high\": 0.9995, \"log\": false}}"}
{"op_code":5,"worker_id":"e70ce40c-b874-437d-98f6-b4202d7cab9d-134317690548224","trial_id":60,"param_name":"weight_decay","param_value_internal":0.7116147959237958,"distribution":"{\"name\": \"FloatDistribution\", \"attributes\": {\"step\": null, \"low\": 0.2, \"high\": 4.0, \"log\": true}}"}
{"op_code":5,"worker_id":"e70ce40c-b874-437d-98f6-b4202d7cab9d-134317690548224","trial_id":60,"param_name":"matmul_precision","param_value_internal":0,"distribution":"{\"name\": \"CategoricalDistribution\", \"attributes\": {\"choices\": [\"bf16\", \"tf32\", \"fp32\", \"fp16amp\"]}}"}
{"op_code":0,"worker_id":"5b2d9425-578b-439f-a838-b265cb6f8e74-138063286341632","study_name":"grokadamw__vit","directions":[1]}
{"op_code":0,"worker_id":"4cbf2c4d-4d2a-430c-92bc-863838786577-138063286341632","study_name":"supergrok__vit","directions":[1]}
{"op_code":0,"worker_id":"174fb929-3c8c-4385-b2fc-ac7b4805d249-138063286341632","study_name":"supergrok15__vit","directions":[1]}
{"op_code":0,"worker_id":"9c57f60f-3366-419a-96e4-3e99f579f742-138063286341632","study_name":"supergrok2__vit","directions":[1]}
{"op_code":0,"worker_id":"2a188d80-81da-4aa8-a165-71056228c69c-129889096323072","study_name":"supergrok__vit","directions":[1]}
{"op_code":0,"worker_id":"3f442095-1bef-4ad9-8233-acab85d68dc7-134803987668992","study_name":"supergrok15__mamba","directions":[1]}
{"op_code":0,"worker_id":"0fd60970-3202-4a6e-8c20-850e1b5eb1cc-129889096323072","study_name":"supergrok15__vit","directions":[1]}
{"op_code":0,"worker_id":"c5326c46-826d-49d1-b2d3-d262963f66a8-138063286341632","study_name":"grokfast__vit","directions":[1]}
{"op_code":0,"worker_id":"61018d27-895d-4140-a076-4148347140af-134803987668992","study_name":"supergrok2__mamba","directions":[1]}
{"op_code":0,"worker_id":"d95ed831-2f1b-4dec-b879-d670688275e5-138063286341632","study_name":"muon__vit","directions":[1]}
{"op_code":0,"worker_id":"b10b10c5-fe5b-4e30-ac46-c0a5c1d6044d-129889096323072","study_name":"supergrok2__vit","directions":[1]}
{"op_code":8,"worker_id":"f819b9cc-f1aa-43ec-b65b-5bbb2503d92c-129478800961536","trial_id":57,"user_attr":{"crash":"TypeError(\"fused_step(): incompatible function arguments. The following argument types are supported:\\n    1. (arg0: str, arg1: str, arg2: torch.Tensor, arg3: torch.Tensor, arg4: torch.Tensor, arg5: torch.Tensor, arg6: float) -> None\\n\\nInvoked with: 'transformer_decoder', 'adamw', tensor([-0.2231, "}}
{"op_code":6,"worker_id":"f819b9cc-f1aa-43ec-b65b-5bbb2503d92c-129478800961536","trial_id":57,"state":1,"values":[10100.0],"datetime_complete":"2026-06-09T23:25:44.748171"}
{"op_code":0,"worker_id":"d1bfaa3c-662c-442b-8dd5-27734ca9a6b9-134803987668992","study_name":"grokfast__mamba","directions":[1]}
{"op_code":0,"worker_id":"143ee9e5-dc77-4d43-bc7e-84b55c0dca61-129889096323072","study_name":"grokfast__vit","directions":[1]}
{"op_code":0,"worker_id":"048dbbd9-56de-41ce-a544-36c898b8eff4-138063286341632","study_name":"lion__vit","directions":[1]}
{"op_code":4,"worker_id":"4ebb2a3b-77de-4b49-be2d-4a446ab21ba8-129478800961536","study_id":1,"datetime_start":"2026-06-09T23:25:44.895750"}
{"op_code":0,"worker_id":"73294b6e-a11b-4c61-916d-4247c1ef12f3-129889096323072","study_name":"muon__vit","directions":[1]}
{"op_code":5,"worker_id":"4ebb2a3b-77de-4b49-be2d-4a446ab21ba8-129478800961536","trial_id":61,"param_name":"lr","param_value_internal":0.002688712893605852,"distribution":"{\"name\": \"FloatDistribution\", \"attributes\": {\"step\": null, \"low\": 0.0002, \"high\": 0.005, \"log\": true}}"}
{"op_code":5,"worker_id":"4ebb2a3b-77de-4b49-be2d-4a446ab21ba8-129478800961536","trial_id":61,"param_name":"neural_alpha","param_value_internal":2.7419076764296224,"distribution":"{\"name\": \"FloatDistribution\", \"attributes\": {\"step\": null, \"low\": 2.0, \"high\": 30.0, \"log\": true}}"}
{"op_code":5,"worker_id":"4ebb2a3b-77de-4b49-be2d-4a446ab21ba8-129478800961536","trial_id":61,"param_name":"neural_beta","param_value_internal":7.338567354925254,"distribution":"{\"name\": \"FloatDistribution\", \"attributes\": {\"step\": null, \"low\": 1.0, \"high\": 10.0, \"log\": false}}"}
{"op_code":0,"worker_id":"4fdfff7b-369b-4a9f-a882-e22fa2dbd06a-134803987668992","study_name":"muon__mamba","directions":[1]}
{"op_code":5,"worker_id":"4ebb2a3b-77de-4b49-be2d-4a446ab21ba8-129478800961536","trial_id":61,"param_name":"neural_grad_clip","param_value_internal":1.8088471287364318,"distribution":"{\"name\": \"FloatDistribution\", \"attributes\": {\"step\": null, \"low\": 0.5, \"high\": 3.0, \"log\": false}}"}
{"op_code":5,"worker_id":"4ebb2a3b-77de-4b49-be2d-4a446ab21ba8-129478800961536","trial_id":61,"param_name":"weight_decay","param_value_internal":0.320776422120854,"distribution":"{\"name\": \"FloatDistribution\", \"attributes\": {\"step\": null, \"low\": 0.2, \"high\": 4.0, \"log\": true}}"}
{"op_code":0,"worker_id":"cb0c9b65-3256-404f-9fbf-feb81c63611c-134803987668992","study_name":"lion__mamba","directions":[1]}
{"op_code":5,"worker_id":"4ebb2a3b-77de-4b49-be2d-4a446ab21ba8-129478800961536","trial_id":61,"param_name":"matmul_precision","param_value_internal":2,"distribution":"{\"name\": \"CategoricalDistribution\", \"attributes\": {\"choices\": [\"bf16\", \"tf32\", \"fp32\", \"fp16amp\"]}}"}
{"op_code":0,"worker_id":"2350c289-0357-4ba6-a640-5e09622d30e5-134803987668992","study_name":"looksam__mamba","directions":[1]}
{"op_code":0,"worker_id":"a3df1b10-bcfe-4899-aeca-03a2bf1fe549-138063286341632","study_name":"looksam__vit","directions":[1]}
{"op_code":0,"worker_id":"c35b157f-66d7-4950-a6de-4530e3966f14-134803987668992","study_name":"prodigy__mamba","directions":[1]}
{"op_code":8,"worker_id":"e70ce40c-b874-437d-98f6-b4202d7cab9d-134317690548224","trial_id":60,"user_attr":{"crash":"TypeError(\"fused_step(): incompatible function arguments. The following argument types are supported:\\n    1. (arg0: str, arg1: str, arg2: torch.Tensor, arg3: torch.Tensor, arg4: torch.Tensor, arg5: torch.Tensor, arg6: float) -> None\\n\\nInvoked with: 'transformer_decoder', 'adamw', tensor([-1.4617, "}}
{"op_code":6,"worker_id":"e70ce40c-b874-437d-98f6-b4202d7cab9d-134317690548224","trial_id":60,"state":1,"values":[10100.0],"datetime_complete":"2026-06-09T23:25:46.805338"}
{"op_code":7,"worker_id":"4ebb2a3b-77de-4b49-be2d-4a446ab21ba8-129478800961536","trial_id":61,"step":10,"intermediate_value":0.028415730223059654}
{"op_code":4,"worker_id":"fcb0581e-5ac3-4c7d-ac4c-2626d1997479-134803987668992","study_id":12,"datetime_start":"2026-06-09T23:25:46.443738"}
{"op_code":5,"worker_id":"fcb0581e-5ac3-4c7d-ac4c-2626d1997479-134803987668992","trial_id":62,"param_name":"lr","param_value_internal":0.0008565293722924722,"distribution":"{\"name\": \"FloatDistribution\", \"attributes\": {\"step\": null, \"low\": 0.0002, \"high\": 0.005, \"log\": true}}"}
{"op_code":5,"worker_id":"fcb0581e-5ac3-4c7d-ac4c-2626d1997479-134803987668992","trial_id":62,"param_name":"beta1","param_value_internal":0.9336803373557624,"distribution":"{\"name\": \"FloatDistribution\", \"attributes\": {\"step\": null, \"low\": 0.85, \"high\": 0.95, \"log\": false}}"}
{"op_code":5,"worker_id":"fcb0581e-5ac3-4c7d-ac4c-2626d1997479-134803987668992","trial_id":62,"param_name":"beta2","param_value_internal":0.974510993649918,"distribution":"{\"name\": \"FloatDistribution\", \"attributes\": {\"step\": null, \"low\": 0.95, \"high\": 0.9995, \"log\": false}}"}
{"op_code":5,"worker_id":"fcb0581e-5ac3-4c7d-ac4c-2626d1997479-134803987668992","trial_id":62,"param_name":"weight_decay","param_value_internal":1.9548824288747957,"distribution":"{\"name\": \"FloatDistribution\", \"attributes\": {\"step\": null, \"low\": 0.2, \"high\": 4.0, \"log\": true}}"}
{"op_code":5,"worker_id":"fcb0581e-5ac3-4c7d-ac4c-2626d1997479-134803987668992","trial_id":62,"param_name":"matmul_precision","param_value_internal":3,"distribution":"{\"name\": \"CategoricalDistribution\", \"attributes\": {\"choices\": [\"bf16\", \"tf32\", \"fp32\", \"fp16amp\"]}}"}
{"op_code":0,"worker_id":"b673bdf9-dc18-402f-a077-a028eb2c2d32-129889096323072","study_name":"lion__vit","directions":[1]}
{"op_code":4,"worker_id":"b62956c9-daec-4291-a509-9732b9b6d316-134317690548224","study_id":1,"datetime_start":"2026-06-09T23:25:47.187744"}
{"op_code":0,"worker_id":"cb85ea8b-3e6d-4196-b270-0a1d5e5e9a77-129889096323072","study_name":"looksam__vit","directions":[1]}
{"op_code":0,"worker_id":"c3913802-76fd-4d8e-ab3c-2ca57f39bb3b-129889096323072","study_name":"prodigy__vit","directions":[1]}
{"op_code":8,"worker_id":"07e70f96-c985-4bcf-9b7b-d910a7288bce-132863787323392","trial_id":59,"user_attr":{"crash":"TypeError(\"fused_step(): incompatible function arguments. The following argument types are supported:\\n    1. (arg0: str, arg1: str, arg2: torch.Tensor, arg3: torch.Tensor, arg4: torch.Tensor, arg5: torch.Tensor, arg6: float) -> None\\n\\nInvoked with: 'transformer_decoder', 'adamw', tensor([ 0.8180, "}}
{"op_code":6,"worker_id":"07e70f96-c985-4bcf-9b7b-d910a7288bce-132863787323392","trial_id":59,"state":1,"values":[10100.0],"datetime_complete":"2026-06-09T23:25:53.470417"}
{"op_code":4,"worker_id":"599d4c02-7ab3-4a38-a787-2ff3b78b5522-129889096323072","study_id":11,"datetime_start":"2026-06-09T23:25:53.216127"}
{"op_code":5,"worker_id":"b62956c9-daec-4291-a509-9732b9b6d316-134317690548224","trial_id":63,"param_name":"lr","param_value_internal":0.003872639391054715,"distribution":"{\"name\": \"FloatDistribution\", \"attributes\": {\"step\": null, \"low\": 0.0002, \"high\": 0.005, \"log\": true}}"}
{"op_code":5,"worker_id":"b62956c9-daec-4291-a509-9732b9b6d316-134317690548224","trial_id":63,"param_name":"neural_alpha","param_value_internal":9.634830773222056,"distribution":"{\"name\": \"FloatDistribution\", \"attributes\": {\"step\": null, \"low\": 2.0, \"high\": 30.0, \"log\": true}}"}
{"op_code":4,"worker_id":"c72853c6-bad3-4569-8666-8cd082e78117-132863787323392","study_id":1,"datetime_start":"2026-06-09T23:25:53.649993"}
{"op_code":5,"worker_id":"b62956c9-daec-4291-a509-9732b9b6d316-134317690548224","trial_id":63,"param_name":"neural_beta","param_value_internal":9.815425284307974,"distribution":"{\"name\": \"FloatDistribution\", \"attributes\": {\"step\": null, \"low\": 1.0, \"high\": 10.0, \"log\": false}}"}
{"op_code":5,"worker_id":"599d4c02-7ab3-4a38-a787-2ff3b78b5522-129889096323072","trial_id":64,"param_name":"lr","param_value_internal":0.002688712893605852,"distribution":"{\"name\": \"FloatDistribution\", \"attributes\": {\"step\": null, \"low\": 0.0002, \"high\": 0.005, \"log\": true}}"}
{"op_code":5,"worker_id":"b62956c9-daec-4291-a509-9732b9b6d316-134317690548224","trial_id":63,"param_name":"neural_grad_clip","param_value_internal":2.3630209373618687,"distribution":"{\"name\": \"FloatDistribution\", \"attributes\": {\"step\": null, \"low\": 0.5, \"high\": 3.0, \"log\": false}}"}
{"op_code":5,"worker_id":"599d4c02-7ab3-4a38-a787-2ff3b78b5522-129889096323072","trial_id":64,"param_name":"beta1","param_value_internal":0.8616506972333066,"distribution":"{\"name\": \"FloatDistribution\", \"attributes\": {\"step\": null, \"low\": 0.85, \"high\": 0.95, \"log\": false}}"}
{"op_code":5,"worker_id":"b62956c9-daec-4291-a509-9732b9b6d316-134317690548224","trial_id":63,"param_name":"weight_decay","param_value_internal":3.0760669060789647,"distribution":"{\"name\": \"FloatDistribution\", \"attributes\": {\"step\": null, \"low\": 0.2, \"high\": 4.0, \"log\": true}}"}
{"op_code":5,"worker_id":"599d4c02-7ab3-4a38-a787-2ff3b78b5522-129889096323072","trial_id":64,"param_name":"beta2","param_value_internal":0.9848621204520889,"distribution":"{\"name\": \"FloatDistribution\", \"attributes\": {\"step\": null, \"low\": 0.95, \"high\": 0.9995, \"log\": false}}"}
{"op_code":5,"worker_id":"b62956c9-daec-4291-a509-9732b9b6d316-134317690548224","trial_id":63,"param_name":"matmul_precision","param_value_internal":1,"distribution":"{\"name\": \"CategoricalDistribution\", \"attributes\": {\"choices\": [\"bf16\", \"tf32\", \"fp32\", \"fp16amp\"]}}"}
{"op_code":5,"worker_id":"599d4c02-7ab3-4a38-a787-2ff3b78b5522-129889096323072","trial_id":64,"param_name":"weight_decay","param_value_internal":0.9597756895390301,"distribution":"{\"name\": \"FloatDistribution\", \"attributes\": {\"step\": null, \"low\": 0.2, \"high\": 4.0, \"log\": true}}"}
{"op_code":5,"worker_id":"599d4c02-7ab3-4a38-a787-2ff3b78b5522-129889096323072","trial_id":64,"param_name":"matmul_precision","param_value_internal":3,"distribution":"{\"name\": \"CategoricalDistribution\", \"attributes\": {\"choices\": [\"bf16\", \"tf32\", \"fp32\", \"fp16amp\"]}}"}
{"op_code":7,"worker_id":"b62956c9-daec-4291-a509-9732b9b6d316-134317690548224","trial_id":63,"step":10,"intermediate_value":0.030327660962939262}
{"op_code":7,"worker_id":"b62956c9-daec-4291-a509-9732b9b6d316-134317690548224","trial_id":63,"step":20,"intermediate_value":0.03413920849561691}
{"op_code":7,"worker_id":"4ebb2a3b-77de-4b49-be2d-4a446ab21ba8-129478800961536","trial_id":61,"step":20,"intermediate_value":0.03568707127124071}
{"op_code":8,"worker_id":"300c3768-8c2a-49a5-84ad-692c56b9a65d-135118154514432","trial_id":58,"user_attr":{"crash":"AssertionError('No inf checks were recorded for this optimizer.')"}}
{"op_code":6,"worker_id":"300c3768-8c2a-49a5-84ad-692c56b9a65d-135118154514432","trial_id":58,"state":1,"values":[24100.0],"datetime_complete":"2026-06-09T23:26:12.271980"}
{"op_code":7,"worker_id":"4ebb2a3b-77de-4b49-be2d-4a446ab21ba8-129478800961536","trial_id":61,"step":30,"intermediate_value":0.0610986677929759}
{"op_code":0,"worker_id":"052f61bb-a315-4cf8-be8b-49b9da679dd1-138063286341632","study_name":"prodigy__vit","directions":[1]}
{"op_code":7,"worker_id":"b62956c9-daec-4291-a509-9732b9b6d316-134317690548224","trial_id":63,"step":30,"intermediate_value":0.048571824096143246}
{"op_code":4,"worker_id":"e2128d09-273b-4107-85b6-d975d1bf3e96-138063286341632","study_id":11,"datetime_start":"2026-06-09T23:26:17.884278"}
{"op_code":5,"worker_id":"e2128d09-273b-4107-85b6-d975d1bf3e96-138063286341632","trial_id":66,"param_name":"lr","param_value_internal":0.003872639391054715,"distribution":"{\"name\": \"FloatDistribution\", \"attributes\": {\"step\": null, \"low\": 0.0002, \"high\": 0.005, \"log\": true}}"}
{"op_code":5,"worker_id":"e2128d09-273b-4107-85b6-d975d1bf3e96-138063286341632","trial_id":66,"param_name":"beta1","param_value_internal":0.9080579177135406,"distribution":"{\"name\": \"FloatDistribution\", \"attributes\": {\"step\": null, \"low\": 0.85, \"high\": 0.95, \"log\": false}}"}
{"op_code":5,"worker_id":"e2128d09-273b-4107-85b6-d975d1bf3e96-138063286341632","trial_id":66,"param_name":"beta2","param_value_internal":0.9984848390636939,"distribution":"{\"name\": \"FloatDistribution\", \"attributes\": {\"step\": null, \"low\": 0.95, \"high\": 0.9995, \"log\": false}}"}
{"op_code":5,"worker_id":"e2128d09-273b-4107-85b6-d975d1bf3e96-138063286341632","trial_id":66,"param_name":"weight_decay","param_value_internal":1.8645260030089423,"distribution":"{\"name\": \"FloatDistribution\", \"attributes\": {\"step\": null, \"low\": 0.2, \"high\": 4.0, \"log\": true}}"}
{"op_code":5,"worker_id":"e2128d09-273b-4107-85b6-d975d1bf3e96-138063286341632","trial_id":66,"param_name":"matmul_precision","param_value_internal":0,"distribution":"{\"name\": \"CategoricalDistribution\", \"attributes\": {\"choices\": [\"bf16\", \"tf32\", \"fp32\", \"fp16amp\"]}}"}
{"op_code":7,"worker_id":"4ebb2a3b-77de-4b49-be2d-4a446ab21ba8-129478800961536","trial_id":61,"step":40,"intermediate_value":0.11132534127682447}
{"op_code":8,"worker_id":"599d4c02-7ab3-4a38-a787-2ff3b78b5522-129889096323072","trial_id":64,"user_attr":{"crash":"TypeError(\"fused_step(): incompatible function arguments. The following argument types are supported:\\n    1. (arg0: str, arg1: str, arg2: torch.Tensor, arg3: torch.Tensor, arg4: torch.Tensor, arg5: torch.Tensor, arg6: float) -> None\\n\\nInvoked with: 'vit', 'adamw', tensor([-1.6702e-03, -1.3701e-02,"}}
{"op_code":6,"worker_id":"599d4c02-7ab3-4a38-a787-2ff3b78b5522-129889096323072","trial_id":64,"state":1,"values":[12100.0],"datetime_complete":"2026-06-09T23:26:18.166162"}
{"op_code":7,"worker_id":"b62956c9-daec-4291-a509-9732b9b6d316-134317690548224","trial_id":63,"step":40,"intermediate_value":0.06205309089273214}
{"op_code":4,"worker_id":"23286507-3c35-40b6-ba97-116cfd27a518-129889096323072","study_id":13,"datetime_start":"2026-06-09T23:26:18.353900"}
{"op_code":5,"worker_id":"23286507-3c35-40b6-ba97-116cfd27a518-129889096323072","trial_id":67,"param_name":"lr","param_value_internal":0.002688712893605852,"distribution":"{\"name\": \"FloatDistribution\", \"attributes\": {\"step\": null, \"low\": 0.0002, \"high\": 0.005, \"log\": true}}"}
{"op_code":5,"worker_id":"23286507-3c35-40b6-ba97-116cfd27a518-129889096323072","trial_id":67,"param_name":"neural_alpha","param_value_internal":2.7419076764296224,"distribution":"{\"name\": \"FloatDistribution\", \"attributes\": {\"step\": null, \"low\": 2.0, \"high\": 30.0, \"log\": true}}"}
{"op_code":5,"worker_id":"23286507-3c35-40b6-ba97-116cfd27a518-129889096323072","trial_id":67,"param_name":"neural_beta","param_value_internal":7.338567354925254,"distribution":"{\"name\": \"FloatDistribution\", \"attributes\": {\"step\": null, \"low\": 1.0, \"high\": 10.0, \"log\": false}}"}
{"op_code":5,"worker_id":"23286507-3c35-40b6-ba97-116cfd27a518-129889096323072","trial_id":67,"param_name":"neural_grad_clip","param_value_internal":1.8088471287364318,"distribution":"{\"name\": \"FloatDistribution\", \"attributes\": {\"step\": null, \"low\": 0.5, \"high\": 3.0, \"log\": false}}"}
{"op_code":5,"worker_id":"23286507-3c35-40b6-ba97-116cfd27a518-129889096323072","trial_id":67,"param_name":"weight_decay","param_value_internal":0.320776422120854,"distribution":"{\"name\": \"FloatDistribution\", \"attributes\": {\"step\": null, \"low\": 0.2, \"high\": 4.0, \"log\": true}}"}
{"op_code":5,"worker_id":"23286507-3c35-40b6-ba97-116cfd27a518-129889096323072","trial_id":67,"param_name":"matmul_precision","param_value_internal":2,"distribution":"{\"name\": \"CategoricalDistribution\", \"attributes\": {\"choices\": [\"bf16\", \"tf32\", \"fp32\", \"fp16amp\"]}}"}
{"op_code":7,"worker_id":"4ebb2a3b-77de-4b49-be2d-4a446ab21ba8-129478800961536","trial_id":61,"step":50,"intermediate_value":0.19543722085654736}
{"op_code":7,"worker_id":"b62956c9-daec-4291-a509-9732b9b6d316-134317690548224","trial_id":63,"step":50,"intermediate_value":0.09689272753894329}
{"op_code":4,"worker_id":"855aa31e-eefd-40ff-b92f-4ebe88b9296a-135118154514432","study_id":15,"datetime_start":"2026-06-09T23:26:18.779755"}
{"op_code":5,"worker_id":"855aa31e-eefd-40ff-b92f-4ebe88b9296a-135118154514432","trial_id":68,"param_name":"lr","param_value_internal":0.0011576160601673156,"distribution":"{\"name\": \"FloatDistribution\", \"attributes\": {\"step\": null, \"low\": 0.0002, \"high\": 0.005, \"log\": true}}"}
{"op_code":5,"worker_id":"855aa31e-eefd-40ff-b92f-4ebe88b9296a-135118154514432","trial_id":68,"param_name":"grokadamw_alpha","param_value_internal":0.9170146661881889,"distribution":"{\"name\": \"FloatDistribution\", \"attributes\": {\"step\": null, \"low\": 0.9, \"high\": 0.999, \"log\": false}}"}
{"op_code":5,"worker_id":"855aa31e-eefd-40ff-b92f-4ebe88b9296a-135118154514432","trial_id":68,"param_name":"grokadamw_lamb","param_value_internal":6.436649677002274,"distribution":"{\"name\": \"FloatDistribution\", \"attributes\": {\"step\": null, \"low\": 0.5, \"high\": 10.0, \"log\": true}}"}
{"op_code":5,"worker_id":"855aa31e-eefd-40ff-b92f-4ebe88b9296a-135118154514432","trial_id":68,"param_name":"grokadamw_grad_clip","param_value_internal":0.9505585269837273,"distribution":"{\"name\": \"FloatDistribution\", \"attributes\": {\"step\": null, \"low\": 0.5, \"high\": 3.0, \"log\": false}}"}
{"op_code":0,"worker_id":"65e1bda5-b0c3-44c2-873e-9488e233f8e9-126908061577216","study_name":"grokadamw__mamba","directions":[1]}
{"op_code":5,"worker_id":"855aa31e-eefd-40ff-b92f-4ebe88b9296a-135118154514432","trial_id":68,"param_name":"weight_decay","param_value_internal":1.1666656718936412,"distribution":"{\"name\": \"FloatDistribution\", \"attributes\": {\"step\": null, \"low\": 0.2, \"high\": 4.0, \"log\": true}}"}
{"op_code":5,"worker_id":"855aa31e-eefd-40ff-b92f-4ebe88b9296a-135118154514432","trial_id":68,"param_name":"matmul_precision","param_value_internal":3,"distribution":"{\"name\": \"CategoricalDistribution\", \"attributes\": {\"choices\": [\"bf16\", \"tf32\", \"fp32\", \"fp16amp\"]}}"}
{"op_code":7,"worker_id":"4ebb2a3b-77de-4b49-be2d-4a446ab21ba8-129478800961536","trial_id":61,"step":60,"intermediate_value":0.3199867410585284}
{"op_code":7,"worker_id":"23286507-3c35-40b6-ba97-116cfd27a518-129889096323072","trial_id":67,"step":10,"intermediate_value":0.007914149668067694}
{"op_code":7,"worker_id":"b62956c9-daec-4291-a509-9732b9b6d316-134317690548224","trial_id":63,"step":60,"intermediate_value":0.1005911286920309}
{"op_code":0,"worker_id":"042e3125-ffab-4cb2-9240-b00e90f0031f-126908061577216","study_name":"supergrok__mamba","directions":[1]}
{"op_code":0,"worker_id":"9ff70e32-6010-4980-8d26-d1ba586427f0-126908061577216","study_name":"supergrok15__mamba","directions":[1]}
{"op_code":0,"worker_id":"075b63c3-3b24-4c0e-a709-29b082eee0c9-126908061577216","study_name":"supergrok2__mamba","directions":[1]}
{"op_code":7,"worker_id":"4ebb2a3b-77de-4b49-be2d-4a446ab21ba8-129478800961536","trial_id":61,"step":70,"intermediate_value":0.43893210124224424}
{"op_code":0,"worker_id":"3ca49080-edcd-4ea4-a88d-3fbe37115420-126908061577216","study_name":"grokfast__mamba","directions":[1]}
{"op_code":0,"worker_id":"76755c4c-f44b-4f92-b7d3-75702e796a95-126908061577216","study_name":"muon__mamba","directions":[1]}
{"op_code":0,"worker_id":"c4c9bb4f-0372-4b21-af65-5d17f6ff8f8b-126908061577216","study_name":"lion__mamba","directions":[1]}
{"op_code":0,"worker_id":"592f2166-a260-462d-a29e-879a8024021a-126908061577216","study_name":"looksam__mamba","directions":[1]}
{"op_code":0,"worker_id":"4a71ac79-9c36-4d3f-a003-ef2d36dbd872-126908061577216","study_name":"prodigy__mamba","directions":[1]}
{"op_code":4,"worker_id":"19a3934a-3f3b-41b5-9ef3-ab38dfe933a9-126908061577216","study_id":12,"datetime_start":"2026-06-09T23:26:19.788557"}
{"op_code":5,"worker_id":"19a3934a-3f3b-41b5-9ef3-ab38dfe933a9-126908061577216","trial_id":69,"param_name":"lr","param_value_internal":0.002688712893605852,"distribution":"{\"name\": \"FloatDistribution\", \"attributes\": {\"step\": null, \"low\": 0.0002, \"high\": 0.005, \"log\": true}}"}
{"op_code":5,"worker_id":"19a3934a-3f3b-41b5-9ef3-ab38dfe933a9-126908061577216","trial_id":69,"param_name":"beta1","param_value_internal":0.8616506972333066,"distribution":"{\"name\": \"FloatDistribution\", \"attributes\": {\"step\": null, \"low\": 0.85, \"high\": 0.95, \"log\": false}}"}
{"op_code":5,"worker_id":"19a3934a-3f3b-41b5-9ef3-ab38dfe933a9-126908061577216","trial_id":69,"param_name":"beta2","param_value_internal":0.9848621204520889,"distribution":"{\"name\": \"FloatDistribution\", \"attributes\": {\"step\": null, \"low\": 0.95, \"high\": 0.9995, \"log\": false}}"}
{"op_code":5,"worker_id":"19a3934a-3f3b-41b5-9ef3-ab38dfe933a9-126908061577216","trial_id":69,"param_name":"weight_decay","param_value_internal":0.9597756895390301,"distribution":"{\"name\": \"FloatDistribution\", \"attributes\": {\"step\": null, \"low\": 0.2, \"high\": 4.0, \"log\": true}}"}
{"op_code":5,"worker_id":"19a3934a-3f3b-41b5-9ef3-ab38dfe933a9-126908061577216","trial_id":69,"param_name":"matmul_precision","param_value_internal":3,"distribution":"{\"name\": \"CategoricalDistribution\", \"attributes\": {\"choices\": [\"bf16\", \"tf32\", \"fp32\", \"fp16amp\"]}}"}
{"op_code":0,"worker_id":"94be3a2b-7c9f-4f5a-a769-a4349676d97b-131165583757312","study_name":"lion__decoder","directions":[1]}
{"op_code":7,"worker_id":"b62956c9-daec-4291-a509-9732b9b6d316-134317690548224","trial_id":63,"step":70,"intermediate_value":0.14617112465202808}
{"op_code":0,"worker_id":"8eac2e87-48c4-4360-ae46-1a8e3f82b94f-131165583757312","study_name":"looksam__decoder","directions":[1]}
{"op_code":0,"worker_id":"1c4babd6-bb8c-475e-8df3-e0d9303f547e-131165583757312","study_name":"prodigy__decoder","directions":[1]}
{"op_code":7,"worker_id":"23286507-3c35-40b6-ba97-116cfd27a518-129889096323072","trial_id":67,"step":20,"intermediate_value":0.010277992580085993}
{"op_code":7,"worker_id":"855aa31e-eefd-40ff-b92f-4ebe88b9296a-135118154514432","trial_id":68,"step":10,"intermediate_value":0.01958420965820551}
{"op_code":4,"worker_id":"323ae07c-760c-4a3b-8f87-6f5cec305ec4-131165583757312","study_id":0,"datetime_start":"2026-06-09T23:26:20.136410"}
{"op_code":5,"worker_id":"323ae07c-760c-4a3b-8f87-6f5cec305ec4-131165583757312","trial_id":70,"param_name":"lr","param_value_internal":0.0021770957418578768,"distribution":"{\"name\": \"FloatDistribution\", \"attributes\": {\"step\": null, \"low\": 0.0002, \"high\": 0.005, \"log\": true}}"}
{"op_code":7,"worker_id":"4ebb2a3b-77de-4b49-be2d-4a446ab21ba8-129478800961536","trial_id":61,"step":80,"intermediate_value":0.5019242269918323}
{"op_code":5,"worker_id":"323ae07c-760c-4a3b-8f87-6f5cec305ec4-131165583757312","trial_id":70,"param_name":"beta1","param_value_internal":0.8603837711549567,"distribution":"{\"name\": \"FloatDistribution\", \"attributes\": {\"step\": null, \"low\": 0.85, \"high\": 0.95, \"log\": false}}"}
{"op_code":5,"worker_id":"323ae07c-760c-4a3b-8f87-6f5cec305ec4-131165583757312","trial_id":70,"param_name":"beta2","param_value_internal":0.9639605728318721,"distribution":"{\"name\": \"FloatDistribution\", \"attributes\": {\"step\": null, \"low\": 0.95, \"high\": 0.9995, \"log\": false}}"}
{"op_code":5,"worker_id":"323ae07c-760c-4a3b-8f87-6f5cec305ec4-131165583757312","trial_id":70,"param_name":"weight_decay","param_value_internal":0.6733638740281184,"distribution":"{\"name\": \"FloatDistribution\", \"attributes\": {\"step\": null, \"low\": 0.2, \"high\": 4.0, \"log\": true}}"}
{"op_code":5,"worker_id":"323ae07c-760c-4a3b-8f87-6f5cec305ec4-131165583757312","trial_id":70,"param_name":"matmul_precision","param_value_internal":3,"distribution":"{\"name\": \"CategoricalDistribution\", \"attributes\": {\"choices\": [\"bf16\", \"tf32\", \"fp32\", \"fp16amp\"]}}"}
{"op_code":7,"worker_id":"b62956c9-daec-4291-a509-9732b9b6d316-134317690548224","trial_id":63,"step":80,"intermediate_value":0.16620792262256145}
{"op_code":7,"worker_id":"23286507-3c35-40b6-ba97-116cfd27a518-129889096323072","trial_id":67,"step":30,"intermediate_value":0.013468476943671703}
{"op_code":8,"worker_id":"fcb0581e-5ac3-4c7d-ac4c-2626d1997479-134803987668992","trial_id":62,"user_attr":{"crash":"TypeError(\"fused_step(): incompatible function arguments. The following argument types are supported:\\n    1. (arg0: str, arg1: str, arg2: torch.Tensor, arg3: torch.Tensor, arg4: torch.Tensor, arg5: torch.Tensor, arg6: float) -> None\\n\\nInvoked with: 'mamba3', 'adamw', tensor([-0.1116, -0.1922,  2.5"}}
{"op_code":6,"worker_id":"fcb0581e-5ac3-4c7d-ac4c-2626d1997479-134803987668992","trial_id":62,"state":1,"values":[24100.0],"datetime_complete":"2026-06-09T23:26:21.893731"}
{"op_code":7,"worker_id":"4ebb2a3b-77de-4b49-be2d-4a446ab21ba8-129478800961536","trial_id":61,"step":90,"intermediate_value":0.5129032265394926}
{"op_code":4,"worker_id":"750a3d8e-91ad-4178-86aa-16c451ee9dc0-134803987668992","study_id":14,"datetime_start":"2026-06-09T23:26:22.084279"}
{"op_code":5,"worker_id":"750a3d8e-91ad-4178-86aa-16c451ee9dc0-134803987668992","trial_id":71,"param_name":"lr","param_value_internal":0.0008565293722924722,"distribution":"{\"name\": \"FloatDistribution\", \"attributes\": {\"step\": null, \"low\": 0.0002, \"high\": 0.005, \"log\": true}}"}
{"op_code":7,"worker_id":"b62956c9-daec-4291-a509-9732b9b6d316-134317690548224","trial_id":63,"step":90,"intermediate_value":0.1762324720621109}
{"op_code":5,"worker_id":"750a3d8e-91ad-4178-86aa-16c451ee9dc0-134803987668992","trial_id":71,"param_name":"neural_alpha","param_value_internal":19.28355624289931,"distribution":"{\"name\": \"FloatDistribution\", \"attributes\": {\"step\": null, \"low\": 2.0, \"high\": 30.0, \"log\": true}}"}
{"op_code":5,"worker_id":"750a3d8e-91ad-4178-86aa-16c451ee9dc0-134803987668992","trial_id":71,"param_name":"neural_beta","param_value_internal":5.4565442999850955,"distribution":"{\"name\": \"FloatDistribution\", \"attributes\": {\"step\": null, \"low\": 1.0, \"high\": 10.0, \"log\": false}}"}
{"op_code":5,"worker_id":"750a3d8e-91ad-4178-86aa-16c451ee9dc0-134803987668992","trial_id":71,"param_name":"neural_grad_clip","param_value_internal":2.402513106315949,"distribution":"{\"name\": \"FloatDistribution\", \"attributes\": {\"step\": null, \"low\": 0.5, \"high\": 3.0, \"log\": false}}"}
{"op_code":5,"worker_id":"750a3d8e-91ad-4178-86aa-16c451ee9dc0-134803987668992","trial_id":71,"param_name":"weight_decay","param_value_internal":0.4419155679144035,"distribution":"{\"name\": \"FloatDistribution\", \"attributes\": {\"step\": null, \"low\": 0.2, \"high\": 4.0, \"log\": true}}"}
{"op_code":5,"worker_id":"750a3d8e-91ad-4178-86aa-16c451ee9dc0-134803987668992","trial_id":71,"param_name":"matmul_precision","param_value_internal":3,"distribution":"{\"name\": \"CategoricalDistribution\", \"attributes\": {\"choices\": [\"bf16\", \"tf32\", \"fp32\", \"fp16amp\"]}}"}
{"op_code":8,"worker_id":"750a3d8e-91ad-4178-86aa-16c451ee9dc0-134803987668992","trial_id":71,"user_attr":{"crash":"AssertionError('No inf checks were recorded for this optimizer.')"}}
{"op_code":6,"worker_id":"750a3d8e-91ad-4178-86aa-16c451ee9dc0-134803987668992","trial_id":71,"state":1,"values":[24100.0],"datetime_complete":"2026-06-09T23:26:22.579830"}
{"op_code":7,"worker_id":"23286507-3c35-40b6-ba97-116cfd27a518-129889096323072","trial_id":67,"step":40,"intermediate_value":0.014295117929577827}
{"op_code":4,"worker_id":"0d363365-fb60-44b7-b09f-d3edac0628c8-134803987668992","study_id":15,"datetime_start":"2026-06-09T23:26:22.695330"}
{"op_code":5,"worker_id":"0d363365-fb60-44b7-b09f-d3edac0628c8-134803987668992","trial_id":72,"param_name":"lr","param_value_internal":0.0008565293722924722,"distribution":"{\"name\": \"FloatDistribution\", \"attributes\": {\"step\": null, \"low\": 0.0002, \"high\": 0.005, \"log\": true}}"}
{"op_code":5,"worker_id":"0d363365-fb60-44b7-b09f-d3edac0628c8-134803987668992","trial_id":72,"param_name":"grokadamw_alpha","param_value_internal":0.9828435339822048,"distribution":"{\"name\": \"FloatDistribution\", \"attributes\": {\"step\": null, \"low\": 0.9, \"high\": 0.999, \"log\": false}}"}
{"op_code":5,"worker_id":"0d363365-fb60-44b7-b09f-d3edac0628c8-134803987668992","trial_id":72,"param_name":"grokadamw_lamb","param_value_internal":2.2039568856103418,"distribution":"{\"name\": \"FloatDistribution\", \"attributes\": {\"step\": null, \"low\": 0.5, \"high\": 10.0, \"log\": true}}"}
{"op_code":5,"worker_id":"0d363365-fb60-44b7-b09f-d3edac0628c8-134803987668992","trial_id":72,"param_name":"grokadamw_grad_clip","param_value_internal":2.402513106315949,"distribution":"{\"name\": \"FloatDistribution\", \"attributes\": {\"step\": null, \"low\": 0.5, \"high\": 3.0, \"log\": false}}"}
{"op_code":5,"worker_id":"0d363365-fb60-44b7-b09f-d3edac0628c8-134803987668992","trial_id":72,"param_name":"weight_decay","param_value_internal":0.4419155679144035,"distribution":"{\"name\": \"FloatDistribution\", \"attributes\": {\"step\": null, \"low\": 0.2, \"high\": 4.0, \"log\": true}}"}
{"op_code":5,"worker_id":"0d363365-fb60-44b7-b09f-d3edac0628c8-134803987668992","trial_id":72,"param_name":"matmul_precision","param_value_internal":3,"distribution":"{\"name\": \"CategoricalDistribution\", \"attributes\": {\"choices\": [\"bf16\", \"tf32\", \"fp32\", \"fp16amp\"]}}"}
{"op_code":5,"worker_id":"c72853c6-bad3-4569-8666-8cd082e78117-132863787323392","trial_id":65,"param_name":"lr","param_value_internal":0.0008565293722924722,"distribution":"{\"name\": \"FloatDistribution\", \"attributes\": {\"step\": null, \"low\": 0.0002, \"high\": 0.005, \"log\": true}}"}
{"op_code":5,"worker_id":"c72853c6-bad3-4569-8666-8cd082e78117-132863787323392","trial_id":65,"param_name":"neural_alpha","param_value_internal":19.28355624289931,"distribution":"{\"name\": \"FloatDistribution\", \"attributes\": {\"step\": null, \"low\": 2.0, \"high\": 30.0, \"log\": true}}"}
{"op_code":7,"worker_id":"4ebb2a3b-77de-4b49-be2d-4a446ab21ba8-129478800961536","trial_id":61,"step":100,"intermediate_value":0.5129032265394926}
{"op_code":5,"worker_id":"c72853c6-bad3-4569-8666-8cd082e78117-132863787323392","trial_id":65,"param_name":"neural_beta","param_value_internal":5.4565442999850955,"distribution":"{\"name\": \"FloatDistribution\", \"attributes\": {\"step\": null, \"low\": 1.0, \"high\": 10.0, \"log\": false}}"}
{"op_code":5,"worker_id":"c72853c6-bad3-4569-8666-8cd082e78117-132863787323392","trial_id":65,"param_name":"neural_grad_clip","param_value_internal":2.402513106315949,"distribution":"{\"name\": \"FloatDistribution\", \"attributes\": {\"step\": null, \"low\": 0.5, \"high\": 3.0, \"log\": false}}"}
{"op_code":5,"worker_id":"c72853c6-bad3-4569-8666-8cd082e78117-132863787323392","trial_id":65,"param_name":"weight_decay","param_value_internal":0.4419155679144035,"distribution":"{\"name\": \"FloatDistribution\", \"attributes\": {\"step\": null, \"low\": 0.2, \"high\": 4.0, \"log\": true}}"}
{"op_code":5,"worker_id":"c72853c6-bad3-4569-8666-8cd082e78117-132863787323392","trial_id":65,"param_name":"matmul_precision","param_value_internal":3,"distribution":"{\"name\": \"CategoricalDistribution\", \"attributes\": {\"choices\": [\"bf16\", \"tf32\", \"fp32\", \"fp16amp\"]}}"}
{"op_code":7,"worker_id":"855aa31e-eefd-40ff-b92f-4ebe88b9296a-135118154514432","trial_id":68,"step":20,"intermediate_value":0.018507400527596474}
{"op_code":7,"worker_id":"b62956c9-daec-4291-a509-9732b9b6d316-134317690548224","trial_id":63,"step":100,"intermediate_value":0.2012861669063568}
{"op_code":8,"worker_id":"19a3934a-3f3b-41b5-9ef3-ab38dfe933a9-126908061577216","trial_id":69,"user_attr":{"crash":"TypeError(\"fused_step(): incompatible function arguments. The following argument types are supported:\\n    1. (arg0: str, arg1: str, arg2: torch.Tensor, arg3: torch.Tensor, arg4: torch.Tensor, arg5: torch.Tensor, arg6: float) -> None\\n\\nInvoked with: 'mamba3', 'adamw', tensor([-0.3860,  0.7731, -0.2"}}
{"op_code":8,"worker_id":"e2128d09-273b-4107-85b6-d975d1bf3e96-138063286341632","trial_id":66,"user_attr":{"crash":"TypeError(\"fused_step(): incompatible function arguments. The following argument types are supported:\\n    1. (arg0: str, arg1: str, arg2: torch.Tensor, arg3: torch.Tensor, arg4: torch.Tensor, arg5: torch.Tensor, arg6: float) -> None\\n\\nInvoked with: 'vit', 'adamw', tensor([ 5.7756e-03,  1.4697e-02,"}}
{"op_code":6,"worker_id":"e2128d09-273b-4107-85b6-d975d1bf3e96-138063286341632","trial_id":66,"state":1,"values":[12100.0],"datetime_complete":"2026-06-09T23:26:33.568038"}
{"op_code":7,"worker_id":"b62956c9-daec-4291-a509-9732b9b6d316-134317690548224","trial_id":63,"step":110,"intermediate_value":0.19317970052361488}
{"op_code":4,"worker_id":"5995d022-8a01-488a-8a3b-de18b9874811-138063286341632","study_id":13,"datetime_start":"2026-06-09T23:26:33.744293"}
{"op_code":5,"worker_id":"5995d022-8a01-488a-8a3b-de18b9874811-138063286341632","trial_id":73,"param_name":"lr","param_value_internal":0.003872639391054715,"distribution":"{\"name\": \"FloatDistribution\", \"attributes\": {\"step\": null, \"low\": 0.0002, \"high\": 0.005, \"log\": true}}"}
{"op_code":5,"worker_id":"5995d022-8a01-488a-8a3b-de18b9874811-138063286341632","trial_id":73,"param_name":"neural_alpha","param_value_internal":9.634830773222056,"distribution":"{\"name\": \"FloatDistribution\", \"attributes\": {\"step\": null, \"low\": 2.0, \"high\": 30.0, \"log\": true}}"}
{"op_code":5,"worker_id":"5995d022-8a01-488a-8a3b-de18b9874811-138063286341632","trial_id":73,"param_name":"neural_beta","param_value_internal":9.815425284307974,"distribution":"{\"name\": \"FloatDistribution\", \"attributes\": {\"step\": null, \"low\": 1.0, \"high\": 10.0, \"log\": false}}"}
{"op_code":5,"worker_id":"5995d022-8a01-488a-8a3b-de18b9874811-138063286341632","trial_id":73,"param_name":"neural_grad_clip","param_value_internal":2.3630209373618687,"distribution":"{\"name\": \"FloatDistribution\", \"attributes\": {\"step\": null, \"low\": 0.5, \"high\": 3.0, \"log\": false}}"}
{"op_code":5,"worker_id":"5995d022-8a01-488a-8a3b-de18b9874811-138063286341632","trial_id":73,"param_name":"weight_decay","param_value_internal":3.0760669060789647,"distribution":"{\"name\": \"FloatDistribution\", \"attributes\": {\"step\": null, \"low\": 0.2, \"high\": 4.0, \"log\": true}}"}
{"op_code":5,"worker_id":"5995d022-8a01-488a-8a3b-de18b9874811-138063286341632","trial_id":73,"param_name":"matmul_precision","param_value_internal":1,"distribution":"{\"name\": \"CategoricalDistribution\", \"attributes\": {\"choices\": [\"bf16\", \"tf32\", \"fp32\", \"fp16amp\"]}}"}
{"op_code":0,"worker_id":"df98ca8d-9ede-48e1-9c04-e354f7eb7720-132066782720000","study_name":"adamw__vit","directions":[1]}
{"op_code":7,"worker_id":"b62956c9-daec-4291-a509-9732b9b6d316-134317690548224","trial_id":63,"step":120,"intermediate_value":0.20737678185105324}
{"op_code":0,"worker_id":"4e9858eb-9846-4ddc-b91a-630d5bfce941-132066782720000","study_name":"neuralgrok__vit","directions":[1]}
{"op_code":6,"worker_id":"19a3934a-3f3b-41b5-9ef3-ab38dfe933a9-126908061577216","trial_id":69,"state":1,"values":[24100.0],"datetime_complete":"2026-06-09T23:26:34.019896"}
{"op_code":0,"worker_id":"66e69664-d16b-49f3-aa41-bf417fc9117f-132066782720000","study_name":"grokadamw__vit","directions":[1]}
{"op_code":0,"worker_id":"990ea698-c007-4c3b-bdcd-39d11c60761f-132066782720000","study_name":"supergrok__vit","directions":[1]}
{"op_code":7,"worker_id":"855aa31e-eefd-40ff-b92f-4ebe88b9296a-135118154514432","trial_id":68,"step":30,"intermediate_value":0.010862755123525858}
{"op_code":0,"worker_id":"69ca0a0e-e541-4095-a5aa-1208c05c4b88-132066782720000","study_name":"supergrok15__vit","directions":[1]}
{"op_code":0,"worker_id":"e0b6c6a1-6194-4b30-b386-f17f790f5225-132066782720000","study_name":"supergrok2__vit","directions":[1]}
{"op_code":0,"worker_id":"67b0423b-758e-45ce-88de-92a9ca949c9f-132066782720000","study_name":"grokfast__vit","directions":[1]}
{"op_code":0,"worker_id":"eb2f9336-4233-423f-ae40-c8e1212e583e-132066782720000","study_name":"muon__vit","directions":[1]}
{"op_code":0,"worker_id":"097f2237-345b-4140-a805-918c636f47e4-132066782720000","study_name":"lion__vit","directions":[1]}
{"op_code":0,"worker_id":"965be430-a351-4ed6-94ee-17a8a50e1d2a-132066782720000","study_name":"looksam__vit","directions":[1]}
{"op_code":0,"worker_id":"95bd1a71-6a15-438e-b206-49acac7df3db-132066782720000","study_name":"prodigy__vit","directions":[1]}
{"op_code":4,"worker_id":"df98ca8d-9ede-48e1-9c04-e354f7eb7720-132066782720000","study_id":11,"datetime_start":"2026-06-09T23:26:40.015441"}
{"op_code":5,"worker_id":"df98ca8d-9ede-48e1-9c04-e354f7eb7720-132066782720000","trial_id":74,"param_name":"lr","param_value_internal":0.004097459389437247,"distribution":"{\"name\": \"FloatDistribution\", \"attributes\": {\"step\": null, \"low\": 0.0002, \"high\": 0.005, \"log\": true}}"}
{"op_code":5,"worker_id":"df98ca8d-9ede-48e1-9c04-e354f7eb7720-132066782720000","trial_id":74,"param_name":"beta1","param_value_internal":0.9166359658391855,"distribution":"{\"name\": \"FloatDistribution\", \"attributes\": {\"step\": null, \"low\": 0.85, \"high\": 0.95, \"log\": false}}"}
{"op_code":5,"worker_id":"df98ca8d-9ede-48e1-9c04-e354f7eb7720-132066782720000","trial_id":74,"param_name":"beta2","param_value_internal":0.9591755168369636,"distribution":"{\"name\": \"FloatDistribution\", \"attributes\": {\"step\": null, \"low\": 0.95, \"high\": 0.9995, \"log\": false}}"}
{"op_code":5,"worker_id":"df98ca8d-9ede-48e1-9c04-e354f7eb7720-132066782720000","trial_id":74,"param_name":"weight_decay","param_value_internal":1.1064782164080609,"distribution":"{\"name\": \"FloatDistribution\", \"attributes\": {\"step\": null, \"low\": 0.2, \"high\": 4.0, \"log\": true}}"}
{"op_code":5,"worker_id":"df98ca8d-9ede-48e1-9c04-e354f7eb7720-132066782720000","trial_id":74,"param_name":"matmul_precision","param_value_internal":3,"distribution":"{\"name\": \"CategoricalDistribution\", \"attributes\": {\"choices\": [\"bf16\", \"tf32\", \"fp32\", \"fp16amp\"]}}"}
{"op_code":7,"worker_id":"0d363365-fb60-44b7-b09f-d3edac0628c8-134803987668992","trial_id":72,"step":10,"intermediate_value":0.014448010828346014}
{"op_code":8,"worker_id":"323ae07c-760c-4a3b-8f87-6f5cec305ec4-131165583757312","trial_id":70,"user_attr":{"crash":"TypeError(\"fused_step(): incompatible function arguments. The following argument types are supported:\\n    1. (arg0: str, arg1: str, arg2: torch.Tensor, arg3: torch.Tensor, arg4: torch.Tensor, arg5: torch.Tensor, arg6: float) -> None\\n\\nInvoked with: 'transformer_decoder', 'adamw', tensor([-0.2142, "}}
{"op_code":6,"worker_id":"323ae07c-760c-4a3b-8f87-6f5cec305ec4-131165583757312","trial_id":70,"state":1,"values":[10100.0],"datetime_complete":"2026-06-09T23:26:40.393382"}
{"op_code":8,"worker_id":"c72853c6-bad3-4569-8666-8cd082e78117-132863787323392","trial_id":65,"user_attr":{"crash":"AssertionError('No inf checks were recorded for this optimizer.')"}}
{"op_code":7,"worker_id":"4ebb2a3b-77de-4b49-be2d-4a446ab21ba8-129478800961536","trial_id":61,"step":110,"intermediate_value":0.5107526881620288}
{"op_code":6,"worker_id":"c72853c6-bad3-4569-8666-8cd082e78117-132863787323392","trial_id":65,"state":1,"values":[10100.0],"datetime_complete":"2026-06-09T23:26:40.478909"}
{"op_code":7,"worker_id":"23286507-3c35-40b6-ba97-116cfd27a518-129889096323072","trial_id":67,"step":50,"intermediate_value":0.017011226154863834}
{"op_code":4,"worker_id":"9560daec-c4fa-492b-a37d-396e29e38037-131165583757312","study_id":1,"datetime_start":"2026-06-09T23:26:40.570855"}
{"op_code":5,"worker_id":"9560daec-c4fa-492b-a37d-396e29e38037-131165583757312","trial_id":75,"param_name":"lr","param_value_internal":0.00038538796825530206,"distribution":"{\"name\": \"FloatDistribution\", \"attributes\": {\"step\": null, \"low\": 0.0002, \"high\": 0.005, \"log\": true}}"}
{"op_code":5,"worker_id":"9560daec-c4fa-492b-a37d-396e29e38037-131165583757312","trial_id":75,"param_name":"neural_alpha","param_value_internal":3.7909330949992865,"distribution":"{\"name\": \"FloatDistribution\", \"attributes\": {\"step\": null, \"low\": 2.0, \"high\": 30.0, \"log\": true}}"}
{"op_code":5,"worker_id":"9560daec-c4fa-492b-a37d-396e29e38037-131165583757312","trial_id":75,"param_name":"neural_beta","param_value_internal":5.883894714500133,"distribution":"{\"name\": \"FloatDistribution\", \"attributes\": {\"step\": null, \"low\": 1.0, \"high\": 10.0, \"log\": false}}"}
{"op_code":5,"worker_id":"9560daec-c4fa-492b-a37d-396e29e38037-131165583757312","trial_id":75,"param_name":"neural_grad_clip","param_value_internal":0.5626183175333517,"distribution":"{\"name\": \"FloatDistribution\", \"attributes\": {\"step\": null, \"low\": 0.5, \"high\": 3.0, \"log\": false}}"}
{"op_code":4,"worker_id":"15059474-2802-491e-b069-2441b973c009-132863787323392","study_id":2,"datetime_start":"2026-06-09T23:26:40.620281"}
{"op_code":5,"worker_id":"9560daec-c4fa-492b-a37d-396e29e38037-131165583757312","trial_id":75,"param_name":"weight_decay","param_value_internal":0.7393249364983644,"distribution":"{\"name\": \"FloatDistribution\", \"attributes\": {\"step\": null, \"low\": 0.2, \"high\": 4.0, \"log\": true}}"}
{"op_code":5,"worker_id":"9560daec-c4fa-492b-a37d-396e29e38037-131165583757312","trial_id":75,"param_name":"matmul_precision","param_value_internal":3,"distribution":"{\"name\": \"CategoricalDistribution\", \"attributes\": {\"choices\": [\"bf16\", \"tf32\", \"fp32\", \"fp16amp\"]}}"}
{"op_code":7,"worker_id":"5995d022-8a01-488a-8a3b-de18b9874811-138063286341632","trial_id":73,"step":10,"intermediate_value":0.017133337445557117}
{"op_code":8,"worker_id":"9560daec-c4fa-492b-a37d-396e29e38037-131165583757312","trial_id":75,"user_attr":{"crash":"AssertionError('No inf checks were recorded for this optimizer.')"}}
{"op_code":6,"worker_id":"9560daec-c4fa-492b-a37d-396e29e38037-131165583757312","trial_id":75,"state":1,"values":[10100.0],"datetime_complete":"2026-06-09T23:26:40.846383"}
{"op_code":0,"worker_id":"e05d62d1-5d6b-412f-9715-d16ae2a3a1d1-126353676697600","study_name":"adamw__vit","directions":[1]}
{"op_code":4,"worker_id":"1cd046f5-1686-4abf-94e8-e4fa59a08500-131165583757312","study_id":2,"datetime_start":"2026-06-09T23:26:40.971217"}
{"op_code":5,"worker_id":"1cd046f5-1686-4abf-94e8-e4fa59a08500-131165583757312","trial_id":77,"param_name":"lr","param_value_internal":0.00038538796825530206,"distribution":"{\"name\": \"FloatDistribution\", \"attributes\": {\"step\": null, \"low\": 0.0002, \"high\": 0.005, \"log\": true}}"}
{"op_code":0,"worker_id":"a56886b7-efe8-4ce6-a9ff-0941e957bc58-126353676697600","study_name":"neuralgrok__vit","directions":[1]}
{"op_code":5,"worker_id":"1cd046f5-1686-4abf-94e8-e4fa59a08500-131165583757312","trial_id":77,"param_name":"grokadamw_alpha","param_value_internal":0.9233773493973088,"distribution":"{\"name\": \"FloatDistribution\", \"attributes\": {\"step\": null, \"low\": 0.9, \"high\": 0.999, \"log\": false}}"}
{"op_code":0,"worker_id":"1a3df289-b80e-4831-bf17-868dbc7ef066-126353676697600","study_name":"grokadamw__vit","directions":[1]}
{"op_code":0,"worker_id":"dbac0f0c-42cf-4811-b2a8-a5add14a826d-126353676697600","study_name":"supergrok__vit","directions":[1]}
{"op_code":0,"worker_id":"23c9ea60-2c2c-40db-baac-586b0cc13a1c-126353676697600","study_name":"supergrok15__vit","directions":[1]}
{"op_code":0,"worker_id":"4c565e88-1877-4787-bf00-a5d434b53a9c-126353676697600","study_name":"supergrok2__vit","directions":[1]}
{"op_code":4,"worker_id":"5e0e8973-4b44-4525-a1fb-e267dde658cb-126908061577216","study_id":14,"datetime_start":"2026-06-09T23:26:34.193992"}
{"op_code":5,"worker_id":"5e0e8973-4b44-4525-a1fb-e267dde658cb-126908061577216","trial_id":78,"param_name":"lr","param_value_internal":0.002688712893605852,"distribution":"{\"name\": \"FloatDistribution\", \"attributes\": {\"step\": null, \"low\": 0.0002, \"high\": 0.005, \"log\": true}}"}
{"op_code":5,"worker_id":"5e0e8973-4b44-4525-a1fb-e267dde658cb-126908061577216","trial_id":78,"param_name":"neural_alpha","param_value_internal":2.7419076764296224,"distribution":"{\"name\": \"FloatDistribution\", \"attributes\": {\"step\": null, \"low\": 2.0, \"high\": 30.0, \"log\": true}}"}
{"op_code":5,"worker_id":"5e0e8973-4b44-4525-a1fb-e267dde658cb-126908061577216","trial_id":78,"param_name":"neural_beta","param_value_internal":7.338567354925254,"distribution":"{\"name\": \"FloatDistribution\", \"attributes\": {\"step\": null, \"low\": 1.0, \"high\": 10.0, \"log\": false}}"}
{"op_code":0,"worker_id":"1f84b516-4753-43ee-888f-45438000d0d6-126353676697600","study_name":"grokfast__vit","directions":[1]}
{"op_code":5,"worker_id":"5e0e8973-4b44-4525-a1fb-e267dde658cb-126908061577216","trial_id":78,"param_name":"neural_grad_clip","param_value_internal":1.8088471287364318,"distribution":"{\"name\": \"FloatDistribution\", \"attributes\": {\"step\": null, \"low\": 0.5, \"high\": 3.0, \"log\": false}}"}
{"op_code":5,"worker_id":"5e0e8973-4b44-4525-a1fb-e267dde658cb-126908061577216","trial_id":78,"param_name":"weight_decay","param_value_internal":0.320776422120854,"distribution":"{\"name\": \"FloatDistribution\", \"attributes\": {\"step\": null, \"low\": 0.2, \"high\": 4.0, \"log\": true}}"}
{"op_code":5,"worker_id":"5e0e8973-4b44-4525-a1fb-e267dde658cb-126908061577216","trial_id":78,"param_name":"matmul_precision","param_value_internal":2,"distribution":"{\"name\": \"CategoricalDistribution\", \"attributes\": {\"choices\": [\"bf16\", \"tf32\", \"fp32\", \"fp16amp\"]}}"}
{"op_code":7,"worker_id":"23286507-3c35-40b6-ba97-116cfd27a518-129889096323072","trial_id":67,"step":60,"intermediate_value":0.016062472946941853}
{"op_code":5,"worker_id":"1cd046f5-1686-4abf-94e8-e4fa59a08500-131165583757312","trial_id":77,"param_name":"grokadamw_lamb","param_value_internal":2.5408580052041816,"distribution":"{\"name\": \"FloatDistribution\", \"attributes\": {\"step\": null, \"low\": 0.5, \"high\": 10.0, \"log\": true}}"}
{"op_code":5,"worker_id":"1cd046f5-1686-4abf-94e8-e4fa59a08500-131165583757312","trial_id":77,"param_name":"grokadamw_grad_clip","param_value_internal":0.5626183175333517,"distribution":"{\"name\": \"FloatDistribution\", \"attributes\": {\"step\": null, \"low\": 0.5, \"high\": 3.0, \"log\": false}}"}
{"op_code":5,"worker_id":"1cd046f5-1686-4abf-94e8-e4fa59a08500-131165583757312","trial_id":77,"param_name":"weight_decay","param_value_internal":0.7393249364983644,"distribution":"{\"name\": \"FloatDistribution\", \"attributes\": {\"step\": null, \"low\": 0.2, \"high\": 4.0, \"log\": true}}"}
{"op_code":5,"worker_id":"1cd046f5-1686-4abf-94e8-e4fa59a08500-131165583757312","trial_id":77,"param_name":"matmul_precision","param_value_internal":3,"distribution":"{\"name\": \"CategoricalDistribution\", \"attributes\": {\"choices\": [\"bf16\", \"tf32\", \"fp32\", \"fp16amp\"]}}"}
{"op_code":7,"worker_id":"5995d022-8a01-488a-8a3b-de18b9874811-138063286341632","trial_id":73,"step":20,"intermediate_value":0.017133337445557117}
{"op_code":7,"worker_id":"4ebb2a3b-77de-4b49-be2d-4a446ab21ba8-129478800961536","trial_id":61,"step":120,"intermediate_value":0.5129032265394926}
{"op_code":0,"worker_id":"e597cf3b-d9e2-4d14-a6e3-f95b0ac36ae6-130931437379584","study_name":"adamw__mamba","directions":[1]}
{"op_code":0,"worker_id":"b8380e44-f689-4dbb-a278-72dbe159926f-130931437379584","study_name":"neuralgrok__mamba","directions":[1]}
{"op_code":5,"worker_id":"15059474-2802-491e-b069-2441b973c009-132863787323392","trial_id":76,"param_name":"lr","param_value_internal":0.0008565293722924722,"distribution":"{\"name\": \"FloatDistribution\", \"attributes\": {\"step\": null, \"low\": 0.0002, \"high\": 0.005, \"log\": true}}"}
{"op_code":5,"worker_id":"15059474-2802-491e-b069-2441b973c009-132863787323392","trial_id":76,"param_name":"grokadamw_alpha","param_value_internal":0.9828435339822048,"distribution":"{\"name\": \"FloatDistribution\", \"attributes\": {\"step\": null, \"low\": 0.9, \"high\": 0.999, \"log\": false}}"}
{"op_code":5,"worker_id":"15059474-2802-491e-b069-2441b973c009-132863787323392","trial_id":76,"param_name":"grokadamw_lamb","param_value_internal":2.2039568856103418,"distribution":"{\"name\": \"FloatDistribution\", \"attributes\": {\"step\": null, \"low\": 0.5, \"high\": 10.0, \"log\": true}}"}
{"op_code":5,"worker_id":"15059474-2802-491e-b069-2441b973c009-132863787323392","trial_id":76,"param_name":"grokadamw_grad_clip","param_value_internal":2.402513106315949,"distribution":"{\"name\": \"FloatDistribution\", \"attributes\": {\"step\": null, \"low\": 0.5, \"high\": 3.0, \"log\": false}}"}
{"op_code":5,"worker_id":"15059474-2802-491e-b069-2441b973c009-132863787323392","trial_id":76,"param_name":"weight_decay","param_value_internal":0.4419155679144035,"distribution":"{\"name\": \"FloatDistribution\", \"attributes\": {\"step\": null, \"low\": 0.2, \"high\": 4.0, \"log\": true}}"}
{"op_code":0,"worker_id":"6f6fbd41-743e-4cd6-89c9-79421ec1ada0-130931437379584","study_name":"grokadamw__mamba","directions":[1]}
{"op_code":5,"worker_id":"15059474-2802-491e-b069-2441b973c009-132863787323392","trial_id":76,"param_name":"matmul_precision","param_value_internal":3,"distribution":"{\"name\": \"CategoricalDistribution\", \"attributes\": {\"choices\": [\"bf16\", \"tf32\", \"fp32\", \"fp16amp\"]}}"}
{"op_code":7,"worker_id":"5e0e8973-4b44-4525-a1fb-e267dde658cb-126908061577216","trial_id":78,"step":10,"intermediate_value":0.025546292774379253}
{"op_code":7,"worker_id":"b62956c9-daec-4291-a509-9732b9b6d316-134317690548224","trial_id":63,"step":130,"intermediate_value":0.22207263484597206}
{"op_code":0,"worker_id":"685e2b22-0b89-4424-aa36-af917866edf9-126353676697600","study_name":"muon__vit","directions":[1]}
{"op_code":0,"worker_id":"d6735eaf-f8c1-4e4d-a31f-c7aaea9b612e-130931437379584","study_name":"supergrok__mamba","directions":[1]}
{"op_code":0,"worker_id":"a7b44a84-58c5-4ef5-9b84-7eaf998d07a0-130931437379584","study_name":"supergrok15__mamba","directions":[1]}
{"op_code":0,"worker_id":"2cf23a0e-1073-4965-9574-2e19b7ba6f74-130931437379584","study_name":"supergrok2__mamba","directions":[1]}
{"op_code":0,"worker_id":"75921daa-00c3-4373-a084-b5134fbd043a-130931437379584","study_name":"grokfast__mamba","directions":[1]}
{"op_code":0,"worker_id":"99600c04-334c-4f61-8c8d-a93f55d18db2-130931437379584","study_name":"muon__mamba","directions":[1]}
{"op_code":0,"worker_id":"2b3ca51a-b85d-48a3-924b-5c77b8d60777-130931437379584","study_name":"lion__mamba","directions":[1]}
{"op_code":7,"worker_id":"b62956c9-daec-4291-a509-9732b9b6d316-134317690548224","trial_id":63,"step":140,"intermediate_value":0.20511926338076591}
{"op_code":7,"worker_id":"15059474-2802-491e-b069-2441b973c009-132863787323392","trial_id":76,"step":10,"intermediate_value":0.010862755123525858}
{"op_code":0,"worker_id":"7028d636-1d17-4b41-9366-5a779130fe39-130931437379584","study_name":"looksam__mamba","directions":[1]}
{"op_code":0,"worker_id":"60b8cc82-0070-4222-b798-b2c9feb57c5f-130931437379584","study_name":"prodigy__mamba","directions":[1]}
{"op_code":4,"worker_id":"e597cf3b-d9e2-4d14-a6e3-f95b0ac36ae6-130931437379584","study_id":12,"datetime_start":"2026-06-09T23:26:48.956509"}
{"op_code":5,"worker_id":"e597cf3b-d9e2-4d14-a6e3-f95b0ac36ae6-130931437379584","trial_id":79,"param_name":"lr","param_value_internal":0.00038220774917646535,"distribution":"{\"name\": \"FloatDistribution\", \"attributes\": {\"step\": null, \"low\": 0.0002, \"high\": 0.005, \"log\": true}}"}
{"op_code":5,"worker_id":"e597cf3b-d9e2-4d14-a6e3-f95b0ac36ae6-130931437379584","trial_id":79,"param_name":"beta1","param_value_internal":0.8517323976915064,"distribution":"{\"name\": \"FloatDistribution\", \"attributes\": {\"step\": null, \"low\": 0.85, \"high\": 0.95, \"log\": false}}"}
{"op_code":5,"worker_id":"e597cf3b-d9e2-4d14-a6e3-f95b0ac36ae6-130931437379584","trial_id":79,"param_name":"beta2","param_value_internal":0.970473119128811,"distribution":"{\"name\": \"FloatDistribution\", \"attributes\": {\"step\": null, \"low\": 0.95, \"high\": 0.9995, \"log\": false}}"}
{"op_code":5,"worker_id":"e597cf3b-d9e2-4d14-a6e3-f95b0ac36ae6-130931437379584","trial_id":79,"param_name":"weight_decay","param_value_internal":0.368780350899575,"distribution":"{\"name\": \"FloatDistribution\", \"attributes\": {\"step\": null, \"low\": 0.2, \"high\": 4.0, \"log\": true}}"}
{"op_code":5,"worker_id":"e597cf3b-d9e2-4d14-a6e3-f95b0ac36ae6-130931437379584","trial_id":79,"param_name":"matmul_precision","param_value_internal":0,"distribution":"{\"name\": \"CategoricalDistribution\", \"attributes\": {\"choices\": [\"bf16\", \"tf32\", \"fp32\", \"fp16amp\"]}}"}
{"op_code":0,"worker_id":"cfe53d3a-068a-458d-a2b5-b135d37dee36-126353676697600","study_name":"lion__vit","directions":[1]}
{"op_code":7,"worker_id":"15059474-2802-491e-b069-2441b973c009-132863787323392","trial_id":76,"step":20,"intermediate_value":0.02292777970433235}
{"op_code":7,"worker_id":"855aa31e-eefd-40ff-b92f-4ebe88b9296a-135118154514432","trial_id":68,"step":40,"intermediate_value":0.02997282985597849}
{"op_code":7,"worker_id":"15059474-2802-491e-b069-2441b973c009-132863787323392","trial_id":76,"step":30,"intermediate_value":0.0330777931958437}
{"op_code":7,"worker_id":"b62956c9-daec-4291-a509-9732b9b6d316-134317690548224","trial_id":63,"step":150,"intermediate_value":0.22767373919487}
{"op_code":0,"worker_id":"e68ac43b-4556-4cc9-88ca-dc7ce62a13b2-126353676697600","study_name":"looksam__vit","directions":[1]}
{"op_code":7,"worker_id":"15059474-2802-491e-b069-2441b973c009-132863787323392","trial_id":76,"step":40,"intermediate_value":0.029131549410521984}
{"op_code":0,"worker_id":"b638d27d-c070-44e3-915c-5964bb006655-126353676697600","study_name":"prodigy__vit","directions":[1]}
{"op_code":4,"worker_id":"e05d62d1-5d6b-412f-9715-d16ae2a3a1d1-126353676697600","study_id":11,"datetime_start":"2026-06-09T23:26:55.593141"}
{"op_code":5,"worker_id":"e05d62d1-5d6b-412f-9715-d16ae2a3a1d1-126353676697600","trial_id":80,"param_name":"lr","param_value_internal":0.0008625112048076855,"distribution":"{\"name\": \"FloatDistribution\", \"attributes\": {\"step\": null, \"low\": 0.0002, \"high\": 0.005, \"log\": true}}"}
{"op_code":5,"worker_id":"e05d62d1-5d6b-412f-9715-d16ae2a3a1d1-126353676697600","trial_id":80,"param_name":"beta1","param_value_internal":0.8510105153319047,"distribution":"{\"name\": \"FloatDistribution\", \"attributes\": {\"step\": null, \"low\": 0.85, \"high\": 0.95, \"log\": false}}"}
{"op_code":5,"worker_id":"e05d62d1-5d6b-412f-9715-d16ae2a3a1d1-126353676697600","trial_id":80,"param_name":"beta2","param_value_internal":0.9618194116907454,"distribution":"{\"name\": \"FloatDistribution\", \"attributes\": {\"step\": null, \"low\": 0.95, \"high\": 0.9995, \"log\": false}}"}
{"op_code":5,"worker_id":"e05d62d1-5d6b-412f-9715-d16ae2a3a1d1-126353676697600","trial_id":80,"param_name":"weight_decay","param_value_internal":1.7896863121239113,"distribution":"{\"name\": \"FloatDistribution\", \"attributes\": {\"step\": null, \"low\": 0.2, \"high\": 4.0, \"log\": true}}"}
{"op_code":5,"worker_id":"e05d62d1-5d6b-412f-9715-d16ae2a3a1d1-126353676697600","trial_id":80,"param_name":"matmul_precision","param_value_internal":3,"distribution":"{\"name\": \"CategoricalDistribution\", \"attributes\": {\"choices\": [\"bf16\", \"tf32\", \"fp32\", \"fp16amp\"]}}"}
{"op_code":7,"worker_id":"855aa31e-eefd-40ff-b92f-4ebe88b9296a-135118154514432","trial_id":68,"step":50,"intermediate_value":0.018862231634557247}
{"op_code":8,"worker_id":"e597cf3b-d9e2-4d14-a6e3-f95b0ac36ae6-130931437379584","trial_id":79,"user_attr":{"crash":"TypeError(\"fused_step(): incompatible function arguments. The following argument types are supported:\\n    1. (arg0: str, arg1: str, arg2: torch.Tensor, arg3: torch.Tensor, arg4: torch.Tensor, arg5: torch.Tensor, arg6: float) -> None\\n\\nInvoked with: 'mamba3', 'adamw', tensor([-0.9465,  0.3684,  0.4"}}
{"op_code":6,"worker_id":"e597cf3b-d9e2-4d14-a6e3-f95b0ac36ae6-130931437379584","trial_id":79,"state":1,"values":[24100.0],"datetime_complete":"2026-06-09T23:26:55.965906"}
{"op_code":4,"worker_id":"b8380e44-f689-4dbb-a278-72dbe159926f-130931437379584","study_id":14,"datetime_start":"2026-06-09T23:26:56.151183"}
{"op_code":5,"worker_id":"b8380e44-f689-4dbb-a278-72dbe159926f-130931437379584","trial_id":81,"param_name":"lr","param_value_internal":0.003872639391054715,"distribution":"{\"name\": \"FloatDistribution\", \"attributes\": {\"step\": null, \"low\": 0.0002, \"high\": 0.005, \"log\": true}}"}
{"op_code":5,"worker_id":"b8380e44-f689-4dbb-a278-72dbe159926f-130931437379584","trial_id":81,"param_name":"neural_alpha","param_value_internal":9.634830773222056,"distribution":"{\"name\": \"FloatDistribution\", \"attributes\": {\"step\": null, \"low\": 2.0, \"high\": 30.0, \"log\": true}}"}
{"op_code":5,"worker_id":"b8380e44-f689-4dbb-a278-72dbe159926f-130931437379584","trial_id":81,"param_name":"neural_beta","param_value_internal":9.815425284307974,"distribution":"{\"name\": \"FloatDistribution\", \"attributes\": {\"step\": null, \"low\": 1.0, \"high\": 10.0, \"log\": false}}"}
{"op_code":5,"worker_id":"b8380e44-f689-4dbb-a278-72dbe159926f-130931437379584","trial_id":81,"param_name":"neural_grad_clip","param_value_internal":2.3630209373618687,"distribution":"{\"name\": \"FloatDistribution\", \"attributes\": {\"step\": null, \"low\": 0.5, \"high\": 3.0, \"log\": false}}"}
{"op_code":5,"worker_id":"b8380e44-f689-4dbb-a278-72dbe159926f-130931437379584","trial_id":81,"param_name":"weight_decay","param_value_internal":3.0760669060789647,"distribution":"{\"name\": \"FloatDistribution\", \"attributes\": {\"step\": null, \"low\": 0.2, \"high\": 4.0, \"log\": true}}"}
{"op_code":5,"worker_id":"b8380e44-f689-4dbb-a278-72dbe159926f-130931437379584","trial_id":81,"param_name":"matmul_precision","param_value_internal":1,"distribution":"{\"name\": \"CategoricalDistribution\", \"attributes\": {\"choices\": [\"bf16\", \"tf32\", \"fp32\", \"fp16amp\"]}}"}
{"op_code":7,"worker_id":"15059474-2802-491e-b069-2441b973c009-132863787323392","trial_id":76,"step":50,"intermediate_value":0.03211413137614727}
{"op_code":0,"worker_id":"bdcd1dd2-964b-457d-b846-e0373b9e0cc5-133189199245312","study_name":"supergrok2__decoder","directions":[1]}
{"op_code":7,"worker_id":"4ebb2a3b-77de-4b49-be2d-4a446ab21ba8-129478800961536","trial_id":61,"step":130,"intermediate_value":0.5107526881620288}
{"op_code":7,"worker_id":"b62956c9-daec-4291-a509-9732b9b6d316-134317690548224","trial_id":63,"step":160,"intermediate_value":0.217796191573143}
{"op_code":0,"worker_id":"3ae5f490-adb7-408c-8fc5-b1ce24d66aa2-133189199245312","study_name":"grokfast__decoder","directions":[1]}
{"op_code":0,"worker_id":"3298d82b-2144-482c-abbb-5a42e560873d-133189199245312","study_name":"muon__decoder","directions":[1]}
{"op_code":0,"worker_id":"d3d06f1b-7895-4d76-bc6a-73b69ea55f99-133189199245312","study_name":"lion__decoder","directions":[1]}
{"op_code":0,"worker_id":"349562f2-2ace-4f12-843d-0d1c3807d3f7-133189199245312","study_name":"looksam__decoder","directions":[1]}
{"op_code":7,"worker_id":"15059474-2802-491e-b069-2441b973c009-132863787323392","trial_id":76,"step":60,"intermediate_value":0.036289745941758156}
{"op_code":0,"worker_id":"5932c94a-3ecc-4a30-8ae2-433b9414e026-133189199245312","study_name":"prodigy__decoder","directions":[1]}
{"op_code":4,"worker_id":"04350409-1855-4dff-8fbb-9f6ad08d0ca6-133189199245312","study_id":0,"datetime_start":"2026-06-09T23:26:56.936131"}
{"op_code":5,"worker_id":"04350409-1855-4dff-8fbb-9f6ad08d0ca6-133189199245312","trial_id":82,"param_name":"lr","param_value_internal":0.0019221331303648501,"distribution":"{\"name\": \"FloatDistribution\", \"attributes\": {\"step\": null, \"low\": 0.0002, \"high\": 0.005, \"log\": true}}"}
{"op_code":5,"worker_id":"04350409-1855-4dff-8fbb-9f6ad08d0ca6-133189199245312","trial_id":82,"param_name":"beta1","param_value_internal":0.899264379952468,"distribution":"{\"name\": \"FloatDistribution\", \"attributes\": {\"step\": null, \"low\": 0.85, \"high\": 0.95, \"log\": false}}"}
{"op_code":5,"worker_id":"04350409-1855-4dff-8fbb-9f6ad08d0ca6-133189199245312","trial_id":82,"param_name":"beta2","param_value_internal":0.9923719495296826,"distribution":"{\"name\": \"FloatDistribution\", \"attributes\": {\"step\": null, \"low\": 0.95, \"high\": 0.9995, \"log\": false}}"}
{"op_code":5,"worker_id":"04350409-1855-4dff-8fbb-9f6ad08d0ca6-133189199245312","trial_id":82,"param_name":"weight_decay","param_value_internal":0.3319260120775551,"distribution":"{\"name\": \"FloatDistribution\", \"attributes\": {\"step\": null, \"low\": 0.2, \"high\": 4.0, \"log\": true}}"}
{"op_code":5,"worker_id":"04350409-1855-4dff-8fbb-9f6ad08d0ca6-133189199245312","trial_id":82,"param_name":"matmul_precision","param_value_internal":2,"distribution":"{\"name\": \"CategoricalDistribution\", \"attributes\": {\"choices\": [\"bf16\", \"tf32\", \"fp32\", \"fp16amp\"]}}"}
{"op_code":7,"worker_id":"4ebb2a3b-77de-4b49-be2d-4a446ab21ba8-129478800961536","trial_id":61,"step":140,"intermediate_value":0.5129032265394926}
{"op_code":7,"worker_id":"b62956c9-daec-4291-a509-9732b9b6d316-134317690548224","trial_id":63,"step":170,"intermediate_value":0.2185058556497097}
{"op_code":0,"worker_id":"7edd3c91-472f-459f-ba53-69a28544b5b7-129090716581888","study_name":"grokfast__decoder","directions":[1]}
{"op_code":7,"worker_id":"23286507-3c35-40b6-ba97-116cfd27a518-129889096323072","trial_id":67,"step":70,"intermediate_value":0.029288736172020435}
{"op_code":7,"worker_id":"15059474-2802-491e-b069-2441b973c009-132863787323392","trial_id":76,"step":70,"intermediate_value":0.04237421229481697}
{"op_code":0,"worker_id":"46dca936-ac18-4ac4-aeb4-1907db863717-129090716581888","study_name":"muon__decoder","directions":[1]}
{"op_code":7,"worker_id":"855aa31e-eefd-40ff-b92f-4ebe88b9296a-135118154514432","trial_id":68,"step":60,"intermediate_value":0.027216539718210697}
{"op_code":7,"worker_id":"4ebb2a3b-77de-4b49-be2d-4a446ab21ba8-129478800961536","trial_id":61,"step":150,"intermediate_value":0.5129032265394926}
{"op_code":7,"worker_id":"b62956c9-daec-4291-a509-9732b9b6d316-134317690548224","trial_id":63,"step":180,"intermediate_value":0.14082403481006622}
{"op_code":7,"worker_id":"15059474-2802-491e-b069-2441b973c009-132863787323392","trial_id":76,"step":80,"intermediate_value":0.04965171217918396}
{"op_code":8,"worker_id":"e05d62d1-5d6b-412f-9715-d16ae2a3a1d1-126353676697600","trial_id":80,"user_attr":{"crash":"TypeError(\"fused_step(): incompatible function arguments. The following argument types are supported:\\n    1. (arg0: str, arg1: str, arg2: torch.Tensor, arg3: torch.Tensor, arg4: torch.Tensor, arg5: torch.Tensor, arg6: float) -> None\\n\\nInvoked with: 'vit', 'adamw', tensor([ 2.0867e-02,  1.7754e-02,"}}
{"op_code":6,"worker_id":"e05d62d1-5d6b-412f-9715-d16ae2a3a1d1-126353676697600","trial_id":80,"state":1,"values":[12100.0],"datetime_complete":"2026-06-09T23:27:03.043940"}
{"op_code":4,"worker_id":"a56886b7-efe8-4ce6-a9ff-0941e957bc58-126353676697600","study_id":13,"datetime_start":"2026-06-09T23:27:03.196934"}
{"op_code":5,"worker_id":"a56886b7-efe8-4ce6-a9ff-0941e957bc58-126353676697600","trial_id":83,"param_name":"lr","param_value_internal":0.0011576160601673156,"distribution":"{\"name\": \"FloatDistribution\", \"attributes\": {\"step\": null, \"low\": 0.0002, \"high\": 0.005, \"log\": true}}"}
{"op_code":5,"worker_id":"a56886b7-efe8-4ce6-a9ff-0941e957bc58-126353676697600","trial_id":83,"param_name":"neural_alpha","param_value_internal":3.185365635006737,"distribution":"{\"name\": \"FloatDistribution\", \"attributes\": {\"step\": null, \"low\": 2.0, \"high\": 30.0, \"log\": true}}"}
{"op_code":5,"worker_id":"a56886b7-efe8-4ce6-a9ff-0941e957bc58-126353676697600","trial_id":83,"param_name":"neural_beta","param_value_internal":8.676386285367716,"distribution":"{\"name\": \"FloatDistribution\", \"attributes\": {\"step\": null, \"low\": 1.0, \"high\": 10.0, \"log\": false}}"}
{"op_code":5,"worker_id":"a56886b7-efe8-4ce6-a9ff-0941e957bc58-126353676697600","trial_id":83,"param_name":"neural_grad_clip","param_value_internal":0.9505585269837273,"distribution":"{\"name\": \"FloatDistribution\", \"attributes\": {\"step\": null, \"low\": 0.5, \"high\": 3.0, \"log\": false}}"}
{"op_code":5,"worker_id":"a56886b7-efe8-4ce6-a9ff-0941e957bc58-126353676697600","trial_id":83,"param_name":"weight_decay","param_value_internal":1.1666656718936412,"distribution":"{\"name\": \"FloatDistribution\", \"attributes\": {\"step\": null, \"low\": 0.2, \"high\": 4.0, \"log\": true}}"}
{"op_code":5,"worker_id":"a56886b7-efe8-4ce6-a9ff-0941e957bc58-126353676697600","trial_id":83,"param_name":"matmul_precision","param_value_internal":3,"distribution":"{\"name\": \"CategoricalDistribution\", \"attributes\": {\"choices\": [\"bf16\", \"tf32\", \"fp32\", \"fp16amp\"]}}"}
{"op_code":8,"worker_id":"a56886b7-efe8-4ce6-a9ff-0941e957bc58-126353676697600","trial_id":83,"user_attr":{"crash":"AssertionError('No inf checks were recorded for this optimizer.')"}}
{"op_code":6,"worker_id":"a56886b7-efe8-4ce6-a9ff-0941e957bc58-126353676697600","trial_id":83,"state":1,"values":[12100.0],"datetime_complete":"2026-06-09T23:27:03.402908"}
{"op_code":7,"worker_id":"5e0e8973-4b44-4525-a1fb-e267dde658cb-126908061577216","trial_id":78,"step":20,"intermediate_value":0.04022367484867573}
{"op_code":7,"worker_id":"15059474-2802-491e-b069-2441b973c009-132863787323392","trial_id":76,"step":90,"intermediate_value":0.06157588120549917}
{"op_code":0,"worker_id":"7e8e65b9-099c-4af2-9fe7-fc0e2d6c950c-129090716581888","study_name":"lion__decoder","directions":[1]}
{"op_code":7,"worker_id":"b62956c9-daec-4291-a509-9732b9b6d316-134317690548224","trial_id":63,"step":190,"intermediate_value":0.17628173902630806}
{"op_code":7,"worker_id":"4ebb2a3b-77de-4b49-be2d-4a446ab21ba8-129478800961536","trial_id":61,"step":160,"intermediate_value":0.5129032265394926}
{"op_code":4,"worker_id":"1a3df289-b80e-4831-bf17-868dbc7ef066-126353676697600","study_id":24,"datetime_start":"2026-06-09T23:27:03.585440"}
{"op_code":0,"worker_id":"7578600a-d0fc-46bd-9727-7a7f3fa5c952-129090716581888","study_name":"looksam__decoder","directions":[1]}
{"op_code":7,"worker_id":"23286507-3c35-40b6-ba97-116cfd27a518-129889096323072","trial_id":67,"step":80,"intermediate_value":0.05196434073150158}
{"op_code":0,"worker_id":"966c3e03-452d-4b9b-963a-b6123660bccb-129090716581888","study_name":"prodigy__decoder","directions":[1]}
{"op_code":4,"worker_id":"0d4c9378-7bd3-48f1-a5f9-707c25e88af3-129090716581888","study_id":0,"datetime_start":"2026-06-09T23:27:03.725997"}
{"op_code":5,"worker_id":"0d4c9378-7bd3-48f1-a5f9-707c25e88af3-129090716581888","trial_id":85,"param_name":"lr","param_value_internal":0.0005334750193098184,"distribution":"{\"name\": \"FloatDistribution\", \"attributes\": {\"step\": null, \"low\": 0.0002, \"high\": 0.005, \"log\": true}}"}
{"op_code":5,"worker_id":"0d4c9378-7bd3-48f1-a5f9-707c25e88af3-129090716581888","trial_id":85,"param_name":"beta1","param_value_internal":0.8730351796351419,"distribution":"{\"name\": \"FloatDistribution\", \"attributes\": {\"step\": null, \"low\": 0.85, \"high\": 0.95, \"log\": false}}"}
{"op_code":5,"worker_id":"0d4c9378-7bd3-48f1-a5f9-707c25e88af3-129090716581888","trial_id":85,"param_name":"beta2","param_value_internal":0.999318674620358,"distribution":"{\"name\": \"FloatDistribution\", \"attributes\": {\"step\": null, \"low\": 0.95, \"high\": 0.9995, \"log\": false}}"}
{"op_code":5,"worker_id":"0d4c9378-7bd3-48f1-a5f9-707c25e88af3-129090716581888","trial_id":85,"param_name":"weight_decay","param_value_internal":1.3501466602436265,"distribution":"{\"name\": \"FloatDistribution\", \"attributes\": {\"step\": null, \"low\": 0.2, \"high\": 4.0, \"log\": true}}"}
{"op_code":5,"worker_id":"0d4c9378-7bd3-48f1-a5f9-707c25e88af3-129090716581888","trial_id":85,"param_name":"matmul_precision","param_value_internal":0,"distribution":"{\"name\": \"CategoricalDistribution\", \"attributes\": {\"choices\": [\"bf16\", \"tf32\", \"fp32\", \"fp16amp\"]}}"}
{"op_code":7,"worker_id":"15059474-2802-491e-b069-2441b973c009-132863787323392","trial_id":76,"step":100,"intermediate_value":0.07577296625822783}
{"op_code":7,"worker_id":"b62956c9-daec-4291-a509-9732b9b6d316-134317690548224","trial_id":63,"step":200,"intermediate_value":0.16328076273202896}
{"op_code":7,"worker_id":"4ebb2a3b-77de-4b49-be2d-4a446ab21ba8-129478800961536","trial_id":61,"step":170,"intermediate_value":0.5129032265394926}
{"op_code":5,"worker_id":"1a3df289-b80e-4831-bf17-868dbc7ef066-126353676697600","trial_id":84,"param_name":"lr","param_value_internal":0.0011576160601673156,"distribution":"{\"name\": \"FloatDistribution\", \"attributes\": {\"step\": null, \"low\": 0.0002, \"high\": 0.005, \"log\": true}}"}
{"op_code":7,"worker_id":"1cd046f5-1686-4abf-94e8-e4fa59a08500-131165583757312","trial_id":77,"step":10,"intermediate_value":0.016717851627618074}
{"op_code":7,"worker_id":"5995d022-8a01-488a-8a3b-de18b9874811-138063286341632","trial_id":73,"step":30,"intermediate_value":0.009213157929480076}
{"op_code":5,"worker_id":"1a3df289-b80e-4831-bf17-868dbc7ef066-126353676697600","trial_id":84,"param_name":"grokadamw_alpha","param_value_internal":0.9170146661881889,"distribution":"{\"name\": \"FloatDistribution\", \"attributes\": {\"step\": null, \"low\": 0.9, \"high\": 0.999, \"log\": false}}"}
{"op_code":5,"worker_id":"1a3df289-b80e-4831-bf17-868dbc7ef066-126353676697600","trial_id":84,"param_name":"grokadamw_lamb","param_value_internal":6.436649677002274,"distribution":"{\"name\": \"FloatDistribution\", \"attributes\": {\"step\": null, \"low\": 0.5, \"high\": 10.0, \"log\": true}}"}
{"op_code":5,"worker_id":"1a3df289-b80e-4831-bf17-868dbc7ef066-126353676697600","trial_id":84,"param_name":"grokadamw_grad_clip","param_value_internal":0.9505585269837273,"distribution":"{\"name\": \"FloatDistribution\", \"attributes\": {\"step\": null, \"low\": 0.5, \"high\": 3.0, \"log\": false}}"}
{"op_code":5,"worker_id":"1a3df289-b80e-4831-bf17-868dbc7ef066-126353676697600","trial_id":84,"param_name":"weight_decay","param_value_internal":1.1666656718936412,"distribution":"{\"name\": \"FloatDistribution\", \"attributes\": {\"step\": null, \"low\": 0.2, \"high\": 4.0, \"log\": true}}"}
{"op_code":5,"worker_id":"1a3df289-b80e-4831-bf17-868dbc7ef066-126353676697600","trial_id":84,"param_name":"matmul_precision","param_value_internal":3,"distribution":"{\"name\": \"CategoricalDistribution\", \"attributes\": {\"choices\": [\"bf16\", \"tf32\", \"fp32\", \"fp16amp\"]}}"}
{"op_code":8,"worker_id":"04350409-1855-4dff-8fbb-9f6ad08d0ca6-133189199245312","trial_id":82,"user_attr":{"crash":"TypeError(\"fused_step(): incompatible function arguments. The following argument types are supported:\\n    1. (arg0: str, arg1: str, arg2: torch.Tensor, arg3: torch.Tensor, arg4: torch.Tensor, arg5: torch.Tensor, arg6: float) -> None\\n\\nInvoked with: 'transformer_decoder', 'adamw', tensor([-1.9379, "}}
{"op_code":6,"worker_id":"04350409-1855-4dff-8fbb-9f6ad08d0ca6-133189199245312","trial_id":82,"state":1,"values":[10100.0],"datetime_complete":"2026-06-09T23:27:04.751753"}
{"op_code":7,"worker_id":"15059474-2802-491e-b069-2441b973c009-132863787323392","trial_id":76,"step":110,"intermediate_value":0.09068587701767683}
{"op_code":4,"worker_id":"cd1009cf-b0cf-4d4d-8e07-36bc883855ed-133189199245312","study_id":1,"datetime_start":"2026-06-09T23:27:04.907965"}
{"op_code":5,"worker_id":"cd1009cf-b0cf-4d4d-8e07-36bc883855ed-133189199245312","trial_id":86,"param_name":"lr","param_value_internal":0.0011576160601673156,"distribution":"{\"name\": \"FloatDistribution\", \"attributes\": {\"step\": null, \"low\": 0.0002, \"high\": 0.005, \"log\": true}}"}
{"op_code":5,"worker_id":"cd1009cf-b0cf-4d4d-8e07-36bc883855ed-133189199245312","trial_id":86,"param_name":"neural_alpha","param_value_internal":3.185365635006737,"distribution":"{\"name\": \"FloatDistribution\", \"attributes\": {\"step\": null, \"low\": 2.0, \"high\": 30.0, \"log\": true}}"}
{"op_code":5,"worker_id":"cd1009cf-b0cf-4d4d-8e07-36bc883855ed-133189199245312","trial_id":86,"param_name":"neural_beta","param_value_internal":8.676386285367716,"distribution":"{\"name\": \"FloatDistribution\", \"attributes\": {\"step\": null, \"low\": 1.0, \"high\": 10.0, \"log\": false}}"}
{"op_code":5,"worker_id":"cd1009cf-b0cf-4d4d-8e07-36bc883855ed-133189199245312","trial_id":86,"param_name":"neural_grad_clip","param_value_internal":0.9505585269837273,"distribution":"{\"name\": \"FloatDistribution\", \"attributes\": {\"step\": null, \"low\": 0.5, \"high\": 3.0, \"log\": false}}"}
{"op_code":5,"worker_id":"cd1009cf-b0cf-4d4d-8e07-36bc883855ed-133189199245312","trial_id":86,"param_name":"weight_decay","param_value_internal":1.1666656718936412,"distribution":"{\"name\": \"FloatDistribution\", \"attributes\": {\"step\": null, \"low\": 0.2, \"high\": 4.0, \"log\": true}}"}
{"op_code":5,"worker_id":"cd1009cf-b0cf-4d4d-8e07-36bc883855ed-133189199245312","trial_id":86,"param_name":"matmul_precision","param_value_internal":3,"distribution":"{\"name\": \"CategoricalDistribution\", \"attributes\": {\"choices\": [\"bf16\", \"tf32\", \"fp32\", \"fp16amp\"]}}"}
{"op_code":7,"worker_id":"855aa31e-eefd-40ff-b92f-4ebe88b9296a-135118154514432","trial_id":68,"step":70,"intermediate_value":0.023508901242166758}
{"op_code":7,"worker_id":"b8380e44-f689-4dbb-a278-72dbe159926f-130931437379584","trial_id":81,"step":10,"intermediate_value":0.014080864610150456}
{"op_code":7,"worker_id":"0d363365-fb60-44b7-b09f-d3edac0628c8-134803987668992","trial_id":72,"step":20,"intermediate_value":0.01803018758073449}
{"op_code":7,"worker_id":"b62956c9-daec-4291-a509-9732b9b6d316-134317690548224","trial_id":63,"step":210,"intermediate_value":0.12915387004613876}
{"op_code":8,"worker_id":"cd1009cf-b0cf-4d4d-8e07-36bc883855ed-133189199245312","trial_id":86,"user_attr":{"crash":"AssertionError('No inf checks were recorded for this optimizer.')"}}
{"op_code":6,"worker_id":"cd1009cf-b0cf-4d4d-8e07-36bc883855ed-133189199245312","trial_id":86,"state":1,"values":[10100.0],"datetime_complete":"2026-06-09T23:27:05.564816"}
{"op_code":7,"worker_id":"1cd046f5-1686-4abf-94e8-e4fa59a08500-131165583757312","trial_id":77,"step":20,"intermediate_value":0.01576034678146243}
{"op_code":7,"worker_id":"855aa31e-eefd-40ff-b92f-4ebe88b9296a-135118154514432","trial_id":68,"step":80,"intermediate_value":0.029599525965750217}
{"op_code":7,"worker_id":"0d363365-fb60-44b7-b09f-d3edac0628c8-134803987668992","trial_id":72,"step":30,"intermediate_value":0.025078317150473595}
{"op_code":8,"worker_id":"0d4c9378-7bd3-48f1-a5f9-707c25e88af3-129090716581888","trial_id":85,"user_attr":{"crash":"TypeError(\"fused_step(): incompatible function arguments. The following argument types are supported:\\n    1. (arg0: str, arg1: str, arg2: torch.Tensor, arg3: torch.Tensor, arg4: torch.Tensor, arg5: torch.Tensor, arg6: float) -> None\\n\\nInvoked with: 'transformer_decoder', 'adamw', tensor([ 0.6074, "}}
{"op_code":6,"worker_id":"0d4c9378-7bd3-48f1-a5f9-707c25e88af3-129090716581888","trial_id":85,"state":1,"values":[10100.0],"datetime_complete":"2026-06-09T23:27:11.688151"}
{"op_code":7,"worker_id":"b62956c9-daec-4291-a509-9732b9b6d316-134317690548224","trial_id":63,"step":220,"intermediate_value":0.17094387859106064}
{"op_code":4,"worker_id":"bb9a07e1-c7ad-4d79-a5cd-6fe8e2131f67-129090716581888","study_id":1,"datetime_start":"2026-06-09T23:27:11.816750"}
{"op_code":5,"worker_id":"bb9a07e1-c7ad-4d79-a5cd-6fe8e2131f67-129090716581888","trial_id":87,"param_name":"lr","param_value_internal":0.00023294115464066322,"distribution":"{\"name\": \"FloatDistribution\", \"attributes\": {\"step\": null, \"low\": 0.0002, \"high\": 0.005, \"log\": true}}"}
{"op_code":5,"worker_id":"bb9a07e1-c7ad-4d79-a5cd-6fe8e2131f67-129090716581888","trial_id":87,"param_name":"neural_alpha","param_value_internal":2.168548686512839,"distribution":"{\"name\": \"FloatDistribution\", \"attributes\": {\"step\": null, \"low\": 2.0, \"high\": 30.0, \"log\": true}}"}
{"op_code":5,"worker_id":"bb9a07e1-c7ad-4d79-a5cd-6fe8e2131f67-129090716581888","trial_id":87,"param_name":"neural_beta","param_value_internal":9.888884656504395,"distribution":"{\"name\": \"FloatDistribution\", \"attributes\": {\"step\": null, \"low\": 1.0, \"high\": 10.0, \"log\": false}}"}
{"op_code":5,"worker_id":"bb9a07e1-c7ad-4d79-a5cd-6fe8e2131f67-129090716581888","trial_id":87,"param_name":"neural_grad_clip","param_value_internal":0.8415257398134928,"distribution":"{\"name\": \"FloatDistribution\", \"attributes\": {\"step\": null, \"low\": 0.5, \"high\": 3.0, \"log\": false}}"}
{"op_code":5,"worker_id":"bb9a07e1-c7ad-4d79-a5cd-6fe8e2131f67-129090716581888","trial_id":87,"param_name":"weight_decay","param_value_internal":1.4415813587535569,"distribution":"{\"name\": \"FloatDistribution\", \"attributes\": {\"step\": null, \"low\": 0.2, \"high\": 4.0, \"log\": true}}"}
{"op_code":5,"worker_id":"bb9a07e1-c7ad-4d79-a5cd-6fe8e2131f67-129090716581888","trial_id":87,"param_name":"matmul_precision","param_value_internal":3,"distribution":"{\"name\": \"CategoricalDistribution\", \"attributes\": {\"choices\": [\"bf16\", \"tf32\", \"fp32\", \"fp16amp\"]}}"}
{"op_code":7,"worker_id":"1cd046f5-1686-4abf-94e8-e4fa59a08500-131165583757312","trial_id":77,"step":30,"intermediate_value":0.03606345318257809}
{"op_code":7,"worker_id":"b8380e44-f689-4dbb-a278-72dbe159926f-130931437379584","trial_id":81,"step":20,"intermediate_value":0.03508747648447752}
{"op_code":4,"worker_id":"0dc1d806-3474-4639-b889-f5ed08a8dd79-133189199245312","study_id":2,"datetime_start":"2026-06-09T23:27:17.083381"}
{"op_code":5,"worker_id":"0dc1d806-3474-4639-b889-f5ed08a8dd79-133189199245312","trial_id":88,"param_name":"lr","param_value_internal":0.0011576160601673156,"distribution":"{\"name\": \"FloatDistribution\", \"attributes\": {\"step\": null, \"low\": 0.0002, \"high\": 0.005, \"log\": true}}"}
{"op_code":5,"worker_id":"0dc1d806-3474-4639-b889-f5ed08a8dd79-133189199245312","trial_id":88,"param_name":"grokadamw_alpha","param_value_internal":0.9170146661881889,"distribution":"{\"name\": \"FloatDistribution\", \"attributes\": {\"step\": null, \"low\": 0.9, \"high\": 0.999, \"log\": false}}"}
{"op_code":7,"worker_id":"15059474-2802-491e-b069-2441b973c009-132863787323392","trial_id":76,"step":120,"intermediate_value":0.09844059031456709}
{"op_code":5,"worker_id":"0dc1d806-3474-4639-b889-f5ed08a8dd79-133189199245312","trial_id":88,"param_name":"grokadamw_lamb","param_value_internal":6.436649677002274,"distribution":"{\"name\": \"FloatDistribution\", \"attributes\": {\"step\": null, \"low\": 0.5, \"high\": 10.0, \"log\": true}}"}
{"op_code":5,"worker_id":"0dc1d806-3474-4639-b889-f5ed08a8dd79-133189199245312","trial_id":88,"param_name":"grokadamw_grad_clip","param_value_internal":0.9505585269837273,"distribution":"{\"name\": \"FloatDistribution\", \"attributes\": {\"step\": null, \"low\": 0.5, \"high\": 3.0, \"log\": false}}"}
{"op_code":7,"worker_id":"1cd046f5-1686-4abf-94e8-e4fa59a08500-131165583757312","trial_id":77,"step":40,"intermediate_value":0.02650687750428915}
{"op_code":5,"worker_id":"0dc1d806-3474-4639-b889-f5ed08a8dd79-133189199245312","trial_id":88,"param_name":"weight_decay","param_value_internal":1.1666656718936412,"distribution":"{\"name\": \"FloatDistribution\", \"attributes\": {\"step\": null, \"low\": 0.2, \"high\": 4.0, \"log\": true}}"}
{"op_code":5,"worker_id":"0dc1d806-3474-4639-b889-f5ed08a8dd79-133189199245312","trial_id":88,"param_name":"matmul_precision","param_value_internal":3,"distribution":"{\"name\": \"CategoricalDistribution\", \"attributes\": {\"choices\": [\"bf16\", \"tf32\", \"fp32\", \"fp16amp\"]}}"}
{"op_code":8,"worker_id":"bb9a07e1-c7ad-4d79-a5cd-6fe8e2131f67-129090716581888","trial_id":87,"user_attr":{"crash":"AssertionError('No inf checks were recorded for this optimizer.')"}}
{"op_code":6,"worker_id":"bb9a07e1-c7ad-4d79-a5cd-6fe8e2131f67-129090716581888","trial_id":87,"state":1,"values":[10100.0],"datetime_complete":"2026-06-09T23:27:27.395961"}
{"op_code":8,"worker_id":"df98ca8d-9ede-48e1-9c04-e354f7eb7720-132066782720000","trial_id":74,"user_attr":{"crash":"TypeError(\"fused_step(): incompatible function arguments. The following argument types are supported:\\n    1. (arg0: str, arg1: str, arg2: torch.Tensor, arg3: torch.Tensor, arg4: torch.Tensor, arg5: torch.Tensor, arg6: float) -> None\\n\\nInvoked with: 'vit', 'adamw', tensor([ 0.0203,  0.0309, -0.0160"}}
{"op_code":7,"worker_id":"855aa31e-eefd-40ff-b92f-4ebe88b9296a-135118154514432","trial_id":68,"step":90,"intermediate_value":0.04058774188160896}
{"op_code":6,"worker_id":"df98ca8d-9ede-48e1-9c04-e354f7eb7720-132066782720000","trial_id":74,"state":1,"values":[12100.0],"datetime_complete":"2026-06-09T23:27:27.546415"}
{"op_code":4,"worker_id":"e0465576-a5f3-4860-8c67-8c71fbbe2e2d-129090716581888","study_id":2,"datetime_start":"2026-06-09T23:27:27.569039"}
{"op_code":4,"worker_id":"4e9858eb-9846-4ddc-b91a-630d5bfce941-132066782720000","study_id":13,"datetime_start":"2026-06-09T23:27:33.132795"}
{"op_code":5,"worker_id":"e0465576-a5f3-4860-8c67-8c71fbbe2e2d-129090716581888","trial_id":89,"param_name":"lr","param_value_internal":0.00023294115464066322,"distribution":"{\"name\": \"FloatDistribution\", \"attributes\": {\"step\": null, \"low\": 0.0002, \"high\": 0.005, \"log\": true}}"}
{"op_code":7,"worker_id":"23286507-3c35-40b6-ba97-116cfd27a518-129889096323072","trial_id":67,"step":90,"intermediate_value":0.08053849637508392}
{"op_code":5,"worker_id":"4e9858eb-9846-4ddc-b91a-630d5bfce941-132066782720000","trial_id":90,"param_name":"lr","param_value_internal":0.0008565293722924722,"distribution":"{\"name\": \"FloatDistribution\", \"attributes\": {\"step\": null, \"low\": 0.0002, \"high\": 0.005, \"log\": true}}"}
{"op_code":5,"worker_id":"e0465576-a5f3-4860-8c67-8c71fbbe2e2d-129090716581888","trial_id":89,"param_name":"grokadamw_alpha","param_value_internal":0.9029579158317494,"distribution":"{\"name\": \"FloatDistribution\", \"attributes\": {\"step\": null, \"low\": 0.9, \"high\": 0.999, \"log\": false}}"}
{"op_code":5,"worker_id":"4e9858eb-9846-4ddc-b91a-630d5bfce941-132066782720000","trial_id":90,"param_name":"neural_alpha","param_value_internal":19.28355624289931,"distribution":"{\"name\": \"FloatDistribution\", \"attributes\": {\"step\": null, \"low\": 2.0, \"high\": 30.0, \"log\": true}}"}
{"op_code":5,"worker_id":"e0465576-a5f3-4860-8c67-8c71fbbe2e2d-129090716581888","trial_id":89,"param_name":"grokadamw_lamb","param_value_internal":9.63689860272555,"distribution":"{\"name\": \"FloatDistribution\", \"attributes\": {\"step\": null, \"low\": 0.5, \"high\": 10.0, \"log\": true}}"}
{"op_code":5,"worker_id":"4e9858eb-9846-4ddc-b91a-630d5bfce941-132066782720000","trial_id":90,"param_name":"neural_beta","param_value_internal":5.4565442999850955,"distribution":"{\"name\": \"FloatDistribution\", \"attributes\": {\"step\": null, \"low\": 1.0, \"high\": 10.0, \"log\": false}}"}
{"op_code":5,"worker_id":"4e9858eb-9846-4ddc-b91a-630d5bfce941-132066782720000","trial_id":90,"param_name":"neural_grad_clip","param_value_internal":2.402513106315949,"distribution":"{\"name\": \"FloatDistribution\", \"attributes\": {\"step\": null, \"low\": 0.5, \"high\": 3.0, \"log\": false}}"}
{"op_code":5,"worker_id":"4e9858eb-9846-4ddc-b91a-630d5bfce941-132066782720000","trial_id":90,"param_name":"weight_decay","param_value_internal":0.4419155679144035,"distribution":"{\"name\": \"FloatDistribution\", \"attributes\": {\"step\": null, \"low\": 0.2, \"high\": 4.0, \"log\": true}}"}
{"op_code":5,"worker_id":"4e9858eb-9846-4ddc-b91a-630d5bfce941-132066782720000","trial_id":90,"param_name":"matmul_precision","param_value_internal":3,"distribution":"{\"name\": \"CategoricalDistribution\", \"attributes\": {\"choices\": [\"bf16\", \"tf32\", \"fp32\", \"fp16amp\"]}}"}
{"op_code":8,"worker_id":"4e9858eb-9846-4ddc-b91a-630d5bfce941-132066782720000","trial_id":90,"user_attr":{"crash":"AssertionError('No inf checks were recorded for this optimizer.')"}}
{"op_code":6,"worker_id":"4e9858eb-9846-4ddc-b91a-630d5bfce941-132066782720000","trial_id":90,"state":1,"values":[12100.0],"datetime_complete":"2026-06-09T23:27:38.771948"}
{"op_code":7,"worker_id":"15059474-2802-491e-b069-2441b973c009-132863787323392","trial_id":76,"step":130,"intermediate_value":0.1314906757324934}
{"op_code":7,"worker_id":"23286507-3c35-40b6-ba97-116cfd27a518-129889096323072","trial_id":67,"step":100,"intermediate_value":0.13202644884586334}
{"op_code":7,"worker_id":"0dc1d806-3474-4639-b889-f5ed08a8dd79-133189199245312","trial_id":88,"step":10,"intermediate_value":0.02305016154423356}
{"op_code":4,"worker_id":"66e69664-d16b-49f3-aa41-bf417fc9117f-132066782720000","study_id":24,"datetime_start":"2026-06-09T23:27:38.912231"}
{"op_code":5,"worker_id":"66e69664-d16b-49f3-aa41-bf417fc9117f-132066782720000","trial_id":91,"param_name":"lr","param_value_internal":0.0008565293722924722,"distribution":"{\"name\": \"FloatDistribution\", \"attributes\": {\"step\": null, \"low\": 0.0002, \"high\": 0.005, \"log\": true}}"}
{"op_code":5,"worker_id":"66e69664-d16b-49f3-aa41-bf417fc9117f-132066782720000","trial_id":91,"param_name":"grokadamw_alpha","param_value_internal":0.9828435339822048,"distribution":"{\"name\": \"FloatDistribution\", \"attributes\": {\"step\": null, \"low\": 0.9, \"high\": 0.999, \"log\": false}}"}
{"op_code":5,"worker_id":"66e69664-d16b-49f3-aa41-bf417fc9117f-132066782720000","trial_id":91,"param_name":"grokadamw_lamb","param_value_internal":2.2039568856103418,"distribution":"{\"name\": \"FloatDistribution\", \"attributes\": {\"step\": null, \"low\": 0.5, \"high\": 10.0, \"log\": true}}"}
{"op_code":5,"worker_id":"66e69664-d16b-49f3-aa41-bf417fc9117f-132066782720000","trial_id":91,"param_name":"grokadamw_grad_clip","param_value_internal":2.402513106315949,"distribution":"{\"name\": \"FloatDistribution\", \"attributes\": {\"step\": null, \"low\": 0.5, \"high\": 3.0, \"log\": false}}"}
{"op_code":5,"worker_id":"66e69664-d16b-49f3-aa41-bf417fc9117f-132066782720000","trial_id":91,"param_name":"weight_decay","param_value_internal":0.4419155679144035,"distribution":"{\"name\": \"FloatDistribution\", \"attributes\": {\"step\": null, \"low\": 0.2, \"high\": 4.0, \"log\": true}}"}
{"op_code":5,"worker_id":"66e69664-d16b-49f3-aa41-bf417fc9117f-132066782720000","trial_id":91,"param_name":"matmul_precision","param_value_internal":3,"distribution":"{\"name\": \"CategoricalDistribution\", \"attributes\": {\"choices\": [\"bf16\", \"tf32\", \"fp32\", \"fp16amp\"]}}"}
{"op_code":7,"worker_id":"15059474-2802-491e-b069-2441b973c009-132863787323392","trial_id":76,"step":140,"intermediate_value":0.1396033000200987}
{"op_code":7,"worker_id":"5e0e8973-4b44-4525-a1fb-e267dde658cb-126908061577216","trial_id":78,"step":30,"intermediate_value":0.04057542700320482}
{"op_code":7,"worker_id":"855aa31e-eefd-40ff-b92f-4ebe88b9296a-135118154514432","trial_id":68,"step":100,"intermediate_value":0.034371656365692616}
{"op_code":7,"worker_id":"0dc1d806-3474-4639-b889-f5ed08a8dd79-133189199245312","trial_id":88,"step":20,"intermediate_value":0.030092133209109306}
{"op_code":7,"worker_id":"b8380e44-f689-4dbb-a278-72dbe159926f-130931437379584","trial_id":81,"step":30,"intermediate_value":0.03890518005937338}
{"op_code":5,"worker_id":"e0465576-a5f3-4860-8c67-8c71fbbe2e2d-129090716581888","trial_id":89,"param_name":"grokadamw_grad_clip","param_value_internal":0.8415257398134928,"distribution":"{\"name\": \"FloatDistribution\", \"attributes\": {\"step\": null, \"low\": 0.5, \"high\": 3.0, \"log\": false}}"}
{"op_code":5,"worker_id":"e0465576-a5f3-4860-8c67-8c71fbbe2e2d-129090716581888","trial_id":89,"param_name":"weight_decay","param_value_internal":1.4415813587535569,"distribution":"{\"name\": \"FloatDistribution\", \"attributes\": {\"step\": null, \"low\": 0.2, \"high\": 4.0, \"log\": true}}"}
{"op_code":5,"worker_id":"e0465576-a5f3-4860-8c67-8c71fbbe2e2d-129090716581888","trial_id":89,"param_name":"matmul_precision","param_value_internal":3,"distribution":"{\"name\": \"CategoricalDistribution\", \"attributes\": {\"choices\": [\"bf16\", \"tf32\", \"fp32\", \"fp16amp\"]}}"}
{"op_code":7,"worker_id":"b62956c9-daec-4291-a509-9732b9b6d316-134317690548224","trial_id":63,"step":230,"intermediate_value":0.19817273318767548}
{"op_code":7,"worker_id":"0d363365-fb60-44b7-b09f-d3edac0628c8-134803987668992","trial_id":72,"step":40,"intermediate_value":0.017308210022747517}
{"op_code":7,"worker_id":"23286507-3c35-40b6-ba97-116cfd27a518-129889096323072","trial_id":67,"step":110,"intermediate_value":0.2032357007265091}
{"op_code":7,"worker_id":"1cd046f5-1686-4abf-94e8-e4fa59a08500-131165583757312","trial_id":77,"step":50,"intermediate_value":0.025426989421248436}
{"op_code":7,"worker_id":"66e69664-d16b-49f3-aa41-bf417fc9117f-132066782720000","trial_id":91,"step":10,"intermediate_value":0.018788630608469248}
{"op_code":7,"worker_id":"4ebb2a3b-77de-4b49-be2d-4a446ab21ba8-129478800961536","trial_id":61,"step":180,"intermediate_value":0.5129032265394926}
{"op_code":7,"worker_id":"15059474-2802-491e-b069-2441b973c009-132863787323392","trial_id":76,"step":150,"intermediate_value":0.1676364792510867}
{"op_code":7,"worker_id":"0dc1d806-3474-4639-b889-f5ed08a8dd79-133189199245312","trial_id":88,"step":30,"intermediate_value":0.02841880824416876}
{"op_code":7,"worker_id":"e0465576-a5f3-4860-8c67-8c71fbbe2e2d-129090716581888","trial_id":89,"step":10,"intermediate_value":0.010027632117271423}
{"op_code":7,"worker_id":"1a3df289-b80e-4831-bf17-868dbc7ef066-126353676697600","trial_id":84,"step":10,"intermediate_value":0.018788630608469248}
{"op_code":7,"worker_id":"1cd046f5-1686-4abf-94e8-e4fa59a08500-131165583757312","trial_id":77,"step":60,"intermediate_value":0.0360542181879282}
{"op_code":7,"worker_id":"b62956c9-daec-4291-a509-9732b9b6d316-134317690548224","trial_id":63,"step":240,"intermediate_value":0.1941133514046669}
{"op_code":7,"worker_id":"23286507-3c35-40b6-ba97-116cfd27a518-129889096323072","trial_id":67,"step":120,"intermediate_value":0.291450172662735}
{"op_code":7,"worker_id":"66e69664-d16b-49f3-aa41-bf417fc9117f-132066782720000","trial_id":91,"step":20,"intermediate_value":0.010277992580085993}
{"op_code":7,"worker_id":"15059474-2802-491e-b069-2441b973c009-132863787323392","trial_id":76,"step":160,"intermediate_value":0.18481923453509808}
{"op_code":7,"worker_id":"0dc1d806-3474-4639-b889-f5ed08a8dd79-133189199245312","trial_id":88,"step":40,"intermediate_value":0.02531384490430355}
{"op_code":7,"worker_id":"5995d022-8a01-488a-8a3b-de18b9874811-138063286341632","trial_id":73,"step":40,"intermediate_value":0.015714227687567472}
{"op_code":7,"worker_id":"1a3df289-b80e-4831-bf17-868dbc7ef066-126353676697600","trial_id":84,"step":20,"intermediate_value":0.014297128189355135}
{"op_code":7,"worker_id":"1cd046f5-1686-4abf-94e8-e4fa59a08500-131165583757312","trial_id":77,"step":70,"intermediate_value":0.03640596941113472}
{"op_code":7,"worker_id":"855aa31e-eefd-40ff-b92f-4ebe88b9296a-135118154514432","trial_id":68,"step":110,"intermediate_value":0.03711870964616537}
{"op_code":7,"worker_id":"0dc1d806-3474-4639-b889-f5ed08a8dd79-133189199245312","trial_id":88,"step":50,"intermediate_value":0.03881358727812767}
{"op_code":7,"worker_id":"66e69664-d16b-49f3-aa41-bf417fc9117f-132066782720000","trial_id":91,"step":30,"intermediate_value":0.01642478769645095}
{"op_code":7,"worker_id":"0d363365-fb60-44b7-b09f-d3edac0628c8-134803987668992","trial_id":72,"step":50,"intermediate_value":0.03139523230493069}
{"op_code":7,"worker_id":"15059474-2802-491e-b069-2441b973c009-132863787323392","trial_id":76,"step":170,"intermediate_value":0.21177869569510221}
{"op_code":7,"worker_id":"b62956c9-daec-4291-a509-9732b9b6d316-134317690548224","trial_id":63,"step":250,"intermediate_value":0.23747584968805313}
{"op_code":7,"worker_id":"23286507-3c35-40b6-ba97-116cfd27a518-129889096323072","trial_id":67,"step":130,"intermediate_value":0.3790761651471257}
{"op_code":7,"worker_id":"1a3df289-b80e-4831-bf17-868dbc7ef066-126353676697600","trial_id":84,"step":30,"intermediate_value":0.022571582812815905}
{"op_code":7,"worker_id":"5995d022-8a01-488a-8a3b-de18b9874811-138063286341632","trial_id":73,"step":50,"intermediate_value":0.012641835492104292}
{"op_code":7,"worker_id":"5e0e8973-4b44-4525-a1fb-e267dde658cb-126908061577216","trial_id":78,"step":40,"intermediate_value":0.03949861880391836}
{"op_code":7,"worker_id":"e0465576-a5f3-4860-8c67-8c71fbbe2e2d-129090716581888","trial_id":89,"step":20,"intermediate_value":0.015163830481469631}
{"op_code":7,"worker_id":"b8380e44-f689-4dbb-a278-72dbe159926f-130931437379584","trial_id":81,"step":40,"intermediate_value":0.03758976515382528}
{"op_code":7,"worker_id":"1cd046f5-1686-4abf-94e8-e4fa59a08500-131165583757312","trial_id":77,"step":80,"intermediate_value":0.039743381552398205}
{"op_code":7,"worker_id":"0dc1d806-3474-4639-b889-f5ed08a8dd79-133189199245312","trial_id":88,"step":60,"intermediate_value":0.03068864904344082}
{"op_code":7,"worker_id":"4ebb2a3b-77de-4b49-be2d-4a446ab21ba8-129478800961536","trial_id":61,"step":190,"intermediate_value":0.5129032265394926}
{"op_code":7,"worker_id":"66e69664-d16b-49f3-aa41-bf417fc9117f-132066782720000","trial_id":91,"step":40,"intermediate_value":0.017133337445557117}
{"op_code":7,"worker_id":"1a3df289-b80e-4831-bf17-868dbc7ef066-126353676697600","trial_id":84,"step":40,"intermediate_value":0.014769494999200106}
{"op_code":7,"worker_id":"b62956c9-daec-4291-a509-9732b9b6d316-134317690548224","trial_id":63,"step":260,"intermediate_value":0.1838902086019516}
{"op_code":7,"worker_id":"e0465576-a5f3-4860-8c67-8c71fbbe2e2d-129090716581888","trial_id":89,"step":30,"intermediate_value":0.012058866675943136}
{"op_code":7,"worker_id":"23286507-3c35-40b6-ba97-116cfd27a518-129889096323072","trial_id":67,"step":140,"intermediate_value":0.43965716380625963}
{"op_code":7,"worker_id":"1cd046f5-1686-4abf-94e8-e4fa59a08500-131165583757312","trial_id":77,"step":90,"intermediate_value":0.049290722236037254}
{"op_code":7,"worker_id":"5995d022-8a01-488a-8a3b-de18b9874811-138063286341632","trial_id":73,"step":60,"intermediate_value":0.014767484739422798}
{"op_code":7,"worker_id":"b62956c9-daec-4291-a509-9732b9b6d316-134317690548224","trial_id":63,"step":270,"intermediate_value":0.20024091005325317}
{"op_code":7,"worker_id":"0dc1d806-3474-4639-b889-f5ed08a8dd79-133189199245312","trial_id":88,"step":70,"intermediate_value":0.033912915736436844}
{"op_code":7,"worker_id":"1cd046f5-1686-4abf-94e8-e4fa59a08500-131165583757312","trial_id":77,"step":100,"intermediate_value":0.05799986235797405}
{"op_code":7,"worker_id":"23286507-3c35-40b6-ba97-116cfd27a518-129889096323072","trial_id":67,"step":150,"intermediate_value":0.4824083689600229}
{"op_code":7,"worker_id":"66e69664-d16b-49f3-aa41-bf417fc9117f-132066782720000","trial_id":91,"step":50,"intermediate_value":0.01252374378964305}
{"op_code":7,"worker_id":"1a3df289-b80e-4831-bf17-868dbc7ef066-126353676697600","trial_id":84,"step":50,"intermediate_value":0.014179036486893892}
{"op_code":7,"worker_id":"b8380e44-f689-4dbb-a278-72dbe159926f-130931437379584","trial_id":81,"step":50,"intermediate_value":0.0414136266335845}
{"op_code":7,"worker_id":"0dc1d806-3474-4639-b889-f5ed08a8dd79-133189199245312","trial_id":88,"step":80,"intermediate_value":0.03259750176221132}
{"op_code":7,"worker_id":"5e0e8973-4b44-4525-a1fb-e267dde658cb-126908061577216","trial_id":78,"step":50,"intermediate_value":0.05059690121561289}
{"op_code":7,"worker_id":"5995d022-8a01-488a-8a3b-de18b9874811-138063286341632","trial_id":73,"step":70,"intermediate_value":0.021738911047577858}
{"op_code":7,"worker_id":"b62956c9-daec-4291-a509-9732b9b6d316-134317690548224","trial_id":63,"step":280,"intermediate_value":0.23392754793167114}
{"op_code":7,"worker_id":"855aa31e-eefd-40ff-b92f-4ebe88b9296a-135118154514432","trial_id":68,"step":120,"intermediate_value":0.038311743177473545}
{"op_code":7,"worker_id":"e0465576-a5f3-4860-8c67-8c71fbbe2e2d-129090716581888","trial_id":89,"step":40,"intermediate_value":0.014805920422077179}
{"op_code":7,"worker_id":"0d363365-fb60-44b7-b09f-d3edac0628c8-134803987668992","trial_id":72,"step":60,"intermediate_value":0.034374735318124294}
{"op_code":7,"worker_id":"15059474-2802-491e-b069-2441b973c009-132863787323392","trial_id":76,"step":180,"intermediate_value":0.22132294904440641}
{"op_code":0,"worker_id":"785a579a-0ea3-48d0-b83e-b44d87e8825a-130602565894144","study_name":"adamw__vit","directions":[1]}
{"op_code":0,"worker_id":"2275c5e5-67b0-4edb-95cb-3e2947e3780c-139513405390848","study_name":"adamw__mamba","directions":[1]}
{"op_code":0,"worker_id":"768b4319-4bfb-4b04-9286-3397a7d50f00-130602565894144","study_name":"neuralgrok__vit","directions":[1]}
{"op_code":7,"worker_id":"5995d022-8a01-488a-8a3b-de18b9874811-138063286341632","trial_id":73,"step":80,"intermediate_value":0.017833846621215343}
{"op_code":7,"worker_id":"5e0e8973-4b44-4525-a1fb-e267dde658cb-126908061577216","trial_id":78,"step":60,"intermediate_value":0.11084505263715982}
{"op_code":0,"worker_id":"d18ddddf-19e7-4808-ad45-4f541c30503e-136787336318976","study_name":"adamw__decoder","directions":[1]}
{"op_code":0,"worker_id":"75a3eb48-1ece-4602-9441-d3e11bbd5e29-136787336318976","study_name":"neuralgrok__decoder","directions":[1]}
{"op_code":7,"worker_id":"0dc1d806-3474-4639-b889-f5ed08a8dd79-133189199245312","trial_id":88,"step":90,"intermediate_value":0.03498356603085995}
{"op_code":0,"worker_id":"931e6358-0712-4513-97f4-89e2710a4dcd-138056793800704","study_name":"adamw__decoder","directions":[1]}
{"op_code":0,"worker_id":"26cf6585-191d-41c7-a069-093663dbf6af-136787336318976","study_name":"grokadamw__decoder","directions":[1]}
{"op_code":0,"worker_id":"ebcfea4b-a1cb-4027-864e-b633cc7fc133-139513405390848","study_name":"neuralgrok__mamba","directions":[1]}
{"op_code":0,"worker_id":"462137a9-26d6-4c6e-9d2a-e003aaa38bd2-138056793800704","study_name":"neuralgrok__decoder","directions":[1]}
{"op_code":0,"worker_id":"afe5cc95-ee8e-47bb-8c8f-aa3e45249ce3-136787336318976","study_name":"supergrok__decoder","directions":[1]}
{"op_code":0,"worker_id":"26e4dd5e-cd8c-42cb-88c1-3268136409a6-139513405390848","study_name":"grokadamw__mamba","directions":[1]}
{"op_code":0,"worker_id":"669e062c-5c64-4704-a838-93a20247d039-138056793800704","study_name":"grokadamw__decoder","directions":[1]}
{"op_code":7,"worker_id":"66e69664-d16b-49f3-aa41-bf417fc9117f-132066782720000","trial_id":91,"step":60,"intermediate_value":0.010514175985008478}
{"op_code":0,"worker_id":"6a8dbefc-baae-44d6-beb5-b9893d84ff7c-136787336318976","study_name":"supergrok15__decoder","directions":[1]}
{"op_code":0,"worker_id":"702ac6c1-1bee-4a73-906d-2f84230e8589-139513405390848","study_name":"supergrok__mamba","directions":[1]}
{"op_code":7,"worker_id":"0d363365-fb60-44b7-b09f-d3edac0628c8-134803987668992","trial_id":72,"step":70,"intermediate_value":0.03795383218675852}
{"op_code":7,"worker_id":"0dc1d806-3474-4639-b889-f5ed08a8dd79-133189199245312","trial_id":88,"step":100,"intermediate_value":0.027097235433757305}
{"op_code":7,"worker_id":"5995d022-8a01-488a-8a3b-de18b9874811-138063286341632","trial_id":73,"step":90,"intermediate_value":0.017713746055960655}
{"op_code":0,"worker_id":"f0644f2f-fc26-4688-a92b-6e5c6269b8e9-139513405390848","study_name":"supergrok15__mamba","directions":[1]}
{"op_code":7,"worker_id":"66e69664-d16b-49f3-aa41-bf417fc9117f-132066782720000","trial_id":91,"step":70,"intermediate_value":0.012759926728904247}
{"op_code":0,"worker_id":"84ebeade-7786-4928-a13e-1b75e0fe8baa-139513405390848","study_name":"supergrok2__mamba","directions":[1]}
{"op_code":0,"worker_id":"8a100744-7ade-414a-861b-2a0eec4fdf10-131805238861824","study_name":"adamw__mamba","directions":[1]}
{"op_code":0,"worker_id":"cd6e5b61-d080-4a6f-a321-53509e4b209e-139513405390848","study_name":"grokfast__mamba","directions":[1]}
{"op_code":0,"worker_id":"fdd798c0-ae4a-4aff-8f69-29d37be2cfb2-131805238861824","study_name":"neuralgrok__mamba","directions":[1]}
{"op_code":7,"worker_id":"0dc1d806-3474-4639-b889-f5ed08a8dd79-133189199245312","trial_id":88,"step":110,"intermediate_value":0.03258826583623886}
{"op_code":7,"worker_id":"15059474-2802-491e-b069-2441b973c009-132863787323392","trial_id":76,"step":190,"intermediate_value":0.2553243888542056}
{"op_code":0,"worker_id":"06a0a527-bada-4f52-be63-bb48c5f3198b-136787336318976","study_name":"supergrok2__decoder","directions":[1]}
{"op_code":0,"worker_id":"77afc7e0-13e7-44d6-8cda-a7b7cb8d402d-131805238861824","study_name":"grokadamw__mamba","directions":[1]}
{"op_code":7,"worker_id":"0dc1d806-3474-4639-b889-f5ed08a8dd79-133189199245312","trial_id":88,"step":120,"intermediate_value":0.03605113923549652}
{"op_code":7,"worker_id":"15059474-2802-491e-b069-2441b973c009-132863787323392","trial_id":76,"step":200,"intermediate_value":0.2760831518098712}
{"op_code":7,"worker_id":"66e69664-d16b-49f3-aa41-bf417fc9117f-132066782720000","trial_id":91,"step":80,"intermediate_value":0.012169468682259321}
{"op_code":0,"worker_id":"8f5fe51a-81de-4d52-8efc-eacfd947745b-139513405390848","study_name":"muon__mamba","directions":[1]}
{"op_code":0,"worker_id":"5912acb1-022b-47ca-92bd-55aa8b9f1709-136787336318976","study_name":"grokfast__decoder","directions":[1]}
{"op_code":0,"worker_id":"5168edb4-0bb5-46a7-ac95-c69ad275cc0c-131805238861824","study_name":"supergrok__mamba","directions":[1]}
{"op_code":0,"worker_id":"afd841f0-3c02-4f1c-8b58-24dc6d914ddc-136787336318976","study_name":"muon__decoder","directions":[1]}
{"op_code":0,"worker_id":"d9583c48-565a-4a3c-b7e0-780419dc8c50-136787336318976","study_name":"lion__decoder","directions":[1]}
{"op_code":0,"worker_id":"bb7e1d35-184a-4c76-a6e2-7b6a0a1468c1-136787336318976","study_name":"looksam__decoder","directions":[1]}
{"op_code":0,"worker_id":"97195453-3d1a-4016-9d60-b50dbaf607cd-131805238861824","study_name":"supergrok15__mamba","directions":[1]}
{"op_code":0,"worker_id":"946787ff-f512-4aa5-a136-2c0503c65bb5-136787336318976","study_name":"prodigy__decoder","directions":[1]}
{"op_code":4,"worker_id":"d18ddddf-19e7-4808-ad45-4f541c30503e-136787336318976","study_id":0,"datetime_start":"2026-06-09T23:28:30.516831"}
{"op_code":7,"worker_id":"0dc1d806-3474-4639-b889-f5ed08a8dd79-133189199245312","trial_id":88,"step":130,"intermediate_value":0.03365891519933939}
{"op_code":5,"worker_id":"d18ddddf-19e7-4808-ad45-4f541c30503e-136787336318976","trial_id":92,"param_name":"lr","param_value_internal":0.0019648598269480524,"distribution":"{\"name\": \"FloatDistribution\", \"attributes\": {\"step\": null, \"low\": 0.0002, \"high\": 0.005, \"log\": true}}"}
{"op_code":0,"worker_id":"b08cfd60-14aa-424f-a99f-ba531c419c90-131805238861824","study_name":"supergrok2__mamba","directions":[1]}
{"op_code":7,"worker_id":"0dc1d806-3474-4639-b889-f5ed08a8dd79-133189199245312","trial_id":88,"step":140,"intermediate_value":0.040707044303417206}
{"op_code":5,"worker_id":"d18ddddf-19e7-4808-ad45-4f541c30503e-136787336318976","trial_id":92,"param_name":"beta1","param_value_internal":0.8675373556242801,"distribution":"{\"name\": \"FloatDistribution\", \"attributes\": {\"step\": null, \"low\": 0.85, \"high\": 0.95, \"log\": false}}"}
{"op_code":5,"worker_id":"d18ddddf-19e7-4808-ad45-4f541c30503e-136787336318976","trial_id":92,"param_name":"beta2","param_value_internal":0.9925204969670227,"distribution":"{\"name\": \"FloatDistribution\", \"attributes\": {\"step\": null, \"low\": 0.95, \"high\": 0.9995, \"log\": false}}"}
{"op_code":5,"worker_id":"d18ddddf-19e7-4808-ad45-4f541c30503e-136787336318976","trial_id":92,"param_name":"weight_decay","param_value_internal":1.9878559929526496,"distribution":"{\"name\": \"FloatDistribution\", \"attributes\": {\"step\": null, \"low\": 0.2, \"high\": 4.0, \"log\": true}}"}
{"op_code":5,"worker_id":"d18ddddf-19e7-4808-ad45-4f541c30503e-136787336318976","trial_id":92,"param_name":"matmul_precision","param_value_internal":2,"distribution":"{\"name\": \"CategoricalDistribution\", \"attributes\": {\"choices\": [\"bf16\", \"tf32\", \"fp32\", \"fp16amp\"]}}"}
{"op_code":0,"worker_id":"10d30193-7519-4cc0-8009-24511049afb5-131805238861824","study_name":"grokfast__mamba","directions":[1]}
{"op_code":0,"worker_id":"cfe4b1eb-9784-4949-bcb6-11917941a912-131805238861824","study_name":"muon__mamba","directions":[1]}
{"op_code":0,"worker_id":"e3a13dd5-7272-4d21-aa15-de8678165714-131805238861824","study_name":"lion__mamba","directions":[1]}
{"op_code":0,"worker_id":"1b44762f-13ed-470a-ae79-653889fbdbc3-131805238861824","study_name":"looksam__mamba","directions":[1]}
{"op_code":7,"worker_id":"1cd046f5-1686-4abf-94e8-e4fa59a08500-131165583757312","trial_id":77,"step":110,"intermediate_value":0.07207764498889446}
{"op_code":7,"worker_id":"855aa31e-eefd-40ff-b92f-4ebe88b9296a-135118154514432","trial_id":68,"step":130,"intermediate_value":0.04081711079925299}
{"op_code":0,"worker_id":"51f37c1b-9515-4268-a774-efb3a8d3f3b9-131805238861824","study_name":"prodigy__mamba","directions":[1]}
{"op_code":4,"worker_id":"8a100744-7ade-414a-861b-2a0eec4fdf10-131805238861824","study_id":12,"datetime_start":"2026-06-09T23:28:31.240148"}
{"op_code":5,"worker_id":"8a100744-7ade-414a-861b-2a0eec4fdf10-131805238861824","trial_id":93,"param_name":"lr","param_value_internal":0.003162235043845464,"distribution":"{\"name\": \"FloatDistribution\", \"attributes\": {\"step\": null, \"low\": 0.0002, \"high\": 0.005, \"log\": true}}"}
{"op_code":5,"worker_id":"8a100744-7ade-414a-861b-2a0eec4fdf10-131805238861824","trial_id":93,"param_name":"beta1","param_value_internal":0.8955568725906421,"distribution":"{\"name\": \"FloatDistribution\", \"attributes\": {\"step\": null, \"low\": 0.85, \"high\": 0.95, \"log\": false}}"}
{"op_code":5,"worker_id":"8a100744-7ade-414a-861b-2a0eec4fdf10-131805238861824","trial_id":93,"param_name":"beta2","param_value_internal":0.9568037481969046,"distribution":"{\"name\": \"FloatDistribution\", \"attributes\": {\"step\": null, \"low\": 0.95, \"high\": 0.9995, \"log\": false}}"}
{"op_code":5,"worker_id":"8a100744-7ade-414a-861b-2a0eec4fdf10-131805238861824","trial_id":93,"param_name":"weight_decay","param_value_internal":0.3768998344881915,"distribution":"{\"name\": \"FloatDistribution\", \"attributes\": {\"step\": null, \"low\": 0.2, \"high\": 4.0, \"log\": true}}"}
{"op_code":5,"worker_id":"8a100744-7ade-414a-861b-2a0eec4fdf10-131805238861824","trial_id":93,"param_name":"matmul_precision","param_value_internal":0,"distribution":"{\"name\": \"CategoricalDistribution\", \"attributes\": {\"choices\": [\"bf16\", \"tf32\", \"fp32\", \"fp16amp\"]}}"}
{"op_code":7,"worker_id":"15059474-2802-491e-b069-2441b973c009-132863787323392","trial_id":76,"step":210,"intermediate_value":0.3036421937867999}
{"op_code":7,"worker_id":"0dc1d806-3474-4639-b889-f5ed08a8dd79-133189199245312","trial_id":88,"step":150,"intermediate_value":0.03938547242432833}
{"op_code":7,"worker_id":"1cd046f5-1686-4abf-94e8-e4fa59a08500-131165583757312","trial_id":77,"step":120,"intermediate_value":0.08412727527320385}
{"op_code":0,"worker_id":"a9e7fd57-3de6-49a2-88e3-f971babac9aa-139513405390848","study_name":"lion__mamba","directions":[1]}
{"op_code":7,"worker_id":"15059474-2802-491e-b069-2441b973c009-132863787323392","trial_id":76,"step":220,"intermediate_value":0.34062622021883726}
{"op_code":0,"worker_id":"a5c89f7b-2828-4bdd-b957-351c2a11cfb0-139513405390848","study_name":"looksam__mamba","directions":[1]}
{"op_code":7,"worker_id":"15059474-2802-491e-b069-2441b973c009-132863787323392","trial_id":76,"step":230,"intermediate_value":0.3582861851900816}
{"op_code":0,"worker_id":"b6290b37-5d43-4505-ad2d-f1715becb344-139513405390848","study_name":"prodigy__mamba","directions":[1]}
{"op_code":4,"worker_id":"2275c5e5-67b0-4edb-95cb-3e2947e3780c-139513405390848","study_id":12,"datetime_start":"2026-06-09T23:28:32.406572"}
{"op_code":5,"worker_id":"2275c5e5-67b0-4edb-95cb-3e2947e3780c-139513405390848","trial_id":94,"param_name":"lr","param_value_internal":0.0021436810359973684,"distribution":"{\"name\": \"FloatDistribution\", \"attributes\": {\"step\": null, \"low\": 0.0002, \"high\": 0.005, \"log\": true}}"}
{"op_code":5,"worker_id":"2275c5e5-67b0-4edb-95cb-3e2947e3780c-139513405390848","trial_id":94,"param_name":"beta1","param_value_internal":0.8509255224442609,"distribution":"{\"name\": \"FloatDistribution\", \"attributes\": {\"step\": null, \"low\": 0.85, \"high\": 0.95, \"log\": false}}"}
{"op_code":5,"worker_id":"2275c5e5-67b0-4edb-95cb-3e2947e3780c-139513405390848","trial_id":94,"param_name":"beta2","param_value_internal":0.9634724299590899,"distribution":"{\"name\": \"FloatDistribution\", \"attributes\": {\"step\": null, \"low\": 0.95, \"high\": 0.9995, \"log\": false}}"}
{"op_code":7,"worker_id":"855aa31e-eefd-40ff-b92f-4ebe88b9296a-135118154514432","trial_id":68,"step":140,"intermediate_value":0.040217516012489796}
{"op_code":7,"worker_id":"15059474-2802-491e-b069-2441b973c009-132863787323392","trial_id":76,"step":240,"intermediate_value":0.38918263744562864}
{"op_code":7,"worker_id":"0dc1d806-3474-4639-b889-f5ed08a8dd79-133189199245312","trial_id":88,"step":160,"intermediate_value":0.04606953449547291}
{"op_code":5,"worker_id":"2275c5e5-67b0-4edb-95cb-3e2947e3780c-139513405390848","trial_id":94,"param_name":"weight_decay","param_value_internal":0.21042095648256368,"distribution":"{\"name\": \"FloatDistribution\", \"attributes\": {\"step\": null, \"low\": 0.2, \"high\": 4.0, \"log\": true}}"}
{"op_code":5,"worker_id":"2275c5e5-67b0-4edb-95cb-3e2947e3780c-139513405390848","trial_id":94,"param_name":"matmul_precision","param_value_internal":0,"distribution":"{\"name\": \"CategoricalDistribution\", \"attributes\": {\"choices\": [\"bf16\", \"tf32\", \"fp32\", \"fp16amp\"]}}"}
{"op_code":7,"worker_id":"0dc1d806-3474-4639-b889-f5ed08a8dd79-133189199245312","trial_id":88,"step":170,"intermediate_value":0.04714018385857344}
{"op_code":7,"worker_id":"15059474-2802-491e-b069-2441b973c009-132863787323392","trial_id":76,"step":250,"intermediate_value":0.41363982390612364}
{"op_code":7,"worker_id":"66e69664-d16b-49f3-aa41-bf417fc9117f-132066782720000","trial_id":91,"step":90,"intermediate_value":0.017133337445557117}
{"op_code":7,"worker_id":"1cd046f5-1686-4abf-94e8-e4fa59a08500-131165583757312","trial_id":77,"step":130,"intermediate_value":0.10250306129455566}
{"op_code":0,"worker_id":"d3e3f55a-0749-45ca-92ba-d49cd687fc44-139157601017856","study_name":"adamw__decoder","directions":[1]}
{"op_code":0,"worker_id":"d469a73a-aa3a-4eeb-adf6-3df3dd2fbeda-135871939538944","study_name":"adamw__mamba","directions":[1]}
{"op_code":0,"worker_id":"4697d864-d770-4e61-b133-d21d97c15e0a-130602565894144","study_name":"grokadamw__vit","directions":[1]}
{"op_code":0,"worker_id":"d4c6ce7c-ce66-4e7e-a1e5-d6fb0080cee3-135871939538944","study_name":"neuralgrok__mamba","directions":[1]}
{"op_code":7,"worker_id":"855aa31e-eefd-40ff-b92f-4ebe88b9296a-135118154514432","trial_id":68,"step":150,"intermediate_value":0.03329176874831319}
{"op_code":8,"worker_id":"8a100744-7ade-414a-861b-2a0eec4fdf10-131805238861824","trial_id":93,"user_attr":{"crash":"TypeError(\"fused_step(): incompatible function arguments. The following argument types are supported:\\n    1. (arg0: str, arg1: str, arg2: torch.Tensor, arg3: torch.Tensor, arg4: torch.Tensor, arg5: torch.Tensor, arg6: float) -> None\\n\\nInvoked with: 'mamba3', 'adamw', tensor([-0.1819,  0.9390,  1.1"}}
{"op_code":6,"worker_id":"8a100744-7ade-414a-861b-2a0eec4fdf10-131805238861824","trial_id":93,"state":1,"values":[24100.0],"datetime_complete":"2026-06-09T23:28:44.382805"}
{"op_code":0,"worker_id":"ecd93fc7-bb9b-440d-960e-4b267b1dc0c7-130602565894144","study_name":"supergrok__vit","directions":[1]}
{"op_code":0,"worker_id":"18c62b74-7904-425d-8e95-0a2f67131e40-135871939538944","study_name":"grokadamw__mamba","directions":[1]}
{"op_code":7,"worker_id":"855aa31e-eefd-40ff-b92f-4ebe88b9296a-135118154514432","trial_id":68,"step":160,"intermediate_value":0.04093333426862955}
{"op_code":0,"worker_id":"0f821b2f-83f6-44ab-86bd-ced12a631e2d-135871939538944","study_name":"supergrok__mamba","directions":[1]}
{"op_code":0,"worker_id":"436d5554-5f83-4cd2-a72f-263fd81aa31b-130602565894144","study_name":"supergrok15__vit","directions":[1]}
{"op_code":0,"worker_id":"8f2a6179-f0c9-4454-8ca6-c59b6152c527-135871939538944","study_name":"supergrok15__mamba","directions":[1]}
{"op_code":0,"worker_id":"b62945c3-1096-4660-a8d6-baef2abd95a1-130602565894144","study_name":"supergrok2__vit","directions":[1]}
{"op_code":0,"worker_id":"f08dffd5-e952-4c0a-bbce-1a7502261196-135871939538944","study_name":"supergrok2__mamba","directions":[1]}
{"op_code":0,"worker_id":"e35be2e0-67e8-4be9-a7d0-c61f5063120a-130602565894144","study_name":"grokfast__vit","directions":[1]}
{"op_code":0,"worker_id":"cb76ac37-834c-4831-9441-c142d6ee0da5-135871939538944","study_name":"grokfast__mamba","directions":[1]}
{"op_code":0,"worker_id":"046548dd-9b2c-476d-b954-abc090fa5645-130602565894144","study_name":"muon__vit","directions":[1]}
{"op_code":0,"worker_id":"3812820e-74da-47b8-bbf6-cd3f8d7c9f2f-135871939538944","study_name":"muon__mamba","directions":[1]}
{"op_code":0,"worker_id":"6bf256e5-e563-4506-9564-beeed3526f46-135871939538944","study_name":"lion__mamba","directions":[1]}
{"op_code":0,"worker_id":"92b4670a-c354-4874-a9fa-038decaa52db-135871939538944","study_name":"looksam__mamba","directions":[1]}
{"op_code":0,"worker_id":"001c0244-d09d-4ad7-9a93-4b04070c7d53-135871939538944","study_name":"prodigy__mamba","directions":[1]}
{"op_code":7,"worker_id":"5995d022-8a01-488a-8a3b-de18b9874811-138063286341632","trial_id":73,"step":100,"intermediate_value":0.026338454335927963}
{"op_code":7,"worker_id":"5995d022-8a01-488a-8a3b-de18b9874811-138063286341632","trial_id":73,"step":110,"intermediate_value":0.02952491957694292}
{"op_code":4,"worker_id":"d469a73a-aa3a-4eeb-adf6-3df3dd2fbeda-135871939538944","study_id":12,"datetime_start":"2026-06-09T23:28:54.935296"}
{"op_code":5,"worker_id":"d469a73a-aa3a-4eeb-adf6-3df3dd2fbeda-135871939538944","trial_id":95,"param_name":"lr","param_value_internal":0.0008706924867365926,"distribution":"{\"name\": \"FloatDistribution\", \"attributes\": {\"step\": null, \"low\": 0.0002, \"high\": 0.005, \"log\": true}}"}
{"op_code":5,"worker_id":"d469a73a-aa3a-4eeb-adf6-3df3dd2fbeda-135871939538944","trial_id":95,"param_name":"beta1","param_value_internal":0.8915030183038228,"distribution":"{\"name\": \"FloatDistribution\", \"attributes\": {\"step\": null, \"low\": 0.85, \"high\": 0.95, \"log\": false}}"}
{"op_code":5,"worker_id":"d469a73a-aa3a-4eeb-adf6-3df3dd2fbeda-135871939538944","trial_id":95,"param_name":"beta2","param_value_internal":0.9986816252034034,"distribution":"{\"name\": \"FloatDistribution\", \"attributes\": {\"step\": null, \"low\": 0.95, \"high\": 0.9995, \"log\": false}}"}
{"op_code":5,"worker_id":"d469a73a-aa3a-4eeb-adf6-3df3dd2fbeda-135871939538944","trial_id":95,"param_name":"weight_decay","param_value_internal":0.9491062953864455,"distribution":"{\"name\": \"FloatDistribution\", \"attributes\": {\"step\": null, \"low\": 0.2, \"high\": 4.0, \"log\": true}}"}
{"op_code":5,"worker_id":"d469a73a-aa3a-4eeb-adf6-3df3dd2fbeda-135871939538944","trial_id":95,"param_name":"matmul_precision","param_value_internal":3,"distribution":"{\"name\": \"CategoricalDistribution\", \"attributes\": {\"choices\": [\"bf16\", \"tf32\", \"fp32\", \"fp16amp\"]}}"}
{"op_code":4,"worker_id":"fdd798c0-ae4a-4aff-8f69-29d37be2cfb2-131805238861824","study_id":14,"datetime_start":"2026-06-09T23:28:44.591849"}
{"op_code":0,"worker_id":"3b0809d1-fb2e-4f60-b9e9-5b1631426376-138056793800704","study_name":"supergrok__decoder","directions":[1]}
{"op_code":5,"worker_id":"fdd798c0-ae4a-4aff-8f69-29d37be2cfb2-131805238861824","trial_id":96,"param_name":"lr","param_value_internal":0.001658400392383451,"distribution":"{\"name\": \"FloatDistribution\", \"attributes\": {\"step\": null, \"low\": 0.0002, \"high\": 0.005, \"log\": true}}"}
{"op_code":5,"worker_id":"fdd798c0-ae4a-4aff-8f69-29d37be2cfb2-131805238861824","trial_id":96,"param_name":"neural_alpha","param_value_internal":8.7157115099728,"distribution":"{\"name\": \"FloatDistribution\", \"attributes\": {\"step\": null, \"low\": 2.0, \"high\": 30.0, \"log\": true}}"}
{"op_code":5,"worker_id":"fdd798c0-ae4a-4aff-8f69-29d37be2cfb2-131805238861824","trial_id":96,"param_name":"neural_beta","param_value_internal":4.635634579700211,"distribution":"{\"name\": \"FloatDistribution\", \"attributes\": {\"step\": null, \"low\": 1.0, \"high\": 10.0, \"log\": false}}"}
{"op_code":5,"worker_id":"fdd798c0-ae4a-4aff-8f69-29d37be2cfb2-131805238861824","trial_id":96,"param_name":"neural_grad_clip","param_value_internal":2.6097835815556962,"distribution":"{\"name\": \"FloatDistribution\", \"attributes\": {\"step\": null, \"low\": 0.5, \"high\": 3.0, \"log\": false}}"}
{"op_code":5,"worker_id":"fdd798c0-ae4a-4aff-8f69-29d37be2cfb2-131805238861824","trial_id":96,"param_name":"weight_decay","param_value_internal":0.8251526086850167,"distribution":"{\"name\": \"FloatDistribution\", \"attributes\": {\"step\": null, \"low\": 0.2, \"high\": 4.0, \"log\": true}}"}
{"op_code":5,"worker_id":"fdd798c0-ae4a-4aff-8f69-29d37be2cfb2-131805238861824","trial_id":96,"param_name":"matmul_precision","param_value_internal":3,"distribution":"{\"name\": \"CategoricalDistribution\", \"attributes\": {\"choices\": [\"bf16\", \"tf32\", \"fp32\", \"fp16amp\"]}}"}
{"op_code":7,"worker_id":"5995d022-8a01-488a-8a3b-de18b9874811-138063286341632","trial_id":73,"step":120,"intermediate_value":0.03637624345719814}
{"op_code":7,"worker_id":"5995d022-8a01-488a-8a3b-de18b9874811-138063286341632","trial_id":73,"step":130,"intermediate_value":0.04050744045525789}
{"op_code":8,"worker_id":"fdd798c0-ae4a-4aff-8f69-29d37be2cfb2-131805238861824","trial_id":96,"user_attr":{"crash":"AssertionError('No inf checks were recorded for this optimizer.')"}}
{"op_code":0,"worker_id":"6bd46952-df18-4a5b-8663-f05b0c702563-138056793800704","study_name":"supergrok15__decoder","directions":[1]}
{"op_code":8,"worker_id":"d469a73a-aa3a-4eeb-adf6-3df3dd2fbeda-135871939538944","trial_id":95,"user_attr":{"crash":"TypeError(\"fused_step(): incompatible function arguments. The following argument types are supported:\\n    1. (arg0: str, arg1: str, arg2: torch.Tensor, arg3: torch.Tensor, arg4: torch.Tensor, arg5: torch.Tensor, arg6: float) -> None\\n\\nInvoked with: 'mamba3', 'adamw', tensor([ 0.6477,  1.6707, -0.1"}}
{"op_code":6,"worker_id":"d469a73a-aa3a-4eeb-adf6-3df3dd2fbeda-135871939538944","trial_id":95,"state":1,"values":[24100.0],"datetime_complete":"2026-06-09T23:29:06.266803"}
{"op_code":0,"worker_id":"f9afa570-febe-45e5-abb8-cfc3aeea33d8-138056793800704","study_name":"supergrok2__decoder","directions":[1]}
{"op_code":7,"worker_id":"15059474-2802-491e-b069-2441b973c009-132863787323392","trial_id":76,"step":260,"intermediate_value":0.4361942857503891}
{"op_code":0,"worker_id":"765d2c7e-e306-4b03-957d-9552ca1812a5-138056793800704","study_name":"grokfast__decoder","directions":[1]}
{"op_code":4,"worker_id":"d4c6ce7c-ce66-4e7e-a1e5-d6fb0080cee3-135871939538944","study_id":14,"datetime_start":"2026-06-09T23:29:11.773327"}
{"op_code":6,"worker_id":"fdd798c0-ae4a-4aff-8f69-29d37be2cfb2-131805238861824","trial_id":96,"state":1,"values":[24100.0],"datetime_complete":"2026-06-09T23:29:11.775536"}
{"op_code":0,"worker_id":"5af50ae7-7fb9-45cf-bd76-1ec00db18c94-138056793800704","study_name":"muon__decoder","directions":[1]}
{"op_code":4,"worker_id":"77afc7e0-13e7-44d6-8cda-a7b7cb8d402d-131805238861824","study_id":15,"datetime_start":"2026-06-09T23:29:17.016821"}
{"op_code":0,"worker_id":"680b8f2f-0bcd-4002-86be-4d34e269f62c-138056793800704","study_name":"lion__decoder","directions":[1]}
{"op_code":0,"worker_id":"9487c99a-2a47-443c-b7fc-66a5c3697321-138056793800704","study_name":"looksam__decoder","directions":[1]}
{"op_code":0,"worker_id":"eac0f24e-134d-4eb4-abe3-d55005205ae4-138056793800704","study_name":"prodigy__decoder","directions":[1]}
{"op_code":4,"worker_id":"931e6358-0712-4513-97f4-89e2710a4dcd-138056793800704","study_id":0,"datetime_start":"2026-06-09T23:29:22.681044"}
{"op_code":5,"worker_id":"931e6358-0712-4513-97f4-89e2710a4dcd-138056793800704","trial_id":99,"param_name":"lr","param_value_internal":0.002678393406791258,"distribution":"{\"name\": \"FloatDistribution\", \"attributes\": {\"step\": null, \"low\": 0.0002, \"high\": 0.005, \"log\": true}}"}
{"op_code":7,"worker_id":"5995d022-8a01-488a-8a3b-de18b9874811-138063286341632","trial_id":73,"step":140,"intermediate_value":0.051377903670072556}
{"op_code":5,"worker_id":"931e6358-0712-4513-97f4-89e2710a4dcd-138056793800704","trial_id":99,"param_name":"beta1","param_value_internal":0.9095745758721004,"distribution":"{\"name\": \"FloatDistribution\", \"attributes\": {\"step\": null, \"low\": 0.85, \"high\": 0.95, \"log\": false}}"}
{"op_code":5,"worker_id":"77afc7e0-13e7-44d6-8cda-a7b7cb8d402d-131805238861824","trial_id":98,"param_name":"lr","param_value_internal":0.001658400392383451,"distribution":"{\"name\": \"FloatDistribution\", \"attributes\": {\"step\": null, \"low\": 0.0002, \"high\": 0.005, \"log\": true}}"}
{"op_code":5,"worker_id":"931e6358-0712-4513-97f4-89e2710a4dcd-138056793800704","trial_id":99,"param_name":"beta2","param_value_internal":0.9803865000358998,"distribution":"{\"name\": \"FloatDistribution\", \"attributes\": {\"step\": null, \"low\": 0.95, \"high\": 0.9995, \"log\": false}}"}
{"op_code":5,"worker_id":"77afc7e0-13e7-44d6-8cda-a7b7cb8d402d-131805238861824","trial_id":98,"param_name":"grokadamw_alpha","param_value_internal":0.9538121610562869,"distribution":"{\"name\": \"FloatDistribution\", \"attributes\": {\"step\": null, \"low\": 0.9, \"high\": 0.999, \"log\": false}}"}
{"op_code":5,"worker_id":"931e6358-0712-4513-97f4-89e2710a4dcd-138056793800704","trial_id":99,"param_name":"weight_decay","param_value_internal":0.4775576274141343,"distribution":"{\"name\": \"FloatDistribution\", \"attributes\": {\"step\": null, \"low\": 0.2, \"high\": 4.0, \"log\": true}}"}
{"op_code":5,"worker_id":"77afc7e0-13e7-44d6-8cda-a7b7cb8d402d-131805238861824","trial_id":98,"param_name":"grokadamw_lamb","param_value_internal":1.677000908309595,"distribution":"{\"name\": \"FloatDistribution\", \"attributes\": {\"step\": null, \"low\": 0.5, \"high\": 10.0, \"log\": true}}"}
{"op_code":5,"worker_id":"931e6358-0712-4513-97f4-89e2710a4dcd-138056793800704","trial_id":99,"param_name":"matmul_precision","param_value_internal":3,"distribution":"{\"name\": \"CategoricalDistribution\", \"attributes\": {\"choices\": [\"bf16\", \"tf32\", \"fp32\", \"fp16amp\"]}}"}
{"op_code":5,"worker_id":"77afc7e0-13e7-44d6-8cda-a7b7cb8d402d-131805238861824","trial_id":98,"param_name":"grokadamw_grad_clip","param_value_internal":2.6097835815556962,"distribution":"{\"name\": \"FloatDistribution\", \"attributes\": {\"step\": null, \"low\": 0.5, \"high\": 3.0, \"log\": false}}"}
{"op_code":5,"worker_id":"d4c6ce7c-ce66-4e7e-a1e5-d6fb0080cee3-135871939538944","trial_id":97,"param_name":"lr","param_value_internal":0.001198561859901186,"distribution":"{\"name\": \"FloatDistribution\", \"attributes\": {\"step\": null, \"low\": 0.0002, \"high\": 0.005, \"log\": true}}"}
{"op_code":5,"worker_id":"77afc7e0-13e7-44d6-8cda-a7b7cb8d402d-131805238861824","trial_id":98,"param_name":"weight_decay","param_value_internal":0.8251526086850167,"distribution":"{\"name\": \"FloatDistribution\", \"attributes\": {\"step\": null, \"low\": 0.2, \"high\": 4.0, \"log\": true}}"}
{"op_code":5,"worker_id":"77afc7e0-13e7-44d6-8cda-a7b7cb8d402d-131805238861824","trial_id":98,"param_name":"matmul_precision","param_value_internal":3,"distribution":"{\"name\": \"CategoricalDistribution\", \"attributes\": {\"choices\": [\"bf16\", \"tf32\", \"fp32\", \"fp16amp\"]}}"}
{"op_code":7,"worker_id":"15059474-2802-491e-b069-2441b973c009-132863787323392","trial_id":76,"step":270,"intermediate_value":0.44990799855440855}
{"op_code":5,"worker_id":"d4c6ce7c-ce66-4e7e-a1e5-d6fb0080cee3-135871939538944","trial_id":97,"param_name":"neural_alpha","param_value_internal":5.24107087058928,"distribution":"{\"name\": \"FloatDistribution\", \"attributes\": {\"step\": null, \"low\": 2.0, \"high\": 30.0, \"log\": true}}"}
{"op_code":5,"worker_id":"d4c6ce7c-ce66-4e7e-a1e5-d6fb0080cee3-135871939538944","trial_id":97,"param_name":"neural_beta","param_value_internal":7.308021646560574,"distribution":"{\"name\": \"FloatDistribution\", \"attributes\": {\"step\": null, \"low\": 1.0, \"high\": 10.0, \"log\": false}}"}
{"op_code":5,"worker_id":"d4c6ce7c-ce66-4e7e-a1e5-d6fb0080cee3-135871939538944","trial_id":97,"param_name":"neural_grad_clip","param_value_internal":2.764460626652927,"distribution":"{\"name\": \"FloatDistribution\", \"attributes\": {\"step\": null, \"low\": 0.5, \"high\": 3.0, \"log\": false}}"}
{"op_code":5,"worker_id":"d4c6ce7c-ce66-4e7e-a1e5-d6fb0080cee3-135871939538944","trial_id":97,"param_name":"weight_decay","param_value_internal":0.20134926822800103,"distribution":"{\"name\": \"FloatDistribution\", \"attributes\": {\"step\": null, \"low\": 0.2, \"high\": 4.0, \"log\": true}}"}
{"op_code":7,"worker_id":"15059474-2802-491e-b069-2441b973c009-132863787323392","trial_id":76,"step":280,"intermediate_value":0.45074311923235655}
{"op_code":5,"worker_id":"d4c6ce7c-ce66-4e7e-a1e5-d6fb0080cee3-135871939538944","trial_id":97,"param_name":"matmul_precision","param_value_internal":0,"distribution":"{\"name\": \"CategoricalDistribution\", \"attributes\": {\"choices\": [\"bf16\", \"tf32\", \"fp32\", \"fp16amp\"]}}"}
{"op_code":7,"worker_id":"5995d022-8a01-488a-8a3b-de18b9874811-138063286341632","trial_id":73,"step":150,"intermediate_value":0.05621563829481602}
{"op_code":7,"worker_id":"15059474-2802-491e-b069-2441b973c009-132863787323392","trial_id":76,"step":290,"intermediate_value":0.4590943558141589}
{"op_code":7,"worker_id":"15059474-2802-491e-b069-2441b973c009-132863787323392","trial_id":76,"step":300,"intermediate_value":0.48152644746005535}
{"op_code":7,"worker_id":"77afc7e0-13e7-44d6-8cda-a7b7cb8d402d-131805238861824","trial_id":98,"step":10,"intermediate_value":0.011939563322812319}
{"op_code":7,"worker_id":"5995d022-8a01-488a-8a3b-de18b9874811-138063286341632","trial_id":73,"step":160,"intermediate_value":0.06507854256778955}
{"op_code":8,"worker_id":"931e6358-0712-4513-97f4-89e2710a4dcd-138056793800704","trial_id":99,"user_attr":{"crash":"TypeError(\"fused_step(): incompatible function arguments. The following argument types are supported:\\n    1. (arg0: str, arg1: str, arg2: torch.Tensor, arg3: torch.Tensor, arg4: torch.Tensor, arg5: torch.Tensor, arg6: float) -> None\\n\\nInvoked with: 'transformer_decoder', 'adamw', tensor([-0.3607, "}}
{"op_code":6,"worker_id":"931e6358-0712-4513-97f4-89e2710a4dcd-138056793800704","trial_id":99,"state":1,"values":[10100.0],"datetime_complete":"2026-06-09T23:29:45.409402"}
{"op_code":7,"worker_id":"b8380e44-f689-4dbb-a278-72dbe159926f-130931437379584","trial_id":81,"step":60,"intermediate_value":0.03758976515382528}
{"op_code":7,"worker_id":"5e0e8973-4b44-4525-a1fb-e267dde658cb-126908061577216","trial_id":78,"step":70,"intermediate_value":0.23504590801894665}
{"op_code":0,"worker_id":"c4618e49-df09-4827-bc58-8f2a46447716-134999634104320","study_name":"adamw__vit","directions":[1]}
{"op_code":0,"worker_id":"e812555d-0d59-461e-a215-25bc34aa0183-137374652923904","study_name":"adamw__decoder","directions":[1]}
{"op_code":0,"worker_id":"3addb558-d8be-4ebb-a32e-2b73552b2ab1-130602565894144","study_name":"lion__vit","directions":[1]}
{"op_code":0,"worker_id":"b5d03941-07c8-4912-98ef-de0643a461d4-128196031852544","study_name":"adamw__decoder","directions":[1]}
{"op_code":7,"worker_id":"0dc1d806-3474-4639-b889-f5ed08a8dd79-133189199245312","trial_id":88,"step":180,"intermediate_value":0.04833321552723646}
{"op_code":8,"worker_id":"d18ddddf-19e7-4808-ad45-4f541c30503e-136787336318976","trial_id":92,"user_attr":{"crash":"TypeError(\"fused_step(): incompatible function arguments. The following argument types are supported:\\n    1. (arg0: str, arg1: str, arg2: torch.Tensor, arg3: torch.Tensor, arg4: torch.Tensor, arg5: torch.Tensor, arg6: float) -> None\\n\\nInvoked with: 'transformer_decoder', 'adamw', tensor([ 0.1095, "}}
{"op_code":7,"worker_id":"66e69664-d16b-49f3-aa41-bf417fc9117f-132066782720000","trial_id":91,"step":100,"intermediate_value":0.017133337445557117}
{"op_code":4,"worker_id":"462137a9-26d6-4c6e-9d2a-e003aaa38bd2-138056793800704","study_id":1,"datetime_start":"2026-06-09T23:29:45.554527"}
{"op_code":5,"worker_id":"462137a9-26d6-4c6e-9d2a-e003aaa38bd2-138056793800704","trial_id":100,"param_name":"lr","param_value_internal":0.0015391657080250684,"distribution":"{\"name\": \"FloatDistribution\", \"attributes\": {\"step\": null, \"low\": 0.0002, \"high\": 0.005, \"log\": true}}"}
{"op_code":5,"worker_id":"462137a9-26d6-4c6e-9d2a-e003aaa38bd2-138056793800704","trial_id":100,"param_name":"neural_alpha","param_value_internal":2.3608671634134324,"distribution":"{\"name\": \"FloatDistribution\", \"attributes\": {\"step\": null, \"low\": 2.0, \"high\": 30.0, \"log\": true}}"}
{"op_code":5,"worker_id":"462137a9-26d6-4c6e-9d2a-e003aaa38bd2-138056793800704","trial_id":100,"param_name":"neural_beta","param_value_internal":3.916841037283204,"distribution":"{\"name\": \"FloatDistribution\", \"attributes\": {\"step\": null, \"low\": 1.0, \"high\": 10.0, \"log\": false}}"}
{"op_code":5,"worker_id":"462137a9-26d6-4c6e-9d2a-e003aaa38bd2-138056793800704","trial_id":100,"param_name":"neural_grad_clip","param_value_internal":1.8119394451242137,"distribution":"{\"name\": \"FloatDistribution\", \"attributes\": {\"step\": null, \"low\": 0.5, \"high\": 3.0, \"log\": false}}"}
{"op_code":5,"worker_id":"462137a9-26d6-4c6e-9d2a-e003aaa38bd2-138056793800704","trial_id":100,"param_name":"weight_decay","param_value_internal":0.5970937064653867,"distribution":"{\"name\": \"FloatDistribution\", \"attributes\": {\"step\": null, \"low\": 0.2, \"high\": 4.0, \"log\": true}}"}
{"op_code":5,"worker_id":"462137a9-26d6-4c6e-9d2a-e003aaa38bd2-138056793800704","trial_id":100,"param_name":"matmul_precision","param_value_internal":3,"distribution":"{\"name\": \"CategoricalDistribution\", \"attributes\": {\"choices\": [\"bf16\", \"tf32\", \"fp32\", \"fp16amp\"]}}"}
{"op_code":8,"worker_id":"462137a9-26d6-4c6e-9d2a-e003aaa38bd2-138056793800704","trial_id":100,"user_attr":{"crash":"AssertionError('No inf checks were recorded for this optimizer.')"}}
{"op_code":6,"worker_id":"462137a9-26d6-4c6e-9d2a-e003aaa38bd2-138056793800704","trial_id":100,"state":1,"values":[10100.0],"datetime_complete":"2026-06-09T23:29:51.429639"}
{"op_code":7,"worker_id":"855aa31e-eefd-40ff-b92f-4ebe88b9296a-135118154514432","trial_id":68,"step":170,"intermediate_value":0.04606953449547291}
{"op_code":7,"worker_id":"0dc1d806-3474-4639-b889-f5ed08a8dd79-133189199245312","trial_id":88,"step":190,"intermediate_value":0.05895120929926634}
{"op_code":7,"worker_id":"5995d022-8a01-488a-8a3b-de18b9874811-138063286341632","trial_id":73,"step":170,"intermediate_value":0.08432949148118496}
{"op_code":7,"worker_id":"4ebb2a3b-77de-4b49-be2d-4a446ab21ba8-129478800961536","trial_id":61,"step":200,"intermediate_value":0.5129032265394926}
{"op_code":4,"worker_id":"669e062c-5c64-4704-a838-93a20247d039-138056793800704","study_id":2,"datetime_start":"2026-06-09T23:29:56.827943"}
{"op_code":5,"worker_id":"669e062c-5c64-4704-a838-93a20247d039-138056793800704","trial_id":101,"param_name":"lr","param_value_internal":0.001198561859901186,"distribution":"{\"name\": \"FloatDistribution\", \"attributes\": {\"step\": null, \"low\": 0.0002, \"high\": 0.005, \"log\": true}}"}
{"op_code":7,"worker_id":"77afc7e0-13e7-44d6-8cda-a7b7cb8d402d-131805238861824","trial_id":98,"step":20,"intermediate_value":0.027467461302876472}
{"op_code":5,"worker_id":"669e062c-5c64-4704-a838-93a20247d039-138056793800704","trial_id":101,"param_name":"grokadamw_alpha","param_value_internal":0.9352188772019956,"distribution":"{\"name\": \"FloatDistribution\", \"attributes\": {\"step\": null, \"low\": 0.9, \"high\": 0.999, \"log\": false}}"}
{"op_code":7,"worker_id":"d4c6ce7c-ce66-4e7e-a1e5-d6fb0080cee3-135871939538944","trial_id":97,"step":10,"intermediate_value":0.020896545611321926}
{"op_code":5,"worker_id":"669e062c-5c64-4704-a838-93a20247d039-138056793800704","trial_id":101,"param_name":"grokadamw_lamb","param_value_internal":4.081789475984274,"distribution":"{\"name\": \"FloatDistribution\", \"attributes\": {\"step\": null, \"low\": 0.5, \"high\": 10.0, \"log\": true}}"}
{"op_code":0,"worker_id":"ac2d6b07-6d11-4003-8d42-565c906b0c90-135653107617792","study_name":"adamw__decoder","directions":[1]}
{"op_code":5,"worker_id":"669e062c-5c64-4704-a838-93a20247d039-138056793800704","trial_id":101,"param_name":"grokadamw_grad_clip","param_value_internal":2.764460626652927,"distribution":"{\"name\": \"FloatDistribution\", \"attributes\": {\"step\": null, \"low\": 0.5, \"high\": 3.0, \"log\": false}}"}
{"op_code":5,"worker_id":"669e062c-5c64-4704-a838-93a20247d039-138056793800704","trial_id":101,"param_name":"weight_decay","param_value_internal":0.20134926822800103,"distribution":"{\"name\": \"FloatDistribution\", \"attributes\": {\"step\": null, \"low\": 0.2, \"high\": 4.0, \"log\": true}}"}
{"op_code":5,"worker_id":"669e062c-5c64-4704-a838-93a20247d039-138056793800704","trial_id":101,"param_name":"matmul_precision","param_value_internal":0,"distribution":"{\"name\": \"CategoricalDistribution\", \"attributes\": {\"choices\": [\"bf16\", \"tf32\", \"fp32\", \"fp16amp\"]}}"}
{"op_code":7,"worker_id":"15059474-2802-491e-b069-2441b973c009-132863787323392","trial_id":76,"step":310,"intermediate_value":0.49500463437289}
{"op_code":0,"worker_id":"f3f6a872-1928-4159-adf6-b91336d7e1cb-134999634104320","study_name":"neuralgrok__vit","directions":[1]}
{"op_code":0,"worker_id":"957c174d-4506-4c9c-85b7-0d685a6227e0-128196031852544","study_name":"neuralgrok__decoder","directions":[1]}
{"op_code":0,"worker_id":"b4432204-9727-4637-b19f-42635a2d84d6-134999634104320","study_name":"grokadamw__vit","directions":[1]}
{"op_code":0,"worker_id":"9f66ccd5-9467-480d-9ac7-7017afa895de-128196031852544","study_name":"grokadamw__decoder","directions":[1]}
{"op_code":0,"worker_id":"397eaa04-f365-406b-82e1-7228bc7d24cf-134999634104320","study_name":"supergrok__vit","directions":[1]}
{"op_code":0,"worker_id":"8047c30f-770e-468f-b005-05c6e96daf97-128196031852544","study_name":"supergrok__decoder","directions":[1]}
{"op_code":7,"worker_id":"b8380e44-f689-4dbb-a278-72dbe159926f-130931437379584","trial_id":81,"step":70,"intermediate_value":0.03830558340996504}
{"op_code":0,"worker_id":"7b95bf4b-edbf-4aa4-9742-eeff2a8dc29f-134999634104320","study_name":"supergrok15__vit","directions":[1]}
{"op_code":0,"worker_id":"3c7e5ef4-8d7c-4b8c-bd61-874f7bdd57fe-128196031852544","study_name":"supergrok15__decoder","directions":[1]}
{"op_code":0,"worker_id":"72baf12b-a659-4aa7-b8ea-90430ef02cbc-134999634104320","study_name":"supergrok2__vit","directions":[1]}
{"op_code":7,"worker_id":"0dc1d806-3474-4639-b889-f5ed08a8dd79-133189199245312","trial_id":88,"step":200,"intermediate_value":0.06873407494276762}
{"op_code":0,"worker_id":"028edcaa-5304-42d7-ba03-08aff36efb73-128196031852544","study_name":"supergrok2__decoder","directions":[1]}
{"op_code":7,"worker_id":"5e0e8973-4b44-4525-a1fb-e267dde658cb-126908061577216","trial_id":78,"step":80,"intermediate_value":0.34694314654916525}
{"op_code":7,"worker_id":"4ebb2a3b-77de-4b49-be2d-4a446ab21ba8-129478800961536","trial_id":61,"step":210,"intermediate_value":0.5150537639856339}
{"op_code":0,"worker_id":"6da345f2-43a3-456a-a41e-d2c6e1d67905-128196031852544","study_name":"grokfast__decoder","directions":[1]}
{"op_code":7,"worker_id":"5995d022-8a01-488a-8a3b-de18b9874811-138063286341632","trial_id":73,"step":180,"intermediate_value":0.08042643126100302}
{"op_code":7,"worker_id":"669e062c-5c64-4704-a838-93a20247d039-138056793800704","trial_id":101,"step":10,"intermediate_value":0.02758676465600729}
{"op_code":7,"worker_id":"0dc1d806-3474-4639-b889-f5ed08a8dd79-133189199245312","trial_id":88,"step":210,"intermediate_value":0.07171973772346973}
{"op_code":0,"worker_id":"423acfc6-8a55-4389-b353-168578a510c0-128196031852544","study_name":"muon__decoder","directions":[1]}
{"op_code":0,"worker_id":"0613247f-d331-4ea7-afae-abf268742448-135653107617792","study_name":"neuralgrok__decoder","directions":[1]}
{"op_code":8,"worker_id":"2275c5e5-67b0-4edb-95cb-3e2947e3780c-139513405390848","trial_id":94,"user_attr":{"crash":"TypeError(\"fused_step(): incompatible function arguments. The following argument types are supported:\\n    1. (arg0: str, arg1: str, arg2: torch.Tensor, arg3: torch.Tensor, arg4: torch.Tensor, arg5: torch.Tensor, arg6: float) -> None\\n\\nInvoked with: 'mamba3', 'adamw', tensor([ 0.6608,  0.7836, -0.3"}}
{"op_code":0,"worker_id":"e68aeb20-9b2d-4092-aaf9-0decf40c6fc4-139157601017856","study_name":"neuralgrok__decoder","directions":[1]}
{"op_code":6,"worker_id":"2275c5e5-67b0-4edb-95cb-3e2947e3780c-139513405390848","trial_id":94,"state":1,"values":[24100.0],"datetime_complete":"2026-06-09T23:30:19.533253"}
{"op_code":7,"worker_id":"0d363365-fb60-44b7-b09f-d3edac0628c8-134803987668992","trial_id":72,"step":80,"intermediate_value":0.04057850409299135}
{"op_code":7,"worker_id":"b62956c9-daec-4291-a509-9732b9b6d316-134317690548224","trial_id":63,"step":290,"intermediate_value":0.2008497416973114}
{"op_code":0,"worker_id":"f0ca87e0-c85f-43cc-b390-a922c969f5ed-137831837204480","study_name":"adamw__vit","directions":[1]}
{"op_code":7,"worker_id":"1cd046f5-1686-4abf-94e8-e4fa59a08500-131165583757312","trial_id":77,"step":140,"intermediate_value":0.11228592693805695}
{"op_code":7,"worker_id":"1a3df289-b80e-4831-bf17-868dbc7ef066-126353676697600","trial_id":84,"step":60,"intermediate_value":0.009687534533441067}
{"op_code":0,"worker_id":"f6fd86d3-3343-4798-9777-bfe2bde75fb7-137831837204480","study_name":"neuralgrok__vit","directions":[1]}
{"op_code":0,"worker_id":"d20ba328-ad18-4b75-8585-eb2723ccf1fb-137831837204480","study_name":"grokadamw__vit","directions":[1]}
{"op_code":0,"worker_id":"24f9a058-86d4-4422-975a-d655262c0b4f-137831837204480","study_name":"supergrok__vit","directions":[1]}
{"op_code":7,"worker_id":"1cd046f5-1686-4abf-94e8-e4fa59a08500-131165583757312","trial_id":77,"step":150,"intermediate_value":0.12111744470894337}
{"op_code":0,"worker_id":"ffd093b1-a34a-4dd4-bb7b-699d08d7842f-137831837204480","study_name":"supergrok15__vit","directions":[1]}
{"op_code":0,"worker_id":"9ce00d88-700a-4728-8942-20e2dfca2f24-137831837204480","study_name":"supergrok2__vit","directions":[1]}
{"op_code":7,"worker_id":"1cd046f5-1686-4abf-94e8-e4fa59a08500-131165583757312","trial_id":77,"step":160,"intermediate_value":0.13280608505010605}
{"op_code":0,"worker_id":"af7339b1-b877-417e-a85b-591967ec6514-137831837204480","study_name":"grokfast__vit","directions":[1]}
{"op_code":0,"worker_id":"396d0ac9-e476-4fc3-a5b1-2d9714f5417e-137831837204480","study_name":"muon__vit","directions":[1]}
{"op_code":0,"worker_id":"b5022fac-c822-47fe-9306-cd51f8460e60-137831837204480","study_name":"lion__vit","directions":[1]}
{"op_code":7,"worker_id":"1cd046f5-1686-4abf-94e8-e4fa59a08500-131165583757312","trial_id":77,"step":170,"intermediate_value":0.12731197755783796}
{"op_code":0,"worker_id":"5e7c6ec4-4788-45f9-988c-ef3e12946e33-137831837204480","study_name":"looksam__vit","directions":[1]}
{"op_code":7,"worker_id":"1a3df289-b80e-4831-bf17-868dbc7ef066-126353676697600","trial_id":84,"step":70,"intermediate_value":0.022571582812815905}
{"op_code":7,"worker_id":"5995d022-8a01-488a-8a3b-de18b9874811-138063286341632","trial_id":73,"step":190,"intermediate_value":0.0956682963296771}
{"op_code":7,"worker_id":"77afc7e0-13e7-44d6-8cda-a7b7cb8d402d-131805238861824","trial_id":98,"step":30,"intermediate_value":0.025433148257434368}
{"op_code":7,"worker_id":"5995d022-8a01-488a-8a3b-de18b9874811-138063286341632","trial_id":73,"step":200,"intermediate_value":0.0902340691536665}
{"op_code":7,"worker_id":"23286507-3c35-40b6-ba97-116cfd27a518-129889096323072","trial_id":67,"step":160,"intermediate_value":0.4950401484966278}
{"op_code":7,"worker_id":"1a3df289-b80e-4831-bf17-868dbc7ef066-126353676697600","trial_id":84,"step":80,"intermediate_value":0.014769494999200106}
{"op_code":7,"worker_id":"5e0e8973-4b44-4525-a1fb-e267dde658cb-126908061577216","trial_id":78,"step":90,"intermediate_value":0.42795313242822886}
{"op_code":7,"worker_id":"5995d022-8a01-488a-8a3b-de18b9874811-138063286341632","trial_id":73,"step":210,"intermediate_value":0.08291640877723694}
{"op_code":7,"worker_id":"1a3df289-b80e-4831-bf17-868dbc7ef066-126353676697600","trial_id":84,"step":90,"intermediate_value":0.01843435550108552}
{"op_code":7,"worker_id":"23286507-3c35-40b6-ba97-116cfd27a518-129889096323072","trial_id":67,"step":170,"intermediate_value":0.4997638165950775}
{"op_code":7,"worker_id":"15059474-2802-491e-b069-2441b973c009-132863787323392","trial_id":76,"step":320,"intermediate_value":0.5002539856359363}
{"op_code":7,"worker_id":"b62956c9-daec-4291-a509-9732b9b6d316-134317690548224","trial_id":63,"step":300,"intermediate_value":0.1900939792394638}
{"op_code":7,"worker_id":"0dc1d806-3474-4639-b889-f5ed08a8dd79-133189199245312","trial_id":88,"step":220,"intermediate_value":0.09175960253924131}
{"op_code":7,"worker_id":"e0465576-a5f3-4860-8c67-8c71fbbe2e2d-129090716581888","trial_id":89,"step":50,"intermediate_value":0.027941595762968063}
{"op_code":7,"worker_id":"b8380e44-f689-4dbb-a278-72dbe159926f-130931437379584","trial_id":81,"step":80,"intermediate_value":0.042248751036822796}
{"op_code":0,"worker_id":"e4670523-3b06-401f-ac39-1310dd68f341-137831837204480","study_name":"prodigy__vit","directions":[1]}
{"op_code":4,"worker_id":"f0ca87e0-c85f-43cc-b390-a922c969f5ed-137831837204480","study_id":11,"datetime_start":"2026-06-09T23:30:51.691443"}
{"op_code":7,"worker_id":"5e0e8973-4b44-4525-a1fb-e267dde658cb-126908061577216","trial_id":78,"step":100,"intermediate_value":0.467678046785295}
{"op_code":5,"worker_id":"f0ca87e0-c85f-43cc-b390-a922c969f5ed-137831837204480","trial_id":102,"param_name":"lr","param_value_internal":0.0022797310322589933,"distribution":"{\"name\": \"FloatDistribution\", \"attributes\": {\"step\": null, \"low\": 0.0002, \"high\": 0.005, \"log\": true}}"}
{"op_code":5,"worker_id":"f0ca87e0-c85f-43cc-b390-a922c969f5ed-137831837204480","trial_id":102,"param_name":"beta1","param_value_internal":0.8763772811731003,"distribution":"{\"name\": \"FloatDistribution\", \"attributes\": {\"step\": null, \"low\": 0.85, \"high\": 0.95, \"log\": false}}"}
{"op_code":5,"worker_id":"f0ca87e0-c85f-43cc-b390-a922c969f5ed-137831837204480","trial_id":102,"param_name":"beta2","param_value_internal":0.9700500214754649,"distribution":"{\"name\": \"FloatDistribution\", \"attributes\": {\"step\": null, \"low\": 0.95, \"high\": 0.9995, \"log\": false}}"}
{"op_code":5,"worker_id":"f0ca87e0-c85f-43cc-b390-a922c969f5ed-137831837204480","trial_id":102,"param_name":"weight_decay","param_value_internal":0.2013250979632665,"distribution":"{\"name\": \"FloatDistribution\", \"attributes\": {\"step\": null, \"low\": 0.2, \"high\": 4.0, \"log\": true}}"}
{"op_code":5,"worker_id":"f0ca87e0-c85f-43cc-b390-a922c969f5ed-137831837204480","trial_id":102,"param_name":"matmul_precision","param_value_internal":3,"distribution":"{\"name\": \"CategoricalDistribution\", \"attributes\": {\"choices\": [\"bf16\", \"tf32\", \"fp32\", \"fp16amp\"]}}"}
{"op_code":7,"worker_id":"b8380e44-f689-4dbb-a278-72dbe159926f-130931437379584","trial_id":81,"step":90,"intermediate_value":0.042248751036822796}
{"op_code":7,"worker_id":"23286507-3c35-40b6-ba97-116cfd27a518-129889096323072","trial_id":67,"step":180,"intermediate_value":0.5021276595070958}
{"op_code":7,"worker_id":"b62956c9-daec-4291-a509-9732b9b6d316-134317690548224","trial_id":63,"step":310,"intermediate_value":0.2314160093665123}
{"op_code":7,"worker_id":"669e062c-5c64-4704-a838-93a20247d039-138056793800704","trial_id":101,"step":20,"intermediate_value":0.02220580168068409}
{"op_code":7,"worker_id":"66e69664-d16b-49f3-aa41-bf417fc9117f-132066782720000","trial_id":91,"step":110,"intermediate_value":0.017133337445557117}
{"op_code":7,"worker_id":"4ebb2a3b-77de-4b49-be2d-4a446ab21ba8-129478800961536","trial_id":61,"step":220,"intermediate_value":0.5172043014317751}
{"op_code":7,"worker_id":"669e062c-5c64-4704-a838-93a20247d039-138056793800704","trial_id":101,"step":30,"intermediate_value":0.023279530927538872}
{"op_code":7,"worker_id":"5995d022-8a01-488a-8a3b-de18b9874811-138063286341632","trial_id":73,"step":220,"intermediate_value":0.0724042421206832}
{"op_code":7,"worker_id":"77afc7e0-13e7-44d6-8cda-a7b7cb8d402d-131805238861824","trial_id":98,"step":40,"intermediate_value":0.031511456705629826}
{"op_code":7,"worker_id":"66e69664-d16b-49f3-aa41-bf417fc9117f-132066782720000","trial_id":91,"step":120,"intermediate_value":0.015596136450767517}
{"op_code":7,"worker_id":"5995d022-8a01-488a-8a3b-de18b9874811-138063286341632","trial_id":73,"step":230,"intermediate_value":0.0773781631141901}
{"op_code":0,"worker_id":"bc643f84-361d-498b-b610-4b87d6f2cfae-134999634104320","study_name":"grokfast__vit","directions":[1]}
{"op_code":0,"worker_id":"24af5f99-4396-41a6-afb5-1ca2f077bea6-134999634104320","study_name":"muon__vit","directions":[1]}
{"op_code":0,"worker_id":"e97f053e-474c-43df-9b44-08ebaec32e02-134999634104320","study_name":"lion__vit","directions":[1]}
{"op_code":7,"worker_id":"4ebb2a3b-77de-4b49-be2d-4a446ab21ba8-129478800961536","trial_id":61,"step":230,"intermediate_value":0.5172043014317751}
{"op_code":0,"worker_id":"d580328f-0790-409e-a50f-561c89307390-134999634104320","study_name":"looksam__vit","directions":[1]}
{"op_code":7,"worker_id":"b8380e44-f689-4dbb-a278-72dbe159926f-130931437379584","trial_id":81,"step":100,"intermediate_value":0.03854419197887182}
{"op_code":0,"worker_id":"ef6cd060-2eff-44bc-b372-258e4c7e9a5a-131557541150720","study_name":"adamw__mamba","directions":[1]}
{"op_code":7,"worker_id":"b62956c9-daec-4291-a509-9732b9b6d316-134317690548224","trial_id":63,"step":320,"intermediate_value":0.23881898075342178}
{"op_code":7,"worker_id":"15059474-2802-491e-b069-2441b973c009-132863787323392","trial_id":76,"step":330,"intermediate_value":0.5050261123105884}
{"op_code":0,"worker_id":"360020e1-ef3a-454a-95be-d979306d7117-134999634104320","study_name":"prodigy__vit","directions":[1]}
{"op_code":7,"worker_id":"5e0e8973-4b44-4525-a1fb-e267dde658cb-126908061577216","trial_id":78,"step":110,"intermediate_value":0.5058643352240324}
{"op_code":4,"worker_id":"c4618e49-df09-4827-bc58-8f2a46447716-134999634104320","study_id":11,"datetime_start":"2026-06-09T23:31:12.530519"}
{"op_code":5,"worker_id":"c4618e49-df09-4827-bc58-8f2a46447716-134999634104320","trial_id":103,"param_name":"lr","param_value_internal":0.000980707428924621,"distribution":"{\"name\": \"FloatDistribution\", \"attributes\": {\"step\": null, \"low\": 0.0002, \"high\": 0.005, \"log\": true}}"}
{"op_code":5,"worker_id":"c4618e49-df09-4827-bc58-8f2a46447716-134999634104320","trial_id":103,"param_name":"beta1","param_value_internal":0.8889410406139808,"distribution":"{\"name\": \"FloatDistribution\", \"attributes\": {\"step\": null, \"low\": 0.85, \"high\": 0.95, \"log\": false}}"}
{"op_code":5,"worker_id":"c4618e49-df09-4827-bc58-8f2a46447716-134999634104320","trial_id":103,"param_name":"beta2","param_value_internal":0.9800348910721196,"distribution":"{\"name\": \"FloatDistribution\", \"attributes\": {\"step\": null, \"low\": 0.95, \"high\": 0.9995, \"log\": false}}"}
{"op_code":5,"worker_id":"c4618e49-df09-4827-bc58-8f2a46447716-134999634104320","trial_id":103,"param_name":"weight_decay","param_value_internal":2.460721213123814,"distribution":"{\"name\": \"FloatDistribution\", \"attributes\": {\"step\": null, \"low\": 0.2, \"high\": 4.0, \"log\": true}}"}
{"op_code":5,"worker_id":"c4618e49-df09-4827-bc58-8f2a46447716-134999634104320","trial_id":103,"param_name":"matmul_precision","param_value_internal":1,"distribution":"{\"name\": \"CategoricalDistribution\", \"attributes\": {\"choices\": [\"bf16\", \"tf32\", \"fp32\", \"fp16amp\"]}}"}
{"op_code":7,"worker_id":"1a3df289-b80e-4831-bf17-868dbc7ef066-126353676697600","trial_id":84,"step":100,"intermediate_value":0.014179036486893892}
{"op_code":7,"worker_id":"0dc1d806-3474-4639-b889-f5ed08a8dd79-133189199245312","trial_id":88,"step":230,"intermediate_value":0.1021389914676547}
{"op_code":7,"worker_id":"e0465576-a5f3-4860-8c67-8c71fbbe2e2d-129090716581888","trial_id":89,"step":60,"intermediate_value":0.03331639990210533}
{"op_code":7,"worker_id":"23286507-3c35-40b6-ba97-116cfd27a518-129889096323072","trial_id":67,"step":190,"intermediate_value":0.5021276595070958}
{"op_code":0,"worker_id":"ab19063c-7aa8-4b5f-a5f6-9c8ba12bc130-131557541150720","study_name":"neuralgrok__mamba","directions":[1]}
{"op_code":7,"worker_id":"1a3df289-b80e-4831-bf17-868dbc7ef066-126353676697600","trial_id":84,"step":110,"intermediate_value":0.010277992580085993}
{"op_code":0,"worker_id":"34b4b4c7-7eda-4fbf-8a08-2fd824d2ef65-131557541150720","study_name":"grokadamw__mamba","directions":[1]}
{"op_code":0,"worker_id":"1c61dad4-1c9e-4e06-b0de-f180b89603a9-131557541150720","study_name":"supergrok__mamba","directions":[1]}
{"op_code":8,"worker_id":"c4618e49-df09-4827-bc58-8f2a46447716-134999634104320","trial_id":103,"user_attr":{"crash":"TypeError(\"fused_step(): incompatible function arguments. The following argument types are supported:\\n    1. (arg0: str, arg1: str, arg2: torch.Tensor, arg3: torch.Tensor, arg4: torch.Tensor, arg5: torch.Tensor, arg6: float) -> None\\n\\nInvoked with: 'vit', 'adamw', tensor([ 1.8676e-02, -4.5727e-04,"}}
{"op_code":6,"worker_id":"c4618e49-df09-4827-bc58-8f2a46447716-134999634104320","trial_id":103,"state":1,"values":[12100.0],"datetime_complete":"2026-06-09T23:31:24.075177"}
{"op_code":0,"worker_id":"8f1c3aa4-0c49-4723-a51b-e0b26d80b258-131557541150720","study_name":"supergrok15__mamba","directions":[1]}
{"op_code":0,"worker_id":"5231d879-6911-4755-9dee-bae784e02f4c-131557541150720","study_name":"supergrok2__mamba","directions":[1]}
{"op_code":7,"worker_id":"5e0e8973-4b44-4525-a1fb-e267dde658cb-126908061577216","trial_id":78,"step":120,"intermediate_value":0.5096789402887225}
{"op_code":7,"worker_id":"1a3df289-b80e-4831-bf17-868dbc7ef066-126353676697600","trial_id":84,"step":120,"intermediate_value":0.014769494999200106}
{"op_code":0,"worker_id":"c193be23-22eb-47c5-b4a2-5c03f0a56023-131557541150720","study_name":"grokfast__mamba","directions":[1]}
{"op_code":0,"worker_id":"3bf5e6e7-bdd8-4ea1-ace9-f71f5e601d70-131557541150720","study_name":"muon__mamba","directions":[1]}
{"op_code":4,"worker_id":"f3f6a872-1928-4159-adf6-b91336d7e1cb-134999634104320","study_id":13,"datetime_start":"2026-06-09T23:31:24.279783"}
{"op_code":5,"worker_id":"f3f6a872-1928-4159-adf6-b91336d7e1cb-134999634104320","trial_id":104,"param_name":"lr","param_value_internal":0.001658400392383451,"distribution":"{\"name\": \"FloatDistribution\", \"attributes\": {\"step\": null, \"low\": 0.0002, \"high\": 0.005, \"log\": true}}"}
{"op_code":7,"worker_id":"1a3df289-b80e-4831-bf17-868dbc7ef066-126353676697600","trial_id":84,"step":130,"intermediate_value":0.018788630608469248}
{"op_code":5,"worker_id":"f3f6a872-1928-4159-adf6-b91336d7e1cb-134999634104320","trial_id":104,"param_name":"neural_alpha","param_value_internal":8.7157115099728,"distribution":"{\"name\": \"FloatDistribution\", \"attributes\": {\"step\": null, \"low\": 2.0, \"high\": 30.0, \"log\": true}}"}
{"op_code":5,"worker_id":"f3f6a872-1928-4159-adf6-b91336d7e1cb-134999634104320","trial_id":104,"param_name":"neural_beta","param_value_internal":4.635634579700211,"distribution":"{\"name\": \"FloatDistribution\", \"attributes\": {\"step\": null, \"low\": 1.0, \"high\": 10.0, \"log\": false}}"}
{"op_code":5,"worker_id":"f3f6a872-1928-4159-adf6-b91336d7e1cb-134999634104320","trial_id":104,"param_name":"neural_grad_clip","param_value_internal":2.6097835815556962,"distribution":"{\"name\": \"FloatDistribution\", \"attributes\": {\"step\": null, \"low\": 0.5, \"high\": 3.0, \"log\": false}}"}
{"op_code":5,"worker_id":"f3f6a872-1928-4159-adf6-b91336d7e1cb-134999634104320","trial_id":104,"param_name":"weight_decay","param_value_internal":0.8251526086850167,"distribution":"{\"name\": \"FloatDistribution\", \"attributes\": {\"step\": null, \"low\": 0.2, \"high\": 4.0, \"log\": true}}"}
{"op_code":5,"worker_id":"f3f6a872-1928-4159-adf6-b91336d7e1cb-134999634104320","trial_id":104,"param_name":"matmul_precision","param_value_internal":3,"distribution":"{\"name\": \"CategoricalDistribution\", \"attributes\": {\"choices\": [\"bf16\", \"tf32\", \"fp32\", \"fp16amp\"]}}"}
{"op_code":7,"worker_id":"23286507-3c35-40b6-ba97-116cfd27a518-129889096323072","trial_id":67,"step":200,"intermediate_value":0.5021276595070958}
{"op_code":8,"worker_id":"f0ca87e0-c85f-43cc-b390-a922c969f5ed-137831837204480","trial_id":102,"user_attr":{"crash":"TypeError(\"fused_step(): incompatible function arguments. The following argument types are supported:\\n    1. (arg0: str, arg1: str, arg2: torch.Tensor, arg3: torch.Tensor, arg4: torch.Tensor, arg5: torch.Tensor, arg6: float) -> None\\n\\nInvoked with: 'vit', 'adamw', tensor([-0.0114, -0.0105,  0.0074"}}
{"op_code":7,"worker_id":"5e0e8973-4b44-4525-a1fb-e267dde658cb-126908061577216","trial_id":78,"step":130,"intermediate_value":0.5100368661805987}
{"op_code":6,"worker_id":"f0ca87e0-c85f-43cc-b390-a922c969f5ed-137831837204480","trial_id":102,"state":1,"values":[12100.0],"datetime_complete":"2026-06-09T23:31:25.801693"}
{"op_code":7,"worker_id":"1a3df289-b80e-4831-bf17-868dbc7ef066-126353676697600","trial_id":84,"step":140,"intermediate_value":0.010514175985008478}
{"op_code":7,"worker_id":"1a3df289-b80e-4831-bf17-868dbc7ef066-126353676697600","trial_id":84,"step":150,"intermediate_value":0.016188604291528463}
{"op_code":7,"worker_id":"77afc7e0-13e7-44d6-8cda-a7b7cb8d402d-131805238861824","trial_id":98,"step":50,"intermediate_value":0.0418969988822937}
{"op_code":7,"worker_id":"855aa31e-eefd-40ff-b92f-4ebe88b9296a-135118154514432","trial_id":68,"step":180,"intermediate_value":0.05609716661274433}
{"op_code":7,"worker_id":"1a3df289-b80e-4831-bf17-868dbc7ef066-126353676697600","trial_id":84,"step":160,"intermediate_value":0.010277992580085993}
{"op_code":7,"worker_id":"77afc7e0-13e7-44d6-8cda-a7b7cb8d402d-131805238861824","trial_id":98,"step":60,"intermediate_value":0.040697808377444744}
{"op_code":4,"worker_id":"f6fd86d3-3343-4798-9777-bfe2bde75fb7-137831837204480","study_id":13,"datetime_start":"2026-06-09T23:31:33.853555"}
{"op_code":5,"worker_id":"f6fd86d3-3343-4798-9777-bfe2bde75fb7-137831837204480","trial_id":105,"param_name":"lr","param_value_internal":0.001198561859901186,"distribution":"{\"name\": \"FloatDistribution\", \"attributes\": {\"step\": null, \"low\": 0.0002, \"high\": 0.005, \"log\": true}}"}
{"op_code":5,"worker_id":"f6fd86d3-3343-4798-9777-bfe2bde75fb7-137831837204480","trial_id":105,"param_name":"neural_alpha","param_value_internal":5.24107087058928,"distribution":"{\"name\": \"FloatDistribution\", \"attributes\": {\"step\": null, \"low\": 2.0, \"high\": 30.0, \"log\": true}}"}
{"op_code":5,"worker_id":"f6fd86d3-3343-4798-9777-bfe2bde75fb7-137831837204480","trial_id":105,"param_name":"neural_beta","param_value_internal":7.308021646560574,"distribution":"{\"name\": \"FloatDistribution\", \"attributes\": {\"step\": null, \"low\": 1.0, \"high\": 10.0, \"log\": false}}"}
{"op_code":5,"worker_id":"f6fd86d3-3343-4798-9777-bfe2bde75fb7-137831837204480","trial_id":105,"param_name":"neural_grad_clip","param_value_internal":2.764460626652927,"distribution":"{\"name\": \"FloatDistribution\", \"attributes\": {\"step\": null, \"low\": 0.5, \"high\": 3.0, \"log\": false}}"}
{"op_code":5,"worker_id":"f6fd86d3-3343-4798-9777-bfe2bde75fb7-137831837204480","trial_id":105,"param_name":"weight_decay","param_value_internal":0.20134926822800103,"distribution":"{\"name\": \"FloatDistribution\", \"attributes\": {\"step\": null, \"low\": 0.2, \"high\": 4.0, \"log\": true}}"}
{"op_code":5,"worker_id":"f6fd86d3-3343-4798-9777-bfe2bde75fb7-137831837204480","trial_id":105,"param_name":"matmul_precision","param_value_internal":0,"distribution":"{\"name\": \"CategoricalDistribution\", \"attributes\": {\"choices\": [\"bf16\", \"tf32\", \"fp32\", \"fp16amp\"]}}"}
{"op_code":7,"worker_id":"1a3df289-b80e-4831-bf17-868dbc7ef066-126353676697600","trial_id":84,"step":170,"intermediate_value":0.016306695993989706}
{"op_code":7,"worker_id":"d4c6ce7c-ce66-4e7e-a1e5-d6fb0080cee3-135871939538944","trial_id":97,"step":20,"intermediate_value":0.028889864683151245}
{"op_code":7,"worker_id":"1a3df289-b80e-4831-bf17-868dbc7ef066-126353676697600","trial_id":84,"step":180,"intermediate_value":0.014769494999200106}
{"op_code":0,"worker_id":"f3b0fd07-ea7f-4d9e-8465-56576f6734a1-137374652923904","study_name":"neuralgrok__decoder","directions":[1]}
{"op_code":7,"worker_id":"f6fd86d3-3343-4798-9777-bfe2bde75fb7-137831837204480","trial_id":105,"step":10,"intermediate_value":0.012169468682259321}
{"op_code":0,"worker_id":"e60a5b08-9e2e-4a86-b306-d6f4dffbeae7-137374652923904","study_name":"grokadamw__decoder","directions":[1]}
{"op_code":0,"worker_id":"cffc8fed-cfc7-459e-85e3-2efc9d853422-137374652923904","study_name":"supergrok__decoder","directions":[1]}
{"op_code":0,"worker_id":"8d3c364f-31fe-4676-b332-fac1bfbd34ac-137374652923904","study_name":"supergrok15__decoder","directions":[1]}
{"op_code":0,"worker_id":"51b93ce0-03b7-45de-a373-b3d49bf005b0-137374652923904","study_name":"supergrok2__decoder","directions":[1]}
{"op_code":7,"worker_id":"1a3df289-b80e-4831-bf17-868dbc7ef066-126353676697600","trial_id":84,"step":190,"intermediate_value":0.010514175985008478}
{"op_code":7,"worker_id":"855aa31e-eefd-40ff-b92f-4ebe88b9296a-135118154514432","trial_id":68,"step":190,"intermediate_value":0.053940470330417156}
{"op_code":0,"worker_id":"4f279f14-17bf-4222-b2f8-94818ab18053-137374652923904","study_name":"grokfast__decoder","directions":[1]}
{"op_code":0,"worker_id":"e84bb5f1-ecec-4616-af5a-c09ef5102331-135653107617792","study_name":"grokadamw__decoder","directions":[1]}
{"op_code":0,"worker_id":"d704f728-0a55-46da-971e-a4549ca6e104-139157601017856","study_name":"grokadamw__decoder","directions":[1]}
{"op_code":0,"worker_id":"544f72e0-2830-48d2-8976-2ba8e934c8b0-130602565894144","study_name":"looksam__vit","directions":[1]}
{"op_code":7,"worker_id":"5e0e8973-4b44-4525-a1fb-e267dde658cb-126908061577216","trial_id":78,"step":140,"intermediate_value":0.5084828222170472}
{"op_code":7,"worker_id":"1a3df289-b80e-4831-bf17-868dbc7ef066-126353676697600","trial_id":84,"step":200,"intermediate_value":0.010514175985008478}
{"op_code":0,"worker_id":"e5224fbe-be6f-4069-8ed8-60c0ca62b648-139157601017856","study_name":"supergrok__decoder","directions":[1]}
{"op_code":0,"worker_id":"0d3bb9c5-09ca-46f6-89f3-bf66be99c8c5-135653107617792","study_name":"supergrok__decoder","directions":[1]}
{"op_code":0,"worker_id":"63440396-6810-4f76-842b-d8345b463c84-130602565894144","study_name":"prodigy__vit","directions":[1]}
{"op_code":4,"worker_id":"785a579a-0ea3-48d0-b83e-b44d87e8825a-130602565894144","study_id":11,"datetime_start":"2026-06-09T23:31:37.905151"}
{"op_code":0,"worker_id":"b26ad95b-b52d-4336-a8e2-dda4f18ff752-137374652923904","study_name":"muon__decoder","directions":[1]}
{"op_code":0,"worker_id":"8ef83485-bafb-4983-a874-239f2ee2b50b-139157601017856","study_name":"supergrok15__decoder","directions":[1]}
{"op_code":0,"worker_id":"e1087d6d-b667-4e11-95ae-1e4b9a9ccd53-135653107617792","study_name":"supergrok15__decoder","directions":[1]}
{"op_code":0,"worker_id":"fa4deaef-1972-4c4d-b3f0-a6cca134e8a4-137374652923904","study_name":"lion__decoder","directions":[1]}
{"op_code":0,"worker_id":"d33b4aab-ab57-4fcc-b9b6-afa7eee7956a-135653107617792","study_name":"supergrok2__decoder","directions":[1]}
{"op_code":7,"worker_id":"1a3df289-b80e-4831-bf17-868dbc7ef066-126353676697600","trial_id":84,"step":210,"intermediate_value":0.02079819841310382}
{"op_code":0,"worker_id":"8c014a19-730f-45d7-a8c3-35e2455153d9-137374652923904","study_name":"looksam__decoder","directions":[1]}
{"op_code":0,"worker_id":"5704ebc2-c168-4f0d-89f6-106668702118-135653107617792","study_name":"grokfast__decoder","directions":[1]}
{"op_code":7,"worker_id":"d4c6ce7c-ce66-4e7e-a1e5-d6fb0080cee3-135871939538944","trial_id":97,"step":30,"intermediate_value":0.03711870964616537}
{"op_code":0,"worker_id":"a48e5a2b-5135-47b8-8539-fefa861f59ca-135653107617792","study_name":"muon__decoder","directions":[1]}
{"op_code":0,"worker_id":"82c9a992-89cf-44fb-958f-04785ac93130-135653107617792","study_name":"lion__decoder","directions":[1]}
{"op_code":0,"worker_id":"db19e7f3-ccfa-4b2b-8167-088657cadb0d-135653107617792","study_name":"looksam__decoder","directions":[1]}
{"op_code":0,"worker_id":"046ae9a4-c85f-479e-a297-45708ddd8ac9-135653107617792","study_name":"prodigy__decoder","directions":[1]}
{"op_code":4,"worker_id":"ac2d6b07-6d11-4003-8d42-565c906b0c90-135653107617792","study_id":0,"datetime_start":"2026-06-09T23:31:39.516614"}
{"op_code":5,"worker_id":"ac2d6b07-6d11-4003-8d42-565c906b0c90-135653107617792","trial_id":107,"param_name":"lr","param_value_internal":0.001427035470267194,"distribution":"{\"name\": \"FloatDistribution\", \"attributes\": {\"step\": null, \"low\": 0.0002, \"high\": 0.005, \"log\": true}}"}
{"op_code":5,"worker_id":"ac2d6b07-6d11-4003-8d42-565c906b0c90-135653107617792","trial_id":107,"param_name":"beta1","param_value_internal":0.8518827369486275,"distribution":"{\"name\": \"FloatDistribution\", \"attributes\": {\"step\": null, \"low\": 0.85, \"high\": 0.95, \"log\": false}}"}
{"op_code":7,"worker_id":"f6fd86d3-3343-4798-9777-bfe2bde75fb7-137831837204480","trial_id":105,"step":20,"intermediate_value":0.01169509207829833}
{"op_code":5,"worker_id":"ac2d6b07-6d11-4003-8d42-565c906b0c90-135653107617792","trial_id":107,"param_name":"beta2","param_value_internal":0.9791367985710654,"distribution":"{\"name\": \"FloatDistribution\", \"attributes\": {\"step\": null, \"low\": 0.95, \"high\": 0.9995, \"log\": false}}"}
{"op_code":5,"worker_id":"ac2d6b07-6d11-4003-8d42-565c906b0c90-135653107617792","trial_id":107,"param_name":"weight_decay","param_value_internal":0.4678742031896458,"distribution":"{\"name\": \"FloatDistribution\", \"attributes\": {\"step\": null, \"low\": 0.2, \"high\": 4.0, \"log\": true}}"}
{"op_code":5,"worker_id":"ac2d6b07-6d11-4003-8d42-565c906b0c90-135653107617792","trial_id":107,"param_name":"matmul_precision","param_value_internal":2,"distribution":"{\"name\": \"CategoricalDistribution\", \"attributes\": {\"choices\": [\"bf16\", \"tf32\", \"fp32\", \"fp16amp\"]}}"}
{"op_code":7,"worker_id":"1cd046f5-1686-4abf-94e8-e4fa59a08500-131165583757312","trial_id":77,"step":180,"intermediate_value":0.1384071810171008}
{"op_code":7,"worker_id":"b8380e44-f689-4dbb-a278-72dbe159926f-130931437379584","trial_id":81,"step":110,"intermediate_value":0.049061352387070656}
{"op_code":7,"worker_id":"1a3df289-b80e-4831-bf17-868dbc7ef066-126353676697600","trial_id":84,"step":220,"intermediate_value":0.016306695993989706}
{"op_code":7,"worker_id":"0dc1d806-3474-4639-b889-f5ed08a8dd79-133189199245312","trial_id":88,"step":240,"intermediate_value":0.11120603512972593}
{"op_code":7,"worker_id":"855aa31e-eefd-40ff-b92f-4ebe88b9296a-135118154514432","trial_id":68,"step":200,"intermediate_value":0.0669414484873414}
{"op_code":0,"worker_id":"f42be002-fb47-4286-9fb0-035f3d8cdc31-137374652923904","study_name":"prodigy__decoder","directions":[1]}
{"op_code":4,"worker_id":"e812555d-0d59-461e-a215-25bc34aa0183-137374652923904","study_id":0,"datetime_start":"2026-06-09T23:31:39.881017"}
{"op_code":5,"worker_id":"e812555d-0d59-461e-a215-25bc34aa0183-137374652923904","trial_id":108,"param_name":"lr","param_value_internal":0.003354733779340741,"distribution":"{\"name\": \"FloatDistribution\", \"attributes\": {\"step\": null, \"low\": 0.0002, \"high\": 0.005, \"log\": true}}"}
{"op_code":5,"worker_id":"e812555d-0d59-461e-a215-25bc34aa0183-137374652923904","trial_id":108,"param_name":"beta1","param_value_internal":0.8539672984853155,"distribution":"{\"name\": \"FloatDistribution\", \"attributes\": {\"step\": null, \"low\": 0.85, \"high\": 0.95, \"log\": false}}"}
{"op_code":5,"worker_id":"e812555d-0d59-461e-a215-25bc34aa0183-137374652923904","trial_id":108,"param_name":"beta2","param_value_internal":0.9898342738675916,"distribution":"{\"name\": \"FloatDistribution\", \"attributes\": {\"step\": null, \"low\": 0.95, \"high\": 0.9995, \"log\": false}}"}
{"op_code":5,"worker_id":"e812555d-0d59-461e-a215-25bc34aa0183-137374652923904","trial_id":108,"param_name":"weight_decay","param_value_internal":0.21672995241303097,"distribution":"{\"name\": \"FloatDistribution\", \"attributes\": {\"step\": null, \"low\": 0.2, \"high\": 4.0, \"log\": true}}"}
{"op_code":5,"worker_id":"e812555d-0d59-461e-a215-25bc34aa0183-137374652923904","trial_id":108,"param_name":"matmul_precision","param_value_internal":0,"distribution":"{\"name\": \"CategoricalDistribution\", \"attributes\": {\"choices\": [\"bf16\", \"tf32\", \"fp32\", \"fp16amp\"]}}"}
{"op_code":0,"worker_id":"0c2d0699-b29d-43a1-990f-34e3d32b33a0-139157601017856","study_name":"supergrok2__decoder","directions":[1]}
{"op_code":0,"worker_id":"deaba710-b208-4189-9e4b-ba81eb7895f2-139157601017856","study_name":"grokfast__decoder","directions":[1]}
{"op_code":0,"worker_id":"a466ccfc-beeb-4676-8a9e-96abab113082-139157601017856","study_name":"muon__decoder","directions":[1]}
{"op_code":0,"worker_id":"0d998d46-d4dc-4024-a75c-33ead449e6c7-139157601017856","study_name":"lion__decoder","directions":[1]}
{"op_code":0,"worker_id":"580f16be-54e7-44d4-9423-0647275953a3-139157601017856","study_name":"looksam__decoder","directions":[1]}
{"op_code":0,"worker_id":"16468955-27e9-41ee-950c-616fa32c02da-139157601017856","study_name":"prodigy__decoder","directions":[1]}
{"op_code":4,"worker_id":"d3e3f55a-0749-45ca-92ba-d49cd687fc44-139157601017856","study_id":0,"datetime_start":"2026-06-09T23:31:40.595314"}
{"op_code":5,"worker_id":"d3e3f55a-0749-45ca-92ba-d49cd687fc44-139157601017856","trial_id":109,"param_name":"lr","param_value_internal":0.003927931445231799,"distribution":"{\"name\": \"FloatDistribution\", \"attributes\": {\"step\": null, \"low\": 0.0002, \"high\": 0.005, \"log\": true}}"}
{"op_code":5,"worker_id":"d3e3f55a-0749-45ca-92ba-d49cd687fc44-139157601017856","trial_id":109,"param_name":"beta1","param_value_internal":0.8640947325381003,"distribution":"{\"name\": \"FloatDistribution\", \"attributes\": {\"step\": null, \"low\": 0.85, \"high\": 0.95, \"log\": false}}"}
{"op_code":5,"worker_id":"d3e3f55a-0749-45ca-92ba-d49cd687fc44-139157601017856","trial_id":109,"param_name":"beta2","param_value_internal":0.9881780119830158,"distribution":"{\"name\": \"FloatDistribution\", \"attributes\": {\"step\": null, \"low\": 0.95, \"high\": 0.9995, \"log\": false}}"}
{"op_code":5,"worker_id":"d3e3f55a-0749-45ca-92ba-d49cd687fc44-139157601017856","trial_id":109,"param_name":"weight_decay","param_value_internal":3.2894597491707507,"distribution":"{\"name\": \"FloatDistribution\", \"attributes\": {\"step\": null, \"low\": 0.2, \"high\": 4.0, \"log\": true}}"}
{"op_code":7,"worker_id":"1cd046f5-1686-4abf-94e8-e4fa59a08500-131165583757312","trial_id":77,"step":190,"intermediate_value":0.15022744424641132}
{"op_code":5,"worker_id":"d3e3f55a-0749-45ca-92ba-d49cd687fc44-139157601017856","trial_id":109,"param_name":"matmul_precision","param_value_internal":2,"distribution":"{\"name\": \"CategoricalDistribution\", \"attributes\": {\"choices\": [\"bf16\", \"tf32\", \"fp32\", \"fp16amp\"]}}"}
{"op_code":7,"worker_id":"0d363365-fb60-44b7-b09f-d3edac0628c8-134803987668992","trial_id":72,"step":90,"intermediate_value":0.03878279682248831}
{"op_code":7,"worker_id":"5e0e8973-4b44-4525-a1fb-e267dde658cb-126908061577216","trial_id":78,"step":150,"intermediate_value":0.5086021507158875}
{"op_code":0,"worker_id":"5d42d2ec-6ff4-4640-99cb-a68c94c6f8f8-128196031852544","study_name":"lion__decoder","directions":[1]}
{"op_code":7,"worker_id":"0dc1d806-3474-4639-b889-f5ed08a8dd79-133189199245312","trial_id":88,"step":250,"intermediate_value":0.12480660807341337}
{"op_code":7,"worker_id":"77afc7e0-13e7-44d6-8cda-a7b7cb8d402d-131805238861824","trial_id":98,"step":70,"intermediate_value":0.05406285263597965}
{"op_code":7,"worker_id":"1a3df289-b80e-4831-bf17-868dbc7ef066-126353676697600","trial_id":84,"step":230,"intermediate_value":0.014769494999200106}
{"op_code":7,"worker_id":"855aa31e-eefd-40ff-b92f-4ebe88b9296a-135118154514432","trial_id":68,"step":210,"intermediate_value":0.08102231007069349}
{"op_code":8,"worker_id":"ac2d6b07-6d11-4003-8d42-565c906b0c90-135653107617792","trial_id":107,"user_attr":{"crash":"TypeError(\"fused_step(): incompatible function arguments. The following argument types are supported:\\n    1. (arg0: str, arg1: str, arg2: torch.Tensor, arg3: torch.Tensor, arg4: torch.Tensor, arg5: torch.Tensor, arg6: float) -> None\\n\\nInvoked with: 'transformer_decoder', 'adamw', tensor([ 0.6467, "}}
{"op_code":6,"worker_id":"ac2d6b07-6d11-4003-8d42-565c906b0c90-135653107617792","trial_id":107,"state":1,"values":[10100.0],"datetime_complete":"2026-06-09T23:31:46.692212"}
{"op_code":8,"worker_id":"f3f6a872-1928-4159-adf6-b91336d7e1cb-134999634104320","trial_id":104,"user_attr":{"crash":"AssertionError('No inf checks were recorded for this optimizer.')"}}
{"op_code":7,"worker_id":"66e69664-d16b-49f3-aa41-bf417fc9117f-132066782720000","trial_id":91,"step":130,"intermediate_value":0.014769494999200106}
{"op_code":6,"worker_id":"f3f6a872-1928-4159-adf6-b91336d7e1cb-134999634104320","trial_id":104,"state":1,"values":[12100.0],"datetime_complete":"2026-06-09T23:31:46.740730"}
{"op_code":8,"worker_id":"d3e3f55a-0749-45ca-92ba-d49cd687fc44-139157601017856","trial_id":109,"user_attr":{"crash":"TypeError(\"fused_step(): incompatible function arguments. The following argument types are supported:\\n    1. (arg0: str, arg1: str, arg2: torch.Tensor, arg3: torch.Tensor, arg4: torch.Tensor, arg5: torch.Tensor, arg6: float) -> None\\n\\nInvoked with: 'transformer_decoder', 'adamw', tensor([-0.3966, "}}
{"op_code":7,"worker_id":"4ebb2a3b-77de-4b49-be2d-4a446ab21ba8-129478800961536","trial_id":61,"step":240,"intermediate_value":0.5172043014317751}
{"op_code":6,"worker_id":"d3e3f55a-0749-45ca-92ba-d49cd687fc44-139157601017856","trial_id":109,"state":1,"values":[10100.0],"datetime_complete":"2026-06-09T23:31:46.807695"}
{"op_code":7,"worker_id":"66e69664-d16b-49f3-aa41-bf417fc9117f-132066782720000","trial_id":91,"step":140,"intermediate_value":0.013468476943671703}
{"op_code":7,"worker_id":"d4c6ce7c-ce66-4e7e-a1e5-d6fb0080cee3-135871939538944","trial_id":97,"step":40,"intermediate_value":0.032811476150527596}
{"op_code":4,"worker_id":"e68aeb20-9b2d-4092-aaf9-0decf40c6fc4-139157601017856","study_id":1,"datetime_start":"2026-06-09T23:31:53.178674"}
{"op_code":5,"worker_id":"e68aeb20-9b2d-4092-aaf9-0decf40c6fc4-139157601017856","trial_id":110,"param_name":"lr","param_value_internal":0.001054625229278492,"distribution":"{\"name\": \"FloatDistribution\", \"attributes\": {\"step\": null, \"low\": 0.0002, \"high\": 0.005, \"log\": true}}"}
{"op_code":5,"worker_id":"e68aeb20-9b2d-4092-aaf9-0decf40c6fc4-139157601017856","trial_id":110,"param_name":"neural_alpha","param_value_internal":6.04479961949317,"distribution":"{\"name\": \"FloatDistribution\", \"attributes\": {\"step\": null, \"low\": 2.0, \"high\": 30.0, \"log\": true}}"}
{"op_code":5,"worker_id":"e68aeb20-9b2d-4092-aaf9-0decf40c6fc4-139157601017856","trial_id":110,"param_name":"neural_beta","param_value_internal":8.326835666051533,"distribution":"{\"name\": \"FloatDistribution\", \"attributes\": {\"step\": null, \"low\": 1.0, \"high\": 10.0, \"log\": false}}"}
{"op_code":5,"worker_id":"e68aeb20-9b2d-4092-aaf9-0decf40c6fc4-139157601017856","trial_id":110,"param_name":"neural_grad_clip","param_value_internal":2.0159608291587103,"distribution":"{\"name\": \"FloatDistribution\", \"attributes\": {\"step\": null, \"low\": 0.5, \"high\": 3.0, \"log\": false}}"}
{"op_code":5,"worker_id":"e68aeb20-9b2d-4092-aaf9-0decf40c6fc4-139157601017856","trial_id":110,"param_name":"weight_decay","param_value_internal":2.8809804434052166,"distribution":"{\"name\": \"FloatDistribution\", \"attributes\": {\"step\": null, \"low\": 0.2, \"high\": 4.0, \"log\": true}}"}
{"op_code":5,"worker_id":"e68aeb20-9b2d-4092-aaf9-0decf40c6fc4-139157601017856","trial_id":110,"param_name":"matmul_precision","param_value_internal":3,"distribution":"{\"name\": \"CategoricalDistribution\", \"attributes\": {\"choices\": [\"bf16\", \"tf32\", \"fp32\", \"fp16amp\"]}}"}
{"op_code":7,"worker_id":"855aa31e-eefd-40ff-b92f-4ebe88b9296a-135118154514432","trial_id":68,"step":220,"intermediate_value":0.09151791874319315}
{"op_code":7,"worker_id":"0d363365-fb60-44b7-b09f-d3edac0628c8-134803987668992","trial_id":72,"step":100,"intermediate_value":0.04283910896629095}
{"op_code":7,"worker_id":"77afc7e0-13e7-44d6-8cda-a7b7cb8d402d-131805238861824","trial_id":98,"step":80,"intermediate_value":0.0754150552675128}
{"op_code":7,"worker_id":"1a3df289-b80e-4831-bf17-868dbc7ef066-126353676697600","trial_id":84,"step":240,"intermediate_value":0.014769494999200106}
{"op_code":7,"worker_id":"b8380e44-f689-4dbb-a278-72dbe159926f-130931437379584","trial_id":81,"step":120,"intermediate_value":0.035081318113952875}
{"op_code":7,"worker_id":"66e69664-d16b-49f3-aa41-bf417fc9117f-132066782720000","trial_id":91,"step":150,"intermediate_value":0.01890672231093049}
{"op_code":7,"worker_id":"e0465576-a5f3-4860-8c67-8c71fbbe2e2d-129090716581888","trial_id":89,"step":70,"intermediate_value":0.03570554405450821}
{"op_code":4,"worker_id":"ebcfea4b-a1cb-4027-864e-b633cc7fc133-139513405390848","study_id":14,"datetime_start":"2026-06-09T23:30:19.710363"}
{"op_code":5,"worker_id":"ebcfea4b-a1cb-4027-864e-b633cc7fc133-139513405390848","trial_id":111,"param_name":"lr","param_value_internal":0.0009212492543907863,"distribution":"{\"name\": \"FloatDistribution\", \"attributes\": {\"step\": null, \"low\": 0.0002, \"high\": 0.005, \"log\": true}}"}
{"op_code":5,"worker_id":"ebcfea4b-a1cb-4027-864e-b633cc7fc133-139513405390848","trial_id":111,"param_name":"neural_alpha","param_value_internal":6.8825302327246805,"distribution":"{\"name\": \"FloatDistribution\", \"attributes\": {\"step\": null, \"low\": 2.0, \"high\": 30.0, \"log\": true}}"}
{"op_code":5,"worker_id":"ebcfea4b-a1cb-4027-864e-b633cc7fc133-139513405390848","trial_id":111,"param_name":"neural_beta","param_value_internal":3.3707281250461834,"distribution":"{\"name\": \"FloatDistribution\", \"attributes\": {\"step\": null, \"low\": 1.0, \"high\": 10.0, \"log\": false}}"}
{"op_code":5,"worker_id":"ebcfea4b-a1cb-4027-864e-b633cc7fc133-139513405390848","trial_id":111,"param_name":"neural_grad_clip","param_value_internal":2.834101928164474,"distribution":"{\"name\": \"FloatDistribution\", \"attributes\": {\"step\": null, \"low\": 0.5, \"high\": 3.0, \"log\": false}}"}
{"op_code":5,"worker_id":"ebcfea4b-a1cb-4027-864e-b633cc7fc133-139513405390848","trial_id":111,"param_name":"weight_decay","param_value_internal":0.293692548264866,"distribution":"{\"name\": \"FloatDistribution\", \"attributes\": {\"step\": null, \"low\": 0.2, \"high\": 4.0, \"log\": true}}"}
{"op_code":5,"worker_id":"ebcfea4b-a1cb-4027-864e-b633cc7fc133-139513405390848","trial_id":111,"param_name":"matmul_precision","param_value_internal":2,"distribution":"{\"name\": \"CategoricalDistribution\", \"attributes\": {\"choices\": [\"bf16\", \"tf32\", \"fp32\", \"fp16amp\"]}}"}
{"op_code":7,"worker_id":"0d363365-fb60-44b7-b09f-d3edac0628c8-134803987668992","trial_id":72,"step":110,"intermediate_value":0.048446363769471645}
{"op_code":7,"worker_id":"77afc7e0-13e7-44d6-8cda-a7b7cb8d402d-131805238861824","trial_id":98,"step":90,"intermediate_value":0.12743744254112244}
{"op_code":7,"worker_id":"855aa31e-eefd-40ff-b92f-4ebe88b9296a-135118154514432","trial_id":68,"step":230,"intermediate_value":0.09462288301438093}
{"op_code":7,"worker_id":"669e062c-5c64-4704-a838-93a20247d039-138056793800704","trial_id":101,"step":40,"intermediate_value":0.029844289645552635}
{"op_code":7,"worker_id":"4ebb2a3b-77de-4b49-be2d-4a446ab21ba8-129478800961536","trial_id":61,"step":250,"intermediate_value":0.5172043014317751}
{"op_code":0,"worker_id":"48092d50-dac8-4188-a108-f67fcf648d93-139383015178240","study_name":"adamw__vit","directions":[1]}
{"op_code":7,"worker_id":"b62956c9-daec-4291-a509-9732b9b6d316-134317690548224","trial_id":63,"step":330,"intermediate_value":0.2133827582001686}
{"op_code":8,"worker_id":"e68aeb20-9b2d-4092-aaf9-0decf40c6fc4-139157601017856","trial_id":110,"user_attr":{"crash":"AssertionError('No inf checks were recorded for this optimizer.')"}}
{"op_code":6,"worker_id":"e68aeb20-9b2d-4092-aaf9-0decf40c6fc4-139157601017856","trial_id":110,"state":1,"values":[10100.0],"datetime_complete":"2026-06-09T23:32:06.366894"}
{"op_code":0,"worker_id":"f27521f6-d458-4af4-a3d1-a34bdc64206c-139383015178240","study_name":"neuralgrok__vit","directions":[1]}
{"op_code":0,"worker_id":"e19e54e1-cd1b-4abe-bac3-cba9dc0bf557-139383015178240","study_name":"grokadamw__vit","directions":[1]}
{"op_code":4,"worker_id":"d704f728-0a55-46da-971e-a4549ca6e104-139157601017856","study_id":2,"datetime_start":"2026-06-09T23:32:06.529586"}
{"op_code":7,"worker_id":"77afc7e0-13e7-44d6-8cda-a7b7cb8d402d-131805238861824","trial_id":98,"step":100,"intermediate_value":0.17824832256883383}
{"op_code":6,"worker_id":"d18ddddf-19e7-4808-ad45-4f541c30503e-136787336318976","trial_id":92,"state":1,"values":[10100.0],"datetime_complete":"2026-06-09T23:29:45.561133"}
{"op_code":5,"worker_id":"d704f728-0a55-46da-971e-a4549ca6e104-139157601017856","trial_id":112,"param_name":"lr","param_value_internal":0.00023844001580105827,"distribution":"{\"name\": \"FloatDistribution\", \"attributes\": {\"step\": null, \"low\": 0.0002, \"high\": 0.005, \"log\": true}}"}
{"op_code":7,"worker_id":"669e062c-5c64-4704-a838-93a20247d039-138056793800704","trial_id":101,"step":50,"intermediate_value":0.029602604918181896}
{"op_code":5,"worker_id":"d704f728-0a55-46da-971e-a4549ca6e104-139157601017856","trial_id":112,"param_name":"grokadamw_alpha","param_value_internal":0.9076876436949483,"distribution":"{\"name\": \"FloatDistribution\", \"attributes\": {\"step\": null, \"low\": 0.9, \"high\": 0.999, \"log\": false}}"}
{"op_code":5,"worker_id":"d704f728-0a55-46da-971e-a4549ca6e104-139157601017856","trial_id":112,"param_name":"grokadamw_lamb","param_value_internal":0.5634270516926803,"distribution":"{\"name\": \"FloatDistribution\", \"attributes\": {\"step\": null, \"low\": 0.5, \"high\": 10.0, \"log\": true}}"}
{"op_code":5,"worker_id":"d704f728-0a55-46da-971e-a4549ca6e104-139157601017856","trial_id":112,"param_name":"grokadamw_grad_clip","param_value_internal":0.8967333568327067,"distribution":"{\"name\": \"FloatDistribution\", \"attributes\": {\"step\": null, \"low\": 0.5, \"high\": 3.0, \"log\": false}}"}
{"op_code":5,"worker_id":"d704f728-0a55-46da-971e-a4549ca6e104-139157601017856","trial_id":112,"param_name":"weight_decay","param_value_internal":0.3819110854310459,"distribution":"{\"name\": \"FloatDistribution\", \"attributes\": {\"step\": null, \"low\": 0.2, \"high\": 4.0, \"log\": true}}"}
{"op_code":5,"worker_id":"d704f728-0a55-46da-971e-a4549ca6e104-139157601017856","trial_id":112,"param_name":"matmul_precision","param_value_internal":1,"distribution":"{\"name\": \"CategoricalDistribution\", \"attributes\": {\"choices\": [\"bf16\", \"tf32\", \"fp32\", \"fp16amp\"]}}"}
{"op_code":7,"worker_id":"669e062c-5c64-4704-a838-93a20247d039-138056793800704","trial_id":101,"step":60,"intermediate_value":0.03711870964616537}
{"op_code":0,"worker_id":"3ecae1c6-d15c-4c68-bc2f-367df1e577da-139383015178240","study_name":"supergrok__vit","directions":[1]}
{"op_code":7,"worker_id":"23286507-3c35-40b6-ba97-116cfd27a518-129889096323072","trial_id":67,"step":210,"intermediate_value":0.5021276595070958}
{"op_code":0,"worker_id":"c982cadc-74e0-47f8-8d6f-48fac185b157-139383015178240","study_name":"supergrok15__vit","directions":[1]}
{"op_code":4,"worker_id":"75a3eb48-1ece-4602-9441-d3e11bbd5e29-136787336318976","study_id":1,"datetime_start":"2026-06-09T23:32:13.021718"}
{"op_code":5,"worker_id":"75a3eb48-1ece-4602-9441-d3e11bbd5e29-136787336318976","trial_id":113,"param_name":"lr","param_value_internal":0.004642366323305211,"distribution":"{\"name\": \"FloatDistribution\", \"attributes\": {\"step\": null, \"low\": 0.0002, \"high\": 0.005, \"log\": true}}"}
{"op_code":5,"worker_id":"75a3eb48-1ece-4602-9441-d3e11bbd5e29-136787336318976","trial_id":113,"param_name":"neural_alpha","param_value_internal":4.74460319861478,"distribution":"{\"name\": \"FloatDistribution\", \"attributes\": {\"step\": null, \"low\": 2.0, \"high\": 30.0, \"log\": true}}"}
{"op_code":5,"worker_id":"75a3eb48-1ece-4602-9441-d3e11bbd5e29-136787336318976","trial_id":113,"param_name":"neural_beta","param_value_internal":9.223884012086263,"distribution":"{\"name\": \"FloatDistribution\", \"attributes\": {\"step\": null, \"low\": 1.0, \"high\": 10.0, \"log\": false}}"}
{"op_code":5,"worker_id":"75a3eb48-1ece-4602-9441-d3e11bbd5e29-136787336318976","trial_id":113,"param_name":"neural_grad_clip","param_value_internal":0.8875913543061986,"distribution":"{\"name\": \"FloatDistribution\", \"attributes\": {\"step\": null, \"low\": 0.5, \"high\": 3.0, \"log\": false}}"}
{"op_code":7,"worker_id":"b62956c9-daec-4291-a509-9732b9b6d316-134317690548224","trial_id":63,"step":340,"intermediate_value":0.23272834718227386}
{"op_code":0,"worker_id":"21151792-e5c2-4694-832c-e942537bf84c-131557541150720","study_name":"lion__mamba","directions":[1]}
{"op_code":7,"worker_id":"4ebb2a3b-77de-4b49-be2d-4a446ab21ba8-129478800961536","trial_id":61,"step":260,"intermediate_value":0.5172043014317751}
{"op_code":7,"worker_id":"b8380e44-f689-4dbb-a278-72dbe159926f-130931437379584","trial_id":81,"step":130,"intermediate_value":0.044995805248618126}
{"op_code":8,"worker_id":"e812555d-0d59-461e-a215-25bc34aa0183-137374652923904","trial_id":108,"user_attr":{"crash":"TypeError(\"fused_step(): incompatible function arguments. The following argument types are supported:\\n    1. (arg0: str, arg1: str, arg2: torch.Tensor, arg3: torch.Tensor, arg4: torch.Tensor, arg5: torch.Tensor, arg6: float) -> None\\n\\nInvoked with: 'transformer_decoder', 'adamw', tensor([-0.0112, "}}
{"op_code":5,"worker_id":"75a3eb48-1ece-4602-9441-d3e11bbd5e29-136787336318976","trial_id":113,"param_name":"weight_decay","param_value_internal":0.38652256494734205,"distribution":"{\"name\": \"FloatDistribution\", \"attributes\": {\"step\": null, \"low\": 0.2, \"high\": 4.0, \"log\": true}}"}
{"op_code":6,"worker_id":"e812555d-0d59-461e-a215-25bc34aa0183-137374652923904","trial_id":108,"state":1,"values":[10100.0],"datetime_complete":"2026-06-09T23:32:25.255681"}
{"op_code":5,"worker_id":"75a3eb48-1ece-4602-9441-d3e11bbd5e29-136787336318976","trial_id":113,"param_name":"matmul_precision","param_value_internal":3,"distribution":"{\"name\": \"CategoricalDistribution\", \"attributes\": {\"choices\": [\"bf16\", \"tf32\", \"fp32\", \"fp16amp\"]}}"}
{"op_code":7,"worker_id":"ebcfea4b-a1cb-4027-864e-b633cc7fc133-139513405390848","trial_id":111,"step":10,"intermediate_value":0.01576034678146243}
{"op_code":0,"worker_id":"c094df55-2004-4351-8d81-9de062b981ed-131557541150720","study_name":"looksam__mamba","directions":[1]}
{"op_code":0,"worker_id":"ee604987-6f46-47a3-a038-b30225d093af-131557541150720","study_name":"prodigy__mamba","directions":[1]}
{"op_code":4,"worker_id":"ef6cd060-2eff-44bc-b372-258e4c7e9a5a-131557541150720","study_id":12,"datetime_start":"2026-06-09T23:32:25.508960"}
{"op_code":4,"worker_id":"f3b0fd07-ea7f-4d9e-8465-56576f6734a1-137374652923904","study_id":1,"datetime_start":"2026-06-09T23:32:25.516648"}
{"op_code":5,"worker_id":"ef6cd060-2eff-44bc-b372-258e4c7e9a5a-131557541150720","trial_id":114,"param_name":"lr","param_value_internal":0.003927931445231799,"distribution":"{\"name\": \"FloatDistribution\", \"attributes\": {\"step\": null, \"low\": 0.0002, \"high\": 0.005, \"log\": true}}"}
{"op_code":5,"worker_id":"f3b0fd07-ea7f-4d9e-8465-56576f6734a1-137374652923904","trial_id":115,"param_name":"lr","param_value_internal":0.0034682085742708635,"distribution":"{\"name\": \"FloatDistribution\", \"attributes\": {\"step\": null, \"low\": 0.0002, \"high\": 0.005, \"log\": true}}"}
{"op_code":5,"worker_id":"ef6cd060-2eff-44bc-b372-258e4c7e9a5a-131557541150720","trial_id":114,"param_name":"beta1","param_value_internal":0.8640947325381003,"distribution":"{\"name\": \"FloatDistribution\", \"attributes\": {\"step\": null, \"low\": 0.85, \"high\": 0.95, \"log\": false}}"}
{"op_code":5,"worker_id":"f3b0fd07-ea7f-4d9e-8465-56576f6734a1-137374652923904","trial_id":115,"param_name":"neural_alpha","param_value_internal":5.1267548460441255,"distribution":"{\"name\": \"FloatDistribution\", \"attributes\": {\"step\": null, \"low\": 2.0, \"high\": 30.0, \"log\": true}}"}
{"op_code":5,"worker_id":"ef6cd060-2eff-44bc-b372-258e4c7e9a5a-131557541150720","trial_id":114,"param_name":"beta2","param_value_internal":0.9881780119830158,"distribution":"{\"name\": \"FloatDistribution\", \"attributes\": {\"step\": null, \"low\": 0.95, \"high\": 0.9995, \"log\": false}}"}
{"op_code":5,"worker_id":"f3b0fd07-ea7f-4d9e-8465-56576f6734a1-137374652923904","trial_id":115,"param_name":"neural_beta","param_value_internal":9.546208541682793,"distribution":"{\"name\": \"FloatDistribution\", \"attributes\": {\"step\": null, \"low\": 1.0, \"high\": 10.0, \"log\": false}}"}
{"op_code":4,"worker_id":"b4432204-9727-4637-b19f-42635a2d84d6-134999634104320","study_id":24,"datetime_start":"2026-06-09T23:31:46.887072"}
{"op_code":5,"worker_id":"f3b0fd07-ea7f-4d9e-8465-56576f6734a1-137374652923904","trial_id":115,"param_name":"neural_grad_clip","param_value_internal":2.1120411850022642,"distribution":"{\"name\": \"FloatDistribution\", \"attributes\": {\"step\": null, \"low\": 0.5, \"high\": 3.0, \"log\": false}}"}
{"op_code":5,"worker_id":"b4432204-9727-4637-b19f-42635a2d84d6-134999634104320","trial_id":116,"param_name":"lr","param_value_internal":0.001658400392383451,"distribution":"{\"name\": \"FloatDistribution\", \"attributes\": {\"step\": null, \"low\": 0.0002, \"high\": 0.005, \"log\": true}}"}
{"op_code":5,"worker_id":"f3b0fd07-ea7f-4d9e-8465-56576f6734a1-137374652923904","trial_id":115,"param_name":"weight_decay","param_value_internal":0.6940786994941354,"distribution":"{\"name\": \"FloatDistribution\", \"attributes\": {\"step\": null, \"low\": 0.2, \"high\": 4.0, \"log\": true}}"}
{"op_code":5,"worker_id":"f3b0fd07-ea7f-4d9e-8465-56576f6734a1-137374652923904","trial_id":115,"param_name":"matmul_precision","param_value_internal":3,"distribution":"{\"name\": \"CategoricalDistribution\", \"attributes\": {\"choices\": [\"bf16\", \"tf32\", \"fp32\", \"fp16amp\"]}}"}
{"op_code":7,"worker_id":"ebcfea4b-a1cb-4027-864e-b633cc7fc133-139513405390848","trial_id":111,"step":20,"intermediate_value":0.01647308748215437}
{"op_code":0,"worker_id":"2e393e86-1a16-4e8c-af37-e0c5fbe82e1c-139383015178240","study_name":"supergrok2__vit","directions":[1]}
{"op_code":7,"worker_id":"f6fd86d3-3343-4798-9777-bfe2bde75fb7-137831837204480","trial_id":105,"step":30,"intermediate_value":0.01441320963203907}
{"op_code":0,"worker_id":"ec1398cd-b336-4ab5-ab31-755ade23f110-139383015178240","study_name":"grokfast__vit","directions":[1]}
{"op_code":0,"worker_id":"b9a8ad15-0b00-45b2-93de-f41f48321ac6-139383015178240","study_name":"muon__vit","directions":[1]}
{"op_code":0,"worker_id":"14a77306-6f5a-490e-8196-05a1391b6d74-139383015178240","study_name":"lion__vit","directions":[1]}
{"op_code":7,"worker_id":"77afc7e0-13e7-44d6-8cda-a7b7cb8d402d-131805238861824","trial_id":98,"step":110,"intermediate_value":0.2574656968936324}
{"op_code":0,"worker_id":"c204ebda-f354-4199-abc6-d1a75379627a-139383015178240","study_name":"looksam__vit","directions":[1]}
{"op_code":7,"worker_id":"23286507-3c35-40b6-ba97-116cfd27a518-129889096323072","trial_id":67,"step":220,"intermediate_value":0.5021276595070958}
{"op_code":8,"worker_id":"f3b0fd07-ea7f-4d9e-8465-56576f6734a1-137374652923904","trial_id":115,"user_attr":{"crash":"AssertionError('No inf checks were recorded for this optimizer.')"}}
{"op_code":6,"worker_id":"f3b0fd07-ea7f-4d9e-8465-56576f6734a1-137374652923904","trial_id":115,"state":1,"values":[10100.0],"datetime_complete":"2026-06-09T23:32:41.693981"}
{"op_code":4,"worker_id":"e60a5b08-9e2e-4a86-b306-d6f4dffbeae7-137374652923904","study_id":2,"datetime_start":"2026-06-09T23:32:41.798007"}
{"op_code":7,"worker_id":"15059474-2802-491e-b069-2441b973c009-132863787323392","trial_id":76,"step":340,"intermediate_value":0.5070542795583606}
{"op_code":5,"worker_id":"e60a5b08-9e2e-4a86-b306-d6f4dffbeae7-137374652923904","trial_id":117,"param_name":"lr","param_value_internal":0.0015287288472826367,"distribution":"{\"name\": \"FloatDistribution\", \"attributes\": {\"step\": null, \"low\": 0.0002, \"high\": 0.005, \"log\": true}}"}
{"op_code":5,"worker_id":"e60a5b08-9e2e-4a86-b306-d6f4dffbeae7-137374652923904","trial_id":117,"param_name":"grokadamw_alpha","param_value_internal":0.9138598628437447,"distribution":"{\"name\": \"FloatDistribution\", \"attributes\": {\"step\": null, \"low\": 0.9, \"high\": 0.999, \"log\": false}}"}
{"op_code":5,"worker_id":"e60a5b08-9e2e-4a86-b306-d6f4dffbeae7-137374652923904","trial_id":117,"param_name":"grokadamw_lamb","param_value_internal":7.714910003754362,"distribution":"{\"name\": \"FloatDistribution\", \"attributes\": {\"step\": null, \"low\": 0.5, \"high\": 10.0, \"log\": true}}"}
{"op_code":5,"worker_id":"e60a5b08-9e2e-4a86-b306-d6f4dffbeae7-137374652923904","trial_id":117,"param_name":"grokadamw_grad_clip","param_value_internal":0.5968375196963839,"distribution":"{\"name\": \"FloatDistribution\", \"attributes\": {\"step\": null, \"low\": 0.5, \"high\": 3.0, \"log\": false}}"}
{"op_code":5,"worker_id":"e60a5b08-9e2e-4a86-b306-d6f4dffbeae7-137374652923904","trial_id":117,"param_name":"weight_decay","param_value_internal":1.7879677596947605,"distribution":"{\"name\": \"FloatDistribution\", \"attributes\": {\"step\": null, \"low\": 0.2, \"high\": 4.0, \"log\": true}}"}
{"op_code":5,"worker_id":"e60a5b08-9e2e-4a86-b306-d6f4dffbeae7-137374652923904","trial_id":117,"param_name":"matmul_precision","param_value_internal":3,"distribution":"{\"name\": \"CategoricalDistribution\", \"attributes\": {\"choices\": [\"bf16\", \"tf32\", \"fp32\", \"fp16amp\"]}}"}
{"op_code":0,"worker_id":"129be727-fb21-402f-98bc-05acd2a523d0-139383015178240","study_name":"prodigy__vit","directions":[1]}
{"op_code":4,"worker_id":"48092d50-dac8-4188-a108-f67fcf648d93-139383015178240","study_id":11,"datetime_start":"2026-06-09T23:32:52.553498"}
{"op_code":5,"worker_id":"48092d50-dac8-4188-a108-f67fcf648d93-139383015178240","trial_id":118,"param_name":"lr","param_value_internal":0.0027155821186854675,"distribution":"{\"name\": \"FloatDistribution\", \"attributes\": {\"step\": null, \"low\": 0.0002, \"high\": 0.005, \"log\": true}}"}
{"op_code":7,"worker_id":"ebcfea4b-a1cb-4027-864e-b633cc7fc133-139513405390848","trial_id":111,"step":30,"intermediate_value":0.03820475563406944}
{"op_code":7,"worker_id":"15059474-2802-491e-b069-2441b973c009-132863787323392","trial_id":76,"step":350,"intermediate_value":0.5092017455026507}
{"op_code":7,"worker_id":"e0465576-a5f3-4860-8c67-8c71fbbe2e2d-129090716581888","trial_id":89,"step":80,"intermediate_value":0.025191462598741055}
{"op_code":4,"worker_id":"0613247f-d331-4ea7-afae-abf268742448-135653107617792","study_id":1,"datetime_start":"2026-06-09T23:31:46.852530"}
{"op_code":5,"worker_id":"0613247f-d331-4ea7-afae-abf268742448-135653107617792","trial_id":119,"param_name":"lr","param_value_internal":0.0008359848892417423,"distribution":"{\"name\": \"FloatDistribution\", \"attributes\": {\"step\": null, \"low\": 0.0002, \"high\": 0.005, \"log\": true}}"}
{"op_code":7,"worker_id":"1a3df289-b80e-4831-bf17-868dbc7ef066-126353676697600","trial_id":84,"step":250,"intermediate_value":0.01406094478443265}
{"op_code":5,"worker_id":"0613247f-d331-4ea7-afae-abf268742448-135653107617792","trial_id":119,"param_name":"neural_alpha","param_value_internal":2.5352837822775376,"distribution":"{\"name\": \"FloatDistribution\", \"attributes\": {\"step\": null, \"low\": 2.0, \"high\": 30.0, \"log\": true}}"}
{"op_code":5,"worker_id":"0613247f-d331-4ea7-afae-abf268742448-135653107617792","trial_id":119,"param_name":"neural_beta","param_value_internal":9.370603722705006,"distribution":"{\"name\": \"FloatDistribution\", \"attributes\": {\"step\": null, \"low\": 1.0, \"high\": 10.0, \"log\": false}}"}
{"op_code":5,"worker_id":"0613247f-d331-4ea7-afae-abf268742448-135653107617792","trial_id":119,"param_name":"neural_grad_clip","param_value_internal":1.0150825393304848,"distribution":"{\"name\": \"FloatDistribution\", \"attributes\": {\"step\": null, \"low\": 0.5, \"high\": 3.0, \"log\": false}}"}
{"op_code":7,"worker_id":"d704f728-0a55-46da-971e-a4549ca6e104-139157601017856","trial_id":112,"step":10,"intermediate_value":0.021854049991816282}
{"op_code":5,"worker_id":"0613247f-d331-4ea7-afae-abf268742448-135653107617792","trial_id":119,"param_name":"weight_decay","param_value_internal":0.3284454759223837,"distribution":"{\"name\": \"FloatDistribution\", \"attributes\": {\"step\": null, \"low\": 0.2, \"high\": 4.0, \"log\": true}}"}
{"op_code":5,"worker_id":"0613247f-d331-4ea7-afae-abf268742448-135653107617792","trial_id":119,"param_name":"matmul_precision","param_value_internal":0,"distribution":"{\"name\": \"CategoricalDistribution\", \"attributes\": {\"choices\": [\"bf16\", \"tf32\", \"fp32\", \"fp16amp\"]}}"}
{"op_code":7,"worker_id":"e0465576-a5f3-4860-8c67-8c71fbbe2e2d-129090716581888","trial_id":89,"step":90,"intermediate_value":0.03068249113857746}
{"op_code":5,"worker_id":"b4432204-9727-4637-b19f-42635a2d84d6-134999634104320","trial_id":116,"param_name":"grokadamw_alpha","param_value_internal":0.9538121610562869,"distribution":"{\"name\": \"FloatDistribution\", \"attributes\": {\"step\": null, \"low\": 0.9, \"high\": 0.999, \"log\": false}}"}
{"op_code":7,"worker_id":"f6fd86d3-3343-4798-9777-bfe2bde75fb7-137831837204480","trial_id":105,"step":40,"intermediate_value":0.018550436943769455}
{"op_code":5,"worker_id":"b4432204-9727-4637-b19f-42635a2d84d6-134999634104320","trial_id":116,"param_name":"grokadamw_lamb","param_value_internal":1.677000908309595,"distribution":"{\"name\": \"FloatDistribution\", \"attributes\": {\"step\": null, \"low\": 0.5, \"high\": 10.0, \"log\": true}}"}
{"op_code":5,"worker_id":"b4432204-9727-4637-b19f-42635a2d84d6-134999634104320","trial_id":116,"param_name":"grokadamw_grad_clip","param_value_internal":2.6097835815556962,"distribution":"{\"name\": \"FloatDistribution\", \"attributes\": {\"step\": null, \"low\": 0.5, \"high\": 3.0, \"log\": false}}"}
{"op_code":7,"worker_id":"1cd046f5-1686-4abf-94e8-e4fa59a08500-131165583757312","trial_id":77,"step":200,"intermediate_value":0.1433016937226057}
{"op_code":5,"worker_id":"b4432204-9727-4637-b19f-42635a2d84d6-134999634104320","trial_id":116,"param_name":"weight_decay","param_value_internal":0.8251526086850167,"distribution":"{\"name\": \"FloatDistribution\", \"attributes\": {\"step\": null, \"low\": 0.2, \"high\": 4.0, \"log\": true}}"}
{"op_code":5,"worker_id":"b4432204-9727-4637-b19f-42635a2d84d6-134999634104320","trial_id":116,"param_name":"matmul_precision","param_value_internal":3,"distribution":"{\"name\": \"CategoricalDistribution\", \"attributes\": {\"choices\": [\"bf16\", \"tf32\", \"fp32\", \"fp16amp\"]}}"}
{"op_code":7,"worker_id":"0613247f-d331-4ea7-afae-abf268742448-135653107617792","trial_id":119,"step":10,"intermediate_value":0.026626180857419968}
{"op_code":7,"worker_id":"855aa31e-eefd-40ff-b92f-4ebe88b9296a-135118154514432","trial_id":68,"step":240,"intermediate_value":0.13112660590559244}
{"op_code":7,"worker_id":"669e062c-5c64-4704-a838-93a20247d039-138056793800704","trial_id":101,"step":70,"intermediate_value":0.04546993877738714}
{"op_code":0,"worker_id":"363ffb91-ee8c-4a88-8743-3109687912f7-128196031852544","study_name":"looksam__decoder","directions":[1]}
{"op_code":7,"worker_id":"66e69664-d16b-49f3-aa41-bf417fc9117f-132066782720000","trial_id":91,"step":160,"intermediate_value":0.015478044748306274}
{"op_code":7,"worker_id":"f6fd86d3-3343-4798-9777-bfe2bde75fb7-137831837204480","trial_id":105,"step":50,"intermediate_value":0.014056924730539322}
{"op_code":0,"worker_id":"d0e4247f-8863-4049-ab8e-fc093897e3f4-128196031852544","study_name":"prodigy__decoder","directions":[1]}
{"op_code":4,"worker_id":"b5d03941-07c8-4912-98ef-de0643a461d4-128196031852544","study_id":0,"datetime_start":"2026-06-09T23:33:11.493842"}
{"op_code":5,"worker_id":"b5d03941-07c8-4912-98ef-de0643a461d4-128196031852544","trial_id":120,"param_name":"lr","param_value_internal":0.0015018354452730237,"distribution":"{\"name\": \"FloatDistribution\", \"attributes\": {\"step\": null, \"low\": 0.0002, \"high\": 0.005, \"log\": true}}"}
{"op_code":5,"worker_id":"b5d03941-07c8-4912-98ef-de0643a461d4-128196031852544","trial_id":120,"param_name":"beta1","param_value_internal":0.9461806853331142,"distribution":"{\"name\": \"FloatDistribution\", \"attributes\": {\"step\": null, \"low\": 0.85, \"high\": 0.95, \"log\": false}}"}
{"op_code":5,"worker_id":"b5d03941-07c8-4912-98ef-de0643a461d4-128196031852544","trial_id":120,"param_name":"beta2","param_value_internal":0.9532924448541229,"distribution":"{\"name\": \"FloatDistribution\", \"attributes\": {\"step\": null, \"low\": 0.95, \"high\": 0.9995, \"log\": false}}"}
{"op_code":5,"worker_id":"b5d03941-07c8-4912-98ef-de0643a461d4-128196031852544","trial_id":120,"param_name":"weight_decay","param_value_internal":1.663357039272248,"distribution":"{\"name\": \"FloatDistribution\", \"attributes\": {\"step\": null, \"low\": 0.2, \"high\": 4.0, \"log\": true}}"}
{"op_code":5,"worker_id":"b5d03941-07c8-4912-98ef-de0643a461d4-128196031852544","trial_id":120,"param_name":"matmul_precision","param_value_internal":3,"distribution":"{\"name\": \"CategoricalDistribution\", \"attributes\": {\"choices\": [\"bf16\", \"tf32\", \"fp32\", \"fp16amp\"]}}"}
{"op_code":7,"worker_id":"66e69664-d16b-49f3-aa41-bf417fc9117f-132066782720000","trial_id":91,"step":170,"intermediate_value":0.011458908673375845}
{"op_code":7,"worker_id":"855aa31e-eefd-40ff-b92f-4ebe88b9296a-135118154514432","trial_id":68,"step":250,"intermediate_value":0.15058226883411407}
{"op_code":7,"worker_id":"15059474-2802-491e-b069-2441b973c009-132863787323392","trial_id":76,"step":360,"intermediate_value":0.5094403428956866}
{"op_code":7,"worker_id":"b62956c9-daec-4291-a509-9732b9b6d316-134317690548224","trial_id":63,"step":350,"intermediate_value":0.22413543611764908}
{"op_code":7,"worker_id":"f6fd86d3-3343-4798-9777-bfe2bde75fb7-137831837204480","trial_id":105,"step":60,"intermediate_value":0.019611251540482044}
{"op_code":7,"worker_id":"15059474-2802-491e-b069-2441b973c009-132863787323392","trial_id":76,"step":370,"intermediate_value":0.5099175376817584}
{"op_code":7,"worker_id":"66e69664-d16b-49f3-aa41-bf417fc9117f-132066782720000","trial_id":91,"step":180,"intermediate_value":0.01926099695265293}
{"op_code":7,"worker_id":"4ebb2a3b-77de-4b49-be2d-4a446ab21ba8-129478800961536","trial_id":61,"step":270,"intermediate_value":0.5172043014317751}
{"op_code":7,"worker_id":"5995d022-8a01-488a-8a3b-de18b9874811-138063286341632","trial_id":73,"step":240,"intermediate_value":0.0523226335644722}
{"op_code":7,"worker_id":"4ebb2a3b-77de-4b49-be2d-4a446ab21ba8-129478800961536","trial_id":61,"step":280,"intermediate_value":0.5172043014317751}
{"op_code":7,"worker_id":"5995d022-8a01-488a-8a3b-de18b9874811-138063286341632","trial_id":73,"step":250,"intermediate_value":0.07382938265800476}
{"op_code":8,"worker_id":"b5d03941-07c8-4912-98ef-de0643a461d4-128196031852544","trial_id":120,"user_attr":{"crash":"TypeError(\"fused_step(): incompatible function arguments. The following argument types are supported:\\n    1. (arg0: str, arg1: str, arg2: torch.Tensor, arg3: torch.Tensor, arg4: torch.Tensor, arg5: torch.Tensor, arg6: float) -> None\\n\\nInvoked with: 'transformer_decoder', 'adamw', tensor([-1.2259, "}}
{"op_code":6,"worker_id":"b5d03941-07c8-4912-98ef-de0643a461d4-128196031852544","trial_id":120,"state":1,"values":[10100.0],"datetime_complete":"2026-06-09T23:33:19.622888"}
{"op_code":4,"worker_id":"957c174d-4506-4c9c-85b7-0d685a6227e0-128196031852544","study_id":1,"datetime_start":"2026-06-09T23:33:19.783066"}
{"op_code":5,"worker_id":"957c174d-4506-4c9c-85b7-0d685a6227e0-128196031852544","trial_id":121,"param_name":"lr","param_value_internal":0.0003174739978605181,"distribution":"{\"name\": \"FloatDistribution\", \"attributes\": {\"step\": null, \"low\": 0.0002, \"high\": 0.005, \"log\": true}}"}
{"op_code":5,"worker_id":"957c174d-4506-4c9c-85b7-0d685a6227e0-128196031852544","trial_id":121,"param_name":"neural_alpha","param_value_internal":2.194576556521444,"distribution":"{\"name\": \"FloatDistribution\", \"attributes\": {\"step\": null, \"low\": 2.0, \"high\": 30.0, \"log\": true}}"}
{"op_code":5,"worker_id":"957c174d-4506-4c9c-85b7-0d685a6227e0-128196031852544","trial_id":121,"param_name":"neural_beta","param_value_internal":7.758535258339955,"distribution":"{\"name\": \"FloatDistribution\", \"attributes\": {\"step\": null, \"low\": 1.0, \"high\": 10.0, \"log\": false}}"}
{"op_code":5,"worker_id":"957c174d-4506-4c9c-85b7-0d685a6227e0-128196031852544","trial_id":121,"param_name":"neural_grad_clip","param_value_internal":1.9042021369192277,"distribution":"{\"name\": \"FloatDistribution\", \"attributes\": {\"step\": null, \"low\": 0.5, \"high\": 3.0, \"log\": false}}"}
{"op_code":7,"worker_id":"4ebb2a3b-77de-4b49-be2d-4a446ab21ba8-129478800961536","trial_id":61,"step":290,"intermediate_value":0.5172043014317751}
{"op_code":5,"worker_id":"957c174d-4506-4c9c-85b7-0d685a6227e0-128196031852544","trial_id":121,"param_name":"weight_decay","param_value_internal":2.904179386737321,"distribution":"{\"name\": \"FloatDistribution\", \"attributes\": {\"step\": null, \"low\": 0.2, \"high\": 4.0, \"log\": true}}"}
{"op_code":5,"worker_id":"957c174d-4506-4c9c-85b7-0d685a6227e0-128196031852544","trial_id":121,"param_name":"matmul_precision","param_value_internal":3,"distribution":"{\"name\": \"CategoricalDistribution\", \"attributes\": {\"choices\": [\"bf16\", \"tf32\", \"fp32\", \"fp16amp\"]}}"}
{"op_code":8,"worker_id":"957c174d-4506-4c9c-85b7-0d685a6227e0-128196031852544","trial_id":121,"user_attr":{"crash":"AssertionError('No inf checks were recorded for this optimizer.')"}}
{"op_code":6,"worker_id":"957c174d-4506-4c9c-85b7-0d685a6227e0-128196031852544","trial_id":121,"state":1,"values":[10100.0],"datetime_complete":"2026-06-09T23:33:25.431601"}
{"op_code":4,"worker_id":"9f66ccd5-9467-480d-9ac7-7017afa895de-128196031852544","study_id":2,"datetime_start":"2026-06-09T23:33:25.554234"}
{"op_code":5,"worker_id":"9f66ccd5-9467-480d-9ac7-7017afa895de-128196031852544","trial_id":122,"param_name":"lr","param_value_internal":0.0021933122401779407,"distribution":"{\"name\": \"FloatDistribution\", \"attributes\": {\"step\": null, \"low\": 0.0002, \"high\": 0.005, \"log\": true}}"}
{"op_code":5,"worker_id":"9f66ccd5-9467-480d-9ac7-7017afa895de-128196031852544","trial_id":122,"param_name":"grokadamw_alpha","param_value_internal":0.9946295743884617,"distribution":"{\"name\": \"FloatDistribution\", \"attributes\": {\"step\": null, \"low\": 0.9, \"high\": 0.999, \"log\": false}}"}
{"op_code":5,"worker_id":"9f66ccd5-9467-480d-9ac7-7017afa895de-128196031852544","trial_id":122,"param_name":"grokadamw_lamb","param_value_internal":3.985335388650018,"distribution":"{\"name\": \"FloatDistribution\", \"attributes\": {\"step\": null, \"low\": 0.5, \"high\": 10.0, \"log\": true}}"}
{"op_code":5,"worker_id":"9f66ccd5-9467-480d-9ac7-7017afa895de-128196031852544","trial_id":122,"param_name":"grokadamw_grad_clip","param_value_internal":2.669934633366502,"distribution":"{\"name\": \"FloatDistribution\", \"attributes\": {\"step\": null, \"low\": 0.5, \"high\": 3.0, \"log\": false}}"}
{"op_code":5,"worker_id":"9f66ccd5-9467-480d-9ac7-7017afa895de-128196031852544","trial_id":122,"param_name":"weight_decay","param_value_internal":0.9050319733219021,"distribution":"{\"name\": \"FloatDistribution\", \"attributes\": {\"step\": null, \"low\": 0.2, \"high\": 4.0, \"log\": true}}"}
{"op_code":5,"worker_id":"9f66ccd5-9467-480d-9ac7-7017afa895de-128196031852544","trial_id":122,"param_name":"matmul_precision","param_value_internal":1,"distribution":"{\"name\": \"CategoricalDistribution\", \"attributes\": {\"choices\": [\"bf16\", \"tf32\", \"fp32\", \"fp16amp\"]}}"}
{"op_code":7,"worker_id":"9f66ccd5-9467-480d-9ac7-7017afa895de-128196031852544","trial_id":122,"step":10,"intermediate_value":0.009308733744546771}
{"op_code":7,"worker_id":"1cd046f5-1686-4abf-94e8-e4fa59a08500-131165583757312","trial_id":77,"step":210,"intermediate_value":0.14437849819660187}
{"op_code":7,"worker_id":"0613247f-d331-4ea7-afae-abf268742448-135653107617792","trial_id":119,"step":20,"intermediate_value":0.03199482709169388}
{"op_code":7,"worker_id":"15059474-2802-491e-b069-2441b973c009-132863787323392","trial_id":76,"step":380,"intermediate_value":0.5101561648771167}
{"op_code":7,"worker_id":"5995d022-8a01-488a-8a3b-de18b9874811-138063286341632","trial_id":73,"step":260,"intermediate_value":0.06272676028311253}
{"op_code":7,"worker_id":"9f66ccd5-9467-480d-9ac7-7017afa895de-128196031852544","trial_id":122,"step":20,"intermediate_value":0.015283133834600449}
{"op_code":7,"worker_id":"1cd046f5-1686-4abf-94e8-e4fa59a08500-131165583757312","trial_id":77,"step":220,"intermediate_value":0.15916903130710125}
{"op_code":7,"worker_id":"15059474-2802-491e-b069-2441b973c009-132863787323392","trial_id":76,"step":390,"intermediate_value":0.5125453006476164}
{"op_code":7,"worker_id":"5995d022-8a01-488a-8a3b-de18b9874811-138063286341632","trial_id":73,"step":270,"intermediate_value":0.06320515647530556}
{"op_code":7,"worker_id":"15059474-2802-491e-b069-2441b973c009-132863787323392","trial_id":76,"step":400,"intermediate_value":0.5148151367902756}
{"op_code":5,"worker_id":"ef6cd060-2eff-44bc-b372-258e4c7e9a5a-131557541150720","trial_id":114,"param_name":"weight_decay","param_value_internal":3.2894597491707507,"distribution":"{\"name\": \"FloatDistribution\", \"attributes\": {\"step\": null, \"low\": 0.2, \"high\": 4.0, \"log\": true}}"}
{"op_code":7,"worker_id":"0d363365-fb60-44b7-b09f-d3edac0628c8-134803987668992","trial_id":72,"step":120,"intermediate_value":0.06981088407337666}
{"op_code":7,"worker_id":"1a3df289-b80e-4831-bf17-868dbc7ef066-126353676697600","trial_id":84,"step":260,"intermediate_value":0.018552447203546762}
{"op_code":5,"worker_id":"ef6cd060-2eff-44bc-b372-258e4c7e9a5a-131557541150720","trial_id":114,"param_name":"matmul_precision","param_value_internal":2,"distribution":"{\"name\": \"CategoricalDistribution\", \"attributes\": {\"choices\": [\"bf16\", \"tf32\", \"fp32\", \"fp16amp\"]}}"}
{"op_code":7,"worker_id":"1cd046f5-1686-4abf-94e8-e4fa59a08500-131165583757312","trial_id":77,"step":230,"intermediate_value":0.16860014386475086}
{"op_code":7,"worker_id":"15059474-2802-491e-b069-2441b973c009-132863787323392","trial_id":76,"step":410,"intermediate_value":0.5150537639856339}
{"op_code":7,"worker_id":"4ebb2a3b-77de-4b49-be2d-4a446ab21ba8-129478800961536","trial_id":61,"step":300,"intermediate_value":0.5172043014317751}
{"op_code":7,"worker_id":"5995d022-8a01-488a-8a3b-de18b9874811-138063286341632","trial_id":73,"step":280,"intermediate_value":0.07785253971815109}
{"op_code":7,"worker_id":"9f66ccd5-9467-480d-9ac7-7017afa895de-128196031852544","trial_id":122,"step":30,"intermediate_value":0.03224267065525055}
{"op_code":7,"worker_id":"0613247f-d331-4ea7-afae-abf268742448-135653107617792","trial_id":119,"step":30,"intermediate_value":0.03962407913058996}
{"op_code":7,"worker_id":"1cd046f5-1686-4abf-94e8-e4fa59a08500-131165583757312","trial_id":77,"step":240,"intermediate_value":0.16918742191046476}
{"op_code":7,"worker_id":"1a3df289-b80e-4831-bf17-868dbc7ef066-126353676697600","trial_id":84,"step":270,"intermediate_value":0.007796057965606451}
{"op_code":7,"worker_id":"0dc1d806-3474-4639-b889-f5ed08a8dd79-133189199245312","trial_id":88,"step":260,"intermediate_value":0.13876509200781584}
{"op_code":7,"worker_id":"77afc7e0-13e7-44d6-8cda-a7b7cb8d402d-131805238861824","trial_id":98,"step":120,"intermediate_value":0.3465913934633136}
{"op_code":7,"worker_id":"b8380e44-f689-4dbb-a278-72dbe159926f-130931437379584","trial_id":81,"step":140,"intermediate_value":0.04093333426862955}
{"op_code":7,"worker_id":"15059474-2802-491e-b069-2441b973c009-132863787323392","trial_id":76,"step":420,"intermediate_value":0.5150537639856339}
{"op_code":7,"worker_id":"9f66ccd5-9467-480d-9ac7-7017afa895de-128196031852544","trial_id":122,"step":40,"intermediate_value":0.014925223775207996}
{"op_code":7,"worker_id":"4ebb2a3b-77de-4b49-be2d-4a446ab21ba8-129478800961536","trial_id":61,"step":310,"intermediate_value":0.5172043014317751}
{"op_code":7,"worker_id":"1cd046f5-1686-4abf-94e8-e4fa59a08500-131165583757312","trial_id":77,"step":250,"intermediate_value":0.17623555846512318}
{"op_code":7,"worker_id":"5995d022-8a01-488a-8a3b-de18b9874811-138063286341632","trial_id":73,"step":290,"intermediate_value":0.02185499295592308}
{"op_code":5,"worker_id":"785a579a-0ea3-48d0-b83e-b44d87e8825a-130602565894144","trial_id":106,"param_name":"lr","param_value_internal":0.00024279569707442043,"distribution":"{\"name\": \"FloatDistribution\", \"attributes\": {\"step\": null, \"low\": 0.0002, \"high\": 0.005, \"log\": true}}"}
{"op_code":8,"worker_id":"75a3eb48-1ece-4602-9441-d3e11bbd5e29-136787336318976","trial_id":113,"user_attr":{"crash":"AssertionError('No inf checks were recorded for this optimizer.')"}}
{"op_code":5,"worker_id":"785a579a-0ea3-48d0-b83e-b44d87e8825a-130602565894144","trial_id":106,"param_name":"beta1","param_value_internal":0.8621066077225276,"distribution":"{\"name\": \"FloatDistribution\", \"attributes\": {\"step\": null, \"low\": 0.85, \"high\": 0.95, \"log\": false}}"}
{"op_code":6,"worker_id":"75a3eb48-1ece-4602-9441-d3e11bbd5e29-136787336318976","trial_id":113,"state":1,"values":[10100.0],"datetime_complete":"2026-06-09T23:33:35.033007"}
{"op_code":7,"worker_id":"15059474-2802-491e-b069-2441b973c009-132863787323392","trial_id":76,"step":430,"intermediate_value":0.5150537639856339}
{"op_code":7,"worker_id":"4ebb2a3b-77de-4b49-be2d-4a446ab21ba8-129478800961536","trial_id":61,"step":320,"intermediate_value":0.5172043014317751}
{"op_code":8,"worker_id":"ef6cd060-2eff-44bc-b372-258e4c7e9a5a-131557541150720","trial_id":114,"user_attr":{"crash":"TypeError(\"fused_step(): incompatible function arguments. The following argument types are supported:\\n    1. (arg0: str, arg1: str, arg2: torch.Tensor, arg3: torch.Tensor, arg4: torch.Tensor, arg5: torch.Tensor, arg6: float) -> None\\n\\nInvoked with: 'mamba3', 'adamw', tensor([0.6633, 0.7959, 1.7340"}}
{"op_code":6,"worker_id":"ef6cd060-2eff-44bc-b372-258e4c7e9a5a-131557541150720","trial_id":114,"state":1,"values":[24100.0],"datetime_complete":"2026-06-09T23:33:42.264455"}
{"op_code":7,"worker_id":"5995d022-8a01-488a-8a3b-de18b9874811-138063286341632","trial_id":73,"step":300,"intermediate_value":0.01405893499031663}
{"op_code":7,"worker_id":"15059474-2802-491e-b069-2441b973c009-132863787323392","trial_id":76,"step":440,"intermediate_value":0.5150537639856339}
{"op_code":7,"worker_id":"b8380e44-f689-4dbb-a278-72dbe159926f-130931437379584","trial_id":81,"step":150,"intermediate_value":0.04272288549691439}
{"op_code":4,"worker_id":"ab19063c-7aa8-4b5f-a5f6-9c8ba12bc130-131557541150720","study_id":14,"datetime_start":"2026-06-09T23:33:42.461755"}
{"op_code":7,"worker_id":"0d363365-fb60-44b7-b09f-d3edac0628c8-134803987668992","trial_id":72,"step":130,"intermediate_value":0.08997313492000103}
{"op_code":5,"worker_id":"ab19063c-7aa8-4b5f-a5f6-9c8ba12bc130-131557541150720","trial_id":123,"param_name":"lr","param_value_internal":0.00023844001580105827,"distribution":"{\"name\": \"FloatDistribution\", \"attributes\": {\"step\": null, \"low\": 0.0002, \"high\": 0.005, \"log\": true}}"}
{"op_code":5,"worker_id":"ab19063c-7aa8-4b5f-a5f6-9c8ba12bc130-131557541150720","trial_id":123,"param_name":"neural_alpha","param_value_internal":2.4680671462505224,"distribution":"{\"name\": \"FloatDistribution\", \"attributes\": {\"step\": null, \"low\": 2.0, \"high\": 30.0, \"log\": true}}"}
{"op_code":5,"worker_id":"ab19063c-7aa8-4b5f-a5f6-9c8ba12bc130-131557541150720","trial_id":123,"param_name":"neural_beta","param_value_internal":1.358799732526562,"distribution":"{\"name\": \"FloatDistribution\", \"attributes\": {\"step\": null, \"low\": 1.0, \"high\": 10.0, \"log\": false}}"}
{"op_code":5,"worker_id":"ab19063c-7aa8-4b5f-a5f6-9c8ba12bc130-131557541150720","trial_id":123,"param_name":"neural_grad_clip","param_value_internal":0.8967333568327067,"distribution":"{\"name\": \"FloatDistribution\", \"attributes\": {\"step\": null, \"low\": 0.5, \"high\": 3.0, \"log\": false}}"}
{"op_code":5,"worker_id":"ab19063c-7aa8-4b5f-a5f6-9c8ba12bc130-131557541150720","trial_id":123,"param_name":"weight_decay","param_value_internal":0.3819110854310459,"distribution":"{\"name\": \"FloatDistribution\", \"attributes\": {\"step\": null, \"low\": 0.2, \"high\": 4.0, \"log\": true}}"}
{"op_code":5,"worker_id":"ab19063c-7aa8-4b5f-a5f6-9c8ba12bc130-131557541150720","trial_id":123,"param_name":"matmul_precision","param_value_internal":1,"distribution":"{\"name\": \"CategoricalDistribution\", \"attributes\": {\"choices\": [\"bf16\", \"tf32\", \"fp32\", \"fp16amp\"]}}"}
{"op_code":7,"worker_id":"1cd046f5-1686-4abf-94e8-e4fa59a08500-131165583757312","trial_id":77,"step":260,"intermediate_value":0.17682590894401073}
{"op_code":7,"worker_id":"5995d022-8a01-488a-8a3b-de18b9874811-138063286341632","trial_id":73,"step":310,"intermediate_value":0.022207257337868214}
{"op_code":7,"worker_id":"77afc7e0-13e7-44d6-8cda-a7b7cb8d402d-131805238861824","trial_id":98,"step":130,"intermediate_value":0.3952640378847718}
{"op_code":7,"worker_id":"d4c6ce7c-ce66-4e7e-a1e5-d6fb0080cee3-135871939538944","trial_id":97,"step":50,"intermediate_value":0.04045612085610628}
{"op_code":7,"worker_id":"23286507-3c35-40b6-ba97-116cfd27a518-129889096323072","trial_id":67,"step":230,"intermediate_value":0.5021276595070958}
{"op_code":7,"worker_id":"ebcfea4b-a1cb-4027-864e-b633cc7fc133-139513405390848","trial_id":111,"step":40,"intermediate_value":0.036757721565663815}
{"op_code":7,"worker_id":"77afc7e0-13e7-44d6-8cda-a7b7cb8d402d-131805238861824","trial_id":98,"step":140,"intermediate_value":0.41924707125872374}
{"op_code":7,"worker_id":"4ebb2a3b-77de-4b49-be2d-4a446ab21ba8-129478800961536","trial_id":61,"step":330,"intermediate_value":0.5172043014317751}
{"op_code":7,"worker_id":"0dc1d806-3474-4639-b889-f5ed08a8dd79-133189199245312","trial_id":88,"step":270,"intermediate_value":0.1560640586540103}
{"op_code":7,"worker_id":"0613247f-d331-4ea7-afae-abf268742448-135653107617792","trial_id":119,"step":40,"intermediate_value":0.059189814142882824}
{"op_code":7,"worker_id":"b4432204-9727-4637-b19f-42635a2d84d6-134999634104320","trial_id":116,"step":10,"intermediate_value":0.010514175985008478}
{"op_code":7,"worker_id":"e60a5b08-9e2e-4a86-b306-d6f4dffbeae7-137374652923904","trial_id":117,"step":10,"intermediate_value":0.022450566291809082}
{"op_code":7,"worker_id":"5995d022-8a01-488a-8a3b-de18b9874811-138063286341632","trial_id":73,"step":320,"intermediate_value":0.03059377335011959}
{"op_code":4,"worker_id":"26cf6585-191d-41c7-a069-093663dbf6af-136787336318976","study_id":2,"datetime_start":"2026-06-09T23:33:41.194365"}
{"op_code":5,"worker_id":"26cf6585-191d-41c7-a069-093663dbf6af-136787336318976","trial_id":124,"param_name":"lr","param_value_internal":0.001658400392383451,"distribution":"{\"name\": \"FloatDistribution\", \"attributes\": {\"step\": null, \"low\": 0.0002, \"high\": 0.005, \"log\": true}}"}
{"op_code":7,"worker_id":"0dc1d806-3474-4639-b889-f5ed08a8dd79-133189199245312","trial_id":88,"step":280,"intermediate_value":0.17777725588530302}
{"op_code":5,"worker_id":"26cf6585-191d-41c7-a069-093663dbf6af-136787336318976","trial_id":124,"param_name":"grokadamw_alpha","param_value_internal":0.9538121610562869,"distribution":"{\"name\": \"FloatDistribution\", \"attributes\": {\"step\": null, \"low\": 0.9, \"high\": 0.999, \"log\": false}}"}
{"op_code":5,"worker_id":"26cf6585-191d-41c7-a069-093663dbf6af-136787336318976","trial_id":124,"param_name":"grokadamw_lamb","param_value_internal":1.677000908309595,"distribution":"{\"name\": \"FloatDistribution\", \"attributes\": {\"step\": null, \"low\": 0.5, \"high\": 10.0, \"log\": true}}"}
{"op_code":5,"worker_id":"26cf6585-191d-41c7-a069-093663dbf6af-136787336318976","trial_id":124,"param_name":"grokadamw_grad_clip","param_value_internal":2.6097835815556962,"distribution":"{\"name\": \"FloatDistribution\", \"attributes\": {\"step\": null, \"low\": 0.5, \"high\": 3.0, \"log\": false}}"}
{"op_code":5,"worker_id":"26cf6585-191d-41c7-a069-093663dbf6af-136787336318976","trial_id":124,"param_name":"weight_decay","param_value_internal":0.8251526086850167,"distribution":"{\"name\": \"FloatDistribution\", \"attributes\": {\"step\": null, \"low\": 0.2, \"high\": 4.0, \"log\": true}}"}
{"op_code":5,"worker_id":"26cf6585-191d-41c7-a069-093663dbf6af-136787336318976","trial_id":124,"param_name":"matmul_precision","param_value_internal":3,"distribution":"{\"name\": \"CategoricalDistribution\", \"attributes\": {\"choices\": [\"bf16\", \"tf32\", \"fp32\", \"fp16amp\"]}}"}
{"op_code":7,"worker_id":"e60a5b08-9e2e-4a86-b306-d6f4dffbeae7-137374652923904","trial_id":117,"step":20,"intermediate_value":0.020654859021306038}
{"op_code":7,"worker_id":"0613247f-d331-4ea7-afae-abf268742448-135653107617792","trial_id":119,"step":50,"intermediate_value":0.09307194035500288}
{"op_code":7,"worker_id":"0613247f-d331-4ea7-afae-abf268742448-135653107617792","trial_id":119,"step":60,"intermediate_value":0.12886292021721601}
{"op_code":7,"worker_id":"e60a5b08-9e2e-4a86-b306-d6f4dffbeae7-137374652923904","trial_id":117,"step":30,"intermediate_value":0.03355808462947607}
{"op_code":7,"worker_id":"1a3df289-b80e-4831-bf17-868dbc7ef066-126353676697600","trial_id":84,"step":280,"intermediate_value":0.014769494999200106}
{"op_code":7,"worker_id":"f6fd86d3-3343-4798-9777-bfe2bde75fb7-137831837204480","trial_id":105,"step":70,"intermediate_value":0.018306213431060314}
{"op_code":7,"worker_id":"5995d022-8a01-488a-8a3b-de18b9874811-138063286341632","trial_id":73,"step":330,"intermediate_value":0.035091305151581764}
{"op_code":7,"worker_id":"66e69664-d16b-49f3-aa41-bf417fc9117f-132066782720000","trial_id":91,"step":190,"intermediate_value":0.012049367185682058}
{"op_code":7,"worker_id":"ebcfea4b-a1cb-4027-864e-b633cc7fc133-139513405390848","trial_id":111,"step":50,"intermediate_value":0.039740302599966526}
{"op_code":7,"worker_id":"0613247f-d331-4ea7-afae-abf268742448-135653107617792","trial_id":119,"step":70,"intermediate_value":0.18266869615763426}
{"op_code":7,"worker_id":"e60a5b08-9e2e-4a86-b306-d6f4dffbeae7-137374652923904","trial_id":117,"step":40,"intermediate_value":0.027941595762968063}
{"op_code":7,"worker_id":"1a3df289-b80e-4831-bf17-868dbc7ef066-126353676697600","trial_id":84,"step":290,"intermediate_value":0.017133337445557117}
{"op_code":7,"worker_id":"66e69664-d16b-49f3-aa41-bf417fc9117f-132066782720000","trial_id":91,"step":200,"intermediate_value":0.01772379595786333}
{"op_code":7,"worker_id":"d704f728-0a55-46da-971e-a4549ca6e104-139157601017856","trial_id":112,"step":20,"intermediate_value":0.02018072595819831}
{"op_code":7,"worker_id":"669e062c-5c64-4704-a838-93a20247d039-138056793800704","trial_id":101,"step":80,"intermediate_value":0.05501419957727194}
{"op_code":7,"worker_id":"855aa31e-eefd-40ff-b92f-4ebe88b9296a-135118154514432","trial_id":68,"step":260,"intermediate_value":0.152598119340837}
{"op_code":7,"worker_id":"5995d022-8a01-488a-8a3b-de18b9874811-138063286341632","trial_id":73,"step":340,"intermediate_value":0.03828179091215134}
{"op_code":7,"worker_id":"f6fd86d3-3343-4798-9777-bfe2bde75fb7-137831837204480","trial_id":105,"step":80,"intermediate_value":0.02361832745373249}
{"op_code":7,"worker_id":"e60a5b08-9e2e-4a86-b306-d6f4dffbeae7-137374652923904","trial_id":117,"step":50,"intermediate_value":0.027464382350444794}
{"op_code":7,"worker_id":"0613247f-d331-4ea7-afae-abf268742448-135653107617792","trial_id":119,"step":80,"intermediate_value":0.23802540730684996}
{"op_code":7,"worker_id":"d704f728-0a55-46da-971e-a4549ca6e104-139157601017856","trial_id":112,"step":30,"intermediate_value":0.029373234137892723}
{"op_code":7,"worker_id":"1a3df289-b80e-4831-bf17-868dbc7ef066-126353676697600","trial_id":84,"step":300,"intermediate_value":0.014769494999200106}
{"op_code":7,"worker_id":"66e69664-d16b-49f3-aa41-bf417fc9117f-132066782720000","trial_id":91,"step":210,"intermediate_value":0.017131327651441097}
{"op_code":7,"worker_id":"e60a5b08-9e2e-4a86-b306-d6f4dffbeae7-137374652923904","trial_id":117,"step":60,"intermediate_value":0.03762055467814207}
{"op_code":7,"worker_id":"5995d022-8a01-488a-8a3b-de18b9874811-138063286341632","trial_id":73,"step":350,"intermediate_value":0.03012743778526783}
{"op_code":7,"worker_id":"d704f728-0a55-46da-971e-a4549ca6e104-139157601017856","trial_id":112,"step":40,"intermediate_value":0.02937015611678362}
{"op_code":7,"worker_id":"9f66ccd5-9467-480d-9ac7-7017afa895de-128196031852544","trial_id":122,"step":50,"intermediate_value":0.01707576122134924}
{"op_code":7,"worker_id":"5995d022-8a01-488a-8a3b-de18b9874811-138063286341632","trial_id":73,"step":360,"intermediate_value":0.03497120551764965}
{"op_code":7,"worker_id":"5e0e8973-4b44-4525-a1fb-e267dde658cb-126908061577216","trial_id":78,"step":160,"intermediate_value":0.5086021507158875}
{"op_code":7,"worker_id":"77afc7e0-13e7-44d6-8cda-a7b7cb8d402d-131805238861824","trial_id":98,"step":150,"intermediate_value":0.438451805151999}
{"op_code":7,"worker_id":"15059474-2802-491e-b069-2441b973c009-132863787323392","trial_id":76,"step":450,"intermediate_value":0.5172043014317751}
{"op_code":5,"worker_id":"48092d50-dac8-4188-a108-f67fcf648d93-139383015178240","trial_id":118,"param_name":"beta1","param_value_internal":0.8922288334353543,"distribution":"{\"name\": \"FloatDistribution\", \"attributes\": {\"step\": null, \"low\": 0.85, \"high\": 0.95, \"log\": false}}"}
{"op_code":7,"worker_id":"0d363365-fb60-44b7-b09f-d3edac0628c8-134803987668992","trial_id":72,"step":140,"intermediate_value":0.12206571362912655}
{"op_code":7,"worker_id":"ab19063c-7aa8-4b5f-a5f6-9c8ba12bc130-131557541150720","trial_id":123,"step":10,"intermediate_value":0.015524818561971188}
{"op_code":5,"worker_id":"785a579a-0ea3-48d0-b83e-b44d87e8825a-130602565894144","trial_id":106,"param_name":"beta2","param_value_internal":0.9922664302268701,"distribution":"{\"name\": \"FloatDistribution\", \"attributes\": {\"step\": null, \"low\": 0.95, \"high\": 0.9995, \"log\": false}}"}
{"op_code":5,"worker_id":"785a579a-0ea3-48d0-b83e-b44d87e8825a-130602565894144","trial_id":106,"param_name":"weight_decay","param_value_internal":0.45051063823062454,"distribution":"{\"name\": \"FloatDistribution\", \"attributes\": {\"step\": null, \"low\": 0.2, \"high\": 4.0, \"log\": true}}"}
{"op_code":5,"worker_id":"785a579a-0ea3-48d0-b83e-b44d87e8825a-130602565894144","trial_id":106,"param_name":"matmul_precision","param_value_internal":0,"distribution":"{\"name\": \"CategoricalDistribution\", \"attributes\": {\"choices\": [\"bf16\", \"tf32\", \"fp32\", \"fp16amp\"]}}"}
{"op_code":7,"worker_id":"5e0e8973-4b44-4525-a1fb-e267dde658cb-126908061577216","trial_id":78,"step":170,"intermediate_value":0.5064516132697463}
{"op_code":7,"worker_id":"9f66ccd5-9467-480d-9ac7-7017afa895de-128196031852544","trial_id":122,"step":60,"intermediate_value":0.0058458601124584675}
{"op_code":7,"worker_id":"1a3df289-b80e-4831-bf17-868dbc7ef066-126353676697600","trial_id":84,"step":310,"intermediate_value":0.010514175985008478}
{"op_code":7,"worker_id":"f6fd86d3-3343-4798-9777-bfe2bde75fb7-137831837204480","trial_id":105,"step":90,"intermediate_value":0.036494335159659386}
{"op_code":7,"worker_id":"ebcfea4b-a1cb-4027-864e-b633cc7fc133-139513405390848","trial_id":111,"step":60,"intermediate_value":0.036512956488877535}
{"op_code":7,"worker_id":"66e69664-d16b-49f3-aa41-bf417fc9117f-132066782720000","trial_id":91,"step":220,"intermediate_value":0.020085628144443035}
{"op_code":8,"worker_id":"785a579a-0ea3-48d0-b83e-b44d87e8825a-130602565894144","trial_id":106,"user_attr":{"crash":"TypeError(\"fused_step(): incompatible function arguments. The following argument types are supported:\\n    1. (arg0: str, arg1: str, arg2: torch.Tensor, arg3: torch.Tensor, arg4: torch.Tensor, arg5: torch.Tensor, arg6: float) -> None\\n\\nInvoked with: 'vit', 'adamw', tensor([ 0.0380, -0.0168,  0.0289"}}
{"op_code":6,"worker_id":"785a579a-0ea3-48d0-b83e-b44d87e8825a-130602565894144","trial_id":106,"state":1,"values":[12100.0],"datetime_complete":"2026-06-09T23:34:32.545877"}
{"op_code":7,"worker_id":"0613247f-d331-4ea7-afae-abf268742448-135653107617792","trial_id":119,"step":90,"intermediate_value":0.29445586632937193}
{"op_code":5,"worker_id":"48092d50-dac8-4188-a108-f67fcf648d93-139383015178240","trial_id":118,"param_name":"beta2","param_value_internal":0.9941119539082024,"distribution":"{\"name\": \"FloatDistribution\", \"attributes\": {\"step\": null, \"low\": 0.95, \"high\": 0.9995, \"log\": false}}"}
{"op_code":5,"worker_id":"48092d50-dac8-4188-a108-f67fcf648d93-139383015178240","trial_id":118,"param_name":"weight_decay","param_value_internal":0.3618982255454485,"distribution":"{\"name\": \"FloatDistribution\", \"attributes\": {\"step\": null, \"low\": 0.2, \"high\": 4.0, \"log\": true}}"}
{"op_code":7,"worker_id":"e60a5b08-9e2e-4a86-b306-d6f4dffbeae7-137374652923904","trial_id":117,"step":70,"intermediate_value":0.026268270798027515}
{"op_code":5,"worker_id":"48092d50-dac8-4188-a108-f67fcf648d93-139383015178240","trial_id":118,"param_name":"matmul_precision","param_value_internal":2,"distribution":"{\"name\": \"CategoricalDistribution\", \"attributes\": {\"choices\": [\"bf16\", \"tf32\", \"fp32\", \"fp16amp\"]}}"}
{"op_code":7,"worker_id":"f6fd86d3-3343-4798-9777-bfe2bde75fb7-137831837204480","trial_id":105,"step":100,"intermediate_value":0.05184424016624689}
{"op_code":7,"worker_id":"9f66ccd5-9467-480d-9ac7-7017afa895de-128196031852544","trial_id":122,"step":70,"intermediate_value":0.023408071137964725}
{"op_code":7,"worker_id":"0dc1d806-3474-4639-b889-f5ed08a8dd79-133189199245312","trial_id":88,"step":290,"intermediate_value":0.2016379190608859}
{"op_code":4,"worker_id":"768b4319-4bfb-4b04-9286-3397a7d50f00-130602565894144","study_id":13,"datetime_start":"2026-06-09T23:34:37.920549"}
{"op_code":7,"worker_id":"9f66ccd5-9467-480d-9ac7-7017afa895de-128196031852544","trial_id":122,"step":80,"intermediate_value":0.010982058476656675}
{"op_code":7,"worker_id":"e60a5b08-9e2e-4a86-b306-d6f4dffbeae7-137374652923904","trial_id":117,"step":80,"intermediate_value":0.031049637123942375}
{"op_code":7,"worker_id":"5e0e8973-4b44-4525-a1fb-e267dde658cb-126908061577216","trial_id":78,"step":180,"intermediate_value":0.5064516132697463}
{"op_code":7,"worker_id":"0613247f-d331-4ea7-afae-abf268742448-135653107617792","trial_id":119,"step":100,"intermediate_value":0.35124422144144773}
{"op_code":7,"worker_id":"f6fd86d3-3343-4798-9777-bfe2bde75fb7-137831837204480","trial_id":105,"step":110,"intermediate_value":0.07310073543339968}
{"op_code":7,"worker_id":"0dc1d806-3474-4639-b889-f5ed08a8dd79-133189199245312","trial_id":88,"step":300,"intermediate_value":0.20605213474482298}
{"op_code":7,"worker_id":"9f66ccd5-9467-480d-9ac7-7017afa895de-128196031852544","trial_id":122,"step":90,"intermediate_value":0.02579105831682682}
{"op_code":7,"worker_id":"e60a5b08-9e2e-4a86-b306-d6f4dffbeae7-137374652923904","trial_id":117,"step":90,"intermediate_value":0.030930334702134132}
{"op_code":7,"worker_id":"0613247f-d331-4ea7-afae-abf268742448-135653107617792","trial_id":119,"step":110,"intermediate_value":0.4039762420579791}
{"op_code":7,"worker_id":"9f66ccd5-9467-480d-9ac7-7017afa895de-128196031852544","trial_id":122,"step":100,"intermediate_value":0.024717328138649464}
{"op_code":7,"worker_id":"e60a5b08-9e2e-4a86-b306-d6f4dffbeae7-137374652923904","trial_id":117,"step":100,"intermediate_value":0.02901840303093195}
{"op_code":7,"worker_id":"f6fd86d3-3343-4798-9777-bfe2bde75fb7-137831837204480","trial_id":105,"step":120,"intermediate_value":0.11171870864927769}
{"op_code":7,"worker_id":"e60a5b08-9e2e-4a86-b306-d6f4dffbeae7-137374652923904","trial_id":117,"step":110,"intermediate_value":0.0249559348449111}
{"op_code":8,"worker_id":"48092d50-dac8-4188-a108-f67fcf648d93-139383015178240","trial_id":118,"user_attr":{"crash":"TypeError(\"fused_step(): incompatible function arguments. The following argument types are supported:\\n    1. (arg0: str, arg1: str, arg2: torch.Tensor, arg3: torch.Tensor, arg4: torch.Tensor, arg5: torch.Tensor, arg6: float) -> None\\n\\nInvoked with: 'vit', 'adamw', tensor([-1.8688e-02,  2.4256e-02,"}}
{"op_code":6,"worker_id":"48092d50-dac8-4188-a108-f67fcf648d93-139383015178240","trial_id":118,"state":1,"values":[12100.0],"datetime_complete":"2026-06-09T23:34:51.016553"}
{"op_code":7,"worker_id":"5e0e8973-4b44-4525-a1fb-e267dde658cb-126908061577216","trial_id":78,"step":190,"intermediate_value":0.5064516132697463}
{"op_code":4,"worker_id":"f27521f6-d458-4af4-a3d1-a34bdc64206c-139383015178240","study_id":13,"datetime_start":"2026-06-09T23:34:51.183444"}
{"op_code":7,"worker_id":"e60a5b08-9e2e-4a86-b306-d6f4dffbeae7-137374652923904","trial_id":117,"step":120,"intermediate_value":0.033796691335737705}
{"op_code":7,"worker_id":"f6fd86d3-3343-4798-9777-bfe2bde75fb7-137831837204480","trial_id":105,"step":130,"intermediate_value":0.14301500376313925}
{"op_code":7,"worker_id":"0613247f-d331-4ea7-afae-abf268742448-135653107617792","trial_id":119,"step":120,"intermediate_value":0.4501466257497668}
{"op_code":7,"worker_id":"e60a5b08-9e2e-4a86-b306-d6f4dffbeae7-137374652923904","trial_id":117,"step":130,"intermediate_value":0.03367738798260689}
{"op_code":7,"worker_id":"e60a5b08-9e2e-4a86-b306-d6f4dffbeae7-137374652923904","trial_id":117,"step":140,"intermediate_value":0.02531384490430355}
{"op_code":7,"worker_id":"0613247f-d331-4ea7-afae-abf268742448-135653107617792","trial_id":119,"step":130,"intermediate_value":0.48223919700831175}
{"op_code":7,"worker_id":"f6fd86d3-3343-4798-9777-bfe2bde75fb7-137831837204480","trial_id":105,"step":140,"intermediate_value":0.1882440960034728}
{"op_code":7,"worker_id":"9f66ccd5-9467-480d-9ac7-7017afa895de-128196031852544","trial_id":122,"step":110,"intermediate_value":0.03367738798260689}
{"op_code":7,"worker_id":"5e0e8973-4b44-4525-a1fb-e267dde658cb-126908061577216","trial_id":78,"step":200,"intermediate_value":0.5064516132697463}
{"op_code":5,"worker_id":"f27521f6-d458-4af4-a3d1-a34bdc64206c-139383015178240","trial_id":126,"param_name":"lr","param_value_internal":0.0009212492543907863,"distribution":"{\"name\": \"FloatDistribution\", \"attributes\": {\"step\": null, \"low\": 0.0002, \"high\": 0.005, \"log\": true}}"}
{"op_code":5,"worker_id":"f27521f6-d458-4af4-a3d1-a34bdc64206c-139383015178240","trial_id":126,"param_name":"neural_alpha","param_value_internal":6.8825302327246805,"distribution":"{\"name\": \"FloatDistribution\", \"attributes\": {\"step\": null, \"low\": 2.0, \"high\": 30.0, \"log\": true}}"}
{"op_code":5,"worker_id":"f27521f6-d458-4af4-a3d1-a34bdc64206c-139383015178240","trial_id":126,"param_name":"neural_beta","param_value_internal":3.3707281250461834,"distribution":"{\"name\": \"FloatDistribution\", \"attributes\": {\"step\": null, \"low\": 1.0, \"high\": 10.0, \"log\": false}}"}
{"op_code":5,"worker_id":"f27521f6-d458-4af4-a3d1-a34bdc64206c-139383015178240","trial_id":126,"param_name":"neural_grad_clip","param_value_internal":2.834101928164474,"distribution":"{\"name\": \"FloatDistribution\", \"attributes\": {\"step\": null, \"low\": 0.5, \"high\": 3.0, \"log\": false}}"}
{"op_code":5,"worker_id":"f27521f6-d458-4af4-a3d1-a34bdc64206c-139383015178240","trial_id":126,"param_name":"weight_decay","param_value_internal":0.293692548264866,"distribution":"{\"name\": \"FloatDistribution\", \"attributes\": {\"step\": null, \"low\": 0.2, \"high\": 4.0, \"log\": true}}"}
{"op_code":5,"worker_id":"f27521f6-d458-4af4-a3d1-a34bdc64206c-139383015178240","trial_id":126,"param_name":"matmul_precision","param_value_internal":2,"distribution":"{\"name\": \"CategoricalDistribution\", \"attributes\": {\"choices\": [\"bf16\", \"tf32\", \"fp32\", \"fp16amp\"]}}"}
{"op_code":7,"worker_id":"9f66ccd5-9467-480d-9ac7-7017afa895de-128196031852544","trial_id":122,"step":120,"intermediate_value":0.027345078997313976}
{"op_code":7,"worker_id":"f6fd86d3-3343-4798-9777-bfe2bde75fb7-137831837204480","trial_id":105,"step":150,"intermediate_value":0.23701593931764364}
{"op_code":7,"worker_id":"9f66ccd5-9467-480d-9ac7-7017afa895de-128196031852544","trial_id":122,"step":130,"intermediate_value":0.013251899275928736}
{"op_code":7,"worker_id":"e60a5b08-9e2e-4a86-b306-d6f4dffbeae7-137374652923904","trial_id":117,"step":150,"intermediate_value":0.02758368570357561}
{"op_code":7,"worker_id":"855aa31e-eefd-40ff-b92f-4ebe88b9296a-135118154514432","trial_id":68,"step":270,"intermediate_value":0.18433586601167917}
{"op_code":7,"worker_id":"d4c6ce7c-ce66-4e7e-a1e5-d6fb0080cee3-135871939538944","trial_id":97,"step":60,"intermediate_value":0.041649156250059605}
{"op_code":7,"worker_id":"0613247f-d331-4ea7-afae-abf268742448-135653107617792","trial_id":119,"step":140,"intermediate_value":0.5020435256883502}
{"op_code":7,"worker_id":"f27521f6-d458-4af4-a3d1-a34bdc64206c-139383015178240","trial_id":126,"step":10,"intermediate_value":0.01642478769645095}
{"op_code":7,"worker_id":"9f66ccd5-9467-480d-9ac7-7017afa895de-128196031852544","trial_id":122,"step":140,"intermediate_value":0.015763425268232822}
{"op_code":7,"worker_id":"0dc1d806-3474-4639-b889-f5ed08a8dd79-133189199245312","trial_id":88,"step":310,"intermediate_value":0.23707098793238401}
{"op_code":7,"worker_id":"ebcfea4b-a1cb-4027-864e-b633cc7fc133-139513405390848","trial_id":111,"step":70,"intermediate_value":0.038663494400680065}
{"op_code":7,"worker_id":"e60a5b08-9e2e-4a86-b306-d6f4dffbeae7-137374652923904","trial_id":117,"step":160,"intermediate_value":0.0249559348449111}
{"op_code":7,"worker_id":"77afc7e0-13e7-44d6-8cda-a7b7cb8d402d-131805238861824","trial_id":98,"step":160,"intermediate_value":0.46924130618572235}
{"op_code":7,"worker_id":"b62956c9-daec-4291-a509-9732b9b6d316-134317690548224","trial_id":63,"step":360,"intermediate_value":0.21684254705905914}
{"op_code":7,"worker_id":"f6fd86d3-3343-4798-9777-bfe2bde75fb7-137831837204480","trial_id":105,"step":160,"intermediate_value":0.28720690682530403}
{"op_code":7,"worker_id":"9f66ccd5-9467-480d-9ac7-7017afa895de-128196031852544","trial_id":122,"step":150,"intermediate_value":0.01958420965820551}
{"op_code":7,"worker_id":"d704f728-0a55-46da-971e-a4549ca6e104-139157601017856","trial_id":112,"step":50,"intermediate_value":0.0304438853636384}
{"op_code":5,"worker_id":"768b4319-4bfb-4b04-9286-3397a7d50f00-130602565894144","trial_id":125,"param_name":"lr","param_value_internal":0.00023844001580105827,"distribution":"{\"name\": \"FloatDistribution\", \"attributes\": {\"step\": null, \"low\": 0.0002, \"high\": 0.005, \"log\": true}}"}
{"op_code":7,"worker_id":"23286507-3c35-40b6-ba97-116cfd27a518-129889096323072","trial_id":67,"step":240,"intermediate_value":0.5021276595070958}
{"op_code":5,"worker_id":"768b4319-4bfb-4b04-9286-3397a7d50f00-130602565894144","trial_id":125,"param_name":"neural_alpha","param_value_internal":2.4680671462505224,"distribution":"{\"name\": \"FloatDistribution\", \"attributes\": {\"step\": null, \"low\": 2.0, \"high\": 30.0, \"log\": true}}"}
{"op_code":7,"worker_id":"f27521f6-d458-4af4-a3d1-a34bdc64206c-139383015178240","trial_id":126,"step":20,"intermediate_value":0.010514175985008478}
{"op_code":7,"worker_id":"0dc1d806-3474-4639-b889-f5ed08a8dd79-133189199245312","trial_id":88,"step":320,"intermediate_value":0.25914208125323057}
{"op_code":7,"worker_id":"0613247f-d331-4ea7-afae-abf268742448-135653107617792","trial_id":119,"step":150,"intermediate_value":0.5107557605952024}
{"op_code":7,"worker_id":"e60a5b08-9e2e-4a86-b306-d6f4dffbeae7-137374652923904","trial_id":117,"step":170,"intermediate_value":0.03845567815005779}
{"op_code":5,"worker_id":"768b4319-4bfb-4b04-9286-3397a7d50f00-130602565894144","trial_id":125,"param_name":"neural_beta","param_value_internal":1.358799732526562,"distribution":"{\"name\": \"FloatDistribution\", \"attributes\": {\"step\": null, \"low\": 1.0, \"high\": 10.0, \"log\": false}}"}
{"op_code":5,"worker_id":"768b4319-4bfb-4b04-9286-3397a7d50f00-130602565894144","trial_id":125,"param_name":"neural_grad_clip","param_value_internal":0.8967333568327067,"distribution":"{\"name\": \"FloatDistribution\", \"attributes\": {\"step\": null, \"low\": 0.5, \"high\": 3.0, \"log\": false}}"}
{"op_code":7,"worker_id":"5995d022-8a01-488a-8a3b-de18b9874811-138063286341632","trial_id":73,"step":370,"intermediate_value":0.0563578512519598}
{"op_code":5,"worker_id":"768b4319-4bfb-4b04-9286-3397a7d50f00-130602565894144","trial_id":125,"param_name":"weight_decay","param_value_internal":0.3819110854310459,"distribution":"{\"name\": \"FloatDistribution\", \"attributes\": {\"step\": null, \"low\": 0.2, \"high\": 4.0, \"log\": true}}"}
{"op_code":5,"worker_id":"768b4319-4bfb-4b04-9286-3397a7d50f00-130602565894144","trial_id":125,"param_name":"matmul_precision","param_value_internal":1,"distribution":"{\"name\": \"CategoricalDistribution\", \"attributes\": {\"choices\": [\"bf16\", \"tf32\", \"fp32\", \"fp16amp\"]}}"}
{"op_code":7,"worker_id":"1cd046f5-1686-4abf-94e8-e4fa59a08500-131165583757312","trial_id":77,"step":270,"intermediate_value":0.18338759057223797}
{"op_code":7,"worker_id":"4ebb2a3b-77de-4b49-be2d-4a446ab21ba8-129478800961536","trial_id":61,"step":340,"intermediate_value":0.5193548388779163}
{"op_code":7,"worker_id":"9f66ccd5-9467-480d-9ac7-7017afa895de-128196031852544","trial_id":122,"step":160,"intermediate_value":0.013371202629059553}
{"op_code":7,"worker_id":"b62956c9-daec-4291-a509-9732b9b6d316-134317690548224","trial_id":63,"step":370,"intermediate_value":0.21338583528995514}
{"op_code":7,"worker_id":"d704f728-0a55-46da-971e-a4549ca6e104-139157601017856","trial_id":112,"step":60,"intermediate_value":0.029602604918181896}
{"op_code":7,"worker_id":"669e062c-5c64-4704-a838-93a20247d039-138056793800704","trial_id":101,"step":90,"intermediate_value":0.07469924073666334}
{"op_code":7,"worker_id":"26cf6585-191d-41c7-a069-093663dbf6af-136787336318976","trial_id":124,"step":10,"intermediate_value":0.022211960051208735}
{"op_code":7,"worker_id":"ab19063c-7aa8-4b5f-a5f6-9c8ba12bc130-131557541150720","trial_id":123,"step":20,"intermediate_value":0.009428037097677588}
{"op_code":7,"worker_id":"0dc1d806-3474-4639-b889-f5ed08a8dd79-133189199245312","trial_id":88,"step":330,"intermediate_value":0.2775147957727313}
{"op_code":7,"worker_id":"f6fd86d3-3343-4798-9777-bfe2bde75fb7-137831837204480","trial_id":105,"step":170,"intermediate_value":0.32688769791275263}
{"op_code":7,"worker_id":"23286507-3c35-40b6-ba97-116cfd27a518-129889096323072","trial_id":67,"step":250,"intermediate_value":0.5021276595070958}
{"op_code":7,"worker_id":"e60a5b08-9e2e-4a86-b306-d6f4dffbeae7-137374652923904","trial_id":117,"step":180,"intermediate_value":0.02531384490430355}
{"op_code":7,"worker_id":"f27521f6-d458-4af4-a3d1-a34bdc64206c-139383015178240","trial_id":126,"step":30,"intermediate_value":0.010868450626730919}
{"op_code":7,"worker_id":"15059474-2802-491e-b069-2441b973c009-132863787323392","trial_id":76,"step":460,"intermediate_value":0.5172043014317751}
{"op_code":7,"worker_id":"0d363365-fb60-44b7-b09f-d3edac0628c8-134803987668992","trial_id":72,"step":150,"intermediate_value":0.14651671890169382}
{"op_code":7,"worker_id":"b8380e44-f689-4dbb-a278-72dbe159926f-130931437379584","trial_id":81,"step":160,"intermediate_value":0.03722877847030759}
{"op_code":7,"worker_id":"9f66ccd5-9467-480d-9ac7-7017afa895de-128196031852544","trial_id":122,"step":170,"intermediate_value":0.013729112688452005}
{"op_code":7,"worker_id":"1cd046f5-1686-4abf-94e8-e4fa59a08500-131165583757312","trial_id":77,"step":280,"intermediate_value":0.1814787369221449}
{"op_code":7,"worker_id":"d704f728-0a55-46da-971e-a4549ca6e104-139157601017856","trial_id":112,"step":70,"intermediate_value":0.03222727682441473}
{"op_code":7,"worker_id":"1a3df289-b80e-4831-bf17-868dbc7ef066-126353676697600","trial_id":84,"step":320,"intermediate_value":0.014769494999200106}
{"op_code":7,"worker_id":"e0465576-a5f3-4860-8c67-8c71fbbe2e2d-129090716581888","trial_id":89,"step":100,"intermediate_value":0.03008289635181427}
{"op_code":7,"worker_id":"b4432204-9727-4637-b19f-42635a2d84d6-134999634104320","trial_id":116,"step":20,"intermediate_value":0.018788630608469248}
{"op_code":7,"worker_id":"0613247f-d331-4ea7-afae-abf268742448-135653107617792","trial_id":119,"step":160,"intermediate_value":0.5124260019510984}
{"op_code":7,"worker_id":"4ebb2a3b-77de-4b49-be2d-4a446ab21ba8-129478800961536","trial_id":61,"step":350,"intermediate_value":0.5193548388779163}
{"op_code":7,"worker_id":"b62956c9-daec-4291-a509-9732b9b6d316-134317690548224","trial_id":63,"step":380,"intermediate_value":0.2471763640642166}
{"op_code":7,"worker_id":"768b4319-4bfb-4b04-9286-3397a7d50f00-130602565894144","trial_id":125,"step":10,"intermediate_value":0.011697102338075638}
{"op_code":7,"worker_id":"669e062c-5c64-4704-a838-93a20247d039-138056793800704","trial_id":101,"step":100,"intermediate_value":0.09617382567375898}
{"op_code":7,"worker_id":"26cf6585-191d-41c7-a069-093663dbf6af-136787336318976","trial_id":124,"step":20,"intermediate_value":0.02865125797688961}
{"op_code":7,"worker_id":"66e69664-d16b-49f3-aa41-bf417fc9117f-132066782720000","trial_id":91,"step":230,"intermediate_value":0.023394204676151276}
{"op_code":7,"worker_id":"855aa31e-eefd-40ff-b92f-4ebe88b9296a-135118154514432","trial_id":68,"step":280,"intermediate_value":0.1911330735310912}
{"op_code":7,"worker_id":"0dc1d806-3474-4639-b889-f5ed08a8dd79-133189199245312","trial_id":88,"step":340,"intermediate_value":0.2986314697191119}
{"op_code":7,"worker_id":"5995d022-8a01-488a-8a3b-de18b9874811-138063286341632","trial_id":73,"step":380,"intermediate_value":0.03437873627990484}
{"op_code":7,"worker_id":"e60a5b08-9e2e-4a86-b306-d6f4dffbeae7-137374652923904","trial_id":117,"step":190,"intermediate_value":0.02531384490430355}
{"op_code":7,"worker_id":"9f66ccd5-9467-480d-9ac7-7017afa895de-128196031852544","trial_id":122,"step":180,"intermediate_value":0.017314367927610874}
{"op_code":7,"worker_id":"15059474-2802-491e-b069-2441b973c009-132863787323392","trial_id":76,"step":470,"intermediate_value":0.5193548388779163}
{"op_code":7,"worker_id":"0dc1d806-3474-4639-b889-f5ed08a8dd79-133189199245312","trial_id":88,"step":350,"intermediate_value":0.3272642595693469}
{"op_code":7,"worker_id":"1cd046f5-1686-4abf-94e8-e4fa59a08500-131165583757312","trial_id":77,"step":290,"intermediate_value":0.19102300517261028}
{"op_code":7,"worker_id":"77afc7e0-13e7-44d6-8cda-a7b7cb8d402d-131805238861824","trial_id":98,"step":170,"intermediate_value":0.49285409692674875}
{"op_code":7,"worker_id":"d4c6ce7c-ce66-4e7e-a1e5-d6fb0080cee3-135871939538944","trial_id":97,"step":70,"intermediate_value":0.040694729425013065}
{"op_code":7,"worker_id":"5e0e8973-4b44-4525-a1fb-e267dde658cb-126908061577216","trial_id":78,"step":210,"intermediate_value":0.5064516132697463}
{"op_code":7,"worker_id":"ab19063c-7aa8-4b5f-a5f6-9c8ba12bc130-131557541150720","trial_id":123,"step":30,"intermediate_value":0.021970274858176708}
{"op_code":7,"worker_id":"669e062c-5c64-4704-a838-93a20247d039-138056793800704","trial_id":101,"step":110,"intermediate_value":0.1330385385081172}
{"op_code":7,"worker_id":"26cf6585-191d-41c7-a069-093663dbf6af-136787336318976","trial_id":124,"step":30,"intermediate_value":0.03282379265874624}
{"op_code":7,"worker_id":"66e69664-d16b-49f3-aa41-bf417fc9117f-132066782720000","trial_id":91,"step":240,"intermediate_value":0.018666518852114677}
{"op_code":7,"worker_id":"b8380e44-f689-4dbb-a278-72dbe159926f-130931437379584","trial_id":81,"step":170,"intermediate_value":0.04283910896629095}
{"op_code":7,"worker_id":"d704f728-0a55-46da-971e-a4549ca6e104-139157601017856","trial_id":112,"step":80,"intermediate_value":0.039266168139874935}
{"op_code":7,"worker_id":"4ebb2a3b-77de-4b49-be2d-4a446ab21ba8-129478800961536","trial_id":61,"step":360,"intermediate_value":0.5193548388779163}
{"op_code":7,"worker_id":"1cd046f5-1686-4abf-94e8-e4fa59a08500-131165583757312","trial_id":77,"step":300,"intermediate_value":0.21023082546889782}
{"op_code":7,"worker_id":"669e062c-5c64-4704-a838-93a20247d039-138056793800704","trial_id":101,"step":120,"intermediate_value":0.16334156226366758}
{"op_code":7,"worker_id":"26cf6585-191d-41c7-a069-093663dbf6af-136787336318976","trial_id":124,"step":40,"intermediate_value":0.045473018661141396}
{"op_code":7,"worker_id":"23286507-3c35-40b6-ba97-116cfd27a518-129889096323072","trial_id":67,"step":260,"intermediate_value":0.5042553190141916}
{"op_code":7,"worker_id":"b62956c9-daec-4291-a509-9732b9b6d316-134317690548224","trial_id":63,"step":390,"intermediate_value":0.17194756865501404}
{"op_code":7,"worker_id":"66e69664-d16b-49f3-aa41-bf417fc9117f-132066782720000","trial_id":91,"step":250,"intermediate_value":0.022919828072190285}
{"op_code":7,"worker_id":"d704f728-0a55-46da-971e-a4549ca6e104-139157601017856","trial_id":112,"step":90,"intermediate_value":0.04881042893975973}
{"op_code":7,"worker_id":"768b4319-4bfb-4b04-9286-3397a7d50f00-130602565894144","trial_id":125,"step":20,"intermediate_value":0.010514175985008478}
{"op_code":7,"worker_id":"1cd046f5-1686-4abf-94e8-e4fa59a08500-131165583757312","trial_id":77,"step":310,"intermediate_value":0.21679250709712505}
{"op_code":7,"worker_id":"669e062c-5c64-4704-a838-93a20247d039-138056793800704","trial_id":101,"step":130,"intermediate_value":0.20318886172026396}
{"op_code":7,"worker_id":"26cf6585-191d-41c7-a069-093663dbf6af-136787336318976","trial_id":124,"step":50,"intermediate_value":0.06599010061472654}
{"op_code":7,"worker_id":"4ebb2a3b-77de-4b49-be2d-4a446ab21ba8-129478800961536","trial_id":61,"step":370,"intermediate_value":0.5193548388779163}
{"op_code":7,"worker_id":"f6fd86d3-3343-4798-9777-bfe2bde75fb7-137831837204480","trial_id":105,"step":180,"intermediate_value":0.35805785097181797}
{"op_code":7,"worker_id":"ebcfea4b-a1cb-4027-864e-b633cc7fc133-139513405390848","trial_id":111,"step":80,"intermediate_value":0.03734808089211583}
{"op_code":7,"worker_id":"0dc1d806-3474-4639-b889-f5ed08a8dd79-133189199245312","trial_id":88,"step":360,"intermediate_value":0.33466104697436094}
{"op_code":7,"worker_id":"855aa31e-eefd-40ff-b92f-4ebe88b9296a-135118154514432","trial_id":68,"step":290,"intermediate_value":0.18814432830549777}
{"op_code":7,"worker_id":"f6fd86d3-3343-4798-9777-bfe2bde75fb7-137831837204480","trial_id":105,"step":190,"intermediate_value":0.40565280988812447}
{"op_code":7,"worker_id":"b62956c9-daec-4291-a509-9732b9b6d316-134317690548224","trial_id":63,"step":400,"intermediate_value":0.15773816779255867}
{"op_code":7,"worker_id":"f27521f6-d458-4af4-a3d1-a34bdc64206c-139383015178240","trial_id":126,"step":40,"intermediate_value":0.016304686199873686}
{"op_code":7,"worker_id":"669e062c-5c64-4704-a838-93a20247d039-138056793800704","trial_id":101,"step":140,"intermediate_value":0.2420817269012332}
{"op_code":7,"worker_id":"768b4319-4bfb-4b04-9286-3397a7d50f00-130602565894144","trial_id":125,"step":30,"intermediate_value":0.012996110133826733}
{"op_code":7,"worker_id":"26cf6585-191d-41c7-a069-093663dbf6af-136787336318976","trial_id":124,"step":60,"intermediate_value":0.09784407448023558}
{"op_code":7,"worker_id":"ab19063c-7aa8-4b5f-a5f6-9c8ba12bc130-131557541150720","trial_id":123,"step":40,"intermediate_value":0.023879126645624638}
{"op_code":7,"worker_id":"5e0e8973-4b44-4525-a1fb-e267dde658cb-126908061577216","trial_id":78,"step":220,"intermediate_value":0.5086021507158875}
{"op_code":7,"worker_id":"77afc7e0-13e7-44d6-8cda-a7b7cb8d402d-131805238861824","trial_id":98,"step":180,"intermediate_value":0.5032303994521499}
{"op_code":7,"worker_id":"4ebb2a3b-77de-4b49-be2d-4a446ab21ba8-129478800961536","trial_id":61,"step":380,"intermediate_value":0.5193548388779163}
{"op_code":7,"worker_id":"b4432204-9727-4637-b19f-42635a2d84d6-134999634104320","trial_id":116,"step":30,"intermediate_value":0.010277992580085993}
{"op_code":7,"worker_id":"15059474-2802-491e-b069-2441b973c009-132863787323392","trial_id":76,"step":480,"intermediate_value":0.5193548388779163}
{"op_code":7,"worker_id":"5995d022-8a01-488a-8a3b-de18b9874811-138063286341632","trial_id":73,"step":390,"intermediate_value":0.04453863576054573}
{"op_code":7,"worker_id":"77afc7e0-13e7-44d6-8cda-a7b7cb8d402d-131805238861824","trial_id":98,"step":190,"intermediate_value":0.5071705067530274}
{"op_code":7,"worker_id":"5e0e8973-4b44-4525-a1fb-e267dde658cb-126908061577216","trial_id":78,"step":230,"intermediate_value":0.5086021507158875}
{"op_code":7,"worker_id":"b8380e44-f689-4dbb-a278-72dbe159926f-130931437379584","trial_id":81,"step":180,"intermediate_value":0.04665681254118681}
{"op_code":7,"worker_id":"b62956c9-daec-4291-a509-9732b9b6d316-134317690548224","trial_id":63,"step":410,"intermediate_value":0.22652149945497513}
{"op_code":7,"worker_id":"15059474-2802-491e-b069-2441b973c009-132863787323392","trial_id":76,"step":490,"intermediate_value":0.5193548388779163}
{"op_code":7,"worker_id":"26cf6585-191d-41c7-a069-093663dbf6af-136787336318976","trial_id":124,"step":70,"intermediate_value":0.13351574819535017}
{"op_code":7,"worker_id":"f27521f6-d458-4af4-a3d1-a34bdc64206c-139383015178240","trial_id":126,"step":50,"intermediate_value":0.013702649623155594}
{"op_code":7,"worker_id":"f6fd86d3-3343-4798-9777-bfe2bde75fb7-137831837204480","trial_id":105,"step":200,"intermediate_value":0.43104251101613045}
{"op_code":7,"worker_id":"23286507-3c35-40b6-ba97-116cfd27a518-129889096323072","trial_id":67,"step":270,"intermediate_value":0.5042553190141916}
{"op_code":7,"worker_id":"768b4319-4bfb-4b04-9286-3397a7d50f00-130602565894144","trial_id":125,"step":40,"intermediate_value":0.017133337445557117}
{"op_code":7,"worker_id":"d704f728-0a55-46da-971e-a4549ca6e104-139157601017856","trial_id":112,"step":100,"intermediate_value":0.06133727263659239}
{"op_code":7,"worker_id":"5995d022-8a01-488a-8a3b-de18b9874811-138063286341632","trial_id":73,"step":400,"intermediate_value":0.023628377355635166}
{"op_code":7,"worker_id":"b4432204-9727-4637-b19f-42635a2d84d6-134999634104320","trial_id":116,"step":40,"intermediate_value":0.017133337445557117}
{"op_code":7,"worker_id":"15059474-2802-491e-b069-2441b973c009-132863787323392","trial_id":76,"step":500,"intermediate_value":0.5193548388779163}
{"op_code":7,"worker_id":"b62956c9-daec-4291-a509-9732b9b6d316-134317690548224","trial_id":63,"step":420,"intermediate_value":0.2765619158744812}
{"op_code":7,"worker_id":"26cf6585-191d-41c7-a069-093663dbf6af-136787336318976","trial_id":124,"step":80,"intermediate_value":0.1990194022655487}
{"op_code":7,"worker_id":"d704f728-0a55-46da-971e-a4549ca6e104-139157601017856","trial_id":112,"step":110,"intermediate_value":0.07422202359884977}
{"op_code":7,"worker_id":"0dc1d806-3474-4639-b889-f5ed08a8dd79-133189199245312","trial_id":88,"step":370,"intermediate_value":0.35291446279734373}
{"op_code":7,"worker_id":"669e062c-5c64-4704-a838-93a20247d039-138056793800704","trial_id":101,"step":150,"intermediate_value":0.29362074565142393}
{"op_code":7,"worker_id":"f27521f6-d458-4af4-a3d1-a34bdc64206c-139383015178240","trial_id":126,"step":60,"intermediate_value":0.010155880823731422}
{"op_code":7,"worker_id":"23286507-3c35-40b6-ba97-116cfd27a518-129889096323072","trial_id":67,"step":280,"intermediate_value":0.5042553190141916}
{"op_code":7,"worker_id":"768b4319-4bfb-4b04-9286-3397a7d50f00-130602565894144","trial_id":125,"step":50,"intermediate_value":0.013232293538749218}
{"op_code":7,"worker_id":"b4432204-9727-4637-b19f-42635a2d84d6-134999634104320","trial_id":116,"step":50,"intermediate_value":0.014769494999200106}
{"op_code":7,"worker_id":"f6fd86d3-3343-4798-9777-bfe2bde75fb7-137831837204480","trial_id":105,"step":210,"intermediate_value":0.45134825725108385}
{"op_code":7,"worker_id":"5995d022-8a01-488a-8a3b-de18b9874811-138063286341632","trial_id":73,"step":410,"intermediate_value":0.03674458898603916}
{"op_code":7,"worker_id":"1cd046f5-1686-4abf-94e8-e4fa59a08500-131165583757312","trial_id":77,"step":320,"intermediate_value":0.24924607574939728}
{"op_code":7,"worker_id":"15059474-2802-491e-b069-2441b973c009-132863787323392","trial_id":76,"step":510,"intermediate_value":0.5193548388779163}
{"op_code":7,"worker_id":"d704f728-0a55-46da-971e-a4549ca6e104-139157601017856","trial_id":112,"step":120,"intermediate_value":0.09378776233643293}
{"op_code":7,"worker_id":"26cf6585-191d-41c7-a069-093663dbf6af-136787336318976","trial_id":124,"step":90,"intermediate_value":0.25890655629336834}
{"op_code":7,"worker_id":"77afc7e0-13e7-44d6-8cda-a7b7cb8d402d-131805238861824","trial_id":98,"step":200,"intermediate_value":0.5056164627894759}
{"op_code":7,"worker_id":"669e062c-5c64-4704-a838-93a20247d039-138056793800704","trial_id":101,"step":160,"intermediate_value":0.32022844068706036}
{"op_code":7,"worker_id":"b62956c9-daec-4291-a509-9732b9b6d316-134317690548224","trial_id":63,"step":430,"intermediate_value":0.22234280407428741}
{"op_code":7,"worker_id":"855aa31e-eefd-40ff-b92f-4ebe88b9296a-135118154514432","trial_id":68,"step":300,"intermediate_value":0.20890309126116335}
{"op_code":7,"worker_id":"9f66ccd5-9467-480d-9ac7-7017afa895de-128196031852544","trial_id":122,"step":190,"intermediate_value":0.016714773140847683}
{"op_code":7,"worker_id":"0dc1d806-3474-4639-b889-f5ed08a8dd79-133189199245312","trial_id":88,"step":380,"intermediate_value":0.37785498797893524}
{"op_code":7,"worker_id":"b4432204-9727-4637-b19f-42635a2d84d6-134999634104320","trial_id":116,"step":60,"intermediate_value":0.016779062803834677}
{"op_code":7,"worker_id":"f27521f6-d458-4af4-a3d1-a34bdc64206c-139383015178240","trial_id":126,"step":70,"intermediate_value":0.014170996844768524}
{"op_code":7,"worker_id":"d4c6ce7c-ce66-4e7e-a1e5-d6fb0080cee3-135871939538944","trial_id":97,"step":80,"intermediate_value":0.05131579842418432}
{"op_code":7,"worker_id":"e60a5b08-9e2e-4a86-b306-d6f4dffbeae7-137374652923904","trial_id":117,"step":200,"intermediate_value":0.03630514070391655}
{"op_code":7,"worker_id":"0dc1d806-3474-4639-b889-f5ed08a8dd79-133189199245312","trial_id":88,"step":390,"intermediate_value":0.3808345030993223}
{"op_code":7,"worker_id":"1cd046f5-1686-4abf-94e8-e4fa59a08500-131165583757312","trial_id":77,"step":330,"intermediate_value":0.23457176983356476}
{"op_code":7,"worker_id":"b62956c9-daec-4291-a509-9732b9b6d316-134317690548224","trial_id":63,"step":440,"intermediate_value":0.1572609543800354}
{"op_code":7,"worker_id":"15059474-2802-491e-b069-2441b973c009-132863787323392","trial_id":76,"step":520,"intermediate_value":0.5193548388779163}
{"op_code":7,"worker_id":"e60a5b08-9e2e-4a86-b306-d6f4dffbeae7-137374652923904","trial_id":117,"step":210,"intermediate_value":0.03618583735078573}
{"op_code":7,"worker_id":"b4432204-9727-4637-b19f-42635a2d84d6-134999634104320","trial_id":116,"step":70,"intermediate_value":0.012996110133826733}
{"op_code":7,"worker_id":"5995d022-8a01-488a-8a3b-de18b9874811-138063286341632","trial_id":73,"step":420,"intermediate_value":0.026106292381882668}
{"op_code":7,"worker_id":"26cf6585-191d-41c7-a069-093663dbf6af-136787336318976","trial_id":124,"step":100,"intermediate_value":0.3204701095819473}
{"op_code":7,"worker_id":"9f66ccd5-9467-480d-9ac7-7017afa895de-128196031852544","trial_id":122,"step":200,"intermediate_value":0.03116586245596409}
{"op_code":7,"worker_id":"1cd046f5-1686-4abf-94e8-e4fa59a08500-131165583757312","trial_id":77,"step":340,"intermediate_value":0.24482877366244793}
{"op_code":7,"worker_id":"f27521f6-d458-4af4-a3d1-a34bdc64206c-139383015178240","trial_id":126,"step":80,"intermediate_value":0.01901476364582777}
{"op_code":7,"worker_id":"15059474-2802-491e-b069-2441b973c009-132863787323392","trial_id":76,"step":530,"intermediate_value":0.5193548388779163}
{"op_code":7,"worker_id":"77afc7e0-13e7-44d6-8cda-a7b7cb8d402d-131805238861824","trial_id":98,"step":210,"intermediate_value":0.5080056274309754}
{"op_code":7,"worker_id":"5e0e8973-4b44-4525-a1fb-e267dde658cb-126908061577216","trial_id":78,"step":240,"intermediate_value":0.5086021507158875}
{"op_code":7,"worker_id":"ebcfea4b-a1cb-4027-864e-b633cc7fc133-139513405390848","trial_id":111,"step":90,"intermediate_value":0.04176845867186785}
{"op_code":7,"worker_id":"1a3df289-b80e-4831-bf17-868dbc7ef066-126353676697600","trial_id":84,"step":330,"intermediate_value":0.014769494999200106}
{"op_code":7,"worker_id":"855aa31e-eefd-40ff-b92f-4ebe88b9296a-135118154514432","trial_id":68,"step":310,"intermediate_value":0.23599725496023893}
{"op_code":7,"worker_id":"23286507-3c35-40b6-ba97-116cfd27a518-129889096323072","trial_id":67,"step":290,"intermediate_value":0.5042553190141916}
{"op_code":7,"worker_id":"768b4319-4bfb-4b04-9286-3397a7d50f00-130602565894144","trial_id":125,"step":60,"intermediate_value":0.01169509207829833}
{"op_code":7,"worker_id":"b62956c9-daec-4291-a509-9732b9b6d316-134317690548224","trial_id":63,"step":450,"intermediate_value":0.16860707849264145}
{"op_code":7,"worker_id":"b8380e44-f689-4dbb-a278-72dbe159926f-130931437379584","trial_id":81,"step":190,"intermediate_value":0.04665065766312182}
{"op_code":7,"worker_id":"0dc1d806-3474-4639-b889-f5ed08a8dd79-133189199245312","trial_id":88,"step":400,"intermediate_value":0.4088738411664963}
{"op_code":7,"worker_id":"669e062c-5c64-4704-a838-93a20247d039-138056793800704","trial_id":101,"step":170,"intermediate_value":0.3448049258440733}
{"op_code":7,"worker_id":"e60a5b08-9e2e-4a86-b306-d6f4dffbeae7-137374652923904","trial_id":117,"step":220,"intermediate_value":0.03845567815005779}
{"op_code":7,"worker_id":"b4432204-9727-4637-b19f-42635a2d84d6-134999634104320","trial_id":116,"step":80,"intermediate_value":0.01287801843136549}
{"op_code":7,"worker_id":"0d363365-fb60-44b7-b09f-d3edac0628c8-134803987668992","trial_id":72,"step":160,"intermediate_value":0.17944135423749685}
{"op_code":7,"worker_id":"d704f728-0a55-46da-971e-a4549ca6e104-139157601017856","trial_id":112,"step":130,"intermediate_value":0.11287628393620253}
{"op_code":7,"worker_id":"f6fd86d3-3343-4798-9777-bfe2bde75fb7-137831837204480","trial_id":105,"step":220,"intermediate_value":0.48571694549173117}
{"op_code":7,"worker_id":"9f66ccd5-9467-480d-9ac7-7017afa895de-128196031852544","trial_id":122,"step":210,"intermediate_value":0.032719883136451244}
{"op_code":7,"worker_id":"26cf6585-191d-41c7-a069-093663dbf6af-136787336318976","trial_id":124,"step":110,"intermediate_value":0.39491228573024273}
{"op_code":7,"worker_id":"4ebb2a3b-77de-4b49-be2d-4a446ab21ba8-129478800961536","trial_id":61,"step":390,"intermediate_value":0.5193548388779163}
{"op_code":7,"worker_id":"1cd046f5-1686-4abf-94e8-e4fa59a08500-131165583757312","trial_id":77,"step":350,"intermediate_value":0.25735254120081663}
{"op_code":7,"worker_id":"5995d022-8a01-488a-8a3b-de18b9874811-138063286341632","trial_id":73,"step":430,"intermediate_value":0.03615011181682348}
{"op_code":7,"worker_id":"15059474-2802-491e-b069-2441b973c009-132863787323392","trial_id":76,"step":540,"intermediate_value":0.5193548388779163}
{"op_code":7,"worker_id":"1a3df289-b80e-4831-bf17-868dbc7ef066-126353676697600","trial_id":84,"step":340,"intermediate_value":0.017133337445557117}
{"op_code":7,"worker_id":"0dc1d806-3474-4639-b889-f5ed08a8dd79-133189199245312","trial_id":88,"step":410,"intermediate_value":0.4212783109396696}
{"op_code":7,"worker_id":"f27521f6-d458-4af4-a3d1-a34bdc64206c-139383015178240","trial_id":126,"step":90,"intermediate_value":0.028936471790075302}
{"op_code":7,"worker_id":"669e062c-5c64-4704-a838-93a20247d039-138056793800704","trial_id":101,"step":180,"intermediate_value":0.3846522103995085}
{"op_code":7,"worker_id":"f27521f6-d458-4af4-a3d1-a34bdc64206c-139383015178240","trial_id":126,"step":100,"intermediate_value":0.03483904246240854}
{"op_code":7,"worker_id":"1a3df289-b80e-4831-bf17-868dbc7ef066-126353676697600","trial_id":84,"step":350,"intermediate_value":0.017133337445557117}
{"op_code":7,"worker_id":"ebcfea4b-a1cb-4027-864e-b633cc7fc133-139513405390848","trial_id":111,"step":100,"intermediate_value":0.046308139339089394}
{"op_code":7,"worker_id":"5e0e8973-4b44-4525-a1fb-e267dde658cb-126908061577216","trial_id":78,"step":250,"intermediate_value":0.5086021507158875}
{"op_code":7,"worker_id":"d4c6ce7c-ce66-4e7e-a1e5-d6fb0080cee3-135871939538944","trial_id":97,"step":90,"intermediate_value":0.08841295447200537}
{"op_code":7,"worker_id":"4ebb2a3b-77de-4b49-be2d-4a446ab21ba8-129478800961536","trial_id":61,"step":400,"intermediate_value":0.07256101630628109}
{"op_code":7,"worker_id":"0dc1d806-3474-4639-b889-f5ed08a8dd79-133189199245312","trial_id":88,"step":420,"intermediate_value":0.4299874436110258}
{"op_code":7,"worker_id":"5995d022-8a01-488a-8a3b-de18b9874811-138063286341632","trial_id":73,"step":440,"intermediate_value":0.041704436764121056}
{"op_code":7,"worker_id":"e0465576-a5f3-4860-8c67-8c71fbbe2e2d-129090716581888","trial_id":89,"step":110,"intermediate_value":0.02865125797688961}
{"op_code":7,"worker_id":"0613247f-d331-4ea7-afae-abf268742448-135653107617792","trial_id":119,"step":170,"intermediate_value":0.5126645993441343}
{"op_code":7,"worker_id":"669e062c-5c64-4704-a838-93a20247d039-138056793800704","trial_id":101,"step":190,"intermediate_value":0.3971759779378772}
{"op_code":7,"worker_id":"768b4319-4bfb-4b04-9286-3397a7d50f00-130602565894144","trial_id":125,"step":70,"intermediate_value":0.008384506218135357}
{"op_code":7,"worker_id":"e60a5b08-9e2e-4a86-b306-d6f4dffbeae7-137374652923904","trial_id":117,"step":230,"intermediate_value":0.027822292409837246}
{"op_code":7,"worker_id":"26cf6585-191d-41c7-a069-093663dbf6af-136787336318976","trial_id":124,"step":120,"intermediate_value":0.45074311923235655}
{"op_code":7,"worker_id":"1a3df289-b80e-4831-bf17-868dbc7ef066-126353676697600","trial_id":84,"step":360,"intermediate_value":0.014769494999200106}
{"op_code":7,"worker_id":"d704f728-0a55-46da-971e-a4549ca6e104-139157601017856","trial_id":112,"step":140,"intermediate_value":0.13399296533316374}
{"op_code":7,"worker_id":"1cd046f5-1686-4abf-94e8-e4fa59a08500-131165583757312","trial_id":77,"step":360,"intermediate_value":0.27000485360622406}
{"op_code":7,"worker_id":"855aa31e-eefd-40ff-b92f-4ebe88b9296a-135118154514432","trial_id":68,"step":320,"intermediate_value":0.23563627246767282}
{"op_code":7,"worker_id":"b62956c9-daec-4291-a509-9732b9b6d316-134317690548224","trial_id":63,"step":460,"intermediate_value":0.2615112289786339}
{"op_code":7,"worker_id":"1cd046f5-1686-4abf-94e8-e4fa59a08500-131165583757312","trial_id":77,"step":370,"intermediate_value":0.2875424176454544}
{"op_code":7,"worker_id":"b8380e44-f689-4dbb-a278-72dbe159926f-130931437379584","trial_id":81,"step":200,"intermediate_value":0.04903672100044787}
{"op_code":7,"worker_id":"d704f728-0a55-46da-971e-a4549ca6e104-139157601017856","trial_id":112,"step":150,"intermediate_value":0.15797291230410337}
{"op_code":7,"worker_id":"e60a5b08-9e2e-4a86-b306-d6f4dffbeae7-137374652923904","trial_id":117,"step":240,"intermediate_value":0.02531384490430355}
{"op_code":7,"worker_id":"15059474-2802-491e-b069-2441b973c009-132863787323392","trial_id":76,"step":550,"intermediate_value":0.5193548388779163}
{"op_code":7,"worker_id":"5995d022-8a01-488a-8a3b-de18b9874811-138063286341632","trial_id":73,"step":450,"intermediate_value":0.056598054245114326}
{"op_code":7,"worker_id":"1a3df289-b80e-4831-bf17-868dbc7ef066-126353676697600","trial_id":84,"step":370,"intermediate_value":0.014769494999200106}
{"op_code":7,"worker_id":"768b4319-4bfb-4b04-9286-3397a7d50f00-130602565894144","trial_id":125,"step":80,"intermediate_value":0.011220715939998627}
{"op_code":7,"worker_id":"0613247f-d331-4ea7-afae-abf268742448-135653107617792","trial_id":119,"step":180,"intermediate_value":0.5127838980406523}
{"op_code":7,"worker_id":"f6fd86d3-3343-4798-9777-bfe2bde75fb7-137831837204480","trial_id":105,"step":230,"intermediate_value":0.4841777207329869}
{"op_code":7,"worker_id":"66e69664-d16b-49f3-aa41-bf417fc9117f-132066782720000","trial_id":91,"step":260,"intermediate_value":0.02705705538392067}
{"op_code":7,"worker_id":"ab19063c-7aa8-4b5f-a5f6-9c8ba12bc130-131557541150720","trial_id":123,"step":50,"intermediate_value":0.02506908029317856}
{"op_code":7,"worker_id":"77afc7e0-13e7-44d6-8cda-a7b7cb8d402d-131805238861824","trial_id":98,"step":220,"intermediate_value":0.5059743886813521}
{"op_code":7,"worker_id":"1cd046f5-1686-4abf-94e8-e4fa59a08500-131165583757312","trial_id":77,"step":380,"intermediate_value":0.305196238681674}
{"op_code":7,"worker_id":"0dc1d806-3474-4639-b889-f5ed08a8dd79-133189199245312","trial_id":88,"step":430,"intermediate_value":0.43965099565684795}
{"op_code":7,"worker_id":"5e0e8973-4b44-4525-a1fb-e267dde658cb-126908061577216","trial_id":78,"step":260,"intermediate_value":0.5086021507158875}
{"op_code":7,"worker_id":"d4c6ce7c-ce66-4e7e-a1e5-d6fb0080cee3-135871939538944","trial_id":97,"step":100,"intermediate_value":0.17478543939068913}
{"op_code":7,"worker_id":"e0465576-a5f3-4860-8c67-8c71fbbe2e2d-129090716581888","trial_id":89,"step":120,"intermediate_value":0.03211413137614727}
{"op_code":7,"worker_id":"23286507-3c35-40b6-ba97-116cfd27a518-129889096323072","trial_id":67,"step":300,"intermediate_value":0.5042553190141916}
{"op_code":7,"worker_id":"f27521f6-d458-4af4-a3d1-a34bdc64206c-139383015178240","trial_id":126,"step":110,"intermediate_value":0.05184624902904034}
{"op_code":7,"worker_id":"669e062c-5c64-4704-a838-93a20247d039-138056793800704","trial_id":101,"step":200,"intermediate_value":0.4229516237974167}
{"op_code":7,"worker_id":"b4432204-9727-4637-b19f-42635a2d84d6-134999634104320","trial_id":116,"step":90,"intermediate_value":0.021388656459748745}
{"op_code":7,"worker_id":"1a3df289-b80e-4831-bf17-868dbc7ef066-126353676697600","trial_id":84,"step":380,"intermediate_value":0.014769494999200106}
{"op_code":7,"worker_id":"b62956c9-daec-4291-a509-9732b9b6d316-134317690548224","trial_id":63,"step":470,"intermediate_value":0.15296295285224915}
{"op_code":7,"worker_id":"23286507-3c35-40b6-ba97-116cfd27a518-129889096323072","trial_id":67,"step":310,"intermediate_value":0.5042553190141916}
{"op_code":7,"worker_id":"15059474-2802-491e-b069-2441b973c009-132863787323392","trial_id":76,"step":560,"intermediate_value":0.5193548388779163}
{"op_code":7,"worker_id":"e60a5b08-9e2e-4a86-b306-d6f4dffbeae7-137374652923904","trial_id":117,"step":250,"intermediate_value":0.04263744782656431}
{"op_code":7,"worker_id":"ab19063c-7aa8-4b5f-a5f6-9c8ba12bc130-131557541150720","trial_id":123,"step":60,"intermediate_value":0.033784376457333565}
{"op_code":7,"worker_id":"f27521f6-d458-4af4-a3d1-a34bdc64206c-139383015178240","trial_id":126,"step":120,"intermediate_value":0.06542276591062546}
{"op_code":7,"worker_id":"ebcfea4b-a1cb-4027-864e-b633cc7fc133-139513405390848","trial_id":111,"step":110,"intermediate_value":0.054781749844551086}
{"op_code":7,"worker_id":"0d363365-fb60-44b7-b09f-d3edac0628c8-134803987668992","trial_id":72,"step":170,"intermediate_value":0.20843204017728567}
{"op_code":7,"worker_id":"9f66ccd5-9467-480d-9ac7-7017afa895de-128196031852544","trial_id":122,"step":220,"intermediate_value":0.030450042337179184}
{"op_code":7,"worker_id":"5995d022-8a01-488a-8a3b-de18b9874811-138063286341632","trial_id":73,"step":460,"intermediate_value":0.03307369910180569}
{"op_code":7,"worker_id":"b4432204-9727-4637-b19f-42635a2d84d6-134999634104320","trial_id":116,"step":100,"intermediate_value":0.015832319390028715}
{"op_code":7,"worker_id":"1a3df289-b80e-4831-bf17-868dbc7ef066-126353676697600","trial_id":84,"step":390,"intermediate_value":0.017133337445557117}
{"op_code":7,"worker_id":"ab19063c-7aa8-4b5f-a5f6-9c8ba12bc130-131557541150720","trial_id":123,"step":70,"intermediate_value":0.02661078656092286}
{"op_code":7,"worker_id":"b62956c9-daec-4291-a509-9732b9b6d316-134317690548224","trial_id":63,"step":480,"intermediate_value":0.2150622308254242}
{"op_code":7,"worker_id":"66e69664-d16b-49f3-aa41-bf417fc9117f-132066782720000","trial_id":91,"step":270,"intermediate_value":0.021264534443616867}
{"op_code":7,"worker_id":"768b4319-4bfb-4b04-9286-3397a7d50f00-130602565894144","trial_id":125,"step":90,"intermediate_value":0.010982521809637547}
{"op_code":7,"worker_id":"4ebb2a3b-77de-4b49-be2d-4a446ab21ba8-129478800961536","trial_id":61,"step":410,"intermediate_value":0.10297719202935696}
{"op_code":7,"worker_id":"669e062c-5c64-4704-a838-93a20247d039-138056793800704","trial_id":101,"step":210,"intermediate_value":0.43857727758586407}
{"op_code":7,"worker_id":"0dc1d806-3474-4639-b889-f5ed08a8dd79-133189199245312","trial_id":88,"step":440,"intermediate_value":0.44334940426051617}
{"op_code":7,"worker_id":"d704f728-0a55-46da-971e-a4549ca6e104-139157601017856","trial_id":112,"step":160,"intermediate_value":0.18004710786044598}
{"op_code":7,"worker_id":"e0465576-a5f3-4860-8c67-8c71fbbe2e2d-129090716581888","trial_id":89,"step":130,"intermediate_value":0.04059389792382717}
{"op_code":7,"worker_id":"23286507-3c35-40b6-ba97-116cfd27a518-129889096323072","trial_id":67,"step":320,"intermediate_value":0.5063829785212874}
{"op_code":7,"worker_id":"d4c6ce7c-ce66-4e7e-a1e5-d6fb0080cee3-135871939538944","trial_id":97,"step":110,"intermediate_value":0.28204215224832296}
{"op_code":7,"worker_id":"26cf6585-191d-41c7-a069-093663dbf6af-136787336318976","trial_id":124,"step":130,"intermediate_value":0.49548185896128416}
{"op_code":7,"worker_id":"b8380e44-f689-4dbb-a278-72dbe159926f-130931437379584","trial_id":81,"step":210,"intermediate_value":0.055240491637960076}
{"op_code":7,"worker_id":"15059474-2802-491e-b069-2441b973c009-132863787323392","trial_id":76,"step":570,"intermediate_value":0.5150537639856339}
{"op_code":7,"worker_id":"0613247f-d331-4ea7-afae-abf268742448-135653107617792","trial_id":119,"step":190,"intermediate_value":0.5149344354867935}
{"op_code":7,"worker_id":"f6fd86d3-3343-4798-9777-bfe2bde75fb7-137831837204480","trial_id":105,"step":240,"intermediate_value":0.49799644388258457}
{"op_code":7,"worker_id":"77afc7e0-13e7-44d6-8cda-a7b7cb8d402d-131805238861824","trial_id":98,"step":230,"intermediate_value":0.5107526881620288}
{"op_code":7,"worker_id":"855aa31e-eefd-40ff-b92f-4ebe88b9296a-135118154514432","trial_id":68,"step":330,"intermediate_value":0.24684460880234838}
{"op_code":7,"worker_id":"9f66ccd5-9467-480d-9ac7-7017afa895de-128196031852544","trial_id":122,"step":230,"intermediate_value":0.03343570325523615}
{"op_code":7,"worker_id":"1cd046f5-1686-4abf-94e8-e4fa59a08500-131165583757312","trial_id":77,"step":390,"intermediate_value":0.3080564243718982}
{"op_code":7,"worker_id":"5e0e8973-4b44-4525-a1fb-e267dde658cb-126908061577216","trial_id":78,"step":270,"intermediate_value":0.5064516132697463}
{"op_code":7,"worker_id":"e60a5b08-9e2e-4a86-b306-d6f4dffbeae7-137374652923904","trial_id":117,"step":260,"intermediate_value":0.03630514070391655}
{"op_code":7,"worker_id":"f27521f6-d458-4af4-a3d1-a34bdc64206c-139383015178240","trial_id":126,"step":130,"intermediate_value":0.09223358519375324}
{"op_code":7,"worker_id":"d704f728-0a55-46da-971e-a4549ca6e104-139157601017856","trial_id":112,"step":170,"intermediate_value":0.2000900488346815}
{"op_code":7,"worker_id":"b4432204-9727-4637-b19f-42635a2d84d6-134999634104320","trial_id":116,"step":110,"intermediate_value":0.011577000375837088}
{"op_code":7,"worker_id":"1a3df289-b80e-4831-bf17-868dbc7ef066-126353676697600","trial_id":84,"step":400,"intermediate_value":0.017133337445557117}
{"op_code":7,"worker_id":"66e69664-d16b-49f3-aa41-bf417fc9117f-132066782720000","trial_id":91,"step":280,"intermediate_value":0.027645503170788288}
{"op_code":7,"worker_id":"669e062c-5c64-4704-a838-93a20247d039-138056793800704","trial_id":101,"step":220,"intermediate_value":0.4425112111493945}
{"op_code":7,"worker_id":"0d363365-fb60-44b7-b09f-d3edac0628c8-134803987668992","trial_id":72,"step":180,"intermediate_value":0.2599741304293275}
{"op_code":7,"worker_id":"0dc1d806-3474-4639-b889-f5ed08a8dd79-133189199245312","trial_id":88,"step":450,"intermediate_value":0.46376257203519344}
{"op_code":7,"worker_id":"e0465576-a5f3-4860-8c67-8c71fbbe2e2d-129090716581888","trial_id":89,"step":140,"intermediate_value":0.03485502675175667}
{"op_code":7,"worker_id":"5995d022-8a01-488a-8a3b-de18b9874811-138063286341632","trial_id":73,"step":470,"intermediate_value":0.03756922110915184}
{"op_code":7,"worker_id":"26cf6585-191d-41c7-a069-093663dbf6af-136787336318976","trial_id":124,"step":140,"intermediate_value":0.5080086989328265}
{"op_code":7,"worker_id":"b62956c9-daec-4291-a509-9732b9b6d316-134317690548224","trial_id":63,"step":490,"intermediate_value":0.22999053448438644}
{"op_code":7,"worker_id":"768b4319-4bfb-4b04-9286-3397a7d50f00-130602565894144","trial_id":125,"step":100,"intermediate_value":0.01358053833246231}
{"op_code":7,"worker_id":"9f66ccd5-9467-480d-9ac7-7017afa895de-128196031852544","trial_id":122,"step":240,"intermediate_value":0.033197096548974514}
{"op_code":7,"worker_id":"15059474-2802-491e-b069-2441b973c009-132863787323392","trial_id":76,"step":580,"intermediate_value":0.5150537639856339}
{"op_code":7,"worker_id":"4ebb2a3b-77de-4b49-be2d-4a446ab21ba8-129478800961536","trial_id":61,"step":420,"intermediate_value":0.4135205252096057}
{"op_code":7,"worker_id":"23286507-3c35-40b6-ba97-116cfd27a518-129889096323072","trial_id":67,"step":330,"intermediate_value":0.5063829785212874}
{"op_code":7,"worker_id":"1cd046f5-1686-4abf-94e8-e4fa59a08500-131165583757312","trial_id":77,"step":400,"intermediate_value":0.3358602374792099}
{"op_code":7,"worker_id":"e60a5b08-9e2e-4a86-b306-d6f4dffbeae7-137374652923904","trial_id":117,"step":270,"intermediate_value":0.03618583735078573}
{"op_code":7,"worker_id":"d704f728-0a55-46da-971e-a4549ca6e104-139157601017856","trial_id":112,"step":180,"intermediate_value":0.21965578012168407}
{"op_code":7,"worker_id":"1a3df289-b80e-4831-bf17-868dbc7ef066-126353676697600","trial_id":84,"step":410,"intermediate_value":0.017133337445557117}
{"op_code":7,"worker_id":"b4432204-9727-4637-b19f-42635a2d84d6-134999634104320","trial_id":116,"step":120,"intermediate_value":0.02552387397736311}
{"op_code":7,"worker_id":"0dc1d806-3474-4639-b889-f5ed08a8dd79-133189199245312","trial_id":88,"step":460,"intermediate_value":0.4699571281671524}
{"op_code":7,"worker_id":"9f66ccd5-9467-480d-9ac7-7017afa895de-128196031852544","trial_id":122,"step":250,"intermediate_value":0.030327660962939262}
{"op_code":7,"worker_id":"669e062c-5c64-4704-a838-93a20247d039-138056793800704","trial_id":101,"step":230,"intermediate_value":0.4617221187800169}
{"op_code":7,"worker_id":"e0465576-a5f3-4860-8c67-8c71fbbe2e2d-129090716581888","trial_id":89,"step":150,"intermediate_value":0.03545154444873333}
{"op_code":7,"worker_id":"f6fd86d3-3343-4798-9777-bfe2bde75fb7-137831837204480","trial_id":105,"step":250,"intermediate_value":0.5030744019895792}
{"op_code":7,"worker_id":"26cf6585-191d-41c7-a069-093663dbf6af-136787336318976","trial_id":124,"step":150,"intermediate_value":0.5106333596631885}
{"op_code":7,"worker_id":"f27521f6-d458-4af4-a3d1-a34bdc64206c-139383015178240","trial_id":126,"step":140,"intermediate_value":0.11856601107865572}
{"op_code":7,"worker_id":"15059474-2802-491e-b069-2441b973c009-132863787323392","trial_id":76,"step":590,"intermediate_value":0.5150537639856339}
{"op_code":7,"worker_id":"66e69664-d16b-49f3-aa41-bf417fc9117f-132066782720000","trial_id":91,"step":290,"intermediate_value":0.026108302175998688}
{"op_code":7,"worker_id":"5995d022-8a01-488a-8a3b-de18b9874811-138063286341632","trial_id":73,"step":480,"intermediate_value":0.03485110308974981}
{"op_code":7,"worker_id":"1cd046f5-1686-4abf-94e8-e4fa59a08500-131165583757312","trial_id":77,"step":410,"intermediate_value":0.34147058613598347}
{"op_code":7,"worker_id":"0613247f-d331-4ea7-afae-abf268742448-135653107617792","trial_id":119,"step":200,"intermediate_value":0.5129032265394926}
{"op_code":7,"worker_id":"768b4319-4bfb-4b04-9286-3397a7d50f00-130602565894144","trial_id":125,"step":110,"intermediate_value":0.014407179318368435}
{"op_code":7,"worker_id":"b62956c9-daec-4291-a509-9732b9b6d316-134317690548224","trial_id":63,"step":500,"intermediate_value":0.19165107607841492}
{"op_code":7,"worker_id":"d704f728-0a55-46da-971e-a4549ca6e104-139157601017856","trial_id":112,"step":190,"intermediate_value":0.23146681301295757}
{"op_code":7,"worker_id":"4ebb2a3b-77de-4b49-be2d-4a446ab21ba8-129478800961536","trial_id":61,"step":430,"intermediate_value":0.5125453006476164}
{"op_code":7,"worker_id":"23286507-3c35-40b6-ba97-116cfd27a518-129889096323072","trial_id":67,"step":340,"intermediate_value":0.5063829785212874}
{"op_code":7,"worker_id":"e60a5b08-9e2e-4a86-b306-d6f4dffbeae7-137374652923904","trial_id":117,"step":280,"intermediate_value":0.03845567815005779}
{"op_code":7,"worker_id":"66e69664-d16b-49f3-aa41-bf417fc9117f-132066782720000","trial_id":91,"step":300,"intermediate_value":0.02090824954211712}
{"op_code":7,"worker_id":"15059474-2802-491e-b069-2441b973c009-132863787323392","trial_id":76,"step":600,"intermediate_value":0.5150537639856339}
{"op_code":7,"worker_id":"4ebb2a3b-77de-4b49-be2d-4a446ab21ba8-129478800961536","trial_id":61,"step":440,"intermediate_value":0.5150537639856339}
{"op_code":7,"worker_id":"ebcfea4b-a1cb-4027-864e-b633cc7fc133-139513405390848","trial_id":111,"step":120,"intermediate_value":0.07553128246217966}
{"op_code":7,"worker_id":"0d363365-fb60-44b7-b09f-d3edac0628c8-134803987668992","trial_id":72,"step":190,"intermediate_value":0.29803187493234873}
{"op_code":7,"worker_id":"d704f728-0a55-46da-971e-a4549ca6e104-139157601017856","trial_id":112,"step":200,"intermediate_value":0.24912369064986706}
{"op_code":7,"worker_id":"9f66ccd5-9467-480d-9ac7-7017afa895de-128196031852544","trial_id":122,"step":260,"intermediate_value":0.02949253749102354}
{"op_code":7,"worker_id":"1cd046f5-1686-4abf-94e8-e4fa59a08500-131165583757312","trial_id":77,"step":420,"intermediate_value":0.3406292926520109}
{"op_code":7,"worker_id":"f27521f6-d458-4af4-a3d1-a34bdc64206c-139383015178240","trial_id":126,"step":150,"intermediate_value":0.15387741662561893}
{"op_code":7,"worker_id":"23286507-3c35-40b6-ba97-116cfd27a518-129889096323072","trial_id":67,"step":350,"intermediate_value":0.5063829785212874}
{"op_code":7,"worker_id":"ab19063c-7aa8-4b5f-a5f6-9c8ba12bc130-131557541150720","trial_id":123,"step":80,"intermediate_value":0.03604498039931059}
{"op_code":7,"worker_id":"77afc7e0-13e7-44d6-8cda-a7b7cb8d402d-131805238861824","trial_id":98,"step":240,"intermediate_value":0.5107526881620288}
{"op_code":7,"worker_id":"0dc1d806-3474-4639-b889-f5ed08a8dd79-133189199245312","trial_id":88,"step":470,"intermediate_value":0.4736616797745228}
{"op_code":7,"worker_id":"669e062c-5c64-4704-a838-93a20247d039-138056793800704","trial_id":101,"step":240,"intermediate_value":0.47185982298105955}
{"op_code":7,"worker_id":"5995d022-8a01-488a-8a3b-de18b9874811-138063286341632","trial_id":73,"step":490,"intermediate_value":0.031660618260502815}
{"op_code":7,"worker_id":"5e0e8973-4b44-4525-a1fb-e267dde658cb-126908061577216","trial_id":78,"step":280,"intermediate_value":0.5064516132697463}
{"op_code":7,"worker_id":"d4c6ce7c-ce66-4e7e-a1e5-d6fb0080cee3-135871939538944","trial_id":97,"step":120,"intermediate_value":0.38691587280482054}
{"op_code":7,"worker_id":"768b4319-4bfb-4b04-9286-3397a7d50f00-130602565894144","trial_id":125,"step":120,"intermediate_value":0.0209062397480011}
{"op_code":7,"worker_id":"b62956c9-daec-4291-a509-9732b9b6d316-134317690548224","trial_id":63,"step":510,"intermediate_value":0.27679435163736343}
{"op_code":7,"worker_id":"f6fd86d3-3343-4798-9777-bfe2bde75fb7-137831837204480","trial_id":105,"step":260,"intermediate_value":0.5037829522043467}
{"op_code":7,"worker_id":"e60a5b08-9e2e-4a86-b306-d6f4dffbeae7-137374652923904","trial_id":117,"step":290,"intermediate_value":0.027822292409837246}
{"op_code":7,"worker_id":"0613247f-d331-4ea7-afae-abf268742448-135653107617792","trial_id":119,"step":210,"intermediate_value":0.5150537639856339}
{"op_code":7,"worker_id":"15059474-2802-491e-b069-2441b973c009-132863787323392","trial_id":76,"step":610,"intermediate_value":0.5172043014317751}
{"op_code":7,"worker_id":"b4432204-9727-4637-b19f-42635a2d84d6-134999634104320","trial_id":116,"step":130,"intermediate_value":0.01287600863724947}
{"op_code":7,"worker_id":"66e69664-d16b-49f3-aa41-bf417fc9117f-132066782720000","trial_id":91,"step":310,"intermediate_value":0.026108302175998688}
{"op_code":7,"worker_id":"855aa31e-eefd-40ff-b92f-4ebe88b9296a-135118154514432","trial_id":68,"step":340,"intermediate_value":0.2970835994929075}
