{"op_code":0,"worker_id":"06d67c92-9db4-4427-8277-f02853586efb-124490550456320","study_name":"adamw__decoder","directions":[1]}
{"op_code":4,"worker_id":"06d67c92-9db4-4427-8277-f02853586efb-124490550456320","study_id":0,"datetime_start":"2026-06-09T21:12:00.726890"}
{"op_code":5,"worker_id":"06d67c92-9db4-4427-8277-f02853586efb-124490550456320","trial_id":0,"param_name":"lr","param_value_internal":0.0011576160601673156,"distribution":"{\"name\": \"FloatDistribution\", \"attributes\": {\"step\": null, \"low\": 0.0002, \"high\": 0.005, \"log\": true}}"}
{"op_code":5,"worker_id":"06d67c92-9db4-4427-8277-f02853586efb-124490550456320","trial_id":0,"param_name":"beta1","param_value_internal":0.8671865315032211,"distribution":"{\"name\": \"FloatDistribution\", \"attributes\": {\"step\": null, \"low\": 0.85, \"high\": 0.95, \"log\": false}}"}
{"op_code":5,"worker_id":"06d67c92-9db4-4427-8277-f02853586efb-124490550456320","trial_id":0,"param_name":"beta2","param_value_internal":0.9922201245695225,"distribution":"{\"name\": \"FloatDistribution\", \"attributes\": {\"step\": null, \"low\": 0.95, \"high\": 0.9995, \"log\": false}}"}
{"op_code":5,"worker_id":"06d67c92-9db4-4427-8277-f02853586efb-124490550456320","trial_id":0,"param_name":"weight_decay","param_value_internal":0.34316742743792855,"distribution":"{\"name\": \"FloatDistribution\", \"attributes\": {\"step\": null, \"low\": 0.2, \"high\": 4.0, \"log\": true}}"}
{"op_code":7,"worker_id":"06d67c92-9db4-4427-8277-f02853586efb-124490550456320","trial_id":0,"step":1,"intermediate_value":0.02543930523097515}
{"op_code":7,"worker_id":"06d67c92-9db4-4427-8277-f02853586efb-124490550456320","trial_id":0,"step":250,"intermediate_value":0.5150537639856339}
{"op_code":7,"worker_id":"06d67c92-9db4-4427-8277-f02853586efb-124490550456320","trial_id":0,"step":500,"intermediate_value":0.5172043014317751}
{"op_code":7,"worker_id":"06d67c92-9db4-4427-8277-f02853586efb-124490550456320","trial_id":0,"step":750,"intermediate_value":0.5258064530789852}
{"op_code":7,"worker_id":"06d67c92-9db4-4427-8277-f02853586efb-124490550456320","trial_id":0,"step":1000,"intermediate_value":0.5172043014317751}
{"op_code":7,"worker_id":"06d67c92-9db4-4427-8277-f02853586efb-124490550456320","trial_id":0,"step":1250,"intermediate_value":0.5236559137701988}
{"op_code":7,"worker_id":"06d67c92-9db4-4427-8277-f02853586efb-124490550456320","trial_id":0,"step":1500,"intermediate_value":0.5236559137701988}
{"op_code":7,"worker_id":"06d67c92-9db4-4427-8277-f02853586efb-124490550456320","trial_id":0,"step":1750,"intermediate_value":0.5193548388779163}
{"op_code":7,"worker_id":"06d67c92-9db4-4427-8277-f02853586efb-124490550456320","trial_id":0,"step":2000,"intermediate_value":0.5236559137701988}
{"op_code":7,"worker_id":"06d67c92-9db4-4427-8277-f02853586efb-124490550456320","trial_id":0,"step":2250,"intermediate_value":0.5193548388779163}
{"op_code":7,"worker_id":"06d67c92-9db4-4427-8277-f02853586efb-124490550456320","trial_id":0,"step":2500,"intermediate_value":0.5215053763240576}
{"op_code":7,"worker_id":"06d67c92-9db4-4427-8277-f02853586efb-124490550456320","trial_id":0,"step":2750,"intermediate_value":0.5258064530789852}
{"op_code":7,"worker_id":"06d67c92-9db4-4427-8277-f02853586efb-124490550456320","trial_id":0,"step":3000,"intermediate_value":0.5279569905251265}
{"op_code":7,"worker_id":"06d67c92-9db4-4427-8277-f02853586efb-124490550456320","trial_id":0,"step":3250,"intermediate_value":0.5215053763240576}
{"op_code":7,"worker_id":"06d67c92-9db4-4427-8277-f02853586efb-124490550456320","trial_id":0,"step":3500,"intermediate_value":0.5301075279712677}
{"op_code":7,"worker_id":"06d67c92-9db4-4427-8277-f02853586efb-124490550456320","trial_id":0,"step":3750,"intermediate_value":0.5387096777558327}
{"op_code":7,"worker_id":"06d67c92-9db4-4427-8277-f02853586efb-124490550456320","trial_id":0,"step":4000,"intermediate_value":0.5408602170646191}
{"op_code":7,"worker_id":"06d67c92-9db4-4427-8277-f02853586efb-124490550456320","trial_id":0,"step":4250,"intermediate_value":0.5623655915260315}
{"op_code":7,"worker_id":"06d67c92-9db4-4427-8277-f02853586efb-124490550456320","trial_id":0,"step":4500,"intermediate_value":0.5903225839138031}
{"op_code":7,"worker_id":"06d67c92-9db4-4427-8277-f02853586efb-124490550456320","trial_id":0,"step":4750,"intermediate_value":0.588172048330307}
{"op_code":7,"worker_id":"06d67c92-9db4-4427-8277-f02853586efb-124490550456320","trial_id":0,"step":5000,"intermediate_value":0.6892473101615906}
{"op_code":8,"worker_id":"06d67c92-9db4-4427-8277-f02853586efb-124490550456320","trial_id":0,"user_attr":{"peak_val_acc":0.18924731016159058}}
{"op_code":8,"worker_id":"06d67c92-9db4-4427-8277-f02853586efb-124490550456320","trial_id":0,"user_attr":{"final_test_acc":0.17332474887371063}}
{"op_code":6,"worker_id":"06d67c92-9db4-4427-8277-f02853586efb-124490550456320","trial_id":0,"state":1,"values":[9053.763449192047],"datetime_complete":"2026-06-09T21:13:06.594102"}
{"op_code":4,"worker_id":"06d67c92-9db4-4427-8277-f02853586efb-124490550456320","study_id":0,"datetime_start":"2026-06-09T21:13:06.866987"}
{"op_code":5,"worker_id":"06d67c92-9db4-4427-8277-f02853586efb-124490550456320","trial_id":1,"param_name":"lr","param_value_internal":0.0013304462962126125,"distribution":"{\"name\": \"FloatDistribution\", \"attributes\": {\"step\": null, \"low\": 0.0002, \"high\": 0.005, \"log\": true}}"}
{"op_code":5,"worker_id":"06d67c92-9db4-4427-8277-f02853586efb-124490550456320","trial_id":1,"param_name":"beta1","param_value_internal":0.8620774900702103,"distribution":"{\"name\": \"FloatDistribution\", \"attributes\": {\"step\": null, \"low\": 0.85, \"high\": 0.95, \"log\": false}}"}
{"op_code":5,"worker_id":"06d67c92-9db4-4427-8277-f02853586efb-124490550456320","trial_id":1,"param_name":"beta2","param_value_internal":0.977457588147807,"distribution":"{\"name\": \"FloatDistribution\", \"attributes\": {\"step\": null, \"low\": 0.95, \"high\": 0.9995, \"log\": false}}"}
{"op_code":5,"worker_id":"06d67c92-9db4-4427-8277-f02853586efb-124490550456320","trial_id":1,"param_name":"weight_decay","param_value_internal":0.2557104719159887,"distribution":"{\"name\": \"FloatDistribution\", \"attributes\": {\"step\": null, \"low\": 0.2, \"high\": 4.0, \"log\": true}}"}
{"op_code":7,"worker_id":"06d67c92-9db4-4427-8277-f02853586efb-124490550456320","trial_id":1,"step":1,"intermediate_value":0.027351236436516047}
{"op_code":7,"worker_id":"06d67c92-9db4-4427-8277-f02853586efb-124490550456320","trial_id":1,"step":250,"intermediate_value":0.5193548388779163}
{"op_code":7,"worker_id":"06d67c92-9db4-4427-8277-f02853586efb-124490550456320","trial_id":1,"step":500,"intermediate_value":0.5172043014317751}
{"op_code":7,"worker_id":"06d67c92-9db4-4427-8277-f02853586efb-124490550456320","trial_id":1,"step":750,"intermediate_value":0.5150537639856339}
{"op_code":7,"worker_id":"06d67c92-9db4-4427-8277-f02853586efb-124490550456320","trial_id":1,"step":1000,"intermediate_value":0.10858752578496933}
{"op_code":7,"worker_id":"06d67c92-9db4-4427-8277-f02853586efb-124490550456320","trial_id":1,"step":1250,"intermediate_value":0.5215053763240576}
{"op_code":7,"worker_id":"06d67c92-9db4-4427-8277-f02853586efb-124490550456320","trial_id":1,"step":1500,"intermediate_value":0.5193548388779163}
{"op_code":7,"worker_id":"06d67c92-9db4-4427-8277-f02853586efb-124490550456320","trial_id":1,"step":1750,"intermediate_value":0.5215053763240576}
{"op_code":7,"worker_id":"06d67c92-9db4-4427-8277-f02853586efb-124490550456320","trial_id":1,"step":2000,"intermediate_value":0.5279569905251265}
{"op_code":7,"worker_id":"06d67c92-9db4-4427-8277-f02853586efb-124490550456320","trial_id":1,"step":2250,"intermediate_value":0.5215053763240576}
{"op_code":7,"worker_id":"06d67c92-9db4-4427-8277-f02853586efb-124490550456320","trial_id":1,"step":2500,"intermediate_value":0.519235510379076}
{"op_code":7,"worker_id":"06d67c92-9db4-4427-8277-f02853586efb-124490550456320","trial_id":1,"step":2750,"intermediate_value":0.023524295538663864}
{"op_code":7,"worker_id":"06d67c92-9db4-4427-8277-f02853586efb-124490550456320","trial_id":1,"step":3000,"intermediate_value":0.5279569905251265}
{"op_code":7,"worker_id":"06d67c92-9db4-4427-8277-f02853586efb-124490550456320","trial_id":1,"step":3250,"intermediate_value":0.5344086028635502}
{"op_code":7,"worker_id":"06d67c92-9db4-4427-8277-f02853586efb-124490550456320","trial_id":1,"step":3500,"intermediate_value":0.5322580635547638}
{"op_code":7,"worker_id":"06d67c92-9db4-4427-8277-f02853586efb-124490550456320","trial_id":1,"step":3750,"intermediate_value":0.5322580635547638}
{"op_code":7,"worker_id":"06d67c92-9db4-4427-8277-f02853586efb-124490550456320","trial_id":1,"step":4000,"intermediate_value":0.5365591421723366}
{"op_code":7,"worker_id":"06d67c92-9db4-4427-8277-f02853586efb-124490550456320","trial_id":1,"step":4250,"intermediate_value":0.5387096777558327}
{"op_code":7,"worker_id":"06d67c92-9db4-4427-8277-f02853586efb-124490550456320","trial_id":1,"step":4500,"intermediate_value":0.5365591421723366}
{"op_code":7,"worker_id":"06d67c92-9db4-4427-8277-f02853586efb-124490550456320","trial_id":1,"step":4750,"intermediate_value":0.5430107526481152}
{"op_code":7,"worker_id":"06d67c92-9db4-4427-8277-f02853586efb-124490550456320","trial_id":1,"step":5000,"intermediate_value":0.5408602170646191}
{"op_code":8,"worker_id":"06d67c92-9db4-4427-8277-f02853586efb-124490550456320","trial_id":1,"user_attr":{"peak_val_acc":0.04301075264811516}}
{"op_code":8,"worker_id":"06d67c92-9db4-4427-8277-f02853586efb-124490550456320","trial_id":1,"user_attr":{"final_test_acc":0.03307560086250305}}
{"op_code":6,"worker_id":"06d67c92-9db4-4427-8277-f02853586efb-124490550456320","trial_id":1,"state":1,"values":[9784.946236759424],"datetime_complete":"2026-06-09T21:14:07.671543"}
{"op_code":0,"worker_id":"06b38c3b-8155-464f-90d8-6001c052cc65-132689575882752","study_name":"adamw__decoder","directions":[1]}
{"op_code":0,"worker_id":"d8f5a6a4-6894-45b9-85e0-9ceb6e5218d4-132689575882752","study_name":"neuralgrok__decoder","directions":[1]}
{"op_code":0,"worker_id":"e312d98b-61bb-43b4-ad2e-ca3677e9e5a2-132689575882752","study_name":"grokadamw__decoder","directions":[1]}
{"op_code":0,"worker_id":"1537022c-7fd8-4a34-88e7-51c04fd5ec94-132689575882752","study_name":"supergrok__decoder","directions":[1]}
{"op_code":0,"worker_id":"6b5caa75-0bd0-4751-a4c7-8004256db32b-132689575882752","study_name":"supergrok15__decoder","directions":[1]}
{"op_code":0,"worker_id":"27bc1a69-21f3-45fb-bcd2-ea6d89cf3105-132689575882752","study_name":"grokfast__decoder","directions":[1]}
{"op_code":0,"worker_id":"02e543bf-6bdd-4465-bdbd-3c873c183469-132689575882752","study_name":"muon__decoder","directions":[1]}
{"op_code":0,"worker_id":"9109897c-20cd-48de-87ad-c4d2b1749493-132689575882752","study_name":"lion__decoder","directions":[1]}
{"op_code":0,"worker_id":"7749e242-980d-4769-801c-e2d15b8f09e8-132689575882752","study_name":"looksam__decoder","directions":[1]}
{"op_code":0,"worker_id":"5170fff1-af99-4e59-ab25-aebc059bdb4b-132689575882752","study_name":"prodigy__decoder","directions":[1]}
{"op_code":4,"worker_id":"06b38c3b-8155-464f-90d8-6001c052cc65-132689575882752","study_id":0,"datetime_start":"2026-06-09T21:26:35.512312"}
{"op_code":5,"worker_id":"06b38c3b-8155-464f-90d8-6001c052cc65-132689575882752","trial_id":2,"param_name":"lr","param_value_internal":0.0011576160601673156,"distribution":"{\"name\": \"FloatDistribution\", \"attributes\": {\"step\": null, \"low\": 0.0002, \"high\": 0.005, \"log\": true}}"}
{"op_code":5,"worker_id":"06b38c3b-8155-464f-90d8-6001c052cc65-132689575882752","trial_id":2,"param_name":"beta1","param_value_internal":0.8671865315032211,"distribution":"{\"name\": \"FloatDistribution\", \"attributes\": {\"step\": null, \"low\": 0.85, \"high\": 0.95, \"log\": false}}"}
{"op_code":5,"worker_id":"06b38c3b-8155-464f-90d8-6001c052cc65-132689575882752","trial_id":2,"param_name":"beta2","param_value_internal":0.9922201245695225,"distribution":"{\"name\": \"FloatDistribution\", \"attributes\": {\"step\": null, \"low\": 0.95, \"high\": 0.9995, \"log\": false}}"}
{"op_code":5,"worker_id":"06b38c3b-8155-464f-90d8-6001c052cc65-132689575882752","trial_id":2,"param_name":"weight_decay","param_value_internal":0.34316742743792855,"distribution":"{\"name\": \"FloatDistribution\", \"attributes\": {\"step\": null, \"low\": 0.2, \"high\": 4.0, \"log\": true}}"}
{"op_code":0,"worker_id":"97facf4c-2da1-4806-8be0-5c69807fd10b-128505552416768","study_name":"adamw__decoder","directions":[1]}
{"op_code":0,"worker_id":"7142827b-e3e3-40a9-9ad8-d310d9d571b4-128505552416768","study_name":"neuralgrok__decoder","directions":[1]}
{"op_code":0,"worker_id":"ca2d9241-37d6-469a-bc4c-640bb1152ecd-128505552416768","study_name":"grokadamw__decoder","directions":[1]}
{"op_code":0,"worker_id":"5a44bc3b-cc3e-4b64-ba7f-10f9ffe83449-128505552416768","study_name":"supergrok__decoder","directions":[1]}
{"op_code":0,"worker_id":"32bbc4d5-6962-40f1-bfd3-138f67b596e3-128505552416768","study_name":"supergrok15__decoder","directions":[1]}
{"op_code":0,"worker_id":"67272433-744b-45f9-bc88-33f3b0dda1b5-128505552416768","study_name":"grokfast__decoder","directions":[1]}
{"op_code":0,"worker_id":"b4734346-99a0-4b63-81ba-82fee786d2c0-128505552416768","study_name":"muon__decoder","directions":[1]}
{"op_code":0,"worker_id":"d530dd61-69bd-4058-b3f3-af358c13d065-128505552416768","study_name":"lion__decoder","directions":[1]}
{"op_code":7,"worker_id":"06b38c3b-8155-464f-90d8-6001c052cc65-132689575882752","trial_id":2,"step":1,"intermediate_value":0.014448010828346014}
{"op_code":0,"worker_id":"325ca4ab-1c24-4170-a012-6ce98902c35d-128505552416768","study_name":"looksam__decoder","directions":[1]}
{"op_code":0,"worker_id":"08f4147f-ba9f-40ef-991d-1f8d3633b868-128505552416768","study_name":"prodigy__decoder","directions":[1]}
{"op_code":4,"worker_id":"97facf4c-2da1-4806-8be0-5c69807fd10b-128505552416768","study_id":0,"datetime_start":"2026-06-09T21:26:38.869550"}
{"op_code":5,"worker_id":"97facf4c-2da1-4806-8be0-5c69807fd10b-128505552416768","trial_id":3,"param_name":"lr","param_value_internal":0.002688712893605852,"distribution":"{\"name\": \"FloatDistribution\", \"attributes\": {\"step\": null, \"low\": 0.0002, \"high\": 0.005, \"log\": true}}"}
{"op_code":5,"worker_id":"97facf4c-2da1-4806-8be0-5c69807fd10b-128505552416768","trial_id":3,"param_name":"beta1","param_value_internal":0.8616506972333066,"distribution":"{\"name\": \"FloatDistribution\", \"attributes\": {\"step\": null, \"low\": 0.85, \"high\": 0.95, \"log\": false}}"}
{"op_code":5,"worker_id":"97facf4c-2da1-4806-8be0-5c69807fd10b-128505552416768","trial_id":3,"param_name":"beta2","param_value_internal":0.9848621204520889,"distribution":"{\"name\": \"FloatDistribution\", \"attributes\": {\"step\": null, \"low\": 0.95, \"high\": 0.9995, \"log\": false}}"}
{"op_code":5,"worker_id":"97facf4c-2da1-4806-8be0-5c69807fd10b-128505552416768","trial_id":3,"param_name":"weight_decay","param_value_internal":0.9597756895390301,"distribution":"{\"name\": \"FloatDistribution\", \"attributes\": {\"step\": null, \"low\": 0.2, \"high\": 4.0, \"log\": true}}"}
{"op_code":0,"worker_id":"98a57b62-87b0-47f0-a89d-d4766175f9a9-127440436453376","study_name":"adamw__decoder","directions":[1]}
{"op_code":0,"worker_id":"5f172341-6312-4046-b0d9-4fb86315cf6d-127440436453376","study_name":"neuralgrok__decoder","directions":[1]}
{"op_code":0,"worker_id":"0da1567a-e837-43b1-a037-160b9f430a6d-127440436453376","study_name":"grokadamw__decoder","directions":[1]}
{"op_code":0,"worker_id":"abea8bf4-f21f-434b-816e-226eb7249814-127440436453376","study_name":"supergrok__decoder","directions":[1]}
{"op_code":0,"worker_id":"a1db9075-354f-417b-8d02-8372cd8897aa-127440436453376","study_name":"supergrok15__decoder","directions":[1]}
{"op_code":0,"worker_id":"ba9ecc40-6eaf-483a-bd57-4a599b354d45-127440436453376","study_name":"grokfast__decoder","directions":[1]}
{"op_code":0,"worker_id":"983a5099-2e28-4400-b605-182ff3d4dbda-127440436453376","study_name":"muon__decoder","directions":[1]}
{"op_code":0,"worker_id":"1998bbc4-08d1-4e71-bd7d-2ad373cc9614-127440436453376","study_name":"lion__decoder","directions":[1]}
{"op_code":0,"worker_id":"a225e42c-5457-495c-b724-8f2f72a7c86b-127440436453376","study_name":"looksam__decoder","directions":[1]}
{"op_code":0,"worker_id":"86efc305-ca35-4bdf-baac-ca01b9313bcc-127440436453376","study_name":"prodigy__decoder","directions":[1]}
{"op_code":7,"worker_id":"06b38c3b-8155-464f-90d8-6001c052cc65-132689575882752","trial_id":2,"step":250,"intermediate_value":0.5107526881620288}
{"op_code":0,"worker_id":"c50616da-88c4-4a09-a110-ead01f50c083-134485835018240","study_name":"adamw__decoder","directions":[1]}
{"op_code":4,"worker_id":"98a57b62-87b0-47f0-a89d-d4766175f9a9-127440436453376","study_id":0,"datetime_start":"2026-06-09T21:26:50.303989"}
{"op_code":5,"worker_id":"98a57b62-87b0-47f0-a89d-d4766175f9a9-127440436453376","trial_id":4,"param_name":"lr","param_value_internal":0.0008565293722924722,"distribution":"{\"name\": \"FloatDistribution\", \"attributes\": {\"step\": null, \"low\": 0.0002, \"high\": 0.005, \"log\": true}}"}
{"op_code":5,"worker_id":"98a57b62-87b0-47f0-a89d-d4766175f9a9-127440436453376","trial_id":4,"param_name":"beta1","param_value_internal":0.9336803373557624,"distribution":"{\"name\": \"FloatDistribution\", \"attributes\": {\"step\": null, \"low\": 0.85, \"high\": 0.95, \"log\": false}}"}
{"op_code":5,"worker_id":"98a57b62-87b0-47f0-a89d-d4766175f9a9-127440436453376","trial_id":4,"param_name":"beta2","param_value_internal":0.974510993649918,"distribution":"{\"name\": \"FloatDistribution\", \"attributes\": {\"step\": null, \"low\": 0.95, \"high\": 0.9995, \"log\": false}}"}
{"op_code":5,"worker_id":"98a57b62-87b0-47f0-a89d-d4766175f9a9-127440436453376","trial_id":4,"param_name":"weight_decay","param_value_internal":1.9548824288747957,"distribution":"{\"name\": \"FloatDistribution\", \"attributes\": {\"step\": null, \"low\": 0.2, \"high\": 4.0, \"log\": true}}"}
{"op_code":7,"worker_id":"97facf4c-2da1-4806-8be0-5c69807fd10b-128505552416768","trial_id":3,"step":1,"intermediate_value":0.02424627263098955}
{"op_code":0,"worker_id":"867ffff7-647b-49f2-bdc6-cca8c3080fac-134485835018240","study_name":"neuralgrok__decoder","directions":[1]}
{"op_code":0,"worker_id":"9cbb0ba2-06fd-44c4-b251-445e42b1919f-134485835018240","study_name":"grokadamw__decoder","directions":[1]}
{"op_code":0,"worker_id":"d1d45b66-fa7e-45f7-bd18-651a8dafd5eb-134485835018240","study_name":"supergrok__decoder","directions":[1]}
{"op_code":0,"worker_id":"dd9ddd96-003a-4f5d-ad7e-8cf5227ee330-134485835018240","study_name":"supergrok15__decoder","directions":[1]}
{"op_code":0,"worker_id":"811fe547-32fa-4505-9d5b-896e78832fec-134485835018240","study_name":"grokfast__decoder","directions":[1]}
{"op_code":0,"worker_id":"c6f00877-d675-4dd0-b404-8ea223bcff67-134485835018240","study_name":"muon__decoder","directions":[1]}
{"op_code":0,"worker_id":"d42e1d8a-f4ff-4e51-aff7-0994a982d6d3-134485835018240","study_name":"lion__decoder","directions":[1]}
{"op_code":0,"worker_id":"7fe672ff-2c00-4191-9d3d-ab8cc7b053df-134485835018240","study_name":"looksam__decoder","directions":[1]}
{"op_code":0,"worker_id":"667abc57-7895-40af-9b51-c9188c24b8fa-134485835018240","study_name":"prodigy__decoder","directions":[1]}
{"op_code":4,"worker_id":"c50616da-88c4-4a09-a110-ead01f50c083-134485835018240","study_id":0,"datetime_start":"2026-06-09T21:26:51.546342"}
{"op_code":5,"worker_id":"c50616da-88c4-4a09-a110-ead01f50c083-134485835018240","trial_id":5,"param_name":"lr","param_value_internal":0.003872639391054715,"distribution":"{\"name\": \"FloatDistribution\", \"attributes\": {\"step\": null, \"low\": 0.0002, \"high\": 0.005, \"log\": true}}"}
{"op_code":5,"worker_id":"c50616da-88c4-4a09-a110-ead01f50c083-134485835018240","trial_id":5,"param_name":"beta1","param_value_internal":0.9080579177135406,"distribution":"{\"name\": \"FloatDistribution\", \"attributes\": {\"step\": null, \"low\": 0.85, \"high\": 0.95, \"log\": false}}"}
{"op_code":5,"worker_id":"c50616da-88c4-4a09-a110-ead01f50c083-134485835018240","trial_id":5,"param_name":"beta2","param_value_internal":0.9984848390636939,"distribution":"{\"name\": \"FloatDistribution\", \"attributes\": {\"step\": null, \"low\": 0.95, \"high\": 0.9995, \"log\": false}}"}
{"op_code":5,"worker_id":"c50616da-88c4-4a09-a110-ead01f50c083-134485835018240","trial_id":5,"param_name":"weight_decay","param_value_internal":1.8645260030089423,"distribution":"{\"name\": \"FloatDistribution\", \"attributes\": {\"step\": null, \"low\": 0.2, \"high\": 4.0, \"log\": true}}"}
{"op_code":7,"worker_id":"06b38c3b-8155-464f-90d8-6001c052cc65-132689575882752","trial_id":2,"step":500,"intermediate_value":0.5129032265394926}
{"op_code":7,"worker_id":"98a57b62-87b0-47f0-a89d-d4766175f9a9-127440436453376","trial_id":4,"step":1,"intermediate_value":0.012416776735335588}
{"op_code":7,"worker_id":"c50616da-88c4-4a09-a110-ead01f50c083-134485835018240","trial_id":5,"step":1,"intermediate_value":0.01647924492135644}
{"op_code":7,"worker_id":"97facf4c-2da1-4806-8be0-5c69807fd10b-128505552416768","trial_id":3,"step":250,"intermediate_value":0.18422271125018597}
{"op_code":7,"worker_id":"06b38c3b-8155-464f-90d8-6001c052cc65-132689575882752","trial_id":2,"step":750,"intermediate_value":0.5107526881620288}
{"op_code":7,"worker_id":"98a57b62-87b0-47f0-a89d-d4766175f9a9-127440436453376","trial_id":4,"step":250,"intermediate_value":0.5107526881620288}
{"op_code":7,"worker_id":"c50616da-88c4-4a09-a110-ead01f50c083-134485835018240","trial_id":5,"step":250,"intermediate_value":0.5190338641405106}
{"op_code":7,"worker_id":"97facf4c-2da1-4806-8be0-5c69807fd10b-128505552416768","trial_id":3,"step":500,"intermediate_value":0.5540359169244766}
{"op_code":7,"worker_id":"06b38c3b-8155-464f-90d8-6001c052cc65-132689575882752","trial_id":2,"step":1000,"intermediate_value":0.5107526881620288}
{"op_code":7,"worker_id":"98a57b62-87b0-47f0-a89d-d4766175f9a9-127440436453376","trial_id":4,"step":500,"intermediate_value":0.5107526881620288}
{"op_code":7,"worker_id":"c50616da-88c4-4a09-a110-ead01f50c083-134485835018240","trial_id":5,"step":500,"intermediate_value":1.5}
{"op_code":8,"worker_id":"c50616da-88c4-4a09-a110-ead01f50c083-134485835018240","trial_id":5,"user_attr":{"peak_val_acc":1.0}}
{"op_code":8,"worker_id":"c50616da-88c4-4a09-a110-ead01f50c083-134485835018240","trial_id":5,"user_attr":{"final_test_acc":0.999355673789978}}
{"op_code":6,"worker_id":"c50616da-88c4-4a09-a110-ead01f50c083-134485835018240","trial_id":5,"state":1,"values":[500.0],"datetime_complete":"2026-06-09T21:27:08.560456"}
{"op_code":4,"worker_id":"867ffff7-647b-49f2-bdc6-cca8c3080fac-134485835018240","study_id":1,"datetime_start":"2026-06-09T21:27:08.688341"}
{"op_code":5,"worker_id":"867ffff7-647b-49f2-bdc6-cca8c3080fac-134485835018240","trial_id":6,"param_name":"lr","param_value_internal":0.003872639391054715,"distribution":"{\"name\": \"FloatDistribution\", \"attributes\": {\"step\": null, \"low\": 0.0002, \"high\": 0.005, \"log\": true}}"}
{"op_code":5,"worker_id":"867ffff7-647b-49f2-bdc6-cca8c3080fac-134485835018240","trial_id":6,"param_name":"neural_alpha","param_value_internal":9.634830773222056,"distribution":"{\"name\": \"FloatDistribution\", \"attributes\": {\"step\": null, \"low\": 2.0, \"high\": 30.0, \"log\": true}}"}
{"op_code":5,"worker_id":"867ffff7-647b-49f2-bdc6-cca8c3080fac-134485835018240","trial_id":6,"param_name":"neural_beta","param_value_internal":9.815425284307974,"distribution":"{\"name\": \"FloatDistribution\", \"attributes\": {\"step\": null, \"low\": 1.0, \"high\": 10.0, \"log\": false}}"}
{"op_code":5,"worker_id":"867ffff7-647b-49f2-bdc6-cca8c3080fac-134485835018240","trial_id":6,"param_name":"inner_steps","param_value_internal":2.0,"distribution":"{\"name\": \"IntDistribution\", \"attributes\": {\"log\": false, \"step\": 1, \"low\": 1, \"high\": 2}}"}
{"op_code":5,"worker_id":"867ffff7-647b-49f2-bdc6-cca8c3080fac-134485835018240","trial_id":6,"param_name":"neural_grad_clip","param_value_internal":2.780819400125756,"distribution":"{\"name\": \"FloatDistribution\", \"attributes\": {\"step\": null, \"low\": 0.5, \"high\": 3.0, \"log\": false}}"}
{"op_code":5,"worker_id":"867ffff7-647b-49f2-bdc6-cca8c3080fac-134485835018240","trial_id":6,"param_name":"weight_decay","param_value_internal":0.9681937347515654,"distribution":"{\"name\": \"FloatDistribution\", \"attributes\": {\"step\": null, \"low\": 0.2, \"high\": 4.0, \"log\": true}}"}
{"op_code":7,"worker_id":"867ffff7-647b-49f2-bdc6-cca8c3080fac-134485835018240","trial_id":6,"step":1,"intermediate_value":0.01958420965820551}
{"op_code":7,"worker_id":"97facf4c-2da1-4806-8be0-5c69807fd10b-128505552416768","trial_id":3,"step":750,"intermediate_value":1.248387098312378}
{"op_code":7,"worker_id":"06b38c3b-8155-464f-90d8-6001c052cc65-132689575882752","trial_id":2,"step":1250,"intermediate_value":0.5129032265394926}
{"op_code":7,"worker_id":"98a57b62-87b0-47f0-a89d-d4766175f9a9-127440436453376","trial_id":4,"step":750,"intermediate_value":0.5127838980406523}
{"op_code":7,"worker_id":"97facf4c-2da1-4806-8be0-5c69807fd10b-128505552416768","trial_id":3,"step":1000,"intermediate_value":1.5}
{"op_code":8,"worker_id":"97facf4c-2da1-4806-8be0-5c69807fd10b-128505552416768","trial_id":3,"user_attr":{"peak_val_acc":1.0}}
{"op_code":8,"worker_id":"97facf4c-2da1-4806-8be0-5c69807fd10b-128505552416768","trial_id":3,"user_attr":{"final_test_acc":0.9997852444648743}}
{"op_code":6,"worker_id":"97facf4c-2da1-4806-8be0-5c69807fd10b-128505552416768","trial_id":3,"state":1,"values":[1000.0],"datetime_complete":"2026-06-09T21:27:15.627823"}
{"op_code":4,"worker_id":"7142827b-e3e3-40a9-9ad8-d310d9d571b4-128505552416768","study_id":1,"datetime_start":"2026-06-09T21:27:15.783766"}
{"op_code":5,"worker_id":"7142827b-e3e3-40a9-9ad8-d310d9d571b4-128505552416768","trial_id":7,"param_name":"lr","param_value_internal":0.002688712893605852,"distribution":"{\"name\": \"FloatDistribution\", \"attributes\": {\"step\": null, \"low\": 0.0002, \"high\": 0.005, \"log\": true}}"}
{"op_code":5,"worker_id":"7142827b-e3e3-40a9-9ad8-d310d9d571b4-128505552416768","trial_id":7,"param_name":"neural_alpha","param_value_internal":2.7419076764296224,"distribution":"{\"name\": \"FloatDistribution\", \"attributes\": {\"step\": null, \"low\": 2.0, \"high\": 30.0, \"log\": true}}"}
{"op_code":5,"worker_id":"7142827b-e3e3-40a9-9ad8-d310d9d571b4-128505552416768","trial_id":7,"param_name":"neural_beta","param_value_internal":7.338567354925254,"distribution":"{\"name\": \"FloatDistribution\", \"attributes\": {\"step\": null, \"low\": 1.0, \"high\": 10.0, \"log\": false}}"}
{"op_code":5,"worker_id":"7142827b-e3e3-40a9-9ad8-d310d9d571b4-128505552416768","trial_id":7,"param_name":"inner_steps","param_value_internal":2.0,"distribution":"{\"name\": \"IntDistribution\", \"attributes\": {\"log\": false, \"step\": 1, \"low\": 1, \"high\": 2}}"}
{"op_code":5,"worker_id":"7142827b-e3e3-40a9-9ad8-d310d9d571b4-128505552416768","trial_id":7,"param_name":"neural_grad_clip","param_value_internal":0.8942500250976235,"distribution":"{\"name\": \"FloatDistribution\", \"attributes\": {\"step\": null, \"low\": 0.5, \"high\": 3.0, \"log\": false}}"}
{"op_code":5,"worker_id":"7142827b-e3e3-40a9-9ad8-d310d9d571b4-128505552416768","trial_id":7,"param_name":"weight_decay","param_value_internal":2.896345754615588,"distribution":"{\"name\": \"FloatDistribution\", \"attributes\": {\"step\": null, \"low\": 0.2, \"high\": 4.0, \"log\": true}}"}
{"op_code":7,"worker_id":"7142827b-e3e3-40a9-9ad8-d310d9d571b4-128505552416768","trial_id":7,"step":1,"intermediate_value":0.026754720136523247}
{"op_code":7,"worker_id":"06b38c3b-8155-464f-90d8-6001c052cc65-132689575882752","trial_id":2,"step":1500,"intermediate_value":0.5150537639856339}
{"op_code":7,"worker_id":"98a57b62-87b0-47f0-a89d-d4766175f9a9-127440436453376","trial_id":4,"step":1000,"intermediate_value":0.5470732003450394}
{"op_code":7,"worker_id":"06b38c3b-8155-464f-90d8-6001c052cc65-132689575882752","trial_id":2,"step":1750,"intermediate_value":0.5107526881620288}
{"op_code":7,"worker_id":"98a57b62-87b0-47f0-a89d-d4766175f9a9-127440436453376","trial_id":4,"step":1250,"intermediate_value":0.9234172999858856}
{"op_code":7,"worker_id":"06b38c3b-8155-464f-90d8-6001c052cc65-132689575882752","trial_id":2,"step":2000,"intermediate_value":0.5129032265394926}
{"op_code":7,"worker_id":"98a57b62-87b0-47f0-a89d-d4766175f9a9-127440436453376","trial_id":4,"step":1500,"intermediate_value":1.4741935729980469}
{"op_code":8,"worker_id":"98a57b62-87b0-47f0-a89d-d4766175f9a9-127440436453376","trial_id":4,"user_attr":{"peak_val_acc":0.9741935729980469}}
{"op_code":8,"worker_id":"98a57b62-87b0-47f0-a89d-d4766175f9a9-127440436453376","trial_id":4,"user_attr":{"final_test_acc":0.9731529355049133}}
{"op_code":6,"worker_id":"98a57b62-87b0-47f0-a89d-d4766175f9a9-127440436453376","trial_id":4,"state":1,"values":[1500.0],"datetime_complete":"2026-06-09T21:27:26.079719"}
{"op_code":4,"worker_id":"5f172341-6312-4046-b0d9-4fb86315cf6d-127440436453376","study_id":1,"datetime_start":"2026-06-09T21:27:26.248086"}
{"op_code":5,"worker_id":"5f172341-6312-4046-b0d9-4fb86315cf6d-127440436453376","trial_id":8,"param_name":"lr","param_value_internal":0.0008565293722924722,"distribution":"{\"name\": \"FloatDistribution\", \"attributes\": {\"step\": null, \"low\": 0.0002, \"high\": 0.005, \"log\": true}}"}
{"op_code":5,"worker_id":"5f172341-6312-4046-b0d9-4fb86315cf6d-127440436453376","trial_id":8,"param_name":"neural_alpha","param_value_internal":19.28355624289931,"distribution":"{\"name\": \"FloatDistribution\", \"attributes\": {\"step\": null, \"low\": 2.0, \"high\": 30.0, \"log\": true}}"}
{"op_code":5,"worker_id":"5f172341-6312-4046-b0d9-4fb86315cf6d-127440436453376","trial_id":8,"param_name":"neural_beta","param_value_internal":5.4565442999850955,"distribution":"{\"name\": \"FloatDistribution\", \"attributes\": {\"step\": null, \"low\": 1.0, \"high\": 10.0, \"log\": false}}"}
{"op_code":5,"worker_id":"5f172341-6312-4046-b0d9-4fb86315cf6d-127440436453376","trial_id":8,"param_name":"inner_steps","param_value_internal":2.0,"distribution":"{\"name\": \"IntDistribution\", \"attributes\": {\"log\": false, \"step\": 1, \"low\": 1, \"high\": 2}}"}
{"op_code":5,"worker_id":"5f172341-6312-4046-b0d9-4fb86315cf6d-127440436453376","trial_id":8,"param_name":"neural_grad_clip","param_value_internal":1.1616090842489126,"distribution":"{\"name\": \"FloatDistribution\", \"attributes\": {\"step\": null, \"low\": 0.5, \"high\": 3.0, \"log\": false}}"}
{"op_code":5,"worker_id":"5f172341-6312-4046-b0d9-4fb86315cf6d-127440436453376","trial_id":8,"param_name":"weight_decay","param_value_internal":2.5922701740498657,"distribution":"{\"name\": \"FloatDistribution\", \"attributes\": {\"step\": null, \"low\": 0.2, \"high\": 4.0, \"log\": true}}"}
{"op_code":7,"worker_id":"5f172341-6312-4046-b0d9-4fb86315cf6d-127440436453376","trial_id":8,"step":1,"intermediate_value":0.012416776735335588}
{"op_code":7,"worker_id":"06b38c3b-8155-464f-90d8-6001c052cc65-132689575882752","trial_id":2,"step":2250,"intermediate_value":0.5150537639856339}
{"op_code":7,"worker_id":"06b38c3b-8155-464f-90d8-6001c052cc65-132689575882752","trial_id":2,"step":2500,"intermediate_value":0.5150537639856339}
{"op_code":7,"worker_id":"06b38c3b-8155-464f-90d8-6001c052cc65-132689575882752","trial_id":2,"step":2750,"intermediate_value":0.4872530233114958}
{"op_code":7,"worker_id":"06b38c3b-8155-464f-90d8-6001c052cc65-132689575882752","trial_id":2,"step":3000,"intermediate_value":0.5129032265394926}
{"op_code":7,"worker_id":"06b38c3b-8155-464f-90d8-6001c052cc65-132689575882752","trial_id":2,"step":3250,"intermediate_value":0.5129032265394926}
{"op_code":7,"worker_id":"06b38c3b-8155-464f-90d8-6001c052cc65-132689575882752","trial_id":2,"step":3500,"intermediate_value":0.5115939527750015}
{"op_code":7,"worker_id":"06b38c3b-8155-464f-90d8-6001c052cc65-132689575882752","trial_id":2,"step":3750,"intermediate_value":0.06088469363749027}
{"op_code":6,"worker_id":"06b38c3b-8155-464f-90d8-6001c052cc65-132689575882752","trial_id":2,"state":2,"values":[0.06088469363749027],"datetime_complete":"2026-06-09T21:27:47.252162"}
{"op_code":4,"worker_id":"d8f5a6a4-6894-45b9-85e0-9ceb6e5218d4-132689575882752","study_id":1,"datetime_start":"2026-06-09T21:27:47.478979"}
{"op_code":5,"worker_id":"d8f5a6a4-6894-45b9-85e0-9ceb6e5218d4-132689575882752","trial_id":9,"param_name":"lr","param_value_internal":0.0011576160601673156,"distribution":"{\"name\": \"FloatDistribution\", \"attributes\": {\"step\": null, \"low\": 0.0002, \"high\": 0.005, \"log\": true}}"}
{"op_code":5,"worker_id":"d8f5a6a4-6894-45b9-85e0-9ceb6e5218d4-132689575882752","trial_id":9,"param_name":"neural_alpha","param_value_internal":3.185365635006737,"distribution":"{\"name\": \"FloatDistribution\", \"attributes\": {\"step\": null, \"low\": 2.0, \"high\": 30.0, \"log\": true}}"}
{"op_code":5,"worker_id":"d8f5a6a4-6894-45b9-85e0-9ceb6e5218d4-132689575882752","trial_id":9,"param_name":"neural_beta","param_value_internal":8.676386285367716,"distribution":"{\"name\": \"FloatDistribution\", \"attributes\": {\"step\": null, \"low\": 1.0, \"high\": 10.0, \"log\": false}}"}
{"op_code":5,"worker_id":"d8f5a6a4-6894-45b9-85e0-9ceb6e5218d4-132689575882752","trial_id":9,"param_name":"inner_steps","param_value_internal":1.0,"distribution":"{\"name\": \"IntDistribution\", \"attributes\": {\"log\": false, \"step\": 1, \"low\": 1, \"high\": 2}}"}
{"op_code":5,"worker_id":"d8f5a6a4-6894-45b9-85e0-9ceb6e5218d4-132689575882752","trial_id":9,"param_name":"neural_grad_clip","param_value_internal":1.9717501253092347,"distribution":"{\"name\": \"FloatDistribution\", \"attributes\": {\"step\": null, \"low\": 0.5, \"high\": 3.0, \"log\": false}}"}
{"op_code":5,"worker_id":"d8f5a6a4-6894-45b9-85e0-9ceb6e5218d4-132689575882752","trial_id":9,"param_name":"weight_decay","param_value_internal":0.28718500775937805,"distribution":"{\"name\": \"FloatDistribution\", \"attributes\": {\"step\": null, \"low\": 0.2, \"high\": 4.0, \"log\": true}}"}
{"op_code":7,"worker_id":"d8f5a6a4-6894-45b9-85e0-9ceb6e5218d4-132689575882752","trial_id":9,"step":1,"intermediate_value":0.014686617068946362}
{"op_code":7,"worker_id":"867ffff7-647b-49f2-bdc6-cca8c3080fac-134485835018240","trial_id":6,"step":250,"intermediate_value":0.31151930801570415}
{"op_code":7,"worker_id":"7142827b-e3e3-40a9-9ad8-d310d9d571b4-128505552416768","trial_id":7,"step":250,"intermediate_value":0.16419515758752823}
{"op_code":7,"worker_id":"5f172341-6312-4046-b0d9-4fb86315cf6d-127440436453376","trial_id":8,"step":250,"intermediate_value":0.32273380272090435}
{"op_code":7,"worker_id":"d8f5a6a4-6894-45b9-85e0-9ceb6e5218d4-132689575882752","trial_id":9,"step":250,"intermediate_value":0.4654235988855362}
{"op_code":7,"worker_id":"867ffff7-647b-49f2-bdc6-cca8c3080fac-134485835018240","trial_id":6,"step":500,"intermediate_value":0.4610032243654132}
{"op_code":7,"worker_id":"7142827b-e3e3-40a9-9ad8-d310d9d571b4-128505552416768","trial_id":7,"step":500,"intermediate_value":0.44203324615955353}
{"op_code":7,"worker_id":"5f172341-6312-4046-b0d9-4fb86315cf6d-127440436453376","trial_id":8,"step":500,"intermediate_value":0.2966033024713397}
{"op_code":7,"worker_id":"d8f5a6a4-6894-45b9-85e0-9ceb6e5218d4-132689575882752","trial_id":9,"step":500,"intermediate_value":0.46530430018901825}
{"op_code":7,"worker_id":"867ffff7-647b-49f2-bdc6-cca8c3080fac-134485835018240","trial_id":6,"step":750,"intermediate_value":0.5203769877552986}
{"op_code":7,"worker_id":"7142827b-e3e3-40a9-9ad8-d310d9d571b4-128505552416768","trial_id":7,"step":750,"intermediate_value":0.379487544298172}
{"op_code":7,"worker_id":"5f172341-6312-4046-b0d9-4fb86315cf6d-127440436453376","trial_id":8,"step":750,"intermediate_value":0.2293193470686674}
{"op_code":7,"worker_id":"d8f5a6a4-6894-45b9-85e0-9ceb6e5218d4-132689575882752","trial_id":9,"step":750,"intermediate_value":0.4674548376351595}
{"op_code":7,"worker_id":"867ffff7-647b-49f2-bdc6-cca8c3080fac-134485835018240","trial_id":6,"step":1000,"intermediate_value":1.5}
{"op_code":8,"worker_id":"867ffff7-647b-49f2-bdc6-cca8c3080fac-134485835018240","trial_id":6,"user_attr":{"peak_val_acc":1.0}}
{"op_code":8,"worker_id":"867ffff7-647b-49f2-bdc6-cca8c3080fac-134485835018240","trial_id":6,"user_attr":{"final_test_acc":1.0}}
{"op_code":6,"worker_id":"867ffff7-647b-49f2-bdc6-cca8c3080fac-134485835018240","trial_id":6,"state":1,"values":[1000.0],"datetime_complete":"2026-06-09T21:30:34.610268"}
{"op_code":4,"worker_id":"9cbb0ba2-06fd-44c4-b251-445e42b1919f-134485835018240","study_id":2,"datetime_start":"2026-06-09T21:30:34.740732"}
{"op_code":5,"worker_id":"9cbb0ba2-06fd-44c4-b251-445e42b1919f-134485835018240","trial_id":10,"param_name":"lr","param_value_internal":0.003872639391054715,"distribution":"{\"name\": \"FloatDistribution\", \"attributes\": {\"step\": null, \"low\": 0.0002, \"high\": 0.005, \"log\": true}}"}
{"op_code":5,"worker_id":"9cbb0ba2-06fd-44c4-b251-445e42b1919f-134485835018240","trial_id":10,"param_name":"grokadamw_alpha","param_value_internal":0.9574773385364053,"distribution":"{\"name\": \"FloatDistribution\", \"attributes\": {\"step\": null, \"low\": 0.9, \"high\": 0.999, \"log\": false}}"}
{"op_code":5,"worker_id":"9cbb0ba2-06fd-44c4-b251-445e42b1919f-134485835018240","trial_id":10,"param_name":"grokadamw_lamb","param_value_internal":9.404118311596118,"distribution":"{\"name\": \"FloatDistribution\", \"attributes\": {\"step\": null, \"low\": 0.5, \"high\": 10.0, \"log\": true}}"}
{"op_code":5,"worker_id":"9cbb0ba2-06fd-44c4-b251-445e42b1919f-134485835018240","trial_id":10,"param_name":"grokadamw_grad_clip","param_value_internal":2.3630209373618687,"distribution":"{\"name\": \"FloatDistribution\", \"attributes\": {\"step\": null, \"low\": 0.5, \"high\": 3.0, \"log\": false}}"}
{"op_code":5,"worker_id":"9cbb0ba2-06fd-44c4-b251-445e42b1919f-134485835018240","trial_id":10,"param_name":"weight_decay","param_value_internal":3.0760669060789647,"distribution":"{\"name\": \"FloatDistribution\", \"attributes\": {\"step\": null, \"low\": 0.2, \"high\": 4.0, \"log\": true}}"}
{"op_code":7,"worker_id":"9cbb0ba2-06fd-44c4-b251-445e42b1919f-134485835018240","trial_id":10,"step":1,"intermediate_value":0.01647924492135644}
{"op_code":7,"worker_id":"7142827b-e3e3-40a9-9ad8-d310d9d571b4-128505552416768","trial_id":7,"step":1000,"intermediate_value":0.3934490978717804}
{"op_code":7,"worker_id":"5f172341-6312-4046-b0d9-4fb86315cf6d-127440436453376","trial_id":8,"step":1000,"intermediate_value":0.3775709941983223}
{"op_code":7,"worker_id":"d8f5a6a4-6894-45b9-85e0-9ceb6e5218d4-132689575882752","trial_id":9,"step":1000,"intermediate_value":0.463153762742877}
{"op_code":7,"worker_id":"9cbb0ba2-06fd-44c4-b251-445e42b1919f-134485835018240","trial_id":10,"step":250,"intermediate_value":0.021257533691823483}
{"op_code":7,"worker_id":"7142827b-e3e3-40a9-9ad8-d310d9d571b4-128505552416768","trial_id":7,"step":1250,"intermediate_value":0.2735854908823967}
{"op_code":7,"worker_id":"5f172341-6312-4046-b0d9-4fb86315cf6d-127440436453376","trial_id":8,"step":1250,"intermediate_value":0.3611317500472069}
{"op_code":7,"worker_id":"d8f5a6a4-6894-45b9-85e0-9ceb6e5218d4-132689575882752","trial_id":9,"step":1250,"intermediate_value":0.463153762742877}
{"op_code":7,"worker_id":"9cbb0ba2-06fd-44c4-b251-445e42b1919f-134485835018240","trial_id":10,"step":500,"intermediate_value":0.010385541711002588}
{"op_code":7,"worker_id":"7142827b-e3e3-40a9-9ad8-d310d9d571b4-128505552416768","trial_id":7,"step":1500,"intermediate_value":0.36025816202163696}
{"op_code":7,"worker_id":"5f172341-6312-4046-b0d9-4fb86315cf6d-127440436453376","trial_id":8,"step":1500,"intermediate_value":0.4417445808649063}
{"op_code":7,"worker_id":"d8f5a6a4-6894-45b9-85e0-9ceb6e5218d4-132689575882752","trial_id":9,"step":1500,"intermediate_value":0.46530430018901825}
{"op_code":7,"worker_id":"9cbb0ba2-06fd-44c4-b251-445e42b1919f-134485835018240","trial_id":10,"step":750,"intermediate_value":0.010385541711002588}
{"op_code":7,"worker_id":"7142827b-e3e3-40a9-9ad8-d310d9d571b4-128505552416768","trial_id":7,"step":1750,"intermediate_value":0.4123082458972931}
{"op_code":7,"worker_id":"5f172341-6312-4046-b0d9-4fb86315cf6d-127440436453376","trial_id":8,"step":1750,"intermediate_value":0.2748146951198578}
{"op_code":7,"worker_id":"d8f5a6a4-6894-45b9-85e0-9ceb6e5218d4-132689575882752","trial_id":9,"step":1750,"intermediate_value":0.46530430018901825}
{"op_code":7,"worker_id":"7142827b-e3e3-40a9-9ad8-d310d9d571b4-128505552416768","trial_id":7,"step":2000,"intermediate_value":0.5382871180772781}
{"op_code":7,"worker_id":"9cbb0ba2-06fd-44c4-b251-445e42b1919f-134485835018240","trial_id":10,"step":1000,"intermediate_value":0.0213768370449543}
{"op_code":7,"worker_id":"5f172341-6312-4046-b0d9-4fb86315cf6d-127440436453376","trial_id":8,"step":2000,"intermediate_value":0.26911893486976624}
{"op_code":7,"worker_id":"d8f5a6a4-6894-45b9-85e0-9ceb6e5218d4-132689575882752","trial_id":9,"step":2000,"intermediate_value":0.46530430018901825}
{"op_code":7,"worker_id":"7142827b-e3e3-40a9-9ad8-d310d9d571b4-128505552416768","trial_id":7,"step":2250,"intermediate_value":0.3116586282849312}
{"op_code":7,"worker_id":"9cbb0ba2-06fd-44c4-b251-445e42b1919f-134485835018240","trial_id":10,"step":1250,"intermediate_value":0.01289398968219757}
{"op_code":7,"worker_id":"5f172341-6312-4046-b0d9-4fb86315cf6d-127440436453376","trial_id":8,"step":2250,"intermediate_value":0.3646385073661804}
{"op_code":7,"worker_id":"d8f5a6a4-6894-45b9-85e0-9ceb6e5218d4-132689575882752","trial_id":9,"step":2250,"intermediate_value":0.46530430018901825}
{"op_code":7,"worker_id":"7142827b-e3e3-40a9-9ad8-d310d9d571b4-128505552416768","trial_id":7,"step":2500,"intermediate_value":0.3741219788789749}
{"op_code":7,"worker_id":"5f172341-6312-4046-b0d9-4fb86315cf6d-127440436453376","trial_id":8,"step":2500,"intermediate_value":0.2508839964866638}
{"op_code":7,"worker_id":"9cbb0ba2-06fd-44c4-b251-445e42b1919f-134485835018240","trial_id":10,"step":1500,"intermediate_value":0.01289398968219757}
{"op_code":7,"worker_id":"d8f5a6a4-6894-45b9-85e0-9ceb6e5218d4-132689575882752","trial_id":9,"step":2500,"intermediate_value":0.46530430018901825}
{"op_code":7,"worker_id":"7142827b-e3e3-40a9-9ad8-d310d9d571b4-128505552416768","trial_id":7,"step":2750,"intermediate_value":0.5300551950931549}
{"op_code":7,"worker_id":"5f172341-6312-4046-b0d9-4fb86315cf6d-127440436453376","trial_id":8,"step":2750,"intermediate_value":0.3872268497943878}
{"op_code":7,"worker_id":"9cbb0ba2-06fd-44c4-b251-445e42b1919f-134485835018240","trial_id":10,"step":1750,"intermediate_value":0.01074345177039504}
{"op_code":7,"worker_id":"d8f5a6a4-6894-45b9-85e0-9ceb6e5218d4-132689575882752","trial_id":9,"step":2750,"intermediate_value":0.46327306143939495}
{"op_code":7,"worker_id":"7142827b-e3e3-40a9-9ad8-d310d9d571b4-128505552416768","trial_id":7,"step":3000,"intermediate_value":0.45160213112831116}
{"op_code":7,"worker_id":"5f172341-6312-4046-b0d9-4fb86315cf6d-127440436453376","trial_id":8,"step":3000,"intermediate_value":0.5340837836265564}
{"op_code":7,"worker_id":"9cbb0ba2-06fd-44c4-b251-445e42b1919f-134485835018240","trial_id":10,"step":2000,"intermediate_value":0.01074345177039504}
{"op_code":7,"worker_id":"d8f5a6a4-6894-45b9-85e0-9ceb6e5218d4-132689575882752","trial_id":9,"step":3000,"intermediate_value":0.4674548376351595}
{"op_code":7,"worker_id":"7142827b-e3e3-40a9-9ad8-d310d9d571b4-128505552416768","trial_id":7,"step":3250,"intermediate_value":0.4703419655561447}
{"op_code":7,"worker_id":"5f172341-6312-4046-b0d9-4fb86315cf6d-127440436453376","trial_id":8,"step":3250,"intermediate_value":0.2796638011932373}
{"op_code":6,"worker_id":"5f172341-6312-4046-b0d9-4fb86315cf6d-127440436453376","trial_id":8,"state":2,"values":[0.2796638011932373],"datetime_complete":"2026-06-09T21:37:41.776036"}
{"op_code":4,"worker_id":"0da1567a-e837-43b1-a037-160b9f430a6d-127440436453376","study_id":2,"datetime_start":"2026-06-09T21:37:41.898854"}
{"op_code":5,"worker_id":"0da1567a-e837-43b1-a037-160b9f430a6d-127440436453376","trial_id":11,"param_name":"lr","param_value_internal":0.0008565293722924722,"distribution":"{\"name\": \"FloatDistribution\", \"attributes\": {\"step\": null, \"low\": 0.0002, \"high\": 0.005, \"log\": true}}"}
{"op_code":5,"worker_id":"0da1567a-e837-43b1-a037-160b9f430a6d-127440436453376","trial_id":11,"param_name":"grokadamw_alpha","param_value_internal":0.9828435339822048,"distribution":"{\"name\": \"FloatDistribution\", \"attributes\": {\"step\": null, \"low\": 0.9, \"high\": 0.999, \"log\": false}}"}
{"op_code":5,"worker_id":"0da1567a-e837-43b1-a037-160b9f430a6d-127440436453376","trial_id":11,"param_name":"grokadamw_lamb","param_value_internal":2.2039568856103418,"distribution":"{\"name\": \"FloatDistribution\", \"attributes\": {\"step\": null, \"low\": 0.5, \"high\": 10.0, \"log\": true}}"}
{"op_code":5,"worker_id":"0da1567a-e837-43b1-a037-160b9f430a6d-127440436453376","trial_id":11,"param_name":"grokadamw_grad_clip","param_value_internal":2.402513106315949,"distribution":"{\"name\": \"FloatDistribution\", \"attributes\": {\"step\": null, \"low\": 0.5, \"high\": 3.0, \"log\": false}}"}
{"op_code":5,"worker_id":"0da1567a-e837-43b1-a037-160b9f430a6d-127440436453376","trial_id":11,"param_name":"weight_decay","param_value_internal":0.4419155679144035,"distribution":"{\"name\": \"FloatDistribution\", \"attributes\": {\"step\": null, \"low\": 0.2, \"high\": 4.0, \"log\": true}}"}
{"op_code":7,"worker_id":"0da1567a-e837-43b1-a037-160b9f430a6d-127440436453376","trial_id":11,"step":1,"intermediate_value":0.012297473382204771}
{"op_code":7,"worker_id":"9cbb0ba2-06fd-44c4-b251-445e42b1919f-134485835018240","trial_id":10,"step":2250,"intermediate_value":0.02770914603024721}
{"op_code":7,"worker_id":"d8f5a6a4-6894-45b9-85e0-9ceb6e5218d4-132689575882752","trial_id":9,"step":3250,"intermediate_value":0.46530430018901825}
{"op_code":7,"worker_id":"7142827b-e3e3-40a9-9ad8-d310d9d571b4-128505552416768","trial_id":7,"step":3500,"intermediate_value":0.30854441970586777}
{"op_code":6,"worker_id":"7142827b-e3e3-40a9-9ad8-d310d9d571b4-128505552416768","trial_id":7,"state":2,"values":[0.30854441970586777],"datetime_complete":"2026-06-09T21:38:23.616672"}
{"op_code":4,"worker_id":"ca2d9241-37d6-469a-bc4c-640bb1152ecd-128505552416768","study_id":2,"datetime_start":"2026-06-09T21:38:23.751182"}
{"op_code":5,"worker_id":"ca2d9241-37d6-469a-bc4c-640bb1152ecd-128505552416768","trial_id":12,"param_name":"lr","param_value_internal":0.002688712893605852,"distribution":"{\"name\": \"FloatDistribution\", \"attributes\": {\"step\": null, \"low\": 0.0002, \"high\": 0.005, \"log\": true}}"}
{"op_code":5,"worker_id":"ca2d9241-37d6-469a-bc4c-640bb1152ecd-128505552416768","trial_id":12,"param_name":"grokadamw_alpha","param_value_internal":0.9115341902609735,"distribution":"{\"name\": \"FloatDistribution\", \"attributes\": {\"step\": null, \"low\": 0.9, \"high\": 0.999, \"log\": false}}"}
{"op_code":5,"worker_id":"ca2d9241-37d6-469a-bc4c-640bb1152ecd-128505552416768","trial_id":12,"param_name":"grokadamw_lamb","param_value_internal":4.123502434049792,"distribution":"{\"name\": \"FloatDistribution\", \"attributes\": {\"step\": null, \"low\": 0.5, \"high\": 10.0, \"log\": true}}"}
{"op_code":5,"worker_id":"ca2d9241-37d6-469a-bc4c-640bb1152ecd-128505552416768","trial_id":12,"param_name":"grokadamw_grad_clip","param_value_internal":1.8088471287364318,"distribution":"{\"name\": \"FloatDistribution\", \"attributes\": {\"step\": null, \"low\": 0.5, \"high\": 3.0, \"log\": false}}"}
{"op_code":5,"worker_id":"ca2d9241-37d6-469a-bc4c-640bb1152ecd-128505552416768","trial_id":12,"param_name":"weight_decay","param_value_internal":0.320776422120854,"distribution":"{\"name\": \"FloatDistribution\", \"attributes\": {\"step\": null, \"low\": 0.2, \"high\": 4.0, \"log\": true}}"}
{"op_code":7,"worker_id":"ca2d9241-37d6-469a-bc4c-640bb1152ecd-128505552416768","trial_id":12,"step":1,"intermediate_value":0.02424627263098955}
{"op_code":7,"worker_id":"0da1567a-e837-43b1-a037-160b9f430a6d-127440436453376","trial_id":11,"step":250,"intermediate_value":0.5069349808618426}
{"op_code":7,"worker_id":"9cbb0ba2-06fd-44c4-b251-445e42b1919f-134485835018240","trial_id":10,"step":2500,"intermediate_value":0.021257533691823483}
{"op_code":7,"worker_id":"d8f5a6a4-6894-45b9-85e0-9ceb6e5218d4-132689575882752","trial_id":9,"step":3500,"intermediate_value":0.46530430018901825}
{"op_code":7,"worker_id":"ca2d9241-37d6-469a-bc4c-640bb1152ecd-128505552416768","trial_id":12,"step":250,"intermediate_value":0.01074345177039504}
{"op_code":7,"worker_id":"0da1567a-e837-43b1-a037-160b9f430a6d-127440436453376","trial_id":11,"step":500,"intermediate_value":0.5107526881620288}
{"op_code":7,"worker_id":"9cbb0ba2-06fd-44c4-b251-445e42b1919f-134485835018240","trial_id":10,"step":2750,"intermediate_value":0.02770914603024721}
{"op_code":7,"worker_id":"d8f5a6a4-6894-45b9-85e0-9ceb6e5218d4-132689575882752","trial_id":9,"step":3750,"intermediate_value":0.46530430018901825}
{"op_code":7,"worker_id":"ca2d9241-37d6-469a-bc4c-640bb1152ecd-128505552416768","trial_id":12,"step":500,"intermediate_value":0.012655382975935936}
{"op_code":7,"worker_id":"0da1567a-e837-43b1-a037-160b9f430a6d-127440436453376","trial_id":11,"step":750,"intermediate_value":0.5129032265394926}
{"op_code":7,"worker_id":"9cbb0ba2-06fd-44c4-b251-445e42b1919f-134485835018240","trial_id":10,"step":3000,"intermediate_value":0.014328707475215197}
{"op_code":6,"worker_id":"9cbb0ba2-06fd-44c4-b251-445e42b1919f-134485835018240","trial_id":10,"state":2,"values":[0.014328707475215197],"datetime_complete":"2026-06-09T21:40:08.284123"}
{"op_code":4,"worker_id":"d1d45b66-fa7e-45f7-bd18-651a8dafd5eb-134485835018240","study_id":3,"datetime_start":"2026-06-09T21:40:08.608671"}
{"op_code":5,"worker_id":"d1d45b66-fa7e-45f7-bd18-651a8dafd5eb-134485835018240","trial_id":13,"param_name":"lr","param_value_internal":0.003872639391054715,"distribution":"{\"name\": \"FloatDistribution\", \"attributes\": {\"step\": null, \"low\": 0.0002, \"high\": 0.005, \"log\": true}}"}
{"op_code":5,"worker_id":"d1d45b66-fa7e-45f7-bd18-651a8dafd5eb-134485835018240","trial_id":13,"param_name":"weight_decay","param_value_internal":1.1386255371817904,"distribution":"{\"name\": \"FloatDistribution\", \"attributes\": {\"step\": null, \"low\": 0.2, \"high\": 4.0, \"log\": true}}"}
{"op_code":5,"worker_id":"d1d45b66-fa7e-45f7-bd18-651a8dafd5eb-134485835018240","trial_id":13,"param_name":"supergrok_alpha","param_value_internal":0.9848483906369385,"distribution":"{\"name\": \"FloatDistribution\", \"attributes\": {\"step\": null, \"low\": 0.5, \"high\": 0.995, \"log\": false}}"}
{"op_code":5,"worker_id":"d1d45b66-fa7e-45f7-bd18-651a8dafd5eb-134485835018240","trial_id":13,"param_name":"supergrok_gamma","param_value_internal":0.2248364706087005,"distribution":"{\"name\": \"FloatDistribution\", \"attributes\": {\"step\": null, \"low\": 0.005, \"high\": 0.3, \"log\": false}}"}
{"op_code":5,"worker_id":"d1d45b66-fa7e-45f7-bd18-651a8dafd5eb-134485835018240","trial_id":13,"param_name":"supergrok_kappa","param_value_internal":0.6678140011864404,"distribution":"{\"name\": \"FloatDistribution\", \"attributes\": {\"step\": null, \"low\": 0.01, \"high\": 1.0, \"log\": true}}"}
{"op_code":5,"worker_id":"d1d45b66-fa7e-45f7-bd18-651a8dafd5eb-134485835018240","trial_id":13,"param_name":"supergrok_grad_clip","param_value_internal":1.81613466750027,"distribution":"{\"name\": \"FloatDistribution\", \"attributes\": {\"step\": null, \"low\": 0.5, \"high\": 3.0, \"log\": false}}"}
{"op_code":5,"worker_id":"d1d45b66-fa7e-45f7-bd18-651a8dafd5eb-134485835018240","trial_id":13,"param_name":"supergrok_gate_temp","param_value_internal":17.871368315037124,"distribution":"{\"name\": \"FloatDistribution\", \"attributes\": {\"step\": null, \"low\": 1.0, \"high\": 20.0, \"log\": false}}"}
{"op_code":5,"worker_id":"d1d45b66-fa7e-45f7-bd18-651a8dafd5eb-134485835018240","trial_id":13,"param_name":"supergrok_meta_update_freq","param_value_internal":7.0,"distribution":"{\"name\": \"IntDistribution\", \"attributes\": {\"log\": false, \"step\": 1, \"low\": 2, \"high\": 10}}"}
{"op_code":5,"worker_id":"d1d45b66-fa7e-45f7-bd18-651a8dafd5eb-134485835018240","trial_id":13,"param_name":"supergrok_meta_lr","param_value_internal":1.4576122937843951e-06,"distribution":"{\"name\": \"FloatDistribution\", \"attributes\": {\"step\": null, \"low\": 1e-06, \"high\": 0.0003, \"log\": true}}"}
{"op_code":5,"worker_id":"d1d45b66-fa7e-45f7-bd18-651a8dafd5eb-134485835018240","trial_id":13,"param_name":"supergrok_warmup","param_value_internal":105.0,"distribution":"{\"name\": \"IntDistribution\", \"attributes\": {\"log\": false, \"step\": 1, \"low\": 50, \"high\": 300}}"}
{"op_code":7,"worker_id":"d1d45b66-fa7e-45f7-bd18-651a8dafd5eb-134485835018240","trial_id":13,"step":1,"intermediate_value":0.01647924492135644}
{"op_code":7,"worker_id":"d8f5a6a4-6894-45b9-85e0-9ceb6e5218d4-132689575882752","trial_id":9,"step":4000,"intermediate_value":0.46530430018901825}
{"op_code":7,"worker_id":"ca2d9241-37d6-469a-bc4c-640bb1152ecd-128505552416768","trial_id":12,"step":750,"intermediate_value":0.01193648437038064}
{"op_code":7,"worker_id":"0da1567a-e837-43b1-a037-160b9f430a6d-127440436453376","trial_id":11,"step":1000,"intermediate_value":0.5129032265394926}
{"op_code":7,"worker_id":"d8f5a6a4-6894-45b9-85e0-9ceb6e5218d4-132689575882752","trial_id":9,"step":4250,"intermediate_value":0.4654235988855362}
{"op_code":7,"worker_id":"ca2d9241-37d6-469a-bc4c-640bb1152ecd-128505552416768","trial_id":12,"step":1000,"intermediate_value":0.01074345177039504}
{"op_code":7,"worker_id":"0da1567a-e837-43b1-a037-160b9f430a6d-127440436453376","trial_id":11,"step":1250,"intermediate_value":0.5129032265394926}
{"op_code":7,"worker_id":"d1d45b66-fa7e-45f7-bd18-651a8dafd5eb-134485835018240","trial_id":13,"step":250,"intermediate_value":0.4744968004524708}
{"op_code":7,"worker_id":"d8f5a6a4-6894-45b9-85e0-9ceb6e5218d4-132689575882752","trial_id":9,"step":4500,"intermediate_value":0.46757413633167744}
{"op_code":7,"worker_id":"ca2d9241-37d6-469a-bc4c-640bb1152ecd-128505552416768","trial_id":12,"step":1250,"intermediate_value":0.011697877664119005}
{"op_code":7,"worker_id":"0da1567a-e837-43b1-a037-160b9f430a6d-127440436453376","trial_id":11,"step":1500,"intermediate_value":0.5129032265394926}
{"op_code":7,"worker_id":"d8f5a6a4-6894-45b9-85e0-9ceb6e5218d4-132689575882752","trial_id":9,"step":4750,"intermediate_value":0.46757413633167744}
{"op_code":7,"worker_id":"ca2d9241-37d6-469a-bc4c-640bb1152ecd-128505552416768","trial_id":12,"step":1500,"intermediate_value":0.023527374491095543}
{"op_code":7,"worker_id":"0da1567a-e837-43b1-a037-160b9f430a6d-127440436453376","trial_id":11,"step":1750,"intermediate_value":0.5129032265394926}
{"op_code":7,"worker_id":"d8f5a6a4-6894-45b9-85e0-9ceb6e5218d4-132689575882752","trial_id":9,"step":5000,"intermediate_value":0.4565920662134886}
{"op_code":8,"worker_id":"d8f5a6a4-6894-45b9-85e0-9ceb6e5218d4-132689575882752","trial_id":9,"user_attr":{"peak_val_acc":0.017204301431775093}}
{"op_code":8,"worker_id":"d8f5a6a4-6894-45b9-85e0-9ceb6e5218d4-132689575882752","trial_id":9,"user_attr":{"final_test_acc":0.013960481621325016}}
{"op_code":6,"worker_id":"d8f5a6a4-6894-45b9-85e0-9ceb6e5218d4-132689575882752","trial_id":9,"state":1,"values":[9913.978492841125],"datetime_complete":"2026-06-09T21:42:09.915551"}
{"op_code":4,"worker_id":"e312d98b-61bb-43b4-ad2e-ca3677e9e5a2-132689575882752","study_id":2,"datetime_start":"2026-06-09T21:42:10.050963"}
{"op_code":5,"worker_id":"e312d98b-61bb-43b4-ad2e-ca3677e9e5a2-132689575882752","trial_id":14,"param_name":"lr","param_value_internal":0.0011576160601673156,"distribution":"{\"name\": \"FloatDistribution\", \"attributes\": {\"step\": null, \"low\": 0.0002, \"high\": 0.005, \"log\": true}}"}
{"op_code":5,"worker_id":"e312d98b-61bb-43b4-ad2e-ca3677e9e5a2-132689575882752","trial_id":14,"param_name":"grokadamw_alpha","param_value_internal":0.9170146661881889,"distribution":"{\"name\": \"FloatDistribution\", \"attributes\": {\"step\": null, \"low\": 0.9, \"high\": 0.999, \"log\": false}}"}
{"op_code":5,"worker_id":"e312d98b-61bb-43b4-ad2e-ca3677e9e5a2-132689575882752","trial_id":14,"param_name":"grokadamw_lamb","param_value_internal":6.436649677002274,"distribution":"{\"name\": \"FloatDistribution\", \"attributes\": {\"step\": null, \"low\": 0.5, \"high\": 10.0, \"log\": true}}"}
{"op_code":5,"worker_id":"e312d98b-61bb-43b4-ad2e-ca3677e9e5a2-132689575882752","trial_id":14,"param_name":"grokadamw_grad_clip","param_value_internal":0.9505585269837273,"distribution":"{\"name\": \"FloatDistribution\", \"attributes\": {\"step\": null, \"low\": 0.5, \"high\": 3.0, \"log\": false}}"}
{"op_code":5,"worker_id":"e312d98b-61bb-43b4-ad2e-ca3677e9e5a2-132689575882752","trial_id":14,"param_name":"weight_decay","param_value_internal":1.1666656718936412,"distribution":"{\"name\": \"FloatDistribution\", \"attributes\": {\"step\": null, \"low\": 0.2, \"high\": 4.0, \"log\": true}}"}
{"op_code":7,"worker_id":"e312d98b-61bb-43b4-ad2e-ca3677e9e5a2-132689575882752","trial_id":14,"step":1,"intermediate_value":0.014448010828346014}
{"op_code":7,"worker_id":"d1d45b66-fa7e-45f7-bd18-651a8dafd5eb-134485835018240","trial_id":13,"step":500,"intermediate_value":1.426881730556488}
{"op_code":7,"worker_id":"ca2d9241-37d6-469a-bc4c-640bb1152ecd-128505552416768","trial_id":12,"step":1750,"intermediate_value":0.01289398968219757}
{"op_code":7,"worker_id":"0da1567a-e837-43b1-a037-160b9f430a6d-127440436453376","trial_id":11,"step":2000,"intermediate_value":0.5150537639856339}
{"op_code":7,"worker_id":"e312d98b-61bb-43b4-ad2e-ca3677e9e5a2-132689575882752","trial_id":14,"step":250,"intermediate_value":0.22037160210311413}
{"op_code":7,"worker_id":"ca2d9241-37d6-469a-bc4c-640bb1152ecd-128505552416768","trial_id":12,"step":2000,"intermediate_value":0.03510902728885412}
{"op_code":7,"worker_id":"0da1567a-e837-43b1-a037-160b9f430a6d-127440436453376","trial_id":11,"step":2250,"intermediate_value":0.5107526881620288}
{"op_code":7,"worker_id":"e312d98b-61bb-43b4-ad2e-ca3677e9e5a2-132689575882752","trial_id":14,"step":500,"intermediate_value":0.4814071487635374}
{"op_code":7,"worker_id":"d1d45b66-fa7e-45f7-bd18-651a8dafd5eb-134485835018240","trial_id":13,"step":750,"intermediate_value":1.5}
{"op_code":8,"worker_id":"d1d45b66-fa7e-45f7-bd18-651a8dafd5eb-134485835018240","trial_id":13,"user_attr":{"peak_val_acc":1.0}}
{"op_code":8,"worker_id":"d1d45b66-fa7e-45f7-bd18-651a8dafd5eb-134485835018240","trial_id":13,"user_attr":{"final_test_acc":1.0}}
{"op_code":6,"worker_id":"d1d45b66-fa7e-45f7-bd18-651a8dafd5eb-134485835018240","trial_id":13,"state":1,"values":[750.0],"datetime_complete":"2026-06-09T21:42:38.694579"}
{"op_code":4,"worker_id":"dd9ddd96-003a-4f5d-ad7e-8cf5227ee330-134485835018240","study_id":4,"datetime_start":"2026-06-09T21:42:38.824948"}
{"op_code":5,"worker_id":"dd9ddd96-003a-4f5d-ad7e-8cf5227ee330-134485835018240","trial_id":15,"param_name":"lr","param_value_internal":0.003872639391054715,"distribution":"{\"name\": \"FloatDistribution\", \"attributes\": {\"step\": null, \"low\": 0.0002, \"high\": 0.005, \"log\": true}}"}
{"op_code":5,"worker_id":"dd9ddd96-003a-4f5d-ad7e-8cf5227ee330-134485835018240","trial_id":15,"param_name":"weight_decay","param_value_internal":1.1386255371817904,"distribution":"{\"name\": \"FloatDistribution\", \"attributes\": {\"step\": null, \"low\": 0.2, \"high\": 4.0, \"log\": true}}"}
{"op_code":5,"worker_id":"dd9ddd96-003a-4f5d-ad7e-8cf5227ee330-134485835018240","trial_id":15,"param_name":"supergrok15_alpha","param_value_internal":0.9848483906369385,"distribution":"{\"name\": \"FloatDistribution\", \"attributes\": {\"step\": null, \"low\": 0.5, \"high\": 0.995, \"log\": false}}"}
{"op_code":5,"worker_id":"dd9ddd96-003a-4f5d-ad7e-8cf5227ee330-134485835018240","trial_id":15,"param_name":"supergrok15_gamma","param_value_internal":0.2248364706087005,"distribution":"{\"name\": \"FloatDistribution\", \"attributes\": {\"step\": null, \"low\": 0.005, \"high\": 0.3, \"log\": false}}"}
{"op_code":5,"worker_id":"dd9ddd96-003a-4f5d-ad7e-8cf5227ee330-134485835018240","trial_id":15,"param_name":"supergrok15_kappa","param_value_internal":0.6678140011864404,"distribution":"{\"name\": \"FloatDistribution\", \"attributes\": {\"step\": null, \"low\": 0.01, \"high\": 1.0, \"log\": true}}"}
{"op_code":5,"worker_id":"dd9ddd96-003a-4f5d-ad7e-8cf5227ee330-134485835018240","trial_id":15,"param_name":"supergrok15_grad_clip","param_value_internal":1.81613466750027,"distribution":"{\"name\": \"FloatDistribution\", \"attributes\": {\"step\": null, \"low\": 0.5, \"high\": 3.0, \"log\": false}}"}
{"op_code":5,"worker_id":"dd9ddd96-003a-4f5d-ad7e-8cf5227ee330-134485835018240","trial_id":15,"param_name":"supergrok15_meta_lr","param_value_internal":0.00015834389307557012,"distribution":"{\"name\": \"FloatDistribution\", \"attributes\": {\"step\": null, \"low\": 1e-06, \"high\": 0.0003, \"log\": true}}"}
{"op_code":5,"worker_id":"dd9ddd96-003a-4f5d-ad7e-8cf5227ee330-134485835018240","trial_id":15,"param_name":"supergrok15_sam_rho","param_value_internal":0.055818713362883146,"distribution":"{\"name\": \"FloatDistribution\", \"attributes\": {\"step\": null, \"low\": 0.01, \"high\": 0.2, \"log\": true}}"}
{"op_code":5,"worker_id":"dd9ddd96-003a-4f5d-ad7e-8cf5227ee330-134485835018240","trial_id":15,"param_name":"supergrok15_gate_thresh","param_value_internal":0.3396368217154546,"distribution":"{\"name\": \"FloatDistribution\", \"attributes\": {\"step\": null, \"low\": 0.3, \"high\": 0.9, \"log\": false}}"}
{"op_code":5,"worker_id":"dd9ddd96-003a-4f5d-ad7e-8cf5227ee330-134485835018240","trial_id":15,"param_name":"supergrok15_sam_freq_min","param_value_internal":3.0,"distribution":"{\"name\": \"IntDistribution\", \"attributes\": {\"log\": false, \"step\": 1, \"low\": 2, \"high\": 6}}"}
{"op_code":5,"worker_id":"dd9ddd96-003a-4f5d-ad7e-8cf5227ee330-134485835018240","trial_id":15,"param_name":"supergrok15_bilevel_freq_min","param_value_internal":4.0,"distribution":"{\"name\": \"IntDistribution\", \"attributes\": {\"log\": false, \"step\": 1, \"low\": 2, \"high\": 8}}"}
{"op_code":7,"worker_id":"dd9ddd96-003a-4f5d-ad7e-8cf5227ee330-134485835018240","trial_id":15,"step":1,"intermediate_value":0.01647924492135644}
{"op_code":7,"worker_id":"ca2d9241-37d6-469a-bc4c-640bb1152ecd-128505552416768","trial_id":12,"step":2250,"intermediate_value":0.032000984996557236}
{"op_code":7,"worker_id":"0da1567a-e837-43b1-a037-160b9f430a6d-127440436453376","trial_id":11,"step":2500,"intermediate_value":0.5107526881620288}
{"op_code":7,"worker_id":"e312d98b-61bb-43b4-ad2e-ca3677e9e5a2-132689575882752","trial_id":14,"step":750,"intermediate_value":0.5510194525122643}
{"op_code":7,"worker_id":"dd9ddd96-003a-4f5d-ad7e-8cf5227ee330-134485835018240","trial_id":15,"step":250,"intermediate_value":0.33016446977853775}
{"op_code":7,"worker_id":"ca2d9241-37d6-469a-bc4c-640bb1152ecd-128505552416768","trial_id":12,"step":2500,"intermediate_value":0.029608762823045254}
{"op_code":7,"worker_id":"0da1567a-e837-43b1-a037-160b9f430a6d-127440436453376","trial_id":11,"step":2750,"intermediate_value":0.5107526881620288}
{"op_code":7,"worker_id":"e312d98b-61bb-43b4-ad2e-ca3677e9e5a2-132689575882752","trial_id":14,"step":1000,"intermediate_value":1.2347680628299713}
{"op_code":7,"worker_id":"dd9ddd96-003a-4f5d-ad7e-8cf5227ee330-134485835018240","trial_id":15,"step":500,"intermediate_value":1.1924585402011871}
{"op_code":7,"worker_id":"ca2d9241-37d6-469a-bc4c-640bb1152ecd-128505552416768","trial_id":12,"step":2750,"intermediate_value":0.043940549716353416}
{"op_code":7,"worker_id":"0da1567a-e837-43b1-a037-160b9f430a6d-127440436453376","trial_id":11,"step":3000,"intermediate_value":0.5129032265394926}
{"op_code":7,"worker_id":"e312d98b-61bb-43b4-ad2e-ca3677e9e5a2-132689575882752","trial_id":14,"step":1250,"intermediate_value":1.4972529411315918}
{"op_code":8,"worker_id":"e312d98b-61bb-43b4-ad2e-ca3677e9e5a2-132689575882752","trial_id":14,"user_attr":{"peak_val_acc":0.9978494644165039}}
{"op_code":8,"worker_id":"e312d98b-61bb-43b4-ad2e-ca3677e9e5a2-132689575882752","trial_id":14,"user_attr":{"final_test_acc":0.9939862489700317}}
{"op_code":6,"worker_id":"e312d98b-61bb-43b4-ad2e-ca3677e9e5a2-132689575882752","trial_id":14,"state":1,"values":[1250.0],"datetime_complete":"2026-06-09T21:43:19.047473"}
{"op_code":4,"worker_id":"1537022c-7fd8-4a34-88e7-51c04fd5ec94-132689575882752","study_id":3,"datetime_start":"2026-06-09T21:43:19.158325"}
{"op_code":5,"worker_id":"1537022c-7fd8-4a34-88e7-51c04fd5ec94-132689575882752","trial_id":16,"param_name":"lr","param_value_internal":0.0011576160601673156,"distribution":"{\"name\": \"FloatDistribution\", \"attributes\": {\"step\": null, \"low\": 0.0002, \"high\": 0.005, \"log\": true}}"}
{"op_code":5,"worker_id":"1537022c-7fd8-4a34-88e7-51c04fd5ec94-132689575882752","trial_id":16,"param_name":"weight_decay","param_value_internal":0.33468166874111627,"distribution":"{\"name\": \"FloatDistribution\", \"attributes\": {\"step\": null, \"low\": 0.2, \"high\": 4.0, \"log\": true}}"}
{"op_code":5,"worker_id":"1537022c-7fd8-4a34-88e7-51c04fd5ec94-132689575882752","trial_id":16,"param_name":"supergrok_alpha","param_value_internal":0.9222012456952244,"distribution":"{\"name\": \"FloatDistribution\", \"attributes\": {\"step\": null, \"low\": 0.5, \"high\": 0.995, \"log\": false}}"}
{"op_code":5,"worker_id":"1537022c-7fd8-4a34-88e7-51c04fd5ec94-132689575882752","trial_id":16,"param_name":"supergrok_gamma","param_value_internal":0.05816590618407982,"distribution":"{\"name\": \"FloatDistribution\", \"attributes\": {\"step\": null, \"low\": 0.005, \"high\": 0.3, \"log\": false}}"}
{"op_code":5,"worker_id":"1537022c-7fd8-4a34-88e7-51c04fd5ec94-132689575882752","trial_id":16,"param_name":"supergrok_kappa","param_value_internal":0.15045273960469802,"distribution":"{\"name\": \"FloatDistribution\", \"attributes\": {\"step\": null, \"low\": 0.01, \"high\": 1.0, \"log\": true}}"}
{"op_code":5,"worker_id":"1537022c-7fd8-4a34-88e7-51c04fd5ec94-132689575882752","trial_id":16,"param_name":"supergrok_grad_clip","param_value_internal":0.8019372517552579,"distribution":"{\"name\": \"FloatDistribution\", \"attributes\": {\"step\": null, \"low\": 0.5, \"high\": 3.0, \"log\": false}}"}
{"op_code":5,"worker_id":"1537022c-7fd8-4a34-88e7-51c04fd5ec94-132689575882752","trial_id":16,"param_name":"supergrok_gate_temp","param_value_internal":11.53927625875422,"distribution":"{\"name\": \"FloatDistribution\", \"attributes\": {\"step\": null, \"low\": 1.0, \"high\": 20.0, \"log\": false}}"}
{"op_code":5,"worker_id":"1537022c-7fd8-4a34-88e7-51c04fd5ec94-132689575882752","trial_id":16,"param_name":"supergrok_meta_update_freq","param_value_internal":2.0,"distribution":"{\"name\": \"IntDistribution\", \"attributes\": {\"log\": false, \"step\": 1, \"low\": 2, \"high\": 10}}"}
{"op_code":5,"worker_id":"1537022c-7fd8-4a34-88e7-51c04fd5ec94-132689575882752","trial_id":16,"param_name":"supergrok_meta_lr","param_value_internal":0.0002877736916115606,"distribution":"{\"name\": \"FloatDistribution\", \"attributes\": {\"step\": null, \"low\": 1e-06, \"high\": 0.0003, \"log\": true}}"}
{"op_code":5,"worker_id":"1537022c-7fd8-4a34-88e7-51c04fd5ec94-132689575882752","trial_id":16,"param_name":"supergrok_warmup","param_value_internal":113.0,"distribution":"{\"name\": \"IntDistribution\", \"attributes\": {\"log\": false, \"step\": 1, \"low\": 50, \"high\": 300}}"}
{"op_code":7,"worker_id":"1537022c-7fd8-4a34-88e7-51c04fd5ec94-132689575882752","trial_id":16,"step":1,"intermediate_value":0.014448010828346014}
{"op_code":7,"worker_id":"dd9ddd96-003a-4f5d-ad7e-8cf5227ee330-134485835018240","trial_id":15,"step":750,"intermediate_value":1.1658353805541992}
{"op_code":7,"worker_id":"ca2d9241-37d6-469a-bc4c-640bb1152ecd-128505552416768","trial_id":12,"step":3000,"intermediate_value":0.05720476433634758}
{"op_code":6,"worker_id":"ca2d9241-37d6-469a-bc4c-640bb1152ecd-128505552416768","trial_id":12,"state":2,"values":[0.05720476433634758],"datetime_complete":"2026-06-09T21:43:27.253787"}
{"op_code":4,"worker_id":"5a44bc3b-cc3e-4b64-ba7f-10f9ffe83449-128505552416768","study_id":3,"datetime_start":"2026-06-09T21:43:27.380046"}
{"op_code":5,"worker_id":"5a44bc3b-cc3e-4b64-ba7f-10f9ffe83449-128505552416768","trial_id":17,"param_name":"lr","param_value_internal":0.002688712893605852,"distribution":"{\"name\": \"FloatDistribution\", \"attributes\": {\"step\": null, \"low\": 0.0002, \"high\": 0.005, \"log\": true}}"}
{"op_code":5,"worker_id":"5a44bc3b-cc3e-4b64-ba7f-10f9ffe83449-128505552416768","trial_id":17,"param_name":"weight_decay","param_value_internal":0.2835365569863985,"distribution":"{\"name\": \"FloatDistribution\", \"attributes\": {\"step\": null, \"low\": 0.2, \"high\": 4.0, \"log\": true}}"}
{"op_code":5,"worker_id":"5a44bc3b-cc3e-4b64-ba7f-10f9ffe83449-128505552416768","trial_id":17,"param_name":"supergrok_alpha","param_value_internal":0.848621204520889,"distribution":"{\"name\": \"FloatDistribution\", \"attributes\": {\"step\": null, \"low\": 0.5, \"high\": 0.995, \"log\": false}}"}
{"op_code":5,"worker_id":"5a44bc3b-cc3e-4b64-ba7f-10f9ffe83449-128505552416768","trial_id":17,"param_name":"supergrok_gamma","param_value_internal":0.15944396119089893,"distribution":"{\"name\": \"FloatDistribution\", \"attributes\": {\"step\": null, \"low\": 0.005, \"high\": 0.3, \"log\": false}}"}
{"op_code":5,"worker_id":"5a44bc3b-cc3e-4b64-ba7f-10f9ffe83449-128505552416768","trial_id":17,"param_name":"supergrok_kappa","param_value_internal":0.020672834131112854,"distribution":"{\"name\": \"FloatDistribution\", \"attributes\": {\"step\": null, \"low\": 0.01, \"high\": 1.0, \"log\": true}}"}
{"op_code":5,"worker_id":"5a44bc3b-cc3e-4b64-ba7f-10f9ffe83449-128505552416768","trial_id":17,"param_name":"supergrok_grad_clip","param_value_internal":2.730579643108473,"distribution":"{\"name\": \"FloatDistribution\", \"attributes\": {\"step\": null, \"low\": 0.5, \"high\": 3.0, \"log\": false}}"}
{"op_code":5,"worker_id":"5a44bc3b-cc3e-4b64-ba7f-10f9ffe83449-128505552416768","trial_id":17,"param_name":"supergrok_gate_temp","param_value_internal":14.186119469260529,"distribution":"{\"name\": \"FloatDistribution\", \"attributes\": {\"step\": null, \"low\": 1.0, \"high\": 20.0, \"log\": false}}"}
{"op_code":5,"worker_id":"5a44bc3b-cc3e-4b64-ba7f-10f9ffe83449-128505552416768","trial_id":17,"param_name":"supergrok_meta_update_freq","param_value_internal":10.0,"distribution":"{\"name\": \"IntDistribution\", \"attributes\": {\"log\": false, \"step\": 1, \"low\": 2, \"high\": 10}}"}
{"op_code":5,"worker_id":"5a44bc3b-cc3e-4b64-ba7f-10f9ffe83449-128505552416768","trial_id":17,"param_name":"supergrok_meta_lr","param_value_internal":2.8031412469476102e-05,"distribution":"{\"name\": \"FloatDistribution\", \"attributes\": {\"step\": null, \"low\": 1e-06, \"high\": 0.0003, \"log\": true}}"}
{"op_code":5,"worker_id":"5a44bc3b-cc3e-4b64-ba7f-10f9ffe83449-128505552416768","trial_id":17,"param_name":"supergrok_warmup","param_value_internal":126.0,"distribution":"{\"name\": \"IntDistribution\", \"attributes\": {\"log\": false, \"step\": 1, \"low\": 50, \"high\": 300}}"}
{"op_code":7,"worker_id":"5a44bc3b-cc3e-4b64-ba7f-10f9ffe83449-128505552416768","trial_id":17,"step":1,"intermediate_value":0.02424627263098955}
{"op_code":7,"worker_id":"0da1567a-e837-43b1-a037-160b9f430a6d-127440436453376","trial_id":11,"step":3250,"intermediate_value":0.49847058951854706}
{"op_code":7,"worker_id":"dd9ddd96-003a-4f5d-ad7e-8cf5227ee330-134485835018240","trial_id":15,"step":1000,"intermediate_value":1.3392608165740967}
{"op_code":7,"worker_id":"0da1567a-e837-43b1-a037-160b9f430a6d-127440436453376","trial_id":11,"step":3500,"intermediate_value":0.5107526881620288}
{"op_code":7,"worker_id":"1537022c-7fd8-4a34-88e7-51c04fd5ec94-132689575882752","trial_id":16,"step":250,"intermediate_value":0.5106333596631885}
{"op_code":7,"worker_id":"dd9ddd96-003a-4f5d-ad7e-8cf5227ee330-134485835018240","trial_id":15,"step":1250,"intermediate_value":0.01289398968219757}
{"op_code":7,"worker_id":"5a44bc3b-cc3e-4b64-ba7f-10f9ffe83449-128505552416768","trial_id":17,"step":250,"intermediate_value":0.5129032265394926}
{"op_code":7,"worker_id":"0da1567a-e837-43b1-a037-160b9f430a6d-127440436453376","trial_id":11,"step":3750,"intermediate_value":0.5107526881620288}
{"op_code":7,"worker_id":"dd9ddd96-003a-4f5d-ad7e-8cf5227ee330-134485835018240","trial_id":15,"step":1500,"intermediate_value":0.010624148417264223}
{"op_code":7,"worker_id":"0da1567a-e837-43b1-a037-160b9f430a6d-127440436453376","trial_id":11,"step":4000,"intermediate_value":0.5150537639856339}
{"op_code":7,"worker_id":"1537022c-7fd8-4a34-88e7-51c04fd5ec94-132689575882752","trial_id":16,"step":500,"intermediate_value":0.016598548274487257}
{"op_code":7,"worker_id":"dd9ddd96-003a-4f5d-ad7e-8cf5227ee330-134485835018240","trial_id":15,"step":1750,"intermediate_value":0.01074345177039504}
{"op_code":7,"worker_id":"5a44bc3b-cc3e-4b64-ba7f-10f9ffe83449-128505552416768","trial_id":17,"step":500,"intermediate_value":0.5107526881620288}
{"op_code":7,"worker_id":"0da1567a-e837-43b1-a037-160b9f430a6d-127440436453376","trial_id":11,"step":4250,"intermediate_value":0.5150537639856339}
{"op_code":7,"worker_id":"dd9ddd96-003a-4f5d-ad7e-8cf5227ee330-134485835018240","trial_id":15,"step":2000,"intermediate_value":0.01289398968219757}
{"op_code":7,"worker_id":"0da1567a-e837-43b1-a037-160b9f430a6d-127440436453376","trial_id":11,"step":4500,"intermediate_value":0.5129032265394926}
{"op_code":7,"worker_id":"5a44bc3b-cc3e-4b64-ba7f-10f9ffe83449-128505552416768","trial_id":17,"step":750,"intermediate_value":0.5107526881620288}
{"op_code":7,"worker_id":"dd9ddd96-003a-4f5d-ad7e-8cf5227ee330-134485835018240","trial_id":15,"step":2250,"intermediate_value":0.01074345177039504}
{"op_code":7,"worker_id":"1537022c-7fd8-4a34-88e7-51c04fd5ec94-132689575882752","trial_id":16,"step":750,"intermediate_value":0.009192509111016989}
{"op_code":7,"worker_id":"0da1567a-e837-43b1-a037-160b9f430a6d-127440436453376","trial_id":11,"step":4750,"intermediate_value":0.5129032265394926}
{"op_code":7,"worker_id":"dd9ddd96-003a-4f5d-ad7e-8cf5227ee330-134485835018240","trial_id":15,"step":2500,"intermediate_value":0.01289398968219757}
{"op_code":7,"worker_id":"0da1567a-e837-43b1-a037-160b9f430a6d-127440436453376","trial_id":11,"step":5000,"intermediate_value":0.5129032265394926}
{"op_code":8,"worker_id":"0da1567a-e837-43b1-a037-160b9f430a6d-127440436453376","trial_id":11,"user_attr":{"peak_val_acc":0.01505376398563385}}
{"op_code":8,"worker_id":"0da1567a-e837-43b1-a037-160b9f430a6d-127440436453376","trial_id":11,"user_attr":{"final_test_acc":0.015893470495939255}}
{"op_code":6,"worker_id":"0da1567a-e837-43b1-a037-160b9f430a6d-127440436453376","trial_id":11,"state":1,"values":[9924.73118007183],"datetime_complete":"2026-06-09T21:45:06.518257"}
{"op_code":4,"worker_id":"abea8bf4-f21f-434b-816e-226eb7249814-127440436453376","study_id":3,"datetime_start":"2026-06-09T21:45:06.643777"}
{"op_code":5,"worker_id":"abea8bf4-f21f-434b-816e-226eb7249814-127440436453376","trial_id":18,"param_name":"lr","param_value_internal":0.0008565293722924722,"distribution":"{\"name\": \"FloatDistribution\", \"attributes\": {\"step\": null, \"low\": 0.0002, \"high\": 0.005, \"log\": true}}"}
{"op_code":5,"worker_id":"abea8bf4-f21f-434b-816e-226eb7249814-127440436453376","trial_id":18,"param_name":"weight_decay","param_value_internal":2.453218805276955,"distribution":"{\"name\": \"FloatDistribution\", \"attributes\": {\"step\": null, \"low\": 0.2, \"high\": 4.0, \"log\": true}}"}
{"op_code":5,"worker_id":"abea8bf4-f21f-434b-816e-226eb7249814-127440436453376","trial_id":18,"param_name":"supergrok_alpha","param_value_internal":0.7451099364991802,"distribution":"{\"name\": \"FloatDistribution\", \"attributes\": {\"step\": null, \"low\": 0.5, \"high\": 0.995, \"log\": false}}"}
{"op_code":5,"worker_id":"abea8bf4-f21f-434b-816e-226eb7249814-127440436453376","trial_id":18,"param_name":"supergrok_gamma","param_value_internal":0.22949654654528195,"distribution":"{\"name\": \"FloatDistribution\", \"attributes\": {\"step\": null, \"low\": 0.005, \"high\": 0.3, \"log\": false}}"}
{"op_code":5,"worker_id":"abea8bf4-f21f-434b-816e-226eb7249814-127440436453376","trial_id":18,"param_name":"supergrok_kappa","param_value_internal":0.03382885257440628,"distribution":"{\"name\": \"FloatDistribution\", \"attributes\": {\"step\": null, \"low\": 0.01, \"high\": 1.0, \"log\": true}}"}
{"op_code":5,"worker_id":"abea8bf4-f21f-434b-816e-226eb7249814-127440436453376","trial_id":18,"param_name":"supergrok_grad_clip","param_value_internal":2.6380180915401845,"distribution":"{\"name\": \"FloatDistribution\", \"attributes\": {\"step\": null, \"low\": 0.5, \"high\": 3.0, \"log\": false}}"}
{"op_code":5,"worker_id":"abea8bf4-f21f-434b-816e-226eb7249814-127440436453376","trial_id":18,"param_name":"supergrok_gate_temp","param_value_internal":4.523073903767144,"distribution":"{\"name\": \"FloatDistribution\", \"attributes\": {\"step\": null, \"low\": 1.0, \"high\": 20.0, \"log\": false}}"}
{"op_code":5,"worker_id":"abea8bf4-f21f-434b-816e-226eb7249814-127440436453376","trial_id":18,"param_name":"supergrok_meta_update_freq","param_value_internal":10.0,"distribution":"{\"name\": \"IntDistribution\", \"attributes\": {\"log\": false, \"step\": 1, \"low\": 2, \"high\": 10}}"}
{"op_code":5,"worker_id":"abea8bf4-f21f-434b-816e-226eb7249814-127440436453376","trial_id":18,"param_name":"supergrok_meta_lr","param_value_internal":0.0002663002489300189,"distribution":"{\"name\": \"FloatDistribution\", \"attributes\": {\"step\": null, \"low\": 1e-06, \"high\": 0.0003, \"log\": true}}"}
{"op_code":5,"worker_id":"abea8bf4-f21f-434b-816e-226eb7249814-127440436453376","trial_id":18,"param_name":"supergrok_warmup","param_value_internal":260.0,"distribution":"{\"name\": \"IntDistribution\", \"attributes\": {\"log\": false, \"step\": 1, \"low\": 50, \"high\": 300}}"}
{"op_code":7,"worker_id":"abea8bf4-f21f-434b-816e-226eb7249814-127440436453376","trial_id":18,"step":1,"intermediate_value":0.012416776735335588}
{"op_code":7,"worker_id":"5a44bc3b-cc3e-4b64-ba7f-10f9ffe83449-128505552416768","trial_id":17,"step":1000,"intermediate_value":0.5129032265394926}
{"op_code":7,"worker_id":"dd9ddd96-003a-4f5d-ad7e-8cf5227ee330-134485835018240","trial_id":15,"step":2750,"intermediate_value":0.01074345177039504}
{"op_code":7,"worker_id":"1537022c-7fd8-4a34-88e7-51c04fd5ec94-132689575882752","trial_id":16,"step":1000,"intermediate_value":0.019945197738707066}
{"op_code":7,"worker_id":"dd9ddd96-003a-4f5d-ad7e-8cf5227ee330-134485835018240","trial_id":15,"step":3000,"intermediate_value":0.01074345177039504}
{"op_code":6,"worker_id":"dd9ddd96-003a-4f5d-ad7e-8cf5227ee330-134485835018240","trial_id":15,"state":2,"values":[0.01074345177039504],"datetime_complete":"2026-06-09T21:45:30.519362"}
{"op_code":4,"worker_id":"811fe547-32fa-4505-9d5b-896e78832fec-134485835018240","study_id":5,"datetime_start":"2026-06-09T21:45:30.645501"}
{"op_code":5,"worker_id":"811fe547-32fa-4505-9d5b-896e78832fec-134485835018240","trial_id":19,"param_name":"lr","param_value_internal":0.003872639391054715,"distribution":"{\"name\": \"FloatDistribution\", \"attributes\": {\"step\": null, \"low\": 0.0002, \"high\": 0.005, \"log\": true}}"}
{"op_code":5,"worker_id":"811fe547-32fa-4505-9d5b-896e78832fec-134485835018240","trial_id":19,"param_name":"grokfast_alpha","param_value_internal":0.9574773385364053,"distribution":"{\"name\": \"FloatDistribution\", \"attributes\": {\"step\": null, \"low\": 0.9, \"high\": 0.999, \"log\": false}}"}
{"op_code":5,"worker_id":"811fe547-32fa-4505-9d5b-896e78832fec-134485835018240","trial_id":19,"param_name":"grokfast_lamb","param_value_internal":7.557802365615764,"distribution":"{\"name\": \"FloatDistribution\", \"attributes\": {\"step\": null, \"low\": 0.5, \"high\": 8.0, \"log\": true}}"}
{"op_code":5,"worker_id":"811fe547-32fa-4505-9d5b-896e78832fec-134485835018240","trial_id":19,"param_name":"weight_decay","param_value_internal":1.8645260030089423,"distribution":"{\"name\": \"FloatDistribution\", \"attributes\": {\"step\": null, \"low\": 0.2, \"high\": 4.0, \"log\": true}}"}
{"op_code":7,"worker_id":"811fe547-32fa-4505-9d5b-896e78832fec-134485835018240","trial_id":19,"step":1,"intermediate_value":0.01647924492135644}
{"op_code":7,"worker_id":"abea8bf4-f21f-434b-816e-226eb7249814-127440436453376","trial_id":18,"step":250,"intermediate_value":0.3850101064890623}
{"op_code":7,"worker_id":"5a44bc3b-cc3e-4b64-ba7f-10f9ffe83449-128505552416768","trial_id":17,"step":1250,"intermediate_value":0.5193548388779163}
{"op_code":7,"worker_id":"811fe547-32fa-4505-9d5b-896e78832fec-134485835018240","trial_id":19,"step":250,"intermediate_value":0.01289398968219757}
{"op_code":7,"worker_id":"1537022c-7fd8-4a34-88e7-51c04fd5ec94-132689575882752","trial_id":16,"step":1250,"intermediate_value":0.010027632117271423}
{"op_code":7,"worker_id":"811fe547-32fa-4505-9d5b-896e78832fec-134485835018240","trial_id":19,"step":500,"intermediate_value":0.01074345177039504}
{"op_code":7,"worker_id":"abea8bf4-f21f-434b-816e-226eb7249814-127440436453376","trial_id":18,"step":500,"intermediate_value":0.43894134648144245}
{"op_code":7,"worker_id":"5a44bc3b-cc3e-4b64-ba7f-10f9ffe83449-128505552416768","trial_id":17,"step":1500,"intermediate_value":0.12038931343704462}
{"op_code":7,"worker_id":"811fe547-32fa-4505-9d5b-896e78832fec-134485835018240","trial_id":19,"step":750,"intermediate_value":0.012536079622805119}
{"op_code":7,"worker_id":"1537022c-7fd8-4a34-88e7-51c04fd5ec94-132689575882752","trial_id":16,"step":1500,"intermediate_value":0.010027632117271423}
{"op_code":7,"worker_id":"811fe547-32fa-4505-9d5b-896e78832fec-134485835018240","trial_id":19,"step":1000,"intermediate_value":0.0213768370449543}
{"op_code":7,"worker_id":"abea8bf4-f21f-434b-816e-226eb7249814-127440436453376","trial_id":18,"step":750,"intermediate_value":0.42839109897613525}
{"op_code":7,"worker_id":"5a44bc3b-cc3e-4b64-ba7f-10f9ffe83449-128505552416768","trial_id":17,"step":1750,"intermediate_value":0.5172043014317751}
{"op_code":7,"worker_id":"811fe547-32fa-4505-9d5b-896e78832fec-134485835018240","trial_id":19,"step":1250,"intermediate_value":0.0213768370449543}
{"op_code":7,"worker_id":"1537022c-7fd8-4a34-88e7-51c04fd5ec94-132689575882752","trial_id":16,"step":1750,"intermediate_value":0.012655382975935936}
{"op_code":7,"worker_id":"811fe547-32fa-4505-9d5b-896e78832fec-134485835018240","trial_id":19,"step":1500,"intermediate_value":0.01074345177039504}
{"op_code":7,"worker_id":"abea8bf4-f21f-434b-816e-226eb7249814-127440436453376","trial_id":18,"step":1000,"intermediate_value":1.1509155631065369}
{"op_code":7,"worker_id":"5a44bc3b-cc3e-4b64-ba7f-10f9ffe83449-128505552416768","trial_id":17,"step":2000,"intermediate_value":0.5473118275403976}
{"op_code":7,"worker_id":"811fe547-32fa-4505-9d5b-896e78832fec-134485835018240","trial_id":19,"step":1750,"intermediate_value":0.012655382975935936}
{"op_code":7,"worker_id":"1537022c-7fd8-4a34-88e7-51c04fd5ec94-132689575882752","trial_id":16,"step":2000,"intermediate_value":0.012655382975935936}
{"op_code":7,"worker_id":"811fe547-32fa-4505-9d5b-896e78832fec-134485835018240","trial_id":19,"step":2000,"intermediate_value":0.014686617068946362}
{"op_code":7,"worker_id":"abea8bf4-f21f-434b-816e-226eb7249814-127440436453376","trial_id":18,"step":1250,"intermediate_value":0.6651103496551514}
{"op_code":7,"worker_id":"5a44bc3b-cc3e-4b64-ba7f-10f9ffe83449-128505552416768","trial_id":17,"step":2250,"intermediate_value":0.6397849470376968}
{"op_code":7,"worker_id":"811fe547-32fa-4505-9d5b-896e78832fec-134485835018240","trial_id":19,"step":2250,"intermediate_value":0.023527374491095543}
{"op_code":7,"worker_id":"1537022c-7fd8-4a34-88e7-51c04fd5ec94-132689575882752","trial_id":16,"step":2250,"intermediate_value":0.012655382975935936}
{"op_code":7,"worker_id":"811fe547-32fa-4505-9d5b-896e78832fec-134485835018240","trial_id":19,"step":2500,"intermediate_value":0.01289398968219757}
{"op_code":7,"worker_id":"abea8bf4-f21f-434b-816e-226eb7249814-127440436453376","trial_id":18,"step":1500,"intermediate_value":1.0712302029132843}
{"op_code":7,"worker_id":"5a44bc3b-cc3e-4b64-ba7f-10f9ffe83449-128505552416768","trial_id":17,"step":2500,"intermediate_value":0.01074345177039504}
{"op_code":7,"worker_id":"811fe547-32fa-4505-9d5b-896e78832fec-134485835018240","trial_id":19,"step":2750,"intermediate_value":0.023527374491095543}
{"op_code":7,"worker_id":"811fe547-32fa-4505-9d5b-896e78832fec-134485835018240","trial_id":19,"step":3000,"intermediate_value":0.011101361364126205}
{"op_code":6,"worker_id":"811fe547-32fa-4505-9d5b-896e78832fec-134485835018240","trial_id":19,"state":2,"values":[0.011101361364126205],"datetime_complete":"2026-06-09T21:48:09.788761"}
{"op_code":4,"worker_id":"c6f00877-d675-4dd0-b404-8ea223bcff67-134485835018240","study_id":6,"datetime_start":"2026-06-09T21:48:09.914809"}
{"op_code":5,"worker_id":"c6f00877-d675-4dd0-b404-8ea223bcff67-134485835018240","trial_id":20,"param_name":"muon_lr","param_value_internal":0.06419655277031673,"distribution":"{\"name\": \"FloatDistribution\", \"attributes\": {\"step\": null, \"low\": 0.005, \"high\": 0.08, \"log\": true}}"}
{"op_code":5,"worker_id":"c6f00877-d675-4dd0-b404-8ea223bcff67-134485835018240","trial_id":20,"param_name":"muon_momentum","param_value_internal":0.9312810847989569,"distribution":"{\"name\": \"FloatDistribution\", \"attributes\": {\"step\": null, \"low\": 0.85, \"high\": 0.99, \"log\": false}}"}
{"op_code":5,"worker_id":"c6f00877-d675-4dd0-b404-8ea223bcff67-134485835018240","trial_id":20,"param_name":"lr","param_value_internal":0.00468059030603095,"distribution":"{\"name\": \"FloatDistribution\", \"attributes\": {\"step\": null, \"low\": 0.0002, \"high\": 0.005, \"log\": true}}"}
{"op_code":5,"worker_id":"c6f00877-d675-4dd0-b404-8ea223bcff67-134485835018240","trial_id":20,"param_name":"weight_decay","param_value_internal":1.8645260030089423,"distribution":"{\"name\": \"FloatDistribution\", \"attributes\": {\"step\": null, \"low\": 0.2, \"high\": 4.0, \"log\": true}}"}
{"op_code":7,"worker_id":"c6f00877-d675-4dd0-b404-8ea223bcff67-134485835018240","trial_id":20,"step":1,"intermediate_value":0.03582176845520735}
{"op_code":7,"worker_id":"1537022c-7fd8-4a34-88e7-51c04fd5ec94-132689575882752","trial_id":16,"step":2500,"intermediate_value":0.012655382975935936}
{"op_code":7,"worker_id":"abea8bf4-f21f-434b-816e-226eb7249814-127440436453376","trial_id":18,"step":1750,"intermediate_value":1.2574394941329956}
{"op_code":7,"worker_id":"5a44bc3b-cc3e-4b64-ba7f-10f9ffe83449-128505552416768","trial_id":17,"step":2750,"intermediate_value":0.02770914603024721}
{"op_code":7,"worker_id":"c6f00877-d675-4dd0-b404-8ea223bcff67-134485835018240","trial_id":20,"step":250,"intermediate_value":0.9981788694858551}
{"op_code":7,"worker_id":"c6f00877-d675-4dd0-b404-8ea223bcff67-134485835018240","trial_id":20,"step":500,"intermediate_value":0.18548963963985443}
{"op_code":7,"worker_id":"c6f00877-d675-4dd0-b404-8ea223bcff67-134485835018240","trial_id":20,"step":750,"intermediate_value":0.04737879242748022}
{"op_code":7,"worker_id":"abea8bf4-f21f-434b-816e-226eb7249814-127440436453376","trial_id":18,"step":2000,"intermediate_value":1.1037237644195557}
{"op_code":7,"worker_id":"1537022c-7fd8-4a34-88e7-51c04fd5ec94-132689575882752","trial_id":16,"step":2750,"intermediate_value":0.012655382975935936}
{"op_code":7,"worker_id":"5a44bc3b-cc3e-4b64-ba7f-10f9ffe83449-128505552416768","trial_id":17,"step":3000,"intermediate_value":0.012536079622805119}
{"op_code":6,"worker_id":"5a44bc3b-cc3e-4b64-ba7f-10f9ffe83449-128505552416768","trial_id":17,"state":2,"values":[0.012536079622805119],"datetime_complete":"2026-06-09T21:48:45.699332"}
{"op_code":4,"worker_id":"32bbc4d5-6962-40f1-bfd3-138f67b596e3-128505552416768","study_id":4,"datetime_start":"2026-06-09T21:48:45.865360"}
{"op_code":5,"worker_id":"32bbc4d5-6962-40f1-bfd3-138f67b596e3-128505552416768","trial_id":21,"param_name":"lr","param_value_internal":0.002688712893605852,"distribution":"{\"name\": \"FloatDistribution\", \"attributes\": {\"step\": null, \"low\": 0.0002, \"high\": 0.005, \"log\": true}}"}
{"op_code":5,"worker_id":"32bbc4d5-6962-40f1-bfd3-138f67b596e3-128505552416768","trial_id":21,"param_name":"weight_decay","param_value_internal":0.2835365569863985,"distribution":"{\"name\": \"FloatDistribution\", \"attributes\": {\"step\": null, \"low\": 0.2, \"high\": 4.0, \"log\": true}}"}
{"op_code":5,"worker_id":"32bbc4d5-6962-40f1-bfd3-138f67b596e3-128505552416768","trial_id":21,"param_name":"supergrok15_alpha","param_value_internal":0.848621204520889,"distribution":"{\"name\": \"FloatDistribution\", \"attributes\": {\"step\": null, \"low\": 0.5, \"high\": 0.995, \"log\": false}}"}
{"op_code":5,"worker_id":"32bbc4d5-6962-40f1-bfd3-138f67b596e3-128505552416768","trial_id":21,"param_name":"supergrok15_gamma","param_value_internal":0.15944396119089893,"distribution":"{\"name\": \"FloatDistribution\", \"attributes\": {\"step\": null, \"low\": 0.005, \"high\": 0.3, \"log\": false}}"}
{"op_code":5,"worker_id":"32bbc4d5-6962-40f1-bfd3-138f67b596e3-128505552416768","trial_id":21,"param_name":"supergrok15_kappa","param_value_internal":0.020672834131112854,"distribution":"{\"name\": \"FloatDistribution\", \"attributes\": {\"step\": null, \"low\": 0.01, \"high\": 1.0, \"log\": true}}"}
{"op_code":7,"worker_id":"c6f00877-d675-4dd0-b404-8ea223bcff67-134485835018240","trial_id":20,"step":1000,"intermediate_value":0.04391899611800909}
{"op_code":5,"worker_id":"32bbc4d5-6962-40f1-bfd3-138f67b596e3-128505552416768","trial_id":21,"param_name":"supergrok15_grad_clip","param_value_internal":2.730579643108473,"distribution":"{\"name\": \"FloatDistribution\", \"attributes\": {\"step\": null, \"low\": 0.5, \"high\": 3.0, \"log\": false}}"}
{"op_code":5,"worker_id":"32bbc4d5-6962-40f1-bfd3-138f67b596e3-128505552416768","trial_id":21,"param_name":"supergrok15_meta_lr","param_value_internal":5.237665108143077e-05,"distribution":"{\"name\": \"FloatDistribution\", \"attributes\": {\"step\": null, \"low\": 1e-06, \"high\": 0.0003, \"log\": true}}"}
{"op_code":5,"worker_id":"32bbc4d5-6962-40f1-bfd3-138f67b596e3-128505552416768","trial_id":21,"param_name":"supergrok15_sam_rho","param_value_internal":0.14842865506427902,"distribution":"{\"name\": \"FloatDistribution\", \"attributes\": {\"step\": null, \"low\": 0.01, \"high\": 0.2, \"log\": true}}"}
{"op_code":5,"worker_id":"32bbc4d5-6962-40f1-bfd3-138f67b596e3-128505552416768","trial_id":21,"param_name":"supergrok15_gate_thresh","param_value_internal":0.6506437109128063,"distribution":"{\"name\": \"FloatDistribution\", \"attributes\": {\"step\": null, \"low\": 0.3, \"high\": 0.9, \"log\": false}}"}
{"op_code":5,"worker_id":"32bbc4d5-6962-40f1-bfd3-138f67b596e3-128505552416768","trial_id":21,"param_name":"supergrok15_sam_freq_min","param_value_internal":3.0,"distribution":"{\"name\": \"IntDistribution\", \"attributes\": {\"log\": false, \"step\": 1, \"low\": 2, \"high\": 6}}"}
{"op_code":5,"worker_id":"32bbc4d5-6962-40f1-bfd3-138f67b596e3-128505552416768","trial_id":21,"param_name":"supergrok15_bilevel_freq_min","param_value_internal":4.0,"distribution":"{\"name\": \"IntDistribution\", \"attributes\": {\"log\": false, \"step\": 1, \"low\": 2, \"high\": 8}}"}
{"op_code":7,"worker_id":"32bbc4d5-6962-40f1-bfd3-138f67b596e3-128505552416768","trial_id":21,"step":1,"intermediate_value":0.02424627263098955}
{"op_code":7,"worker_id":"c6f00877-d675-4dd0-b404-8ea223bcff67-134485835018240","trial_id":20,"step":1250,"intermediate_value":0.04296456929296255}
{"op_code":7,"worker_id":"32bbc4d5-6962-40f1-bfd3-138f67b596e3-128505552416768","trial_id":21,"step":250,"intermediate_value":0.5107526881620288}
{"op_code":7,"worker_id":"c6f00877-d675-4dd0-b404-8ea223bcff67-134485835018240","trial_id":20,"step":1500,"intermediate_value":0.046904658898711205}
{"op_code":7,"worker_id":"abea8bf4-f21f-434b-816e-226eb7249814-127440436453376","trial_id":18,"step":2250,"intermediate_value":0.7515659332275391}
{"op_code":7,"worker_id":"1537022c-7fd8-4a34-88e7-51c04fd5ec94-132689575882752","trial_id":16,"step":3000,"intermediate_value":0.012655382975935936}
{"op_code":6,"worker_id":"1537022c-7fd8-4a34-88e7-51c04fd5ec94-132689575882752","trial_id":16,"state":2,"values":[0.012655382975935936],"datetime_complete":"2026-06-09T21:49:14.383734"}
{"op_code":4,"worker_id":"6b5caa75-0bd0-4751-a4c7-8004256db32b-132689575882752","study_id":4,"datetime_start":"2026-06-09T21:49:14.493655"}
{"op_code":5,"worker_id":"6b5caa75-0bd0-4751-a4c7-8004256db32b-132689575882752","trial_id":22,"param_name":"lr","param_value_internal":0.0011576160601673156,"distribution":"{\"name\": \"FloatDistribution\", \"attributes\": {\"step\": null, \"low\": 0.0002, \"high\": 0.005, \"log\": true}}"}
{"op_code":5,"worker_id":"6b5caa75-0bd0-4751-a4c7-8004256db32b-132689575882752","trial_id":22,"param_name":"weight_decay","param_value_internal":0.33468166874111627,"distribution":"{\"name\": \"FloatDistribution\", \"attributes\": {\"step\": null, \"low\": 0.2, \"high\": 4.0, \"log\": true}}"}
{"op_code":5,"worker_id":"6b5caa75-0bd0-4751-a4c7-8004256db32b-132689575882752","trial_id":22,"param_name":"supergrok15_alpha","param_value_internal":0.9222012456952244,"distribution":"{\"name\": \"FloatDistribution\", \"attributes\": {\"step\": null, \"low\": 0.5, \"high\": 0.995, \"log\": false}}"}
{"op_code":5,"worker_id":"6b5caa75-0bd0-4751-a4c7-8004256db32b-132689575882752","trial_id":22,"param_name":"supergrok15_gamma","param_value_internal":0.05816590618407982,"distribution":"{\"name\": \"FloatDistribution\", \"attributes\": {\"step\": null, \"low\": 0.005, \"high\": 0.3, \"log\": false}}"}
{"op_code":5,"worker_id":"6b5caa75-0bd0-4751-a4c7-8004256db32b-132689575882752","trial_id":22,"param_name":"supergrok15_kappa","param_value_internal":0.15045273960469802,"distribution":"{\"name\": \"FloatDistribution\", \"attributes\": {\"step\": null, \"low\": 0.01, \"high\": 1.0, \"log\": true}}"}
{"op_code":5,"worker_id":"6b5caa75-0bd0-4751-a4c7-8004256db32b-132689575882752","trial_id":22,"param_name":"supergrok15_grad_clip","param_value_internal":0.8019372517552579,"distribution":"{\"name\": \"FloatDistribution\", \"attributes\": {\"step\": null, \"low\": 0.5, \"high\": 3.0, \"log\": false}}"}
{"op_code":5,"worker_id":"6b5caa75-0bd0-4751-a4c7-8004256db32b-132689575882752","trial_id":22,"param_name":"supergrok15_meta_lr","param_value_internal":2.3662251428074607e-05,"distribution":"{\"name\": \"FloatDistribution\", \"attributes\": {\"step\": null, \"low\": 1e-06, \"high\": 0.0003, \"log\": true}}"}
{"op_code":5,"worker_id":"6b5caa75-0bd0-4751-a4c7-8004256db32b-132689575882752","trial_id":22,"param_name":"supergrok15_sam_rho","param_value_internal":0.012785523595799436,"distribution":"{\"name\": \"FloatDistribution\", \"attributes\": {\"step\": null, \"low\": 0.01, \"high\": 0.2, \"log\": true}}"}
{"op_code":5,"worker_id":"6b5caa75-0bd0-4751-a4c7-8004256db32b-132689575882752","trial_id":22,"param_name":"supergrok15_gate_thresh","param_value_internal":0.8956231048482957,"distribution":"{\"name\": \"FloatDistribution\", \"attributes\": {\"step\": null, \"low\": 0.3, \"high\": 0.9, \"log\": false}}"}
{"op_code":5,"worker_id":"6b5caa75-0bd0-4751-a4c7-8004256db32b-132689575882752","trial_id":22,"param_name":"supergrok15_sam_freq_min","param_value_internal":3.0,"distribution":"{\"name\": \"IntDistribution\", \"attributes\": {\"log\": false, \"step\": 1, \"low\": 2, \"high\": 6}}"}
{"op_code":5,"worker_id":"6b5caa75-0bd0-4751-a4c7-8004256db32b-132689575882752","trial_id":22,"param_name":"supergrok15_bilevel_freq_min","param_value_internal":5.0,"distribution":"{\"name\": \"IntDistribution\", \"attributes\": {\"log\": false, \"step\": 1, \"low\": 2, \"high\": 8}}"}
{"op_code":7,"worker_id":"6b5caa75-0bd0-4751-a4c7-8004256db32b-132689575882752","trial_id":22,"step":1,"intermediate_value":0.014448010828346014}
{"op_code":7,"worker_id":"c6f00877-d675-4dd0-b404-8ea223bcff67-134485835018240","trial_id":20,"step":1750,"intermediate_value":0.08102846890687943}
{"op_code":7,"worker_id":"32bbc4d5-6962-40f1-bfd3-138f67b596e3-128505552416768","trial_id":21,"step":500,"intermediate_value":0.33263598196208477}
{"op_code":7,"worker_id":"c6f00877-d675-4dd0-b404-8ea223bcff67-134485835018240","trial_id":20,"step":2000,"intermediate_value":0.08306586183607578}
{"op_code":7,"worker_id":"6b5caa75-0bd0-4751-a4c7-8004256db32b-132689575882752","trial_id":22,"step":250,"intermediate_value":0.5094403428956866}
{"op_code":7,"worker_id":"c6f00877-d675-4dd0-b404-8ea223bcff67-134485835018240","trial_id":20,"step":2250,"intermediate_value":0.06479706894606352}
{"op_code":7,"worker_id":"32bbc4d5-6962-40f1-bfd3-138f67b596e3-128505552416768","trial_id":21,"step":750,"intermediate_value":0.6311828047037125}
{"op_code":7,"worker_id":"abea8bf4-f21f-434b-816e-226eb7249814-127440436453376","trial_id":18,"step":2500,"intermediate_value":0.7577974498271942}
{"op_code":7,"worker_id":"c6f00877-d675-4dd0-b404-8ea223bcff67-134485835018240","trial_id":20,"step":2500,"intermediate_value":0.041652233339846134}
{"op_code":7,"worker_id":"6b5caa75-0bd0-4751-a4c7-8004256db32b-132689575882752","trial_id":22,"step":500,"intermediate_value":0.5123067032545805}
{"op_code":7,"worker_id":"32bbc4d5-6962-40f1-bfd3-138f67b596e3-128505552416768","trial_id":21,"step":1000,"intermediate_value":0.5024130046367645}
{"op_code":7,"worker_id":"c6f00877-d675-4dd0-b404-8ea223bcff67-134485835018240","trial_id":20,"step":2750,"intermediate_value":0.0675502810627222}
{"op_code":7,"worker_id":"c6f00877-d675-4dd0-b404-8ea223bcff67-134485835018240","trial_id":20,"step":3000,"intermediate_value":0.049406944774091244}
{"op_code":6,"worker_id":"c6f00877-d675-4dd0-b404-8ea223bcff67-134485835018240","trial_id":20,"state":2,"values":[0.049406944774091244],"datetime_complete":"2026-06-09T21:50:05.327124"}
{"op_code":4,"worker_id":"d42e1d8a-f4ff-4e51-aff7-0994a982d6d3-134485835018240","study_id":7,"datetime_start":"2026-06-09T21:50:05.447584"}
{"op_code":5,"worker_id":"d42e1d8a-f4ff-4e51-aff7-0994a982d6d3-134485835018240","trial_id":23,"param_name":"lion_lr","param_value_internal":0.0007883687256421503,"distribution":"{\"name\": \"FloatDistribution\", \"attributes\": {\"step\": null, \"low\": 5e-05, \"high\": 0.001, \"log\": true}}"}
{"op_code":5,"worker_id":"d42e1d8a-f4ff-4e51-aff7-0994a982d6d3-134485835018240","trial_id":23,"param_name":"lion_wd","param_value_internal":2.8465638429544766,"distribution":"{\"name\": \"FloatDistribution\", \"attributes\": {\"step\": null, \"low\": 0.5, \"high\": 10.0, \"log\": true}}"}
{"op_code":5,"worker_id":"d42e1d8a-f4ff-4e51-aff7-0994a982d6d3-134485835018240","trial_id":23,"param_name":"beta1","param_value_internal":0.9479491698256441,"distribution":"{\"name\": \"FloatDistribution\", \"attributes\": {\"step\": null, \"low\": 0.85, \"high\": 0.95, \"log\": false}}"}
{"op_code":5,"worker_id":"d42e1d8a-f4ff-4e51-aff7-0994a982d6d3-134485835018240","trial_id":23,"param_name":"beta2","param_value_internal":0.97377562911953,"distribution":"{\"name\": \"FloatDistribution\", \"attributes\": {\"step\": null, \"low\": 0.9, \"high\": 0.999, \"log\": false}}"}
{"op_code":7,"worker_id":"d42e1d8a-f4ff-4e51-aff7-0994a982d6d3-134485835018240","trial_id":23,"step":1,"intermediate_value":0.03200714197009802}
{"op_code":7,"worker_id":"6b5caa75-0bd0-4751-a4c7-8004256db32b-132689575882752","trial_id":22,"step":750,"intermediate_value":0.5181617923080921}
{"op_code":7,"worker_id":"32bbc4d5-6962-40f1-bfd3-138f67b596e3-128505552416768","trial_id":21,"step":1250,"intermediate_value":1.5}
{"op_code":8,"worker_id":"32bbc4d5-6962-40f1-bfd3-138f67b596e3-128505552416768","trial_id":21,"user_attr":{"peak_val_acc":1.0}}
{"op_code":8,"worker_id":"32bbc4d5-6962-40f1-bfd3-138f67b596e3-128505552416768","trial_id":21,"user_attr":{"final_test_acc":1.0}}
{"op_code":6,"worker_id":"32bbc4d5-6962-40f1-bfd3-138f67b596e3-128505552416768","trial_id":21,"state":1,"values":[1250.0],"datetime_complete":"2026-06-09T21:50:10.872930"}
{"op_code":4,"worker_id":"67272433-744b-45f9-bc88-33f3b0dda1b5-128505552416768","study_id":5,"datetime_start":"2026-06-09T21:50:11.060233"}
{"op_code":5,"worker_id":"67272433-744b-45f9-bc88-33f3b0dda1b5-128505552416768","trial_id":24,"param_name":"lr","param_value_internal":0.002688712893605852,"distribution":"{\"name\": \"FloatDistribution\", \"attributes\": {\"step\": null, \"low\": 0.0002, \"high\": 0.005, \"log\": true}}"}
{"op_code":5,"worker_id":"67272433-744b-45f9-bc88-33f3b0dda1b5-128505552416768","trial_id":24,"param_name":"grokfast_alpha","param_value_internal":0.9115341902609735,"distribution":"{\"name\": \"FloatDistribution\", \"attributes\": {\"step\": null, \"low\": 0.9, \"high\": 0.999, \"log\": false}}"}
{"op_code":5,"worker_id":"67272433-744b-45f9-bc88-33f3b0dda1b5-128505552416768","trial_id":24,"param_name":"grokfast_lamb","param_value_internal":3.5238219899172942,"distribution":"{\"name\": \"FloatDistribution\", \"attributes\": {\"step\": null, \"low\": 0.5, \"high\": 8.0, \"log\": true}}"}
{"op_code":5,"worker_id":"67272433-744b-45f9-bc88-33f3b0dda1b5-128505552416768","trial_id":24,"param_name":"weight_decay","param_value_internal":0.9597756895390301,"distribution":"{\"name\": \"FloatDistribution\", \"attributes\": {\"step\": null, \"low\": 0.2, \"high\": 4.0, \"log\": true}}"}
{"op_code":7,"worker_id":"67272433-744b-45f9-bc88-33f3b0dda1b5-128505552416768","trial_id":24,"step":1,"intermediate_value":0.02424627263098955}
{"op_code":7,"worker_id":"abea8bf4-f21f-434b-816e-226eb7249814-127440436453376","trial_id":18,"step":2750,"intermediate_value":1.2911015450954437}
{"op_code":7,"worker_id":"d42e1d8a-f4ff-4e51-aff7-0994a982d6d3-134485835018240","trial_id":23,"step":250,"intermediate_value":0.5150537639856339}
{"op_code":7,"worker_id":"6b5caa75-0bd0-4751-a4c7-8004256db32b-132689575882752","trial_id":22,"step":1000,"intermediate_value":0.5241392832249403}
{"op_code":7,"worker_id":"67272433-744b-45f9-bc88-33f3b0dda1b5-128505552416768","trial_id":24,"step":250,"intermediate_value":0.02770914603024721}
{"op_code":7,"worker_id":"d42e1d8a-f4ff-4e51-aff7-0994a982d6d3-134485835018240","trial_id":23,"step":500,"intermediate_value":0.5172043014317751}
{"op_code":7,"worker_id":"6b5caa75-0bd0-4751-a4c7-8004256db32b-132689575882752","trial_id":22,"step":1250,"intermediate_value":0.5643967986106873}
{"op_code":7,"worker_id":"67272433-744b-45f9-bc88-33f3b0dda1b5-128505552416768","trial_id":24,"step":500,"intermediate_value":0.02579105831682682}
{"op_code":7,"worker_id":"abea8bf4-f21f-434b-816e-226eb7249814-127440436453376","trial_id":18,"step":3000,"intermediate_value":0.718977689743042}
{"op_code":7,"worker_id":"d42e1d8a-f4ff-4e51-aff7-0994a982d6d3-134485835018240","trial_id":23,"step":750,"intermediate_value":0.5205509271472692}
{"op_code":7,"worker_id":"67272433-744b-45f9-bc88-33f3b0dda1b5-128505552416768","trial_id":24,"step":750,"intermediate_value":0.04012284521013498}
{"op_code":7,"worker_id":"6b5caa75-0bd0-4751-a4c7-8004256db32b-132689575882752","trial_id":22,"step":1500,"intermediate_value":0.6911592334508896}
{"op_code":7,"worker_id":"d42e1d8a-f4ff-4e51-aff7-0994a982d6d3-134485835018240","trial_id":23,"step":1000,"intermediate_value":0.5193548388779163}
{"op_code":7,"worker_id":"67272433-744b-45f9-bc88-33f3b0dda1b5-128505552416768","trial_id":24,"step":1000,"intermediate_value":0.0483670849353075}
{"op_code":7,"worker_id":"abea8bf4-f21f-434b-816e-226eb7249814-127440436453376","trial_id":18,"step":3250,"intermediate_value":0.8755197525024414}
{"op_code":7,"worker_id":"6b5caa75-0bd0-4751-a4c7-8004256db32b-132689575882752","trial_id":22,"step":1750,"intermediate_value":1.2517553269863129}
{"op_code":7,"worker_id":"d42e1d8a-f4ff-4e51-aff7-0994a982d6d3-134485835018240","trial_id":23,"step":1250,"intermediate_value":0.5193548388779163}
{"op_code":7,"worker_id":"67272433-744b-45f9-bc88-33f3b0dda1b5-128505552416768","trial_id":24,"step":1250,"intermediate_value":0.03677927330136299}
{"op_code":0,"worker_id":"50300f0f-9afb-46d9-9253-d67e727e1b46-126362123685888","study_name":"adamw__decoder","directions":[1]}
{"op_code":0,"worker_id":"241b5ad9-d696-4ec4-b763-b092df501157-126362123685888","study_name":"neuralgrok__decoder","directions":[1]}
{"op_code":0,"worker_id":"89a6bd60-3e07-4c9a-87ec-707d9059b2df-126362123685888","study_name":"grokadamw__decoder","directions":[1]}
{"op_code":0,"worker_id":"563fcfb6-258f-4ca6-af09-f4d12f88442a-126362123685888","study_name":"supergrok__decoder","directions":[1]}
{"op_code":0,"worker_id":"d0417e69-cd8d-4d44-a2da-84fea29964bb-126362123685888","study_name":"supergrok15__decoder","directions":[1]}
{"op_code":0,"worker_id":"a40b4334-222a-472f-af4b-169145550197-126362123685888","study_name":"grokfast__decoder","directions":[1]}
{"op_code":0,"worker_id":"974204b0-1f64-4740-8846-1875f9943278-126362123685888","study_name":"muon__decoder","directions":[1]}
{"op_code":0,"worker_id":"78a8e95c-c387-4729-98e3-834fa41f8823-126362123685888","study_name":"lion__decoder","directions":[1]}
{"op_code":0,"worker_id":"93e16b0c-9f4f-4ffe-9783-74420a8b868b-126362123685888","study_name":"looksam__decoder","directions":[1]}
{"op_code":0,"worker_id":"acb1d882-c6ab-4f50-bdce-f9a8d80ed69e-126362123685888","study_name":"prodigy__decoder","directions":[1]}
{"op_code":4,"worker_id":"50300f0f-9afb-46d9-9253-d67e727e1b46-126362123685888","study_id":0,"datetime_start":"2026-06-09T22:09:25.533944"}
{"op_code":5,"worker_id":"50300f0f-9afb-46d9-9253-d67e727e1b46-126362123685888","trial_id":25,"param_name":"lr","param_value_internal":0.0011576160601673156,"distribution":"{\"name\": \"FloatDistribution\", \"attributes\": {\"step\": null, \"low\": 0.0002, \"high\": 0.005, \"log\": true}}"}
{"op_code":5,"worker_id":"50300f0f-9afb-46d9-9253-d67e727e1b46-126362123685888","trial_id":25,"param_name":"beta1","param_value_internal":0.8671865315032211,"distribution":"{\"name\": \"FloatDistribution\", \"attributes\": {\"step\": null, \"low\": 0.85, \"high\": 0.95, \"log\": false}}"}
{"op_code":5,"worker_id":"50300f0f-9afb-46d9-9253-d67e727e1b46-126362123685888","trial_id":25,"param_name":"beta2","param_value_internal":0.9922201245695225,"distribution":"{\"name\": \"FloatDistribution\", \"attributes\": {\"step\": null, \"low\": 0.95, \"high\": 0.9995, \"log\": false}}"}
{"op_code":5,"worker_id":"50300f0f-9afb-46d9-9253-d67e727e1b46-126362123685888","trial_id":25,"param_name":"weight_decay","param_value_internal":0.34316742743792855,"distribution":"{\"name\": \"FloatDistribution\", \"attributes\": {\"step\": null, \"low\": 0.2, \"high\": 4.0, \"log\": true}}"}
{"op_code":0,"worker_id":"64c9d7c4-e586-4336-86d4-e708672cd22e-124741386858496","study_name":"adamw__decoder","directions":[1]}
{"op_code":0,"worker_id":"2a4ade4b-160e-48f2-9bf1-2b660e252c54-124741386858496","study_name":"neuralgrok__decoder","directions":[1]}
{"op_code":0,"worker_id":"06ca041a-c673-46d9-8a04-104b02e31e30-124741386858496","study_name":"grokadamw__decoder","directions":[1]}
{"op_code":0,"worker_id":"f9dbae2e-8b76-45f7-a11a-3190e5a087fe-124741386858496","study_name":"supergrok__decoder","directions":[1]}
{"op_code":7,"worker_id":"50300f0f-9afb-46d9-9253-d67e727e1b46-126362123685888","trial_id":25,"step":1,"intermediate_value":0.022572948597371578}
{"op_code":7,"worker_id":"50300f0f-9afb-46d9-9253-d67e727e1b46-126362123685888","trial_id":25,"step":10,"intermediate_value":0.030327660962939262}
{"op_code":7,"worker_id":"50300f0f-9afb-46d9-9253-d67e727e1b46-126362123685888","trial_id":25,"step":20,"intermediate_value":0.03604498039931059}
{"op_code":7,"worker_id":"50300f0f-9afb-46d9-9253-d67e727e1b46-126362123685888","trial_id":25,"step":30,"intermediate_value":0.05561071541160345}
{"op_code":7,"worker_id":"50300f0f-9afb-46d9-9253-d67e727e1b46-126362123685888","trial_id":25,"step":40,"intermediate_value":0.0919982148334384}
{"op_code":7,"worker_id":"50300f0f-9afb-46d9-9253-d67e727e1b46-126362123685888","trial_id":25,"step":50,"intermediate_value":0.13924846053123474}
{"op_code":7,"worker_id":"50300f0f-9afb-46d9-9253-d67e727e1b46-126362123685888","trial_id":25,"step":60,"intermediate_value":0.20796406082808971}
{"op_code":7,"worker_id":"50300f0f-9afb-46d9-9253-d67e727e1b46-126362123685888","trial_id":25,"step":70,"intermediate_value":0.274893207475543}
{"op_code":7,"worker_id":"50300f0f-9afb-46d9-9253-d67e727e1b46-126362123685888","trial_id":25,"step":80,"intermediate_value":0.3492191266268492}
{"op_code":7,"worker_id":"50300f0f-9afb-46d9-9253-d67e727e1b46-126362123685888","trial_id":25,"step":90,"intermediate_value":0.42856197245419025}
{"op_code":0,"worker_id":"5ec5c356-09f3-4672-a755-d8280feece78-124741386858496","study_name":"supergrok15__decoder","directions":[1]}
{"op_code":0,"worker_id":"fb713468-9677-4b00-b558-24b07eb202e5-124741386858496","study_name":"grokfast__decoder","directions":[1]}
{"op_code":7,"worker_id":"50300f0f-9afb-46d9-9253-d67e727e1b46-126362123685888","trial_id":25,"step":100,"intermediate_value":0.48725609481334686}
{"op_code":0,"worker_id":"47bcbd26-fa62-4ac3-a980-e932df1eeeed-124741386858496","study_name":"muon__decoder","directions":[1]}
{"op_code":0,"worker_id":"751a5319-1a5c-48bd-8f93-745f9ead5c8a-136263235239936","study_name":"adamw__decoder","directions":[1]}
{"op_code":0,"worker_id":"c2239621-83e6-49fb-91ad-04f3c5201c8c-127472605728768","study_name":"adamw__decoder","directions":[1]}
{"op_code":0,"worker_id":"9414f324-1b26-43e6-9d38-0b02e642feab-136263235239936","study_name":"neuralgrok__decoder","directions":[1]}
{"op_code":0,"worker_id":"e4730140-7544-43d5-aeb9-aa322874c58d-127472605728768","study_name":"neuralgrok__decoder","directions":[1]}
{"op_code":0,"worker_id":"1823aa29-3972-4c05-9017-db51b0f56a5b-127472605728768","study_name":"grokadamw__decoder","directions":[1]}
{"op_code":0,"worker_id":"6a01562e-7416-4e15-96e4-ea96463e67fd-127472605728768","study_name":"supergrok__decoder","directions":[1]}
{"op_code":0,"worker_id":"b27dc043-06b3-43e1-8019-a1c4f946c658-127472605728768","study_name":"supergrok15__decoder","directions":[1]}
{"op_code":0,"worker_id":"afce963e-7914-46ef-a328-46009b79d7dd-124741386858496","study_name":"lion__decoder","directions":[1]}
{"op_code":0,"worker_id":"d17150be-455e-4e51-8b80-fdb6d8930261-127472605728768","study_name":"grokfast__decoder","directions":[1]}
{"op_code":7,"worker_id":"50300f0f-9afb-46d9-9253-d67e727e1b46-126362123685888","trial_id":25,"step":110,"intermediate_value":0.5162529535591602}
{"op_code":0,"worker_id":"3bdfcdf1-fac8-4b31-9412-5d130c49bfd7-124741386858496","study_name":"looksam__decoder","directions":[1]}
{"op_code":0,"worker_id":"a1b0f5b2-31fb-4761-ae71-b4e709c68221-136263235239936","study_name":"grokadamw__decoder","directions":[1]}
{"op_code":0,"worker_id":"7727a800-2fa4-4631-8e1d-8d8f848d7572-127472605728768","study_name":"muon__decoder","directions":[1]}
{"op_code":0,"worker_id":"40106022-b455-4c51-a606-40289e0fe64c-127472605728768","study_name":"lion__decoder","directions":[1]}
{"op_code":7,"worker_id":"50300f0f-9afb-46d9-9253-d67e727e1b46-126362123685888","trial_id":25,"step":120,"intermediate_value":0.5172043014317751}
{"op_code":0,"worker_id":"858a5b84-7e84-4525-a284-2a206a5e8a38-127472605728768","study_name":"looksam__decoder","directions":[1]}
{"op_code":0,"worker_id":"ce72ff64-5912-4783-ab64-d51b4bb38f37-124741386858496","study_name":"prodigy__decoder","directions":[1]}
{"op_code":0,"worker_id":"539c3b5e-f70a-4542-8af5-69ac00193eff-127472605728768","study_name":"prodigy__decoder","directions":[1]}
{"op_code":4,"worker_id":"64c9d7c4-e586-4336-86d4-e708672cd22e-124741386858496","study_id":0,"datetime_start":"2026-06-09T22:09:37.247388"}
{"op_code":7,"worker_id":"50300f0f-9afb-46d9-9253-d67e727e1b46-126362123685888","trial_id":25,"step":130,"intermediate_value":0.5172043014317751}
{"op_code":0,"worker_id":"2125dc7b-5a01-437f-8fbb-9a7682e720fc-136263235239936","study_name":"supergrok__decoder","directions":[1]}
{"op_code":0,"worker_id":"4197c9db-f84e-4e91-a633-8f29258ba157-136263235239936","study_name":"supergrok15__decoder","directions":[1]}
{"op_code":0,"worker_id":"6748944a-b987-4846-9fb8-66826e82edff-136263235239936","study_name":"grokfast__decoder","directions":[1]}
{"op_code":0,"worker_id":"dcdcf7b7-996b-46f4-a1e8-d3a0e9035958-136263235239936","study_name":"muon__decoder","directions":[1]}
{"op_code":0,"worker_id":"82fc901c-b42a-4989-b6b3-f50eb941322f-136263235239936","study_name":"lion__decoder","directions":[1]}
{"op_code":7,"worker_id":"50300f0f-9afb-46d9-9253-d67e727e1b46-126362123685888","trial_id":25,"step":140,"intermediate_value":0.5150537639856339}
{"op_code":5,"worker_id":"64c9d7c4-e586-4336-86d4-e708672cd22e-124741386858496","trial_id":26,"param_name":"lr","param_value_internal":0.002688712893605852,"distribution":"{\"name\": \"FloatDistribution\", \"attributes\": {\"step\": null, \"low\": 0.0002, \"high\": 0.005, \"log\": true}}"}
{"op_code":5,"worker_id":"64c9d7c4-e586-4336-86d4-e708672cd22e-124741386858496","trial_id":26,"param_name":"beta1","param_value_internal":0.8616506972333066,"distribution":"{\"name\": \"FloatDistribution\", \"attributes\": {\"step\": null, \"low\": 0.85, \"high\": 0.95, \"log\": false}}"}
{"op_code":5,"worker_id":"64c9d7c4-e586-4336-86d4-e708672cd22e-124741386858496","trial_id":26,"param_name":"beta2","param_value_internal":0.9848621204520889,"distribution":"{\"name\": \"FloatDistribution\", \"attributes\": {\"step\": null, \"low\": 0.95, \"high\": 0.9995, \"log\": false}}"}
{"op_code":5,"worker_id":"64c9d7c4-e586-4336-86d4-e708672cd22e-124741386858496","trial_id":26,"param_name":"weight_decay","param_value_internal":0.9597756895390301,"distribution":"{\"name\": \"FloatDistribution\", \"attributes\": {\"step\": null, \"low\": 0.2, \"high\": 4.0, \"log\": true}}"}
{"op_code":7,"worker_id":"50300f0f-9afb-46d9-9253-d67e727e1b46-126362123685888","trial_id":25,"step":150,"intermediate_value":0.5150537639856339}
{"op_code":4,"worker_id":"c2239621-83e6-49fb-91ad-04f3c5201c8c-127472605728768","study_id":0,"datetime_start":"2026-06-09T22:09:37.269473"}
{"op_code":5,"worker_id":"c2239621-83e6-49fb-91ad-04f3c5201c8c-127472605728768","trial_id":27,"param_name":"lr","param_value_internal":0.003872639391054715,"distribution":"{\"name\": \"FloatDistribution\", \"attributes\": {\"step\": null, \"low\": 0.0002, \"high\": 0.005, \"log\": true}}"}
{"op_code":5,"worker_id":"c2239621-83e6-49fb-91ad-04f3c5201c8c-127472605728768","trial_id":27,"param_name":"beta1","param_value_internal":0.9080579177135406,"distribution":"{\"name\": \"FloatDistribution\", \"attributes\": {\"step\": null, \"low\": 0.85, \"high\": 0.95, \"log\": false}}"}
{"op_code":5,"worker_id":"c2239621-83e6-49fb-91ad-04f3c5201c8c-127472605728768","trial_id":27,"param_name":"beta2","param_value_internal":0.9984848390636939,"distribution":"{\"name\": \"FloatDistribution\", \"attributes\": {\"step\": null, \"low\": 0.95, \"high\": 0.9995, \"log\": false}}"}
{"op_code":5,"worker_id":"c2239621-83e6-49fb-91ad-04f3c5201c8c-127472605728768","trial_id":27,"param_name":"weight_decay","param_value_internal":1.8645260030089423,"distribution":"{\"name\": \"FloatDistribution\", \"attributes\": {\"step\": null, \"low\": 0.2, \"high\": 4.0, \"log\": true}}"}
{"op_code":7,"worker_id":"50300f0f-9afb-46d9-9253-d67e727e1b46-126362123685888","trial_id":25,"step":160,"intermediate_value":0.5150537639856339}
{"op_code":7,"worker_id":"50300f0f-9afb-46d9-9253-d67e727e1b46-126362123685888","trial_id":25,"step":170,"intermediate_value":0.5150537639856339}
{"op_code":7,"worker_id":"64c9d7c4-e586-4336-86d4-e708672cd22e-124741386858496","trial_id":26,"step":1,"intermediate_value":0.018749086651951075}
{"op_code":7,"worker_id":"50300f0f-9afb-46d9-9253-d67e727e1b46-126362123685888","trial_id":25,"step":180,"intermediate_value":0.5150537639856339}
{"op_code":7,"worker_id":"64c9d7c4-e586-4336-86d4-e708672cd22e-124741386858496","trial_id":26,"step":10,"intermediate_value":0.028412651270627975}
{"op_code":7,"worker_id":"50300f0f-9afb-46d9-9253-d67e727e1b46-126362123685888","trial_id":25,"step":190,"intermediate_value":0.5150537639856339}
{"op_code":7,"worker_id":"64c9d7c4-e586-4336-86d4-e708672cd22e-124741386858496","trial_id":26,"step":20,"intermediate_value":0.041771537624299526}
{"op_code":7,"worker_id":"50300f0f-9afb-46d9-9253-d67e727e1b46-126362123685888","trial_id":25,"step":200,"intermediate_value":0.5150537639856339}
{"op_code":7,"worker_id":"64c9d7c4-e586-4336-86d4-e708672cd22e-124741386858496","trial_id":26,"step":30,"intermediate_value":0.0698078041896224}
{"op_code":7,"worker_id":"50300f0f-9afb-46d9-9253-d67e727e1b46-126362123685888","trial_id":25,"step":210,"intermediate_value":0.5150537639856339}
{"op_code":7,"worker_id":"64c9d7c4-e586-4336-86d4-e708672cd22e-124741386858496","trial_id":26,"step":40,"intermediate_value":0.13196480553597212}
{"op_code":0,"worker_id":"b1af0d9e-d3fd-434e-8977-ef04b42c0a40-136263235239936","study_name":"looksam__decoder","directions":[1]}
{"op_code":0,"worker_id":"882022ef-fc28-4ece-8885-b35bb3038b5a-136263235239936","study_name":"prodigy__decoder","directions":[1]}
{"op_code":4,"worker_id":"751a5319-1a5c-48bd-8f93-745f9ead5c8a-136263235239936","study_id":0,"datetime_start":"2026-06-09T22:09:49.794918"}
{"op_code":5,"worker_id":"751a5319-1a5c-48bd-8f93-745f9ead5c8a-136263235239936","trial_id":28,"param_name":"lr","param_value_internal":0.0008565293722924722,"distribution":"{\"name\": \"FloatDistribution\", \"attributes\": {\"step\": null, \"low\": 0.0002, \"high\": 0.005, \"log\": true}}"}
{"op_code":5,"worker_id":"751a5319-1a5c-48bd-8f93-745f9ead5c8a-136263235239936","trial_id":28,"param_name":"beta1","param_value_internal":0.9336803373557624,"distribution":"{\"name\": \"FloatDistribution\", \"attributes\": {\"step\": null, \"low\": 0.85, \"high\": 0.95, \"log\": false}}"}
{"op_code":5,"worker_id":"751a5319-1a5c-48bd-8f93-745f9ead5c8a-136263235239936","trial_id":28,"param_name":"beta2","param_value_internal":0.974510993649918,"distribution":"{\"name\": \"FloatDistribution\", \"attributes\": {\"step\": null, \"low\": 0.95, \"high\": 0.9995, \"log\": false}}"}
{"op_code":5,"worker_id":"751a5319-1a5c-48bd-8f93-745f9ead5c8a-136263235239936","trial_id":28,"param_name":"weight_decay","param_value_internal":1.9548824288747957,"distribution":"{\"name\": \"FloatDistribution\", \"attributes\": {\"step\": null, \"low\": 0.2, \"high\": 4.0, \"log\": true}}"}
{"op_code":7,"worker_id":"50300f0f-9afb-46d9-9253-d67e727e1b46-126362123685888","trial_id":25,"step":220,"intermediate_value":0.5129032265394926}
{"op_code":7,"worker_id":"64c9d7c4-e586-4336-86d4-e708672cd22e-124741386858496","trial_id":26,"step":50,"intermediate_value":0.18159496318548918}
{"op_code":7,"worker_id":"50300f0f-9afb-46d9-9253-d67e727e1b46-126362123685888","trial_id":25,"step":230,"intermediate_value":0.5129032265394926}
{"op_code":7,"worker_id":"64c9d7c4-e586-4336-86d4-e708672cd22e-124741386858496","trial_id":26,"step":60,"intermediate_value":0.3001854848116636}
{"op_code":7,"worker_id":"50300f0f-9afb-46d9-9253-d67e727e1b46-126362123685888","trial_id":25,"step":240,"intermediate_value":0.5129032265394926}
{"op_code":7,"worker_id":"64c9d7c4-e586-4336-86d4-e708672cd22e-124741386858496","trial_id":26,"step":70,"intermediate_value":0.41662548296153545}
{"op_code":7,"worker_id":"c2239621-83e6-49fb-91ad-04f3c5201c8c-127472605728768","trial_id":27,"step":1,"intermediate_value":0.018152570351958275}
{"op_code":7,"worker_id":"64c9d7c4-e586-4336-86d4-e708672cd22e-124741386858496","trial_id":26,"step":80,"intermediate_value":0.49082903098315}
{"op_code":7,"worker_id":"c2239621-83e6-49fb-91ad-04f3c5201c8c-127472605728768","trial_id":27,"step":10,"intermediate_value":0.02769991010427475}
{"op_code":7,"worker_id":"64c9d7c4-e586-4336-86d4-e708672cd22e-124741386858496","trial_id":26,"step":90,"intermediate_value":0.5106333596631885}
{"op_code":7,"worker_id":"c2239621-83e6-49fb-91ad-04f3c5201c8c-127472605728768","trial_id":27,"step":20,"intermediate_value":0.03377821762114763}
{"op_code":7,"worker_id":"64c9d7c4-e586-4336-86d4-e708672cd22e-124741386858496","trial_id":26,"step":100,"intermediate_value":0.5107526881620288}
{"op_code":7,"worker_id":"c2239621-83e6-49fb-91ad-04f3c5201c8c-127472605728768","trial_id":27,"step":30,"intermediate_value":0.05167370941489935}
{"op_code":7,"worker_id":"64c9d7c4-e586-4336-86d4-e708672cd22e-124741386858496","trial_id":26,"step":110,"intermediate_value":0.5107526881620288}
{"op_code":7,"worker_id":"c2239621-83e6-49fb-91ad-04f3c5201c8c-127472605728768","trial_id":27,"step":40,"intermediate_value":0.08102231007069349}
{"op_code":7,"worker_id":"751a5319-1a5c-48bd-8f93-745f9ead5c8a-136263235239936","trial_id":28,"step":1,"intermediate_value":0.012178170029073954}
{"op_code":7,"worker_id":"64c9d7c4-e586-4336-86d4-e708672cd22e-124741386858496","trial_id":26,"step":120,"intermediate_value":0.5107526881620288}
{"op_code":7,"worker_id":"c2239621-83e6-49fb-91ad-04f3c5201c8c-127472605728768","trial_id":27,"step":50,"intermediate_value":0.09080518316477537}
{"op_code":7,"worker_id":"50300f0f-9afb-46d9-9253-d67e727e1b46-126362123685888","trial_id":25,"step":250,"intermediate_value":0.5129032265394926}
{"op_code":7,"worker_id":"751a5319-1a5c-48bd-8f93-745f9ead5c8a-136263235239936","trial_id":28,"step":10,"intermediate_value":0.03403221908956766}
{"op_code":7,"worker_id":"64c9d7c4-e586-4336-86d4-e708672cd22e-124741386858496","trial_id":26,"step":130,"intermediate_value":0.5107526881620288}
{"op_code":7,"worker_id":"c2239621-83e6-49fb-91ad-04f3c5201c8c-127472605728768","trial_id":27,"step":60,"intermediate_value":0.14914448093622923}
{"op_code":7,"worker_id":"50300f0f-9afb-46d9-9253-d67e727e1b46-126362123685888","trial_id":25,"step":260,"intermediate_value":0.5129032265394926}
{"op_code":7,"worker_id":"c2239621-83e6-49fb-91ad-04f3c5201c8c-127472605728768","trial_id":27,"step":70,"intermediate_value":0.11061259917914867}
{"op_code":7,"worker_id":"50300f0f-9afb-46d9-9253-d67e727e1b46-126362123685888","trial_id":25,"step":270,"intermediate_value":0.5129032265394926}
{"op_code":7,"worker_id":"c2239621-83e6-49fb-91ad-04f3c5201c8c-127472605728768","trial_id":27,"step":80,"intermediate_value":0.22192563116550446}
{"op_code":7,"worker_id":"50300f0f-9afb-46d9-9253-d67e727e1b46-126362123685888","trial_id":25,"step":280,"intermediate_value":0.5129032265394926}
{"op_code":7,"worker_id":"c2239621-83e6-49fb-91ad-04f3c5201c8c-127472605728768","trial_id":27,"step":90,"intermediate_value":0.1695453329011798}
{"op_code":7,"worker_id":"50300f0f-9afb-46d9-9253-d67e727e1b46-126362123685888","trial_id":25,"step":290,"intermediate_value":0.5129032265394926}
{"op_code":7,"worker_id":"751a5319-1a5c-48bd-8f93-745f9ead5c8a-136263235239936","trial_id":28,"step":20,"intermediate_value":0.03199790604412556}
{"op_code":7,"worker_id":"c2239621-83e6-49fb-91ad-04f3c5201c8c-127472605728768","trial_id":27,"step":100,"intermediate_value":0.29279176890850067}
{"op_code":7,"worker_id":"64c9d7c4-e586-4336-86d4-e708672cd22e-124741386858496","trial_id":26,"step":140,"intermediate_value":0.5107526881620288}
{"op_code":7,"worker_id":"50300f0f-9afb-46d9-9253-d67e727e1b46-126362123685888","trial_id":25,"step":300,"intermediate_value":0.5129032265394926}
{"op_code":7,"worker_id":"751a5319-1a5c-48bd-8f93-745f9ead5c8a-136263235239936","trial_id":28,"step":30,"intermediate_value":0.031034243293106556}
{"op_code":7,"worker_id":"c2239621-83e6-49fb-91ad-04f3c5201c8c-127472605728768","trial_id":27,"step":110,"intermediate_value":0.3566159438341856}
{"op_code":7,"worker_id":"64c9d7c4-e586-4336-86d4-e708672cd22e-124741386858496","trial_id":26,"step":150,"intermediate_value":0.5040716929361224}
{"op_code":7,"worker_id":"50300f0f-9afb-46d9-9253-d67e727e1b46-126362123685888","trial_id":25,"step":310,"intermediate_value":0.5129032265394926}
{"op_code":7,"worker_id":"751a5319-1a5c-48bd-8f93-745f9ead5c8a-136263235239936","trial_id":28,"step":40,"intermediate_value":0.04439620953053236}
{"op_code":7,"worker_id":"c2239621-83e6-49fb-91ad-04f3c5201c8c-127472605728768","trial_id":27,"step":120,"intermediate_value":0.28730074875056744}
{"op_code":7,"worker_id":"64c9d7c4-e586-4336-86d4-e708672cd22e-124741386858496","trial_id":26,"step":160,"intermediate_value":0.20450735092163086}
{"op_code":7,"worker_id":"50300f0f-9afb-46d9-9253-d67e727e1b46-126362123685888","trial_id":25,"step":320,"intermediate_value":0.5129032265394926}
{"op_code":7,"worker_id":"751a5319-1a5c-48bd-8f93-745f9ead5c8a-136263235239936","trial_id":28,"step":50,"intermediate_value":0.06300751771777868}
{"op_code":7,"worker_id":"c2239621-83e6-49fb-91ad-04f3c5201c8c-127472605728768","trial_id":27,"step":130,"intermediate_value":0.3733153147622943}
{"op_code":7,"worker_id":"64c9d7c4-e586-4336-86d4-e708672cd22e-124741386858496","trial_id":26,"step":170,"intermediate_value":0.4475281089544296}
{"op_code":7,"worker_id":"50300f0f-9afb-46d9-9253-d67e727e1b46-126362123685888","trial_id":25,"step":330,"intermediate_value":0.5129032265394926}
{"op_code":7,"worker_id":"751a5319-1a5c-48bd-8f93-745f9ead5c8a-136263235239936","trial_id":28,"step":60,"intermediate_value":0.08615235518664122}
{"op_code":7,"worker_id":"c2239621-83e6-49fb-91ad-04f3c5201c8c-127472605728768","trial_id":27,"step":140,"intermediate_value":0.4416914787143469}
{"op_code":7,"worker_id":"64c9d7c4-e586-4336-86d4-e708672cd22e-124741386858496","trial_id":26,"step":180,"intermediate_value":0.5096789402887225}
{"op_code":7,"worker_id":"50300f0f-9afb-46d9-9253-d67e727e1b46-126362123685888","trial_id":25,"step":340,"intermediate_value":0.5129032265394926}
{"op_code":7,"worker_id":"751a5319-1a5c-48bd-8f93-745f9ead5c8a-136263235239936","trial_id":28,"step":70,"intermediate_value":0.11908005457371473}
{"op_code":7,"worker_id":"c2239621-83e6-49fb-91ad-04f3c5201c8c-127472605728768","trial_id":27,"step":150,"intermediate_value":0.3345509935170412}
{"op_code":7,"worker_id":"64c9d7c4-e586-4336-86d4-e708672cd22e-124741386858496","trial_id":26,"step":190,"intermediate_value":0.5107526881620288}
{"op_code":7,"worker_id":"50300f0f-9afb-46d9-9253-d67e727e1b46-126362123685888","trial_id":25,"step":350,"intermediate_value":0.5129032265394926}
{"op_code":7,"worker_id":"751a5319-1a5c-48bd-8f93-745f9ead5c8a-136263235239936","trial_id":28,"step":80,"intermediate_value":0.15904664527624846}
{"op_code":7,"worker_id":"c2239621-83e6-49fb-91ad-04f3c5201c8c-127472605728768","trial_id":27,"step":160,"intermediate_value":0.4401282202452421}
{"op_code":7,"worker_id":"64c9d7c4-e586-4336-86d4-e708672cd22e-124741386858496","trial_id":26,"step":200,"intermediate_value":0.5107526881620288}
{"op_code":7,"worker_id":"c2239621-83e6-49fb-91ad-04f3c5201c8c-127472605728768","trial_id":27,"step":170,"intermediate_value":0.3933705873787403}
{"op_code":7,"worker_id":"64c9d7c4-e586-4336-86d4-e708672cd22e-124741386858496","trial_id":26,"step":210,"intermediate_value":0.5107526881620288}
{"op_code":7,"worker_id":"50300f0f-9afb-46d9-9253-d67e727e1b46-126362123685888","trial_id":25,"step":360,"intermediate_value":0.5129032265394926}
{"op_code":7,"worker_id":"c2239621-83e6-49fb-91ad-04f3c5201c8c-127472605728768","trial_id":27,"step":180,"intermediate_value":0.2635778598487377}
{"op_code":7,"worker_id":"751a5319-1a5c-48bd-8f93-745f9ead5c8a-136263235239936","trial_id":28,"step":90,"intermediate_value":0.19949045311659575}
{"op_code":7,"worker_id":"64c9d7c4-e586-4336-86d4-e708672cd22e-124741386858496","trial_id":26,"step":220,"intermediate_value":0.5107526881620288}
{"op_code":7,"worker_id":"50300f0f-9afb-46d9-9253-d67e727e1b46-126362123685888","trial_id":25,"step":370,"intermediate_value":0.5129032265394926}
{"op_code":7,"worker_id":"c2239621-83e6-49fb-91ad-04f3c5201c8c-127472605728768","trial_id":27,"step":190,"intermediate_value":0.4017187226563692}
{"op_code":7,"worker_id":"751a5319-1a5c-48bd-8f93-745f9ead5c8a-136263235239936","trial_id":28,"step":100,"intermediate_value":0.24112729262560606}
{"op_code":7,"worker_id":"64c9d7c4-e586-4336-86d4-e708672cd22e-124741386858496","trial_id":26,"step":230,"intermediate_value":0.2313505858182907}
{"op_code":7,"worker_id":"50300f0f-9afb-46d9-9253-d67e727e1b46-126362123685888","trial_id":25,"step":380,"intermediate_value":0.5107526881620288}
{"op_code":7,"worker_id":"c2239621-83e6-49fb-91ad-04f3c5201c8c-127472605728768","trial_id":27,"step":200,"intermediate_value":0.4024407174438238}
{"op_code":7,"worker_id":"751a5319-1a5c-48bd-8f93-745f9ead5c8a-136263235239936","trial_id":28,"step":110,"intermediate_value":0.29147327970713377}
{"op_code":7,"worker_id":"64c9d7c4-e586-4336-86d4-e708672cd22e-124741386858496","trial_id":26,"step":240,"intermediate_value":0.48760784696787596}
{"op_code":7,"worker_id":"50300f0f-9afb-46d9-9253-d67e727e1b46-126362123685888","trial_id":25,"step":390,"intermediate_value":0.5107526881620288}
{"op_code":7,"worker_id":"c2239621-83e6-49fb-91ad-04f3c5201c8c-127472605728768","trial_id":27,"step":210,"intermediate_value":0.4694891478866339}
{"op_code":7,"worker_id":"751a5319-1a5c-48bd-8f93-745f9ead5c8a-136263235239936","trial_id":28,"step":120,"intermediate_value":0.3397941719740629}
{"op_code":7,"worker_id":"64c9d7c4-e586-4336-86d4-e708672cd22e-124741386858496","trial_id":26,"step":250,"intermediate_value":0.5099175376817584}
{"op_code":7,"worker_id":"50300f0f-9afb-46d9-9253-d67e727e1b46-126362123685888","trial_id":25,"step":400,"intermediate_value":0.5107526881620288}
{"op_code":7,"worker_id":"c2239621-83e6-49fb-91ad-04f3c5201c8c-127472605728768","trial_id":27,"step":220,"intermediate_value":0.3087907060980797}
{"op_code":7,"worker_id":"751a5319-1a5c-48bd-8f93-745f9ead5c8a-136263235239936","trial_id":28,"step":130,"intermediate_value":0.3902563853189349}
{"op_code":7,"worker_id":"64c9d7c4-e586-4336-86d4-e708672cd22e-124741386858496","trial_id":26,"step":260,"intermediate_value":0.5129032265394926}
{"op_code":7,"worker_id":"50300f0f-9afb-46d9-9253-d67e727e1b46-126362123685888","trial_id":25,"step":410,"intermediate_value":0.5107526881620288}
{"op_code":7,"worker_id":"c2239621-83e6-49fb-91ad-04f3c5201c8c-127472605728768","trial_id":27,"step":230,"intermediate_value":0.42702024430036545}
{"op_code":7,"worker_id":"751a5319-1a5c-48bd-8f93-745f9ead5c8a-136263235239936","trial_id":28,"step":140,"intermediate_value":0.4247350199148059}
{"op_code":7,"worker_id":"64c9d7c4-e586-4336-86d4-e708672cd22e-124741386858496","trial_id":26,"step":270,"intermediate_value":0.5129032265394926}
{"op_code":7,"worker_id":"50300f0f-9afb-46d9-9253-d67e727e1b46-126362123685888","trial_id":25,"step":420,"intermediate_value":0.5107526881620288}
{"op_code":7,"worker_id":"c2239621-83e6-49fb-91ad-04f3c5201c8c-127472605728768","trial_id":27,"step":240,"intermediate_value":0.46173136308789253}
{"op_code":7,"worker_id":"751a5319-1a5c-48bd-8f93-745f9ead5c8a-136263235239936","trial_id":28,"step":150,"intermediate_value":0.46315066050738096}
{"op_code":7,"worker_id":"64c9d7c4-e586-4336-86d4-e708672cd22e-124741386858496","trial_id":26,"step":280,"intermediate_value":0.5129032265394926}
{"op_code":7,"worker_id":"50300f0f-9afb-46d9-9253-d67e727e1b46-126362123685888","trial_id":25,"step":430,"intermediate_value":0.5107526881620288}
{"op_code":7,"worker_id":"c2239621-83e6-49fb-91ad-04f3c5201c8c-127472605728768","trial_id":27,"step":250,"intermediate_value":0.2913724407553673}
{"op_code":7,"worker_id":"751a5319-1a5c-48bd-8f93-745f9ead5c8a-136263235239936","trial_id":28,"step":160,"intermediate_value":0.48844296764582396}
{"op_code":7,"worker_id":"64c9d7c4-e586-4336-86d4-e708672cd22e-124741386858496","trial_id":26,"step":290,"intermediate_value":0.5129032265394926}
{"op_code":7,"worker_id":"50300f0f-9afb-46d9-9253-d67e727e1b46-126362123685888","trial_id":25,"step":440,"intermediate_value":0.5107526881620288}
{"op_code":7,"worker_id":"c2239621-83e6-49fb-91ad-04f3c5201c8c-127472605728768","trial_id":27,"step":260,"intermediate_value":0.44517282396554947}
{"op_code":7,"worker_id":"c2239621-83e6-49fb-91ad-04f3c5201c8c-127472605728768","trial_id":27,"step":270,"intermediate_value":0.43048005551099777}
{"op_code":7,"worker_id":"50300f0f-9afb-46d9-9253-d67e727e1b46-126362123685888","trial_id":25,"step":450,"intermediate_value":0.5107526881620288}
{"op_code":7,"worker_id":"751a5319-1a5c-48bd-8f93-745f9ead5c8a-136263235239936","trial_id":28,"step":170,"intermediate_value":0.5009698076173663}
{"op_code":7,"worker_id":"64c9d7c4-e586-4336-86d4-e708672cd22e-124741386858496","trial_id":26,"step":300,"intermediate_value":0.1416345238685608}
{"op_code":7,"worker_id":"c2239621-83e6-49fb-91ad-04f3c5201c8c-127472605728768","trial_id":27,"step":280,"intermediate_value":0.36331232637166977}
{"op_code":7,"worker_id":"50300f0f-9afb-46d9-9253-d67e727e1b46-126362123685888","trial_id":25,"step":460,"intermediate_value":0.5107526881620288}
{"op_code":7,"worker_id":"751a5319-1a5c-48bd-8f93-745f9ead5c8a-136263235239936","trial_id":28,"step":180,"intermediate_value":0.5080086989328265}
{"op_code":7,"worker_id":"64c9d7c4-e586-4336-86d4-e708672cd22e-124741386858496","trial_id":26,"step":310,"intermediate_value":0.43046156596392393}
{"op_code":7,"worker_id":"c2239621-83e6-49fb-91ad-04f3c5201c8c-127472605728768","trial_id":27,"step":290,"intermediate_value":0.46627410873770714}
{"op_code":7,"worker_id":"50300f0f-9afb-46d9-9253-d67e727e1b46-126362123685888","trial_id":25,"step":470,"intermediate_value":0.5107526881620288}
{"op_code":7,"worker_id":"751a5319-1a5c-48bd-8f93-745f9ead5c8a-136263235239936","trial_id":28,"step":190,"intermediate_value":0.5105140609666705}
{"op_code":7,"worker_id":"64c9d7c4-e586-4336-86d4-e708672cd22e-124741386858496","trial_id":26,"step":320,"intermediate_value":0.5138637889176607}
{"op_code":7,"worker_id":"c2239621-83e6-49fb-91ad-04f3c5201c8c-127472605728768","trial_id":27,"step":300,"intermediate_value":0.3212074935436249}
{"op_code":7,"worker_id":"50300f0f-9afb-46d9-9253-d67e727e1b46-126362123685888","trial_id":25,"step":480,"intermediate_value":0.5107526881620288}
{"op_code":7,"worker_id":"751a5319-1a5c-48bd-8f93-745f9ead5c8a-136263235239936","trial_id":28,"step":200,"intermediate_value":0.5107526881620288}
{"op_code":7,"worker_id":"64c9d7c4-e586-4336-86d4-e708672cd22e-124741386858496","trial_id":26,"step":330,"intermediate_value":0.5123067032545805}
{"op_code":7,"worker_id":"c2239621-83e6-49fb-91ad-04f3c5201c8c-127472605728768","trial_id":27,"step":310,"intermediate_value":0.45626187324523926}
{"op_code":7,"worker_id":"50300f0f-9afb-46d9-9253-d67e727e1b46-126362123685888","trial_id":25,"step":490,"intermediate_value":0.5107526881620288}
{"op_code":7,"worker_id":"751a5319-1a5c-48bd-8f93-745f9ead5c8a-136263235239936","trial_id":28,"step":210,"intermediate_value":0.5107526881620288}
{"op_code":7,"worker_id":"64c9d7c4-e586-4336-86d4-e708672cd22e-124741386858496","trial_id":26,"step":340,"intermediate_value":0.5129032265394926}
{"op_code":7,"worker_id":"c2239621-83e6-49fb-91ad-04f3c5201c8c-127472605728768","trial_id":27,"step":320,"intermediate_value":0.4722639136016369}
{"op_code":7,"worker_id":"50300f0f-9afb-46d9-9253-d67e727e1b46-126362123685888","trial_id":25,"step":500,"intermediate_value":0.5107526881620288}
{"op_code":7,"worker_id":"751a5319-1a5c-48bd-8f93-745f9ead5c8a-136263235239936","trial_id":28,"step":220,"intermediate_value":0.5107526881620288}
{"op_code":7,"worker_id":"64c9d7c4-e586-4336-86d4-e708672cd22e-124741386858496","trial_id":26,"step":350,"intermediate_value":0.5107526881620288}
{"op_code":7,"worker_id":"c2239621-83e6-49fb-91ad-04f3c5201c8c-127472605728768","trial_id":27,"step":330,"intermediate_value":0.3150160387158394}
{"op_code":7,"worker_id":"50300f0f-9afb-46d9-9253-d67e727e1b46-126362123685888","trial_id":25,"step":510,"intermediate_value":0.5107526881620288}
{"op_code":7,"worker_id":"751a5319-1a5c-48bd-8f93-745f9ead5c8a-136263235239936","trial_id":28,"step":230,"intermediate_value":0.5107526881620288}
{"op_code":7,"worker_id":"50300f0f-9afb-46d9-9253-d67e727e1b46-126362123685888","trial_id":25,"step":520,"intermediate_value":0.5107526881620288}
{"op_code":7,"worker_id":"751a5319-1a5c-48bd-8f93-745f9ead5c8a-136263235239936","trial_id":28,"step":240,"intermediate_value":0.5107526881620288}
{"op_code":7,"worker_id":"50300f0f-9afb-46d9-9253-d67e727e1b46-126362123685888","trial_id":25,"step":530,"intermediate_value":0.5107526881620288}
{"op_code":7,"worker_id":"751a5319-1a5c-48bd-8f93-745f9ead5c8a-136263235239936","trial_id":28,"step":250,"intermediate_value":0.5107526881620288}
{"op_code":7,"worker_id":"751a5319-1a5c-48bd-8f93-745f9ead5c8a-136263235239936","trial_id":28,"step":260,"intermediate_value":0.5107526881620288}
{"op_code":7,"worker_id":"64c9d7c4-e586-4336-86d4-e708672cd22e-124741386858496","trial_id":26,"step":360,"intermediate_value":0.5107526881620288}
{"op_code":7,"worker_id":"c2239621-83e6-49fb-91ad-04f3c5201c8c-127472605728768","trial_id":27,"step":340,"intermediate_value":0.5120442360639572}
{"op_code":7,"worker_id":"751a5319-1a5c-48bd-8f93-745f9ead5c8a-136263235239936","trial_id":28,"step":270,"intermediate_value":0.5107526881620288}
{"op_code":7,"worker_id":"64c9d7c4-e586-4336-86d4-e708672cd22e-124741386858496","trial_id":26,"step":370,"intermediate_value":0.5107526881620288}
{"op_code":7,"worker_id":"c2239621-83e6-49fb-91ad-04f3c5201c8c-127472605728768","trial_id":27,"step":350,"intermediate_value":0.5885607153177261}
{"op_code":7,"worker_id":"64c9d7c4-e586-4336-86d4-e708672cd22e-124741386858496","trial_id":26,"step":380,"intermediate_value":0.5107526881620288}
{"op_code":7,"worker_id":"c2239621-83e6-49fb-91ad-04f3c5201c8c-127472605728768","trial_id":27,"step":360,"intermediate_value":0.4735400751233101}
{"op_code":7,"worker_id":"64c9d7c4-e586-4336-86d4-e708672cd22e-124741386858496","trial_id":26,"step":390,"intermediate_value":0.11968888714909554}
{"op_code":7,"worker_id":"c2239621-83e6-49fb-91ad-04f3c5201c8c-127472605728768","trial_id":27,"step":370,"intermediate_value":0.6566836684942245}
{"op_code":7,"worker_id":"64c9d7c4-e586-4336-86d4-e708672cd22e-124741386858496","trial_id":26,"step":400,"intermediate_value":0.46458230447024107}
{"op_code":7,"worker_id":"751a5319-1a5c-48bd-8f93-745f9ead5c8a-136263235239936","trial_id":28,"step":280,"intermediate_value":0.5129032265394926}
{"op_code":7,"worker_id":"64c9d7c4-e586-4336-86d4-e708672cd22e-124741386858496","trial_id":26,"step":410,"intermediate_value":0.5072959493845701}
{"op_code":7,"worker_id":"64c9d7c4-e586-4336-86d4-e708672cd22e-124741386858496","trial_id":26,"step":420,"intermediate_value":0.5114715825766325}
{"op_code":7,"worker_id":"64c9d7c4-e586-4336-86d4-e708672cd22e-124741386858496","trial_id":26,"step":430,"intermediate_value":0.5129032265394926}
{"op_code":7,"worker_id":"64c9d7c4-e586-4336-86d4-e708672cd22e-124741386858496","trial_id":26,"step":440,"intermediate_value":0.5107526881620288}
{"op_code":7,"worker_id":"64c9d7c4-e586-4336-86d4-e708672cd22e-124741386858496","trial_id":26,"step":450,"intermediate_value":0.5150537639856339}
{"op_code":7,"worker_id":"64c9d7c4-e586-4336-86d4-e708672cd22e-124741386858496","trial_id":26,"step":460,"intermediate_value":0.5150537639856339}
{"op_code":7,"worker_id":"c2239621-83e6-49fb-91ad-04f3c5201c8c-127472605728768","trial_id":27,"step":380,"intermediate_value":0.8341807723045349}
{"op_code":7,"worker_id":"751a5319-1a5c-48bd-8f93-745f9ead5c8a-136263235239936","trial_id":28,"step":290,"intermediate_value":0.5129032265394926}
{"op_code":7,"worker_id":"c2239621-83e6-49fb-91ad-04f3c5201c8c-127472605728768","trial_id":27,"step":390,"intermediate_value":0.8108188807964325}
{"op_code":7,"worker_id":"751a5319-1a5c-48bd-8f93-745f9ead5c8a-136263235239936","trial_id":28,"step":300,"intermediate_value":0.5129032265394926}
{"op_code":7,"worker_id":"64c9d7c4-e586-4336-86d4-e708672cd22e-124741386858496","trial_id":26,"step":470,"intermediate_value":0.4777179844677448}
{"op_code":7,"worker_id":"751a5319-1a5c-48bd-8f93-745f9ead5c8a-136263235239936","trial_id":28,"step":310,"intermediate_value":0.5097982389852405}
{"op_code":7,"worker_id":"64c9d7c4-e586-4336-86d4-e708672cd22e-124741386858496","trial_id":26,"step":480,"intermediate_value":0.3141439687460661}
{"op_code":7,"worker_id":"751a5319-1a5c-48bd-8f93-745f9ead5c8a-136263235239936","trial_id":28,"step":320,"intermediate_value":0.5055064093321562}
{"op_code":7,"worker_id":"c2239621-83e6-49fb-91ad-04f3c5201c8c-127472605728768","trial_id":27,"step":400,"intermediate_value":1.0702596008777618}
{"op_code":7,"worker_id":"64c9d7c4-e586-4336-86d4-e708672cd22e-124741386858496","trial_id":26,"step":490,"intermediate_value":0.5076600182801485}
{"op_code":7,"worker_id":"751a5319-1a5c-48bd-8f93-745f9ead5c8a-136263235239936","trial_id":28,"step":330,"intermediate_value":0.5150537639856339}
{"op_code":7,"worker_id":"c2239621-83e6-49fb-91ad-04f3c5201c8c-127472605728768","trial_id":27,"step":410,"intermediate_value":0.6628397405147552}
{"op_code":7,"worker_id":"64c9d7c4-e586-4336-86d4-e708672cd22e-124741386858496","trial_id":26,"step":500,"intermediate_value":0.519235510379076}
{"op_code":7,"worker_id":"64c9d7c4-e586-4336-86d4-e708672cd22e-124741386858496","trial_id":26,"step":510,"intermediate_value":0.5193548388779163}
{"op_code":7,"worker_id":"50300f0f-9afb-46d9-9253-d67e727e1b46-126362123685888","trial_id":25,"step":540,"intermediate_value":0.5107526881620288}
{"op_code":7,"worker_id":"64c9d7c4-e586-4336-86d4-e708672cd22e-124741386858496","trial_id":26,"step":520,"intermediate_value":0.5193548388779163}
{"op_code":7,"worker_id":"c2239621-83e6-49fb-91ad-04f3c5201c8c-127472605728768","trial_id":27,"step":420,"intermediate_value":0.7784761488437653}
{"op_code":7,"worker_id":"50300f0f-9afb-46d9-9253-d67e727e1b46-126362123685888","trial_id":25,"step":550,"intermediate_value":0.5107526881620288}
{"op_code":7,"worker_id":"751a5319-1a5c-48bd-8f93-745f9ead5c8a-136263235239936","trial_id":28,"step":340,"intermediate_value":0.5129032265394926}
{"op_code":7,"worker_id":"50300f0f-9afb-46d9-9253-d67e727e1b46-126362123685888","trial_id":25,"step":560,"intermediate_value":0.5107526881620288}
{"op_code":7,"worker_id":"751a5319-1a5c-48bd-8f93-745f9ead5c8a-136263235239936","trial_id":28,"step":350,"intermediate_value":0.5150537639856339}
{"op_code":7,"worker_id":"c2239621-83e6-49fb-91ad-04f3c5201c8c-127472605728768","trial_id":27,"step":430,"intermediate_value":1.1025885045528412}
{"op_code":7,"worker_id":"751a5319-1a5c-48bd-8f93-745f9ead5c8a-136263235239936","trial_id":28,"step":360,"intermediate_value":0.5129032265394926}
{"op_code":7,"worker_id":"c2239621-83e6-49fb-91ad-04f3c5201c8c-127472605728768","trial_id":27,"step":440,"intermediate_value":1.3347727060317993}
{"op_code":7,"worker_id":"751a5319-1a5c-48bd-8f93-745f9ead5c8a-136263235239936","trial_id":28,"step":370,"intermediate_value":0.5107526881620288}
{"op_code":7,"worker_id":"c2239621-83e6-49fb-91ad-04f3c5201c8c-127472605728768","trial_id":27,"step":450,"intermediate_value":1.4525688886642456}
{"op_code":8,"worker_id":"c2239621-83e6-49fb-91ad-04f3c5201c8c-127472605728768","trial_id":27,"user_attr":{"peak_val_acc":0.9526882171630859}}
{"op_code":8,"worker_id":"c2239621-83e6-49fb-91ad-04f3c5201c8c-127472605728768","trial_id":27,"user_attr":{"final_test_acc":0.9465206265449524}}
{"op_code":6,"worker_id":"c2239621-83e6-49fb-91ad-04f3c5201c8c-127472605728768","trial_id":27,"state":1,"values":[450.0],"datetime_complete":"2026-06-09T22:11:16.683354"}
{"op_code":7,"worker_id":"751a5319-1a5c-48bd-8f93-745f9ead5c8a-136263235239936","trial_id":28,"step":380,"intermediate_value":0.5150537639856339}
{"op_code":7,"worker_id":"64c9d7c4-e586-4336-86d4-e708672cd22e-124741386858496","trial_id":26,"step":530,"intermediate_value":0.5193548388779163}
{"op_code":4,"worker_id":"e4730140-7544-43d5-aeb9-aa322874c58d-127472605728768","study_id":1,"datetime_start":"2026-06-09T22:11:16.879415"}
{"op_code":5,"worker_id":"e4730140-7544-43d5-aeb9-aa322874c58d-127472605728768","trial_id":29,"param_name":"lr","param_value_internal":0.003872639391054715,"distribution":"{\"name\": \"FloatDistribution\", \"attributes\": {\"step\": null, \"low\": 0.0002, \"high\": 0.005, \"log\": true}}"}
{"op_code":5,"worker_id":"e4730140-7544-43d5-aeb9-aa322874c58d-127472605728768","trial_id":29,"param_name":"neural_alpha","param_value_internal":9.634830773222056,"distribution":"{\"name\": \"FloatDistribution\", \"attributes\": {\"step\": null, \"low\": 2.0, \"high\": 30.0, \"log\": true}}"}
{"op_code":5,"worker_id":"e4730140-7544-43d5-aeb9-aa322874c58d-127472605728768","trial_id":29,"param_name":"neural_beta","param_value_internal":9.815425284307974,"distribution":"{\"name\": \"FloatDistribution\", \"attributes\": {\"step\": null, \"low\": 1.0, \"high\": 10.0, \"log\": false}}"}
{"op_code":7,"worker_id":"751a5319-1a5c-48bd-8f93-745f9ead5c8a-136263235239936","trial_id":28,"step":390,"intermediate_value":0.5107526881620288}
{"op_code":7,"worker_id":"751a5319-1a5c-48bd-8f93-745f9ead5c8a-136263235239936","trial_id":28,"step":400,"intermediate_value":0.5129032265394926}
{"op_code":7,"worker_id":"751a5319-1a5c-48bd-8f93-745f9ead5c8a-136263235239936","trial_id":28,"step":410,"intermediate_value":0.41590658854693174}
{"op_code":7,"worker_id":"751a5319-1a5c-48bd-8f93-745f9ead5c8a-136263235239936","trial_id":28,"step":420,"intermediate_value":0.5035975705832243}
{"op_code":7,"worker_id":"64c9d7c4-e586-4336-86d4-e708672cd22e-124741386858496","trial_id":26,"step":540,"intermediate_value":0.5193548388779163}
{"op_code":7,"worker_id":"751a5319-1a5c-48bd-8f93-745f9ead5c8a-136263235239936","trial_id":28,"step":430,"intermediate_value":0.5114715825766325}
{"op_code":7,"worker_id":"50300f0f-9afb-46d9-9253-d67e727e1b46-126362123685888","trial_id":25,"step":570,"intermediate_value":0.5107526881620288}
{"op_code":5,"worker_id":"e4730140-7544-43d5-aeb9-aa322874c58d-127472605728768","trial_id":29,"param_name":"inner_steps","param_value_internal":2.0,"distribution":"{\"name\": \"IntDistribution\", \"attributes\": {\"log\": false, \"step\": 1, \"low\": 1, \"high\": 2}}"}
{"op_code":7,"worker_id":"64c9d7c4-e586-4336-86d4-e708672cd22e-124741386858496","trial_id":26,"step":550,"intermediate_value":0.2603443581610918}
{"op_code":5,"worker_id":"e4730140-7544-43d5-aeb9-aa322874c58d-127472605728768","trial_id":29,"param_name":"neural_grad_clip","param_value_internal":2.780819400125756,"distribution":"{\"name\": \"FloatDistribution\", \"attributes\": {\"step\": null, \"low\": 0.5, \"high\": 3.0, \"log\": false}}"}
{"op_code":5,"worker_id":"e4730140-7544-43d5-aeb9-aa322874c58d-127472605728768","trial_id":29,"param_name":"weight_decay","param_value_internal":0.9681937347515654,"distribution":"{\"name\": \"FloatDistribution\", \"attributes\": {\"step\": null, \"low\": 0.2, \"high\": 4.0, \"log\": true}}"}
{"op_code":7,"worker_id":"e4730140-7544-43d5-aeb9-aa322874c58d-127472605728768","trial_id":29,"step":1,"intermediate_value":0.018152570351958275}
{"op_code":7,"worker_id":"751a5319-1a5c-48bd-8f93-745f9ead5c8a-136263235239936","trial_id":28,"step":440,"intermediate_value":0.5107526881620288}
{"op_code":7,"worker_id":"50300f0f-9afb-46d9-9253-d67e727e1b46-126362123685888","trial_id":25,"step":580,"intermediate_value":0.5107526881620288}
{"op_code":7,"worker_id":"751a5319-1a5c-48bd-8f93-745f9ead5c8a-136263235239936","trial_id":28,"step":450,"intermediate_value":0.5129032265394926}
{"op_code":7,"worker_id":"50300f0f-9afb-46d9-9253-d67e727e1b46-126362123685888","trial_id":25,"step":590,"intermediate_value":0.5129032265394926}
{"op_code":7,"worker_id":"751a5319-1a5c-48bd-8f93-745f9ead5c8a-136263235239936","trial_id":28,"step":460,"intermediate_value":0.5129032265394926}
{"op_code":7,"worker_id":"50300f0f-9afb-46d9-9253-d67e727e1b46-126362123685888","trial_id":25,"step":600,"intermediate_value":0.5150537639856339}
{"op_code":7,"worker_id":"50300f0f-9afb-46d9-9253-d67e727e1b46-126362123685888","trial_id":25,"step":610,"intermediate_value":0.5150537639856339}
{"op_code":7,"worker_id":"751a5319-1a5c-48bd-8f93-745f9ead5c8a-136263235239936","trial_id":28,"step":470,"intermediate_value":0.5129032265394926}
{"op_code":7,"worker_id":"e4730140-7544-43d5-aeb9-aa322874c58d-127472605728768","trial_id":29,"step":10,"intermediate_value":0.03175622038543224}
{"op_code":7,"worker_id":"751a5319-1a5c-48bd-8f93-745f9ead5c8a-136263235239936","trial_id":28,"step":480,"intermediate_value":0.5172043014317751}
{"op_code":7,"worker_id":"751a5319-1a5c-48bd-8f93-745f9ead5c8a-136263235239936","trial_id":28,"step":490,"intermediate_value":0.5129032265394926}
{"op_code":7,"worker_id":"50300f0f-9afb-46d9-9253-d67e727e1b46-126362123685888","trial_id":25,"step":620,"intermediate_value":0.5150537639856339}
{"op_code":7,"worker_id":"64c9d7c4-e586-4336-86d4-e708672cd22e-124741386858496","trial_id":26,"step":560,"intermediate_value":0.4938146900385618}
{"op_code":7,"worker_id":"751a5319-1a5c-48bd-8f93-745f9ead5c8a-136263235239936","trial_id":28,"step":500,"intermediate_value":0.4830804616212845}
{"op_code":7,"worker_id":"50300f0f-9afb-46d9-9253-d67e727e1b46-126362123685888","trial_id":25,"step":630,"intermediate_value":0.5150537639856339}
{"op_code":7,"worker_id":"64c9d7c4-e586-4336-86d4-e708672cd22e-124741386858496","trial_id":26,"step":570,"intermediate_value":0.5213860478252172}
{"op_code":7,"worker_id":"751a5319-1a5c-48bd-8f93-745f9ead5c8a-136263235239936","trial_id":28,"step":510,"intermediate_value":0.5143379420042038}
{"op_code":7,"worker_id":"50300f0f-9afb-46d9-9253-d67e727e1b46-126362123685888","trial_id":25,"step":640,"intermediate_value":0.5150537639856339}
{"op_code":7,"worker_id":"751a5319-1a5c-48bd-8f93-745f9ead5c8a-136263235239936","trial_id":28,"step":520,"intermediate_value":0.5215053763240576}
{"op_code":7,"worker_id":"64c9d7c4-e586-4336-86d4-e708672cd22e-124741386858496","trial_id":26,"step":580,"intermediate_value":0.5193548388779163}
{"op_code":7,"worker_id":"50300f0f-9afb-46d9-9253-d67e727e1b46-126362123685888","trial_id":25,"step":650,"intermediate_value":0.5150537639856339}
{"op_code":7,"worker_id":"64c9d7c4-e586-4336-86d4-e708672cd22e-124741386858496","trial_id":26,"step":590,"intermediate_value":0.5215053763240576}
{"op_code":7,"worker_id":"50300f0f-9afb-46d9-9253-d67e727e1b46-126362123685888","trial_id":25,"step":660,"intermediate_value":0.5150537639856339}
{"op_code":7,"worker_id":"64c9d7c4-e586-4336-86d4-e708672cd22e-124741386858496","trial_id":26,"step":600,"intermediate_value":0.5236559137701988}
{"op_code":7,"worker_id":"50300f0f-9afb-46d9-9253-d67e727e1b46-126362123685888","trial_id":25,"step":670,"intermediate_value":0.5150537639856339}
{"op_code":7,"worker_id":"64c9d7c4-e586-4336-86d4-e708672cd22e-124741386858496","trial_id":26,"step":610,"intermediate_value":0.5258064530789852}
{"op_code":7,"worker_id":"50300f0f-9afb-46d9-9253-d67e727e1b46-126362123685888","trial_id":25,"step":680,"intermediate_value":0.5007373541593552}
{"op_code":7,"worker_id":"64c9d7c4-e586-4336-86d4-e708672cd22e-124741386858496","trial_id":26,"step":620,"intermediate_value":0.4943134468048811}
{"op_code":7,"worker_id":"751a5319-1a5c-48bd-8f93-745f9ead5c8a-136263235239936","trial_id":28,"step":530,"intermediate_value":0.5150537639856339}
{"op_code":7,"worker_id":"50300f0f-9afb-46d9-9253-d67e727e1b46-126362123685888","trial_id":25,"step":690,"intermediate_value":0.03652527369558811}
{"op_code":7,"worker_id":"64c9d7c4-e586-4336-86d4-e708672cd22e-124741386858496","trial_id":26,"step":630,"intermediate_value":0.5341699756681919}
{"op_code":7,"worker_id":"751a5319-1a5c-48bd-8f93-745f9ead5c8a-136263235239936","trial_id":28,"step":540,"intermediate_value":0.5129032265394926}
{"op_code":7,"worker_id":"e4730140-7544-43d5-aeb9-aa322874c58d-127472605728768","trial_id":29,"step":20,"intermediate_value":0.03401990421116352}
{"op_code":7,"worker_id":"50300f0f-9afb-46d9-9253-d67e727e1b46-126362123685888","trial_id":25,"step":700,"intermediate_value":0.10751071386039257}
{"op_code":7,"worker_id":"64c9d7c4-e586-4336-86d4-e708672cd22e-124741386858496","trial_id":26,"step":640,"intermediate_value":0.5344086028635502}
{"op_code":7,"worker_id":"751a5319-1a5c-48bd-8f93-745f9ead5c8a-136263235239936","trial_id":28,"step":550,"intermediate_value":0.5129032265394926}
{"op_code":7,"worker_id":"50300f0f-9afb-46d9-9253-d67e727e1b46-126362123685888","trial_id":25,"step":710,"intermediate_value":0.34170918352901936}
{"op_code":7,"worker_id":"64c9d7c4-e586-4336-86d4-e708672cd22e-124741386858496","trial_id":26,"step":650,"intermediate_value":0.5322580635547638}
{"op_code":7,"worker_id":"751a5319-1a5c-48bd-8f93-745f9ead5c8a-136263235239936","trial_id":28,"step":560,"intermediate_value":0.5150537639856339}
{"op_code":7,"worker_id":"751a5319-1a5c-48bd-8f93-745f9ead5c8a-136263235239936","trial_id":28,"step":570,"intermediate_value":0.4900031555444002}
{"op_code":7,"worker_id":"e4730140-7544-43d5-aeb9-aa322874c58d-127472605728768","trial_id":29,"step":30,"intermediate_value":0.052389527671039104}
{"op_code":7,"worker_id":"751a5319-1a5c-48bd-8f93-745f9ead5c8a-136263235239936","trial_id":28,"step":580,"intermediate_value":0.5133834928274155}
{"op_code":7,"worker_id":"751a5319-1a5c-48bd-8f93-745f9ead5c8a-136263235239936","trial_id":28,"step":590,"intermediate_value":0.5148151367902756}
{"op_code":7,"worker_id":"50300f0f-9afb-46d9-9253-d67e727e1b46-126362123685888","trial_id":25,"step":720,"intermediate_value":0.5100399386137724}
{"op_code":7,"worker_id":"751a5319-1a5c-48bd-8f93-745f9ead5c8a-136263235239936","trial_id":28,"step":600,"intermediate_value":0.5149344354867935}
{"op_code":7,"worker_id":"50300f0f-9afb-46d9-9253-d67e727e1b46-126362123685888","trial_id":25,"step":730,"intermediate_value":0.5172043014317751}
{"op_code":7,"worker_id":"751a5319-1a5c-48bd-8f93-745f9ead5c8a-136263235239936","trial_id":28,"step":610,"intermediate_value":0.5129032265394926}
{"op_code":7,"worker_id":"50300f0f-9afb-46d9-9253-d67e727e1b46-126362123685888","trial_id":25,"step":740,"intermediate_value":0.5129032265394926}
{"op_code":7,"worker_id":"751a5319-1a5c-48bd-8f93-745f9ead5c8a-136263235239936","trial_id":28,"step":620,"intermediate_value":0.5129032265394926}
{"op_code":7,"worker_id":"50300f0f-9afb-46d9-9253-d67e727e1b46-126362123685888","trial_id":25,"step":750,"intermediate_value":0.5129032265394926}
{"op_code":7,"worker_id":"751a5319-1a5c-48bd-8f93-745f9ead5c8a-136263235239936","trial_id":28,"step":630,"intermediate_value":0.5150537639856339}
{"op_code":7,"worker_id":"64c9d7c4-e586-4336-86d4-e708672cd22e-124741386858496","trial_id":26,"step":660,"intermediate_value":0.5365591421723366}
{"op_code":7,"worker_id":"50300f0f-9afb-46d9-9253-d67e727e1b46-126362123685888","trial_id":25,"step":760,"intermediate_value":0.5150537639856339}
{"op_code":7,"worker_id":"751a5319-1a5c-48bd-8f93-745f9ead5c8a-136263235239936","trial_id":28,"step":640,"intermediate_value":0.48665342759341}
{"op_code":7,"worker_id":"64c9d7c4-e586-4336-86d4-e708672cd22e-124741386858496","trial_id":26,"step":670,"intermediate_value":0.5365591421723366}
{"op_code":7,"worker_id":"50300f0f-9afb-46d9-9253-d67e727e1b46-126362123685888","trial_id":25,"step":770,"intermediate_value":0.5150537639856339}
{"op_code":7,"worker_id":"751a5319-1a5c-48bd-8f93-745f9ead5c8a-136263235239936","trial_id":28,"step":650,"intermediate_value":0.515653358772397}
{"op_code":7,"worker_id":"64c9d7c4-e586-4336-86d4-e708672cd22e-124741386858496","trial_id":26,"step":680,"intermediate_value":0.5408602170646191}
{"op_code":7,"worker_id":"50300f0f-9afb-46d9-9253-d67e727e1b46-126362123685888","trial_id":25,"step":780,"intermediate_value":0.5150537639856339}
{"op_code":7,"worker_id":"64c9d7c4-e586-4336-86d4-e708672cd22e-124741386858496","trial_id":26,"step":690,"intermediate_value":0.24498502165079117}
{"op_code":7,"worker_id":"50300f0f-9afb-46d9-9253-d67e727e1b46-126362123685888","trial_id":25,"step":790,"intermediate_value":0.5150537639856339}
{"op_code":7,"worker_id":"64c9d7c4-e586-4336-86d4-e708672cd22e-124741386858496","trial_id":26,"step":700,"intermediate_value":0.5216493085026741}
{"op_code":7,"worker_id":"751a5319-1a5c-48bd-8f93-745f9ead5c8a-136263235239936","trial_id":28,"step":660,"intermediate_value":0.5127838980406523}
{"op_code":7,"worker_id":"50300f0f-9afb-46d9-9253-d67e727e1b46-126362123685888","trial_id":25,"step":800,"intermediate_value":0.5150537639856339}
{"op_code":7,"worker_id":"64c9d7c4-e586-4336-86d4-e708672cd22e-124741386858496","trial_id":26,"step":710,"intermediate_value":0.558064516633749}
{"op_code":7,"worker_id":"64c9d7c4-e586-4336-86d4-e708672cd22e-124741386858496","trial_id":26,"step":720,"intermediate_value":0.5645161271095276}
{"op_code":7,"worker_id":"50300f0f-9afb-46d9-9253-d67e727e1b46-126362123685888","trial_id":25,"step":810,"intermediate_value":0.5150537639856339}
{"op_code":7,"worker_id":"64c9d7c4-e586-4336-86d4-e708672cd22e-124741386858496","trial_id":26,"step":730,"intermediate_value":0.5537634417414665}
{"op_code":7,"worker_id":"50300f0f-9afb-46d9-9253-d67e727e1b46-126362123685888","trial_id":25,"step":820,"intermediate_value":0.5150537639856339}
{"op_code":7,"worker_id":"751a5319-1a5c-48bd-8f93-745f9ead5c8a-136263235239936","trial_id":28,"step":670,"intermediate_value":0.5172043014317751}
{"op_code":7,"worker_id":"64c9d7c4-e586-4336-86d4-e708672cd22e-124741386858496","trial_id":26,"step":740,"intermediate_value":0.5537634417414665}
{"op_code":7,"worker_id":"751a5319-1a5c-48bd-8f93-745f9ead5c8a-136263235239936","trial_id":28,"step":680,"intermediate_value":0.5215053763240576}
{"op_code":7,"worker_id":"64c9d7c4-e586-4336-86d4-e708672cd22e-124741386858496","trial_id":26,"step":750,"intermediate_value":0.5559139810502529}
{"op_code":7,"worker_id":"751a5319-1a5c-48bd-8f93-745f9ead5c8a-136263235239936","trial_id":28,"step":690,"intermediate_value":0.5172043014317751}
{"op_code":7,"worker_id":"751a5319-1a5c-48bd-8f93-745f9ead5c8a-136263235239936","trial_id":28,"step":700,"intermediate_value":0.4716211957857013}
{"op_code":7,"worker_id":"64c9d7c4-e586-4336-86d4-e708672cd22e-124741386858496","trial_id":26,"step":760,"intermediate_value":0.42599886655807495}
{"op_code":7,"worker_id":"751a5319-1a5c-48bd-8f93-745f9ead5c8a-136263235239936","trial_id":28,"step":710,"intermediate_value":0.5137475617229939}
{"op_code":7,"worker_id":"64c9d7c4-e586-4336-86d4-e708672cd22e-124741386858496","trial_id":26,"step":770,"intermediate_value":0.5898514986038208}
{"op_code":7,"worker_id":"751a5319-1a5c-48bd-8f93-745f9ead5c8a-136263235239936","trial_id":28,"step":720,"intermediate_value":0.516607778146863}
{"op_code":7,"worker_id":"64c9d7c4-e586-4336-86d4-e708672cd22e-124741386858496","trial_id":26,"step":780,"intermediate_value":0.6181602403521538}
{"op_code":7,"worker_id":"751a5319-1a5c-48bd-8f93-745f9ead5c8a-136263235239936","trial_id":28,"step":730,"intermediate_value":0.5129032265394926}
{"op_code":7,"worker_id":"64c9d7c4-e586-4336-86d4-e708672cd22e-124741386858496","trial_id":26,"step":790,"intermediate_value":0.616129033267498}
{"op_code":7,"worker_id":"751a5319-1a5c-48bd-8f93-745f9ead5c8a-136263235239936","trial_id":28,"step":740,"intermediate_value":0.5172043014317751}
{"op_code":7,"worker_id":"e4730140-7544-43d5-aeb9-aa322874c58d-127472605728768","trial_id":29,"step":40,"intermediate_value":0.07922968361526728}
{"op_code":7,"worker_id":"64c9d7c4-e586-4336-86d4-e708672cd22e-124741386858496","trial_id":26,"step":800,"intermediate_value":0.6139784976840019}
{"op_code":7,"worker_id":"751a5319-1a5c-48bd-8f93-745f9ead5c8a-136263235239936","trial_id":28,"step":750,"intermediate_value":0.5169656742364168}
{"op_code":7,"worker_id":"64c9d7c4-e586-4336-86d4-e708672cd22e-124741386858496","trial_id":26,"step":810,"intermediate_value":0.624731183052063}
{"op_code":7,"worker_id":"751a5319-1a5c-48bd-8f93-745f9ead5c8a-136263235239936","trial_id":28,"step":760,"intermediate_value":0.5062222313135862}
{"op_code":7,"worker_id":"50300f0f-9afb-46d9-9253-d67e727e1b46-126362123685888","trial_id":25,"step":830,"intermediate_value":0.5150537639856339}
{"op_code":7,"worker_id":"751a5319-1a5c-48bd-8f93-745f9ead5c8a-136263235239936","trial_id":28,"step":770,"intermediate_value":0.5187583155930042}
{"op_code":7,"worker_id":"50300f0f-9afb-46d9-9253-d67e727e1b46-126362123685888","trial_id":25,"step":840,"intermediate_value":0.5150537639856339}
{"op_code":7,"worker_id":"e4730140-7544-43d5-aeb9-aa322874c58d-127472605728768","trial_id":29,"step":50,"intermediate_value":0.13268062751740217}
{"op_code":7,"worker_id":"751a5319-1a5c-48bd-8f93-745f9ead5c8a-136263235239936","trial_id":28,"step":780,"intermediate_value":0.5193548388779163}
{"op_code":7,"worker_id":"50300f0f-9afb-46d9-9253-d67e727e1b46-126362123685888","trial_id":25,"step":850,"intermediate_value":0.5150537639856339}
{"op_code":7,"worker_id":"64c9d7c4-e586-4336-86d4-e708672cd22e-124741386858496","trial_id":26,"step":820,"intermediate_value":0.6311828047037125}
{"op_code":7,"worker_id":"751a5319-1a5c-48bd-8f93-745f9ead5c8a-136263235239936","trial_id":28,"step":790,"intermediate_value":0.5236559137701988}
{"op_code":7,"worker_id":"50300f0f-9afb-46d9-9253-d67e727e1b46-126362123685888","trial_id":25,"step":860,"intermediate_value":0.5150537639856339}
{"op_code":7,"worker_id":"50300f0f-9afb-46d9-9253-d67e727e1b46-126362123685888","trial_id":25,"step":870,"intermediate_value":0.5150537639856339}
{"op_code":7,"worker_id":"751a5319-1a5c-48bd-8f93-745f9ead5c8a-136263235239936","trial_id":28,"step":800,"intermediate_value":0.5236559137701988}
{"op_code":7,"worker_id":"50300f0f-9afb-46d9-9253-d67e727e1b46-126362123685888","trial_id":25,"step":880,"intermediate_value":0.5150537639856339}
{"op_code":7,"worker_id":"751a5319-1a5c-48bd-8f93-745f9ead5c8a-136263235239936","trial_id":28,"step":810,"intermediate_value":0.5168525483459234}
{"op_code":7,"worker_id":"50300f0f-9afb-46d9-9253-d67e727e1b46-126362123685888","trial_id":25,"step":890,"intermediate_value":0.5172043014317751}
{"op_code":7,"worker_id":"64c9d7c4-e586-4336-86d4-e708672cd22e-124741386858496","trial_id":26,"step":830,"intermediate_value":0.6419354826211929}
{"op_code":7,"worker_id":"751a5319-1a5c-48bd-8f93-745f9ead5c8a-136263235239936","trial_id":28,"step":820,"intermediate_value":0.5274797659367323}
{"op_code":7,"worker_id":"50300f0f-9afb-46d9-9253-d67e727e1b46-126362123685888","trial_id":25,"step":900,"intermediate_value":0.5172043014317751}
{"op_code":7,"worker_id":"e4730140-7544-43d5-aeb9-aa322874c58d-127472605728768","trial_id":29,"step":60,"intermediate_value":0.22836184035986662}
{"op_code":7,"worker_id":"64c9d7c4-e586-4336-86d4-e708672cd22e-124741386858496","trial_id":26,"step":840,"intermediate_value":0.36709999293088913}
{"op_code":7,"worker_id":"751a5319-1a5c-48bd-8f93-745f9ead5c8a-136263235239936","trial_id":28,"step":830,"intermediate_value":0.519235510379076}
{"op_code":7,"worker_id":"50300f0f-9afb-46d9-9253-d67e727e1b46-126362123685888","trial_id":25,"step":910,"intermediate_value":0.5172043014317751}
{"op_code":7,"worker_id":"50300f0f-9afb-46d9-9253-d67e727e1b46-126362123685888","trial_id":25,"step":920,"intermediate_value":0.5172043014317751}
{"op_code":7,"worker_id":"e4730140-7544-43d5-aeb9-aa322874c58d-127472605728768","trial_id":29,"step":70,"intermediate_value":0.3056703610345721}
{"op_code":7,"worker_id":"50300f0f-9afb-46d9-9253-d67e727e1b46-126362123685888","trial_id":25,"step":930,"intermediate_value":0.5172043014317751}
{"op_code":7,"worker_id":"50300f0f-9afb-46d9-9253-d67e727e1b46-126362123685888","trial_id":25,"step":940,"intermediate_value":0.5172043014317751}
{"op_code":7,"worker_id":"50300f0f-9afb-46d9-9253-d67e727e1b46-126362123685888","trial_id":25,"step":950,"intermediate_value":0.5150537639856339}
{"op_code":7,"worker_id":"50300f0f-9afb-46d9-9253-d67e727e1b46-126362123685888","trial_id":25,"step":960,"intermediate_value":0.5150537639856339}
{"op_code":7,"worker_id":"64c9d7c4-e586-4336-86d4-e708672cd22e-124741386858496","trial_id":26,"step":850,"intermediate_value":0.6997921764850616}
{"op_code":7,"worker_id":"50300f0f-9afb-46d9-9253-d67e727e1b46-126362123685888","trial_id":25,"step":970,"intermediate_value":0.5150537639856339}
{"op_code":7,"worker_id":"64c9d7c4-e586-4336-86d4-e708672cd22e-124741386858496","trial_id":26,"step":860,"intermediate_value":0.7835130393505096}
{"op_code":7,"worker_id":"50300f0f-9afb-46d9-9253-d67e727e1b46-126362123685888","trial_id":25,"step":980,"intermediate_value":0.5150537639856339}
{"op_code":7,"worker_id":"751a5319-1a5c-48bd-8f93-745f9ead5c8a-136263235239936","trial_id":28,"step":840,"intermediate_value":0.5236559137701988}
{"op_code":7,"worker_id":"64c9d7c4-e586-4336-86d4-e708672cd22e-124741386858496","trial_id":26,"step":870,"intermediate_value":0.8182795643806458}
{"op_code":7,"worker_id":"50300f0f-9afb-46d9-9253-d67e727e1b46-126362123685888","trial_id":25,"step":990,"intermediate_value":0.5150537639856339}
{"op_code":7,"worker_id":"751a5319-1a5c-48bd-8f93-745f9ead5c8a-136263235239936","trial_id":28,"step":850,"intermediate_value":0.5278376620262861}
{"op_code":7,"worker_id":"64c9d7c4-e586-4336-86d4-e708672cd22e-124741386858496","trial_id":26,"step":880,"intermediate_value":0.8548387289047241}
{"op_code":7,"worker_id":"50300f0f-9afb-46d9-9253-d67e727e1b46-126362123685888","trial_id":25,"step":1000,"intermediate_value":0.5150537639856339}
{"op_code":7,"worker_id":"751a5319-1a5c-48bd-8f93-745f9ead5c8a-136263235239936","trial_id":28,"step":860,"intermediate_value":0.5178069677203894}
{"op_code":7,"worker_id":"64c9d7c4-e586-4336-86d4-e708672cd22e-124741386858496","trial_id":26,"step":890,"intermediate_value":0.8655914068222046}
{"op_code":7,"worker_id":"50300f0f-9afb-46d9-9253-d67e727e1b46-126362123685888","trial_id":25,"step":1010,"intermediate_value":0.5150537639856339}
{"op_code":7,"worker_id":"64c9d7c4-e586-4336-86d4-e708672cd22e-124741386858496","trial_id":26,"step":900,"intermediate_value":0.8827957212924957}
{"op_code":7,"worker_id":"50300f0f-9afb-46d9-9253-d67e727e1b46-126362123685888","trial_id":25,"step":1020,"intermediate_value":0.5150537639856339}
{"op_code":7,"worker_id":"50300f0f-9afb-46d9-9253-d67e727e1b46-126362123685888","trial_id":25,"step":1030,"intermediate_value":0.5150537639856339}
{"op_code":7,"worker_id":"50300f0f-9afb-46d9-9253-d67e727e1b46-126362123685888","trial_id":25,"step":1040,"intermediate_value":0.5150537639856339}
{"op_code":7,"worker_id":"50300f0f-9afb-46d9-9253-d67e727e1b46-126362123685888","trial_id":25,"step":1050,"intermediate_value":0.5150537639856339}
{"op_code":7,"worker_id":"50300f0f-9afb-46d9-9253-d67e727e1b46-126362123685888","trial_id":25,"step":1060,"intermediate_value":0.5150537639856339}
{"op_code":7,"worker_id":"50300f0f-9afb-46d9-9253-d67e727e1b46-126362123685888","trial_id":25,"step":1070,"intermediate_value":0.5150537639856339}
{"op_code":7,"worker_id":"e4730140-7544-43d5-aeb9-aa322874c58d-127472605728768","trial_id":29,"step":80,"intermediate_value":0.3699748320505023}
{"op_code":7,"worker_id":"751a5319-1a5c-48bd-8f93-745f9ead5c8a-136263235239936","trial_id":28,"step":870,"intermediate_value":0.5278376620262861}
{"op_code":7,"worker_id":"50300f0f-9afb-46d9-9253-d67e727e1b46-126362123685888","trial_id":25,"step":1080,"intermediate_value":0.5150537639856339}
{"op_code":7,"worker_id":"751a5319-1a5c-48bd-8f93-745f9ead5c8a-136263235239936","trial_id":28,"step":880,"intermediate_value":0.5344086028635502}
{"op_code":7,"worker_id":"50300f0f-9afb-46d9-9253-d67e727e1b46-126362123685888","trial_id":25,"step":1090,"intermediate_value":0.5172043014317751}
{"op_code":7,"worker_id":"751a5319-1a5c-48bd-8f93-745f9ead5c8a-136263235239936","trial_id":28,"step":890,"intermediate_value":0.5365591421723366}
{"op_code":7,"worker_id":"50300f0f-9afb-46d9-9253-d67e727e1b46-126362123685888","trial_id":25,"step":1100,"intermediate_value":0.5172043014317751}
{"op_code":7,"worker_id":"64c9d7c4-e586-4336-86d4-e708672cd22e-124741386858496","trial_id":26,"step":910,"intermediate_value":0.9236559271812439}
{"op_code":7,"worker_id":"751a5319-1a5c-48bd-8f93-745f9ead5c8a-136263235239936","trial_id":28,"step":900,"intermediate_value":0.5079140346497297}
{"op_code":7,"worker_id":"50300f0f-9afb-46d9-9253-d67e727e1b46-126362123685888","trial_id":25,"step":1110,"intermediate_value":0.5172043014317751}
{"op_code":7,"worker_id":"64c9d7c4-e586-4336-86d4-e708672cd22e-124741386858496","trial_id":26,"step":920,"intermediate_value":0.5862277895212173}
{"op_code":7,"worker_id":"751a5319-1a5c-48bd-8f93-745f9ead5c8a-136263235239936","trial_id":28,"step":910,"intermediate_value":0.5260511934757233}
{"op_code":7,"worker_id":"50300f0f-9afb-46d9-9253-d67e727e1b46-126362123685888","trial_id":25,"step":1120,"intermediate_value":0.5172043014317751}
{"op_code":7,"worker_id":"64c9d7c4-e586-4336-86d4-e708672cd22e-124741386858496","trial_id":26,"step":930,"intermediate_value":0.980175644159317}
{"op_code":7,"worker_id":"751a5319-1a5c-48bd-8f93-745f9ead5c8a-136263235239936","trial_id":28,"step":920,"intermediate_value":0.5314229130744934}
{"op_code":7,"worker_id":"50300f0f-9afb-46d9-9253-d67e727e1b46-126362123685888","trial_id":25,"step":1130,"intermediate_value":0.5172043014317751}
{"op_code":7,"worker_id":"64c9d7c4-e586-4336-86d4-e708672cd22e-124741386858496","trial_id":26,"step":940,"intermediate_value":1.1019119322299957}
{"op_code":7,"worker_id":"751a5319-1a5c-48bd-8f93-745f9ead5c8a-136263235239936","trial_id":28,"step":930,"intermediate_value":0.5407408885657787}
{"op_code":7,"worker_id":"50300f0f-9afb-46d9-9253-d67e727e1b46-126362123685888","trial_id":25,"step":1140,"intermediate_value":0.5172043014317751}
{"op_code":7,"worker_id":"64c9d7c4-e586-4336-86d4-e708672cd22e-124741386858496","trial_id":26,"step":950,"intermediate_value":1.1559140086174011}
{"op_code":7,"worker_id":"751a5319-1a5c-48bd-8f93-745f9ead5c8a-136263235239936","trial_id":28,"step":940,"intermediate_value":0.5344086028635502}
{"op_code":7,"worker_id":"50300f0f-9afb-46d9-9253-d67e727e1b46-126362123685888","trial_id":25,"step":1150,"intermediate_value":0.5172043014317751}
{"op_code":7,"worker_id":"64c9d7c4-e586-4336-86d4-e708672cd22e-124741386858496","trial_id":26,"step":960,"intermediate_value":1.2032257914543152}
{"op_code":7,"worker_id":"751a5319-1a5c-48bd-8f93-745f9ead5c8a-136263235239936","trial_id":28,"step":950,"intermediate_value":0.5408602170646191}
{"op_code":7,"worker_id":"50300f0f-9afb-46d9-9253-d67e727e1b46-126362123685888","trial_id":25,"step":1160,"intermediate_value":0.5172043014317751}
{"op_code":7,"worker_id":"64c9d7c4-e586-4336-86d4-e708672cd22e-124741386858496","trial_id":26,"step":970,"intermediate_value":1.2204301357269287}
{"op_code":7,"worker_id":"751a5319-1a5c-48bd-8f93-745f9ead5c8a-136263235239936","trial_id":28,"step":960,"intermediate_value":0.4170018695294857}
{"op_code":7,"worker_id":"50300f0f-9afb-46d9-9253-d67e727e1b46-126362123685888","trial_id":25,"step":1170,"intermediate_value":0.052276384085416794}
{"op_code":7,"worker_id":"64c9d7c4-e586-4336-86d4-e708672cd22e-124741386858496","trial_id":26,"step":980,"intermediate_value":1.248387098312378}
{"op_code":7,"worker_id":"751a5319-1a5c-48bd-8f93-745f9ead5c8a-136263235239936","trial_id":28,"step":970,"intermediate_value":0.5345340445637703}
{"op_code":7,"worker_id":"50300f0f-9afb-46d9-9253-d67e727e1b46-126362123685888","trial_id":25,"step":1180,"intermediate_value":0.2633238583803177}
{"op_code":7,"worker_id":"64c9d7c4-e586-4336-86d4-e708672cd22e-124741386858496","trial_id":26,"step":990,"intermediate_value":1.278494656085968}
{"op_code":7,"worker_id":"751a5319-1a5c-48bd-8f93-745f9ead5c8a-136263235239936","trial_id":28,"step":980,"intermediate_value":0.5406215898692608}
{"op_code":7,"worker_id":"50300f0f-9afb-46d9-9253-d67e727e1b46-126362123685888","trial_id":25,"step":1190,"intermediate_value":0.49739994294941425}
{"op_code":7,"worker_id":"64c9d7c4-e586-4336-86d4-e708672cd22e-124741386858496","trial_id":26,"step":1000,"intermediate_value":1.3193548321723938}
{"op_code":7,"worker_id":"50300f0f-9afb-46d9-9253-d67e727e1b46-126362123685888","trial_id":25,"step":1200,"intermediate_value":0.5150537639856339}
{"op_code":7,"worker_id":"e4730140-7544-43d5-aeb9-aa322874c58d-127472605728768","trial_id":29,"step":90,"intermediate_value":0.4354723198339343}
{"op_code":7,"worker_id":"64c9d7c4-e586-4336-86d4-e708672cd22e-124741386858496","trial_id":26,"step":1010,"intermediate_value":0.4952971339225769}
{"op_code":7,"worker_id":"64c9d7c4-e586-4336-86d4-e708672cd22e-124741386858496","trial_id":26,"step":1020,"intermediate_value":1.1899862587451935}
{"op_code":7,"worker_id":"64c9d7c4-e586-4336-86d4-e708672cd22e-124741386858496","trial_id":26,"step":1030,"intermediate_value":1.3773000240325928}
{"op_code":7,"worker_id":"64c9d7c4-e586-4336-86d4-e708672cd22e-124741386858496","trial_id":26,"step":1040,"intermediate_value":1.4354838728904724}
{"op_code":7,"worker_id":"64c9d7c4-e586-4336-86d4-e708672cd22e-124741386858496","trial_id":26,"step":1050,"intermediate_value":1.454838752746582}
{"op_code":8,"worker_id":"64c9d7c4-e586-4336-86d4-e708672cd22e-124741386858496","trial_id":26,"user_attr":{"peak_val_acc":0.954838752746582}}
{"op_code":8,"worker_id":"64c9d7c4-e586-4336-86d4-e708672cd22e-124741386858496","trial_id":26,"user_attr":{"final_test_acc":0.9452319741249084}}
{"op_code":7,"worker_id":"50300f0f-9afb-46d9-9253-d67e727e1b46-126362123685888","trial_id":25,"step":1210,"intermediate_value":0.5193548388779163}
{"op_code":6,"worker_id":"64c9d7c4-e586-4336-86d4-e708672cd22e-124741386858496","trial_id":26,"state":1,"values":[1050.0],"datetime_complete":"2026-06-09T22:12:45.468047"}
{"op_code":7,"worker_id":"751a5319-1a5c-48bd-8f93-745f9ead5c8a-136263235239936","trial_id":28,"step":990,"intermediate_value":0.5473118275403976}
{"op_code":4,"worker_id":"2a4ade4b-160e-48f2-9bf1-2b660e252c54-124741386858496","study_id":1,"datetime_start":"2026-06-09T22:12:45.653836"}
{"op_code":5,"worker_id":"2a4ade4b-160e-48f2-9bf1-2b660e252c54-124741386858496","trial_id":30,"param_name":"lr","param_value_internal":0.002688712893605852,"distribution":"{\"name\": \"FloatDistribution\", \"attributes\": {\"step\": null, \"low\": 0.0002, \"high\": 0.005, \"log\": true}}"}
{"op_code":5,"worker_id":"2a4ade4b-160e-48f2-9bf1-2b660e252c54-124741386858496","trial_id":30,"param_name":"neural_alpha","param_value_internal":2.7419076764296224,"distribution":"{\"name\": \"FloatDistribution\", \"attributes\": {\"step\": null, \"low\": 2.0, \"high\": 30.0, \"log\": true}}"}
{"op_code":5,"worker_id":"2a4ade4b-160e-48f2-9bf1-2b660e252c54-124741386858496","trial_id":30,"param_name":"neural_beta","param_value_internal":7.338567354925254,"distribution":"{\"name\": \"FloatDistribution\", \"attributes\": {\"step\": null, \"low\": 1.0, \"high\": 10.0, \"log\": false}}"}
{"op_code":7,"worker_id":"751a5319-1a5c-48bd-8f93-745f9ead5c8a-136263235239936","trial_id":28,"step":1000,"intermediate_value":0.5408602170646191}
{"op_code":5,"worker_id":"2a4ade4b-160e-48f2-9bf1-2b660e252c54-124741386858496","trial_id":30,"param_name":"inner_steps","param_value_internal":2.0,"distribution":"{\"name\": \"IntDistribution\", \"attributes\": {\"log\": false, \"step\": 1, \"low\": 1, \"high\": 2}}"}
{"op_code":5,"worker_id":"2a4ade4b-160e-48f2-9bf1-2b660e252c54-124741386858496","trial_id":30,"param_name":"neural_grad_clip","param_value_internal":0.8942500250976235,"distribution":"{\"name\": \"FloatDistribution\", \"attributes\": {\"step\": null, \"low\": 0.5, \"high\": 3.0, \"log\": false}}"}
{"op_code":5,"worker_id":"2a4ade4b-160e-48f2-9bf1-2b660e252c54-124741386858496","trial_id":30,"param_name":"weight_decay","param_value_internal":2.896345754615588,"distribution":"{\"name\": \"FloatDistribution\", \"attributes\": {\"step\": null, \"low\": 0.2, \"high\": 4.0, \"log\": true}}"}
{"op_code":7,"worker_id":"751a5319-1a5c-48bd-8f93-745f9ead5c8a-136263235239936","trial_id":28,"step":1010,"intermediate_value":0.44972481206059456}
{"op_code":7,"worker_id":"751a5319-1a5c-48bd-8f93-745f9ead5c8a-136263235239936","trial_id":28,"step":1020,"intermediate_value":0.5421787053346634}
{"op_code":7,"worker_id":"751a5319-1a5c-48bd-8f93-745f9ead5c8a-136263235239936","trial_id":28,"step":1030,"intermediate_value":0.5449226647615433}
{"op_code":7,"worker_id":"2a4ade4b-160e-48f2-9bf1-2b660e252c54-124741386858496","trial_id":30,"step":1,"intermediate_value":0.01647924492135644}
{"op_code":7,"worker_id":"e4730140-7544-43d5-aeb9-aa322874c58d-127472605728768","trial_id":29,"step":100,"intermediate_value":0.4608869981020689}
{"op_code":7,"worker_id":"751a5319-1a5c-48bd-8f93-745f9ead5c8a-136263235239936","trial_id":28,"step":1040,"intermediate_value":0.5579451881349087}
{"op_code":7,"worker_id":"50300f0f-9afb-46d9-9253-d67e727e1b46-126362123685888","trial_id":25,"step":1220,"intermediate_value":0.5172043014317751}
{"op_code":7,"worker_id":"751a5319-1a5c-48bd-8f93-745f9ead5c8a-136263235239936","trial_id":28,"step":1050,"intermediate_value":0.5709677413105965}
{"op_code":7,"worker_id":"50300f0f-9afb-46d9-9253-d67e727e1b46-126362123685888","trial_id":25,"step":1230,"intermediate_value":0.5193548388779163}
{"op_code":7,"worker_id":"751a5319-1a5c-48bd-8f93-745f9ead5c8a-136263235239936","trial_id":28,"step":1060,"intermediate_value":0.5130933225154877}
{"op_code":7,"worker_id":"50300f0f-9afb-46d9-9253-d67e727e1b46-126362123685888","trial_id":25,"step":1240,"intermediate_value":0.5193548388779163}
{"op_code":7,"worker_id":"751a5319-1a5c-48bd-8f93-745f9ead5c8a-136263235239936","trial_id":28,"step":1070,"intermediate_value":0.575749084353447}
{"op_code":7,"worker_id":"50300f0f-9afb-46d9-9253-d67e727e1b46-126362123685888","trial_id":25,"step":1250,"intermediate_value":0.5172043014317751}
{"op_code":7,"worker_id":"751a5319-1a5c-48bd-8f93-745f9ead5c8a-136263235239936","trial_id":28,"step":1080,"intermediate_value":0.600717343389988}
{"op_code":7,"worker_id":"50300f0f-9afb-46d9-9253-d67e727e1b46-126362123685888","trial_id":25,"step":1260,"intermediate_value":0.5172043014317751}
{"op_code":7,"worker_id":"751a5319-1a5c-48bd-8f93-745f9ead5c8a-136263235239936","trial_id":28,"step":1090,"intermediate_value":0.6010752692818642}
{"op_code":7,"worker_id":"50300f0f-9afb-46d9-9253-d67e727e1b46-126362123685888","trial_id":25,"step":1270,"intermediate_value":0.5172043014317751}
{"op_code":7,"worker_id":"50300f0f-9afb-46d9-9253-d67e727e1b46-126362123685888","trial_id":25,"step":1280,"intermediate_value":0.5172043014317751}
{"op_code":7,"worker_id":"50300f0f-9afb-46d9-9253-d67e727e1b46-126362123685888","trial_id":25,"step":1290,"intermediate_value":0.5172043014317751}
{"op_code":7,"worker_id":"751a5319-1a5c-48bd-8f93-745f9ead5c8a-136263235239936","trial_id":28,"step":1100,"intermediate_value":0.6032258123159409}
{"op_code":7,"worker_id":"50300f0f-9afb-46d9-9253-d67e727e1b46-126362123685888","trial_id":25,"step":1300,"intermediate_value":0.5172043014317751}
{"op_code":7,"worker_id":"751a5319-1a5c-48bd-8f93-745f9ead5c8a-136263235239936","trial_id":28,"step":1110,"intermediate_value":0.616129033267498}
{"op_code":7,"worker_id":"50300f0f-9afb-46d9-9253-d67e727e1b46-126362123685888","trial_id":25,"step":1310,"intermediate_value":0.5172043014317751}
{"op_code":7,"worker_id":"751a5319-1a5c-48bd-8f93-745f9ead5c8a-136263235239936","trial_id":28,"step":1120,"intermediate_value":0.3933497965335846}
{"op_code":7,"worker_id":"50300f0f-9afb-46d9-9253-d67e727e1b46-126362123685888","trial_id":25,"step":1320,"intermediate_value":0.5193548388779163}
{"op_code":7,"worker_id":"751a5319-1a5c-48bd-8f93-745f9ead5c8a-136263235239936","trial_id":28,"step":1130,"intermediate_value":0.6175729632377625}
{"op_code":7,"worker_id":"2a4ade4b-160e-48f2-9bf1-2b660e252c54-124741386858496","trial_id":30,"step":10,"intermediate_value":0.02817712351679802}
{"op_code":7,"worker_id":"50300f0f-9afb-46d9-9253-d67e727e1b46-126362123685888","trial_id":25,"step":1330,"intermediate_value":0.5193548388779163}
{"op_code":7,"worker_id":"751a5319-1a5c-48bd-8f93-745f9ead5c8a-136263235239936","trial_id":28,"step":1140,"intermediate_value":0.6665488928556442}
{"op_code":7,"worker_id":"50300f0f-9afb-46d9-9253-d67e727e1b46-126362123685888","trial_id":25,"step":1340,"intermediate_value":0.5193548388779163}
{"op_code":7,"worker_id":"751a5319-1a5c-48bd-8f93-745f9ead5c8a-136263235239936","trial_id":28,"step":1150,"intermediate_value":0.6870967745780945}
{"op_code":7,"worker_id":"e4730140-7544-43d5-aeb9-aa322874c58d-127472605728768","trial_id":29,"step":110,"intermediate_value":0.463153762742877}
{"op_code":7,"worker_id":"50300f0f-9afb-46d9-9253-d67e727e1b46-126362123685888","trial_id":25,"step":1350,"intermediate_value":0.5193548388779163}
{"op_code":7,"worker_id":"751a5319-1a5c-48bd-8f93-745f9ead5c8a-136263235239936","trial_id":28,"step":1160,"intermediate_value":0.7408602237701416}
{"op_code":7,"worker_id":"50300f0f-9afb-46d9-9253-d67e727e1b46-126362123685888","trial_id":25,"step":1360,"intermediate_value":0.5215053763240576}
{"op_code":7,"worker_id":"751a5319-1a5c-48bd-8f93-745f9ead5c8a-136263235239936","trial_id":28,"step":1170,"intermediate_value":0.7344086021184921}
{"op_code":7,"worker_id":"50300f0f-9afb-46d9-9253-d67e727e1b46-126362123685888","trial_id":25,"step":1370,"intermediate_value":0.5215053763240576}
{"op_code":7,"worker_id":"751a5319-1a5c-48bd-8f93-745f9ead5c8a-136263235239936","trial_id":28,"step":1180,"intermediate_value":0.7537634372711182}
{"op_code":7,"worker_id":"50300f0f-9afb-46d9-9253-d67e727e1b46-126362123685888","trial_id":25,"step":1380,"intermediate_value":0.5215053763240576}
{"op_code":7,"worker_id":"751a5319-1a5c-48bd-8f93-745f9ead5c8a-136263235239936","trial_id":28,"step":1190,"intermediate_value":0.3444169908761978}
{"op_code":7,"worker_id":"50300f0f-9afb-46d9-9253-d67e727e1b46-126362123685888","trial_id":25,"step":1390,"intermediate_value":0.5215053763240576}
{"op_code":7,"worker_id":"751a5319-1a5c-48bd-8f93-745f9ead5c8a-136263235239936","trial_id":28,"step":1200,"intermediate_value":0.7245033532381058}
{"op_code":7,"worker_id":"50300f0f-9afb-46d9-9253-d67e727e1b46-126362123685888","trial_id":25,"step":1400,"intermediate_value":0.5215053763240576}
{"op_code":7,"worker_id":"751a5319-1a5c-48bd-8f93-745f9ead5c8a-136263235239936","trial_id":28,"step":1210,"intermediate_value":0.8327368199825287}
{"op_code":7,"worker_id":"50300f0f-9afb-46d9-9253-d67e727e1b46-126362123685888","trial_id":25,"step":1410,"intermediate_value":0.5215053763240576}
{"op_code":7,"worker_id":"751a5319-1a5c-48bd-8f93-745f9ead5c8a-136263235239936","trial_id":28,"step":1220,"intermediate_value":0.9301075339317322}
{"op_code":7,"worker_id":"50300f0f-9afb-46d9-9253-d67e727e1b46-126362123685888","trial_id":25,"step":1420,"intermediate_value":0.5215053763240576}
{"op_code":7,"worker_id":"751a5319-1a5c-48bd-8f93-745f9ead5c8a-136263235239936","trial_id":28,"step":1230,"intermediate_value":0.977419376373291}
{"op_code":7,"worker_id":"50300f0f-9afb-46d9-9253-d67e727e1b46-126362123685888","trial_id":25,"step":1430,"intermediate_value":0.5193548388779163}
{"op_code":7,"worker_id":"751a5319-1a5c-48bd-8f93-745f9ead5c8a-136263235239936","trial_id":28,"step":1240,"intermediate_value":1.026881754398346}
{"op_code":7,"worker_id":"50300f0f-9afb-46d9-9253-d67e727e1b46-126362123685888","trial_id":25,"step":1440,"intermediate_value":0.5193548388779163}
{"op_code":7,"worker_id":"751a5319-1a5c-48bd-8f93-745f9ead5c8a-136263235239936","trial_id":28,"step":1250,"intermediate_value":1.052688181400299}
{"op_code":7,"worker_id":"50300f0f-9afb-46d9-9253-d67e727e1b46-126362123685888","trial_id":25,"step":1450,"intermediate_value":0.5215053763240576}
{"op_code":7,"worker_id":"50300f0f-9afb-46d9-9253-d67e727e1b46-126362123685888","trial_id":25,"step":1460,"intermediate_value":0.5215053763240576}
{"op_code":7,"worker_id":"751a5319-1a5c-48bd-8f93-745f9ead5c8a-136263235239936","trial_id":28,"step":1260,"intermediate_value":1.076344072818756}
{"op_code":7,"worker_id":"50300f0f-9afb-46d9-9253-d67e727e1b46-126362123685888","trial_id":25,"step":1470,"intermediate_value":0.5215053763240576}
{"op_code":7,"worker_id":"751a5319-1a5c-48bd-8f93-745f9ead5c8a-136263235239936","trial_id":28,"step":1270,"intermediate_value":0.9094496071338654}
{"op_code":7,"worker_id":"50300f0f-9afb-46d9-9253-d67e727e1b46-126362123685888","trial_id":25,"step":1480,"intermediate_value":0.5215053763240576}
{"op_code":7,"worker_id":"751a5319-1a5c-48bd-8f93-745f9ead5c8a-136263235239936","trial_id":28,"step":1280,"intermediate_value":1.1473118662834167}
{"op_code":7,"worker_id":"50300f0f-9afb-46d9-9253-d67e727e1b46-126362123685888","trial_id":25,"step":1490,"intermediate_value":0.5215053763240576}
{"op_code":7,"worker_id":"751a5319-1a5c-48bd-8f93-745f9ead5c8a-136263235239936","trial_id":28,"step":1290,"intermediate_value":1.250537633895874}
{"op_code":7,"worker_id":"e4730140-7544-43d5-aeb9-aa322874c58d-127472605728768","trial_id":29,"step":120,"intermediate_value":0.46530430018901825}
{"op_code":7,"worker_id":"50300f0f-9afb-46d9-9253-d67e727e1b46-126362123685888","trial_id":25,"step":1500,"intermediate_value":0.5215053763240576}
{"op_code":7,"worker_id":"751a5319-1a5c-48bd-8f93-745f9ead5c8a-136263235239936","trial_id":28,"step":1300,"intermediate_value":1.3193548321723938}
{"op_code":7,"worker_id":"50300f0f-9afb-46d9-9253-d67e727e1b46-126362123685888","trial_id":25,"step":1510,"intermediate_value":0.5215053763240576}
{"op_code":7,"worker_id":"751a5319-1a5c-48bd-8f93-745f9ead5c8a-136263235239936","trial_id":28,"step":1310,"intermediate_value":1.373118281364441}
{"op_code":7,"worker_id":"50300f0f-9afb-46d9-9253-d67e727e1b46-126362123685888","trial_id":25,"step":1520,"intermediate_value":0.5215053763240576}
{"op_code":7,"worker_id":"751a5319-1a5c-48bd-8f93-745f9ead5c8a-136263235239936","trial_id":28,"step":1320,"intermediate_value":1.3860214948654175}
{"op_code":7,"worker_id":"50300f0f-9afb-46d9-9253-d67e727e1b46-126362123685888","trial_id":25,"step":1530,"intermediate_value":0.5193548388779163}
{"op_code":7,"worker_id":"751a5319-1a5c-48bd-8f93-745f9ead5c8a-136263235239936","trial_id":28,"step":1330,"intermediate_value":1.401075303554535}
{"op_code":7,"worker_id":"50300f0f-9afb-46d9-9253-d67e727e1b46-126362123685888","trial_id":25,"step":1540,"intermediate_value":0.5193548388779163}
{"op_code":7,"worker_id":"751a5319-1a5c-48bd-8f93-745f9ead5c8a-136263235239936","trial_id":28,"step":1340,"intermediate_value":1.4096774458885193}
{"op_code":7,"worker_id":"50300f0f-9afb-46d9-9253-d67e727e1b46-126362123685888","trial_id":25,"step":1550,"intermediate_value":0.5193548388779163}
{"op_code":7,"worker_id":"751a5319-1a5c-48bd-8f93-745f9ead5c8a-136263235239936","trial_id":28,"step":1350,"intermediate_value":0.9425250887870789}
{"op_code":7,"worker_id":"50300f0f-9afb-46d9-9253-d67e727e1b46-126362123685888","trial_id":25,"step":1560,"intermediate_value":0.5193548388779163}
{"op_code":7,"worker_id":"751a5319-1a5c-48bd-8f93-745f9ead5c8a-136263235239936","trial_id":28,"step":1360,"intermediate_value":1.3640389144420624}
{"op_code":7,"worker_id":"50300f0f-9afb-46d9-9253-d67e727e1b46-126362123685888","trial_id":25,"step":1570,"intermediate_value":0.5193548388779163}
{"op_code":7,"worker_id":"751a5319-1a5c-48bd-8f93-745f9ead5c8a-136263235239936","trial_id":28,"step":1370,"intermediate_value":1.4698925018310547}
{"op_code":8,"worker_id":"751a5319-1a5c-48bd-8f93-745f9ead5c8a-136263235239936","trial_id":28,"user_attr":{"peak_val_acc":0.9698925018310547}}
{"op_code":7,"worker_id":"50300f0f-9afb-46d9-9253-d67e727e1b46-126362123685888","trial_id":25,"step":1580,"intermediate_value":0.17850232310593128}
{"op_code":8,"worker_id":"751a5319-1a5c-48bd-8f93-745f9ead5c8a-136263235239936","trial_id":28,"user_attr":{"final_test_acc":0.9727233648300171}}
{"op_code":6,"worker_id":"751a5319-1a5c-48bd-8f93-745f9ead5c8a-136263235239936","trial_id":28,"state":1,"values":[1370.0],"datetime_complete":"2026-06-09T22:13:06.021156"}
{"op_code":4,"worker_id":"9414f324-1b26-43e6-9d38-0b02e642feab-136263235239936","study_id":1,"datetime_start":"2026-06-09T22:13:06.172657"}
{"op_code":5,"worker_id":"9414f324-1b26-43e6-9d38-0b02e642feab-136263235239936","trial_id":31,"param_name":"lr","param_value_internal":0.0008565293722924722,"distribution":"{\"name\": \"FloatDistribution\", \"attributes\": {\"step\": null, \"low\": 0.0002, \"high\": 0.005, \"log\": true}}"}
{"op_code":5,"worker_id":"9414f324-1b26-43e6-9d38-0b02e642feab-136263235239936","trial_id":31,"param_name":"neural_alpha","param_value_internal":19.28355624289931,"distribution":"{\"name\": \"FloatDistribution\", \"attributes\": {\"step\": null, \"low\": 2.0, \"high\": 30.0, \"log\": true}}"}
{"op_code":5,"worker_id":"9414f324-1b26-43e6-9d38-0b02e642feab-136263235239936","trial_id":31,"param_name":"neural_beta","param_value_internal":5.4565442999850955,"distribution":"{\"name\": \"FloatDistribution\", \"attributes\": {\"step\": null, \"low\": 1.0, \"high\": 10.0, \"log\": false}}"}
{"op_code":5,"worker_id":"9414f324-1b26-43e6-9d38-0b02e642feab-136263235239936","trial_id":31,"param_name":"inner_steps","param_value_internal":2.0,"distribution":"{\"name\": \"IntDistribution\", \"attributes\": {\"log\": false, \"step\": 1, \"low\": 1, \"high\": 2}}"}
{"op_code":5,"worker_id":"9414f324-1b26-43e6-9d38-0b02e642feab-136263235239936","trial_id":31,"param_name":"neural_grad_clip","param_value_internal":1.1616090842489126,"distribution":"{\"name\": \"FloatDistribution\", \"attributes\": {\"step\": null, \"low\": 0.5, \"high\": 3.0, \"log\": false}}"}
{"op_code":5,"worker_id":"9414f324-1b26-43e6-9d38-0b02e642feab-136263235239936","trial_id":31,"param_name":"weight_decay","param_value_internal":2.5922701740498657,"distribution":"{\"name\": \"FloatDistribution\", \"attributes\": {\"step\": null, \"low\": 0.2, \"high\": 4.0, \"log\": true}}"}
{"op_code":7,"worker_id":"e4730140-7544-43d5-aeb9-aa322874c58d-127472605728768","trial_id":29,"step":130,"intermediate_value":0.46530430018901825}
{"op_code":7,"worker_id":"9414f324-1b26-43e6-9d38-0b02e642feab-136263235239936","trial_id":31,"step":1,"intermediate_value":0.012536079622805119}
{"op_code":7,"worker_id":"50300f0f-9afb-46d9-9253-d67e727e1b46-126362123685888","trial_id":25,"step":1590,"intermediate_value":0.4614834915846586}
{"op_code":7,"worker_id":"50300f0f-9afb-46d9-9253-d67e727e1b46-126362123685888","trial_id":25,"step":1600,"intermediate_value":0.5121874045580626}
{"op_code":7,"worker_id":"50300f0f-9afb-46d9-9253-d67e727e1b46-126362123685888","trial_id":25,"step":1610,"intermediate_value":0.5150537639856339}
{"op_code":7,"worker_id":"50300f0f-9afb-46d9-9253-d67e727e1b46-126362123685888","trial_id":25,"step":1620,"intermediate_value":0.5150537639856339}
{"op_code":7,"worker_id":"50300f0f-9afb-46d9-9253-d67e727e1b46-126362123685888","trial_id":25,"step":1630,"intermediate_value":0.5150537639856339}
{"op_code":7,"worker_id":"50300f0f-9afb-46d9-9253-d67e727e1b46-126362123685888","trial_id":25,"step":1640,"intermediate_value":0.5150537639856339}
{"op_code":7,"worker_id":"2a4ade4b-160e-48f2-9bf1-2b660e252c54-124741386858496","trial_id":30,"step":20,"intermediate_value":0.039266168139874935}
{"op_code":7,"worker_id":"50300f0f-9afb-46d9-9253-d67e727e1b46-126362123685888","trial_id":25,"step":1650,"intermediate_value":0.5150537639856339}
{"op_code":7,"worker_id":"50300f0f-9afb-46d9-9253-d67e727e1b46-126362123685888","trial_id":25,"step":1660,"intermediate_value":0.5150537639856339}
{"op_code":7,"worker_id":"50300f0f-9afb-46d9-9253-d67e727e1b46-126362123685888","trial_id":25,"step":1670,"intermediate_value":0.5150537639856339}
{"op_code":7,"worker_id":"9414f324-1b26-43e6-9d38-0b02e642feab-136263235239936","trial_id":31,"step":10,"intermediate_value":0.02841880824416876}
{"op_code":7,"worker_id":"50300f0f-9afb-46d9-9253-d67e727e1b46-126362123685888","trial_id":25,"step":1680,"intermediate_value":0.5150537639856339}
{"op_code":7,"worker_id":"50300f0f-9afb-46d9-9253-d67e727e1b46-126362123685888","trial_id":25,"step":1690,"intermediate_value":0.5150537639856339}
{"op_code":7,"worker_id":"e4730140-7544-43d5-aeb9-aa322874c58d-127472605728768","trial_id":29,"step":140,"intermediate_value":0.46530430018901825}
{"op_code":7,"worker_id":"50300f0f-9afb-46d9-9253-d67e727e1b46-126362123685888","trial_id":25,"step":1700,"intermediate_value":0.5129032265394926}
{"op_code":7,"worker_id":"50300f0f-9afb-46d9-9253-d67e727e1b46-126362123685888","trial_id":25,"step":1710,"intermediate_value":0.5129032265394926}
{"op_code":7,"worker_id":"50300f0f-9afb-46d9-9253-d67e727e1b46-126362123685888","trial_id":25,"step":1720,"intermediate_value":0.5129032265394926}
{"op_code":7,"worker_id":"2a4ade4b-160e-48f2-9bf1-2b660e252c54-124741386858496","trial_id":30,"step":30,"intermediate_value":0.05549141298979521}
{"op_code":7,"worker_id":"50300f0f-9afb-46d9-9253-d67e727e1b46-126362123685888","trial_id":25,"step":1730,"intermediate_value":0.5129032265394926}
{"op_code":7,"worker_id":"50300f0f-9afb-46d9-9253-d67e727e1b46-126362123685888","trial_id":25,"step":1740,"intermediate_value":0.5129032265394926}
{"op_code":7,"worker_id":"9414f324-1b26-43e6-9d38-0b02e642feab-136263235239936","trial_id":31,"step":20,"intermediate_value":0.030205278657376766}
{"op_code":7,"worker_id":"50300f0f-9afb-46d9-9253-d67e727e1b46-126362123685888","trial_id":25,"step":1750,"intermediate_value":0.5129032265394926}
{"op_code":7,"worker_id":"50300f0f-9afb-46d9-9253-d67e727e1b46-126362123685888","trial_id":25,"step":1760,"intermediate_value":0.5150537639856339}
{"op_code":7,"worker_id":"e4730140-7544-43d5-aeb9-aa322874c58d-127472605728768","trial_id":29,"step":150,"intermediate_value":0.463153762742877}
{"op_code":7,"worker_id":"50300f0f-9afb-46d9-9253-d67e727e1b46-126362123685888","trial_id":25,"step":1770,"intermediate_value":0.5150537639856339}
{"op_code":7,"worker_id":"50300f0f-9afb-46d9-9253-d67e727e1b46-126362123685888","trial_id":25,"step":1780,"intermediate_value":0.5150537639856339}
{"op_code":7,"worker_id":"50300f0f-9afb-46d9-9253-d67e727e1b46-126362123685888","trial_id":25,"step":1790,"intermediate_value":0.5150537639856339}
{"op_code":7,"worker_id":"2a4ade4b-160e-48f2-9bf1-2b660e252c54-124741386858496","trial_id":30,"step":40,"intermediate_value":0.08746468555182219}
{"op_code":7,"worker_id":"50300f0f-9afb-46d9-9253-d67e727e1b46-126362123685888","trial_id":25,"step":1800,"intermediate_value":0.5150537639856339}
{"op_code":7,"worker_id":"50300f0f-9afb-46d9-9253-d67e727e1b46-126362123685888","trial_id":25,"step":1810,"intermediate_value":0.5150537639856339}
{"op_code":7,"worker_id":"50300f0f-9afb-46d9-9253-d67e727e1b46-126362123685888","trial_id":25,"step":1820,"intermediate_value":0.5150537639856339}
{"op_code":7,"worker_id":"50300f0f-9afb-46d9-9253-d67e727e1b46-126362123685888","trial_id":25,"step":1830,"intermediate_value":0.5150537639856339}
{"op_code":7,"worker_id":"50300f0f-9afb-46d9-9253-d67e727e1b46-126362123685888","trial_id":25,"step":1840,"intermediate_value":0.5150537639856339}
{"op_code":7,"worker_id":"9414f324-1b26-43e6-9d38-0b02e642feab-136263235239936","trial_id":31,"step":30,"intermediate_value":0.03891133889555931}
{"op_code":7,"worker_id":"50300f0f-9afb-46d9-9253-d67e727e1b46-126362123685888","trial_id":25,"step":1850,"intermediate_value":0.5150537639856339}
{"op_code":7,"worker_id":"50300f0f-9afb-46d9-9253-d67e727e1b46-126362123685888","trial_id":25,"step":1860,"intermediate_value":0.5150537639856339}
{"op_code":7,"worker_id":"50300f0f-9afb-46d9-9253-d67e727e1b46-126362123685888","trial_id":25,"step":1870,"intermediate_value":0.5150537639856339}
{"op_code":7,"worker_id":"e4730140-7544-43d5-aeb9-aa322874c58d-127472605728768","trial_id":29,"step":160,"intermediate_value":0.3032935429364443}
{"op_code":7,"worker_id":"50300f0f-9afb-46d9-9253-d67e727e1b46-126362123685888","trial_id":25,"step":1880,"intermediate_value":0.5150537639856339}
{"op_code":7,"worker_id":"50300f0f-9afb-46d9-9253-d67e727e1b46-126362123685888","trial_id":25,"step":1890,"intermediate_value":0.5150537639856339}
{"op_code":7,"worker_id":"50300f0f-9afb-46d9-9253-d67e727e1b46-126362123685888","trial_id":25,"step":1900,"intermediate_value":0.5172043014317751}
{"op_code":7,"worker_id":"50300f0f-9afb-46d9-9253-d67e727e1b46-126362123685888","trial_id":25,"step":1910,"intermediate_value":0.5172043014317751}
{"op_code":7,"worker_id":"50300f0f-9afb-46d9-9253-d67e727e1b46-126362123685888","trial_id":25,"step":1920,"intermediate_value":0.5172043014317751}
{"op_code":7,"worker_id":"2a4ade4b-160e-48f2-9bf1-2b660e252c54-124741386858496","trial_id":30,"step":50,"intermediate_value":0.13291923236101866}
{"op_code":7,"worker_id":"9414f324-1b26-43e6-9d38-0b02e642feab-136263235239936","trial_id":31,"step":40,"intermediate_value":0.05250883009284735}
{"op_code":7,"worker_id":"2a4ade4b-160e-48f2-9bf1-2b660e252c54-124741386858496","trial_id":30,"step":60,"intermediate_value":0.17133796028792858}
{"op_code":7,"worker_id":"e4730140-7544-43d5-aeb9-aa322874c58d-127472605728768","trial_id":29,"step":170,"intermediate_value":0.4112537605687976}
{"op_code":7,"worker_id":"50300f0f-9afb-46d9-9253-d67e727e1b46-126362123685888","trial_id":25,"step":1930,"intermediate_value":0.5193548388779163}
{"op_code":7,"worker_id":"9414f324-1b26-43e6-9d38-0b02e642feab-136263235239936","trial_id":31,"step":50,"intermediate_value":0.07207456510514021}
{"op_code":7,"worker_id":"50300f0f-9afb-46d9-9253-d67e727e1b46-126362123685888","trial_id":25,"step":1940,"intermediate_value":0.5193548388779163}
{"op_code":7,"worker_id":"2a4ade4b-160e-48f2-9bf1-2b660e252c54-124741386858496","trial_id":30,"step":70,"intermediate_value":0.19817812275141478}
{"op_code":7,"worker_id":"50300f0f-9afb-46d9-9253-d67e727e1b46-126362123685888","trial_id":25,"step":1950,"intermediate_value":0.5193548388779163}
{"op_code":7,"worker_id":"50300f0f-9afb-46d9-9253-d67e727e1b46-126362123685888","trial_id":25,"step":1960,"intermediate_value":0.5193548388779163}
{"op_code":7,"worker_id":"50300f0f-9afb-46d9-9253-d67e727e1b46-126362123685888","trial_id":25,"step":1970,"intermediate_value":0.5193548388779163}
{"op_code":7,"worker_id":"50300f0f-9afb-46d9-9253-d67e727e1b46-126362123685888","trial_id":25,"step":1980,"intermediate_value":0.5193548388779163}
{"op_code":7,"worker_id":"e4730140-7544-43d5-aeb9-aa322874c58d-127472605728768","trial_id":29,"step":180,"intermediate_value":0.4483632296323776}
{"op_code":7,"worker_id":"50300f0f-9afb-46d9-9253-d67e727e1b46-126362123685888","trial_id":25,"step":1990,"intermediate_value":0.5193548388779163}
{"op_code":7,"worker_id":"50300f0f-9afb-46d9-9253-d67e727e1b46-126362123685888","trial_id":25,"step":2000,"intermediate_value":0.5193548388779163}
{"op_code":7,"worker_id":"50300f0f-9afb-46d9-9253-d67e727e1b46-126362123685888","trial_id":25,"step":2010,"intermediate_value":0.5215053763240576}
{"op_code":7,"worker_id":"9414f324-1b26-43e6-9d38-0b02e642feab-136263235239936","trial_id":31,"step":60,"intermediate_value":0.0990371061488986}
{"op_code":7,"worker_id":"50300f0f-9afb-46d9-9253-d67e727e1b46-126362123685888","trial_id":25,"step":2020,"intermediate_value":0.5215053763240576}
{"op_code":7,"worker_id":"2a4ade4b-160e-48f2-9bf1-2b660e252c54-124741386858496","trial_id":30,"step":80,"intermediate_value":0.23373357765376568}
{"op_code":7,"worker_id":"50300f0f-9afb-46d9-9253-d67e727e1b46-126362123685888","trial_id":25,"step":2030,"intermediate_value":0.5215053763240576}
{"op_code":7,"worker_id":"50300f0f-9afb-46d9-9253-d67e727e1b46-126362123685888","trial_id":25,"step":2040,"intermediate_value":0.11718043871223927}
{"op_code":7,"worker_id":"50300f0f-9afb-46d9-9253-d67e727e1b46-126362123685888","trial_id":25,"step":2050,"intermediate_value":0.4123336523771286}
{"op_code":7,"worker_id":"50300f0f-9afb-46d9-9253-d67e727e1b46-126362123685888","trial_id":25,"step":2060,"intermediate_value":0.5164915509521961}
{"op_code":7,"worker_id":"e4730140-7544-43d5-aeb9-aa322874c58d-127472605728768","trial_id":29,"step":190,"intermediate_value":0.46100629679858685}
{"op_code":7,"worker_id":"50300f0f-9afb-46d9-9253-d67e727e1b46-126362123685888","trial_id":25,"step":2070,"intermediate_value":0.5236559137701988}
{"op_code":7,"worker_id":"50300f0f-9afb-46d9-9253-d67e727e1b46-126362123685888","trial_id":25,"step":2080,"intermediate_value":0.5193548388779163}
{"op_code":7,"worker_id":"50300f0f-9afb-46d9-9253-d67e727e1b46-126362123685888","trial_id":25,"step":2090,"intermediate_value":0.5193548388779163}
{"op_code":7,"worker_id":"9414f324-1b26-43e6-9d38-0b02e642feab-136263235239936","trial_id":31,"step":70,"intermediate_value":0.13005595188587904}
{"op_code":7,"worker_id":"50300f0f-9afb-46d9-9253-d67e727e1b46-126362123685888","trial_id":25,"step":2100,"intermediate_value":0.5172043014317751}
{"op_code":7,"worker_id":"2a4ade4b-160e-48f2-9bf1-2b660e252c54-124741386858496","trial_id":30,"step":90,"intermediate_value":0.20915402006357908}
{"op_code":7,"worker_id":"50300f0f-9afb-46d9-9253-d67e727e1b46-126362123685888","trial_id":25,"step":2110,"intermediate_value":0.5172043014317751}
{"op_code":7,"worker_id":"50300f0f-9afb-46d9-9253-d67e727e1b46-126362123685888","trial_id":25,"step":2120,"intermediate_value":0.5172043014317751}
{"op_code":7,"worker_id":"50300f0f-9afb-46d9-9253-d67e727e1b46-126362123685888","trial_id":25,"step":2130,"intermediate_value":0.5172043014317751}
{"op_code":7,"worker_id":"50300f0f-9afb-46d9-9253-d67e727e1b46-126362123685888","trial_id":25,"step":2140,"intermediate_value":0.5172043014317751}
{"op_code":7,"worker_id":"50300f0f-9afb-46d9-9253-d67e727e1b46-126362123685888","trial_id":25,"step":2150,"intermediate_value":0.5150537639856339}
{"op_code":7,"worker_id":"50300f0f-9afb-46d9-9253-d67e727e1b46-126362123685888","trial_id":25,"step":2160,"intermediate_value":0.5150537639856339}
{"op_code":7,"worker_id":"50300f0f-9afb-46d9-9253-d67e727e1b46-126362123685888","trial_id":25,"step":2170,"intermediate_value":0.5150537639856339}
{"op_code":7,"worker_id":"50300f0f-9afb-46d9-9253-d67e727e1b46-126362123685888","trial_id":25,"step":2180,"intermediate_value":0.5150537639856339}
{"op_code":7,"worker_id":"e4730140-7544-43d5-aeb9-aa322874c58d-127472605728768","trial_id":29,"step":200,"intermediate_value":0.46112252306193113}
{"op_code":7,"worker_id":"50300f0f-9afb-46d9-9253-d67e727e1b46-126362123685888","trial_id":25,"step":2190,"intermediate_value":0.5150537639856339}
{"op_code":7,"worker_id":"50300f0f-9afb-46d9-9253-d67e727e1b46-126362123685888","trial_id":25,"step":2200,"intermediate_value":0.5150537639856339}
{"op_code":7,"worker_id":"50300f0f-9afb-46d9-9253-d67e727e1b46-126362123685888","trial_id":25,"step":2210,"intermediate_value":0.5150537639856339}
{"op_code":7,"worker_id":"50300f0f-9afb-46d9-9253-d67e727e1b46-126362123685888","trial_id":25,"step":2220,"intermediate_value":0.5172043014317751}
{"op_code":7,"worker_id":"50300f0f-9afb-46d9-9253-d67e727e1b46-126362123685888","trial_id":25,"step":2230,"intermediate_value":0.5172043014317751}
{"op_code":7,"worker_id":"9414f324-1b26-43e6-9d38-0b02e642feab-136263235239936","trial_id":31,"step":80,"intermediate_value":0.15988176595419645}
{"op_code":7,"worker_id":"2a4ade4b-160e-48f2-9bf1-2b660e252c54-124741386858496","trial_id":30,"step":100,"intermediate_value":0.2611702485010028}
{"op_code":7,"worker_id":"50300f0f-9afb-46d9-9253-d67e727e1b46-126362123685888","trial_id":25,"step":2240,"intermediate_value":0.5172043014317751}
{"op_code":7,"worker_id":"50300f0f-9afb-46d9-9253-d67e727e1b46-126362123685888","trial_id":25,"step":2250,"intermediate_value":0.5172043014317751}
{"op_code":7,"worker_id":"50300f0f-9afb-46d9-9253-d67e727e1b46-126362123685888","trial_id":25,"step":2260,"intermediate_value":0.5172043014317751}
{"op_code":7,"worker_id":"50300f0f-9afb-46d9-9253-d67e727e1b46-126362123685888","trial_id":25,"step":2270,"intermediate_value":0.5172043014317751}
{"op_code":7,"worker_id":"50300f0f-9afb-46d9-9253-d67e727e1b46-126362123685888","trial_id":25,"step":2280,"intermediate_value":0.5172043014317751}
{"op_code":7,"worker_id":"50300f0f-9afb-46d9-9253-d67e727e1b46-126362123685888","trial_id":25,"step":2290,"intermediate_value":0.5172043014317751}
{"op_code":7,"worker_id":"50300f0f-9afb-46d9-9253-d67e727e1b46-126362123685888","trial_id":25,"step":2300,"intermediate_value":0.5193548388779163}
{"op_code":7,"worker_id":"e4730140-7544-43d5-aeb9-aa322874c58d-127472605728768","trial_id":29,"step":210,"intermediate_value":0.4654235988855362}
{"op_code":7,"worker_id":"50300f0f-9afb-46d9-9253-d67e727e1b46-126362123685888","trial_id":25,"step":2310,"intermediate_value":0.5193548388779163}
{"op_code":7,"worker_id":"50300f0f-9afb-46d9-9253-d67e727e1b46-126362123685888","trial_id":25,"step":2320,"intermediate_value":0.5193548388779163}
{"op_code":7,"worker_id":"50300f0f-9afb-46d9-9253-d67e727e1b46-126362123685888","trial_id":25,"step":2330,"intermediate_value":0.5193548388779163}
{"op_code":7,"worker_id":"50300f0f-9afb-46d9-9253-d67e727e1b46-126362123685888","trial_id":25,"step":2340,"intermediate_value":0.5193548388779163}
{"op_code":7,"worker_id":"50300f0f-9afb-46d9-9253-d67e727e1b46-126362123685888","trial_id":25,"step":2350,"intermediate_value":0.5193548388779163}
{"op_code":7,"worker_id":"50300f0f-9afb-46d9-9253-d67e727e1b46-126362123685888","trial_id":25,"step":2360,"intermediate_value":0.5193548388779163}
{"op_code":7,"worker_id":"9414f324-1b26-43e6-9d38-0b02e642feab-136263235239936","trial_id":31,"step":90,"intermediate_value":0.18887246679514647}
{"op_code":7,"worker_id":"2a4ade4b-160e-48f2-9bf1-2b660e252c54-124741386858496","trial_id":30,"step":110,"intermediate_value":0.2593837808817625}
{"op_code":7,"worker_id":"50300f0f-9afb-46d9-9253-d67e727e1b46-126362123685888","trial_id":25,"step":2370,"intermediate_value":0.5193548388779163}
{"op_code":7,"worker_id":"50300f0f-9afb-46d9-9253-d67e727e1b46-126362123685888","trial_id":25,"step":2380,"intermediate_value":0.5193548388779163}
{"op_code":7,"worker_id":"50300f0f-9afb-46d9-9253-d67e727e1b46-126362123685888","trial_id":25,"step":2390,"intermediate_value":0.5193548388779163}
{"op_code":7,"worker_id":"50300f0f-9afb-46d9-9253-d67e727e1b46-126362123685888","trial_id":25,"step":2400,"intermediate_value":0.5193548388779163}
{"op_code":7,"worker_id":"50300f0f-9afb-46d9-9253-d67e727e1b46-126362123685888","trial_id":25,"step":2410,"intermediate_value":0.5193548388779163}
{"op_code":7,"worker_id":"e4730140-7544-43d5-aeb9-aa322874c58d-127472605728768","trial_id":29,"step":220,"intermediate_value":0.46327306143939495}
{"op_code":7,"worker_id":"50300f0f-9afb-46d9-9253-d67e727e1b46-126362123685888","trial_id":25,"step":2420,"intermediate_value":0.5193548388779163}
{"op_code":7,"worker_id":"50300f0f-9afb-46d9-9253-d67e727e1b46-126362123685888","trial_id":25,"step":2430,"intermediate_value":0.5193548388779163}
{"op_code":7,"worker_id":"50300f0f-9afb-46d9-9253-d67e727e1b46-126362123685888","trial_id":25,"step":2440,"intermediate_value":0.5193548388779163}
{"op_code":7,"worker_id":"50300f0f-9afb-46d9-9253-d67e727e1b46-126362123685888","trial_id":25,"step":2450,"intermediate_value":0.5193548388779163}
{"op_code":7,"worker_id":"50300f0f-9afb-46d9-9253-d67e727e1b46-126362123685888","trial_id":25,"step":2460,"intermediate_value":0.5193548388779163}
{"op_code":7,"worker_id":"9414f324-1b26-43e6-9d38-0b02e642feab-136263235239936","trial_id":31,"step":100,"intermediate_value":0.21070496272295713}
{"op_code":7,"worker_id":"50300f0f-9afb-46d9-9253-d67e727e1b46-126362123685888","trial_id":25,"step":2470,"intermediate_value":0.5193548388779163}
{"op_code":7,"worker_id":"2a4ade4b-160e-48f2-9bf1-2b660e252c54-124741386858496","trial_id":30,"step":120,"intermediate_value":0.28372471034526825}
{"op_code":7,"worker_id":"50300f0f-9afb-46d9-9253-d67e727e1b46-126362123685888","trial_id":25,"step":2480,"intermediate_value":0.12374827824532986}
{"op_code":7,"worker_id":"50300f0f-9afb-46d9-9253-d67e727e1b46-126362123685888","trial_id":25,"step":2490,"intermediate_value":0.41996903717517853}
{"op_code":7,"worker_id":"50300f0f-9afb-46d9-9253-d67e727e1b46-126362123685888","trial_id":25,"step":2500,"intermediate_value":0.5106395334005356}
{"op_code":7,"worker_id":"e4730140-7544-43d5-aeb9-aa322874c58d-127472605728768","trial_id":29,"step":230,"intermediate_value":0.46554289758205414}
{"op_code":7,"worker_id":"50300f0f-9afb-46d9-9253-d67e727e1b46-126362123685888","trial_id":25,"step":2510,"intermediate_value":0.5215053763240576}
{"op_code":7,"worker_id":"50300f0f-9afb-46d9-9253-d67e727e1b46-126362123685888","trial_id":25,"step":2520,"intermediate_value":0.5193548388779163}
{"op_code":7,"worker_id":"50300f0f-9afb-46d9-9253-d67e727e1b46-126362123685888","trial_id":25,"step":2530,"intermediate_value":0.5172043014317751}
{"op_code":7,"worker_id":"50300f0f-9afb-46d9-9253-d67e727e1b46-126362123685888","trial_id":25,"step":2540,"intermediate_value":0.5193548388779163}
{"op_code":7,"worker_id":"9414f324-1b26-43e6-9d38-0b02e642feab-136263235239936","trial_id":31,"step":110,"intermediate_value":0.23540073167532682}
{"op_code":7,"worker_id":"50300f0f-9afb-46d9-9253-d67e727e1b46-126362123685888","trial_id":25,"step":2550,"intermediate_value":0.5215053763240576}
{"op_code":7,"worker_id":"50300f0f-9afb-46d9-9253-d67e727e1b46-126362123685888","trial_id":25,"step":2560,"intermediate_value":0.5215053763240576}
{"op_code":7,"worker_id":"50300f0f-9afb-46d9-9253-d67e727e1b46-126362123685888","trial_id":25,"step":2570,"intermediate_value":0.5215053763240576}
{"op_code":7,"worker_id":"e4730140-7544-43d5-aeb9-aa322874c58d-127472605728768","trial_id":29,"step":240,"intermediate_value":0.4654235988855362}
{"op_code":7,"worker_id":"50300f0f-9afb-46d9-9253-d67e727e1b46-126362123685888","trial_id":25,"step":2580,"intermediate_value":0.5236559137701988}
{"op_code":7,"worker_id":"50300f0f-9afb-46d9-9253-d67e727e1b46-126362123685888","trial_id":25,"step":2590,"intermediate_value":0.5236559137701988}
{"op_code":7,"worker_id":"50300f0f-9afb-46d9-9253-d67e727e1b46-126362123685888","trial_id":25,"step":2600,"intermediate_value":0.5236559137701988}
{"op_code":7,"worker_id":"9414f324-1b26-43e6-9d38-0b02e642feab-136263235239936","trial_id":31,"step":120,"intermediate_value":0.2683315109461546}
{"op_code":7,"worker_id":"2a4ade4b-160e-48f2-9bf1-2b660e252c54-124741386858496","trial_id":30,"step":130,"intermediate_value":0.2540182024240494}
{"op_code":7,"worker_id":"50300f0f-9afb-46d9-9253-d67e727e1b46-126362123685888","trial_id":25,"step":2610,"intermediate_value":0.5215053763240576}
{"op_code":7,"worker_id":"e4730140-7544-43d5-aeb9-aa322874c58d-127472605728768","trial_id":29,"step":250,"intermediate_value":0.1447333376854658}
{"op_code":7,"worker_id":"50300f0f-9afb-46d9-9253-d67e727e1b46-126362123685888","trial_id":25,"step":2620,"intermediate_value":0.5193548388779163}
{"op_code":7,"worker_id":"50300f0f-9afb-46d9-9253-d67e727e1b46-126362123685888","trial_id":25,"step":2630,"intermediate_value":0.5193548388779163}
{"op_code":7,"worker_id":"50300f0f-9afb-46d9-9253-d67e727e1b46-126362123685888","trial_id":25,"step":2640,"intermediate_value":0.5193548388779163}
{"op_code":7,"worker_id":"50300f0f-9afb-46d9-9253-d67e727e1b46-126362123685888","trial_id":25,"step":2650,"intermediate_value":0.5193548388779163}
{"op_code":7,"worker_id":"50300f0f-9afb-46d9-9253-d67e727e1b46-126362123685888","trial_id":25,"step":2660,"intermediate_value":0.5193548388779163}
{"op_code":7,"worker_id":"50300f0f-9afb-46d9-9253-d67e727e1b46-126362123685888","trial_id":25,"step":2670,"intermediate_value":0.5193548388779163}
{"op_code":7,"worker_id":"2a4ade4b-160e-48f2-9bf1-2b660e252c54-124741386858496","trial_id":30,"step":140,"intermediate_value":0.2487688660621643}
{"op_code":7,"worker_id":"9414f324-1b26-43e6-9d38-0b02e642feab-136263235239936","trial_id":31,"step":130,"intermediate_value":0.2821706961840391}
{"op_code":7,"worker_id":"e4730140-7544-43d5-aeb9-aa322874c58d-127472605728768","trial_id":29,"step":260,"intermediate_value":0.35959853045642376}
{"op_code":7,"worker_id":"50300f0f-9afb-46d9-9253-d67e727e1b46-126362123685888","trial_id":25,"step":2680,"intermediate_value":0.5172043014317751}
{"op_code":7,"worker_id":"50300f0f-9afb-46d9-9253-d67e727e1b46-126362123685888","trial_id":25,"step":2690,"intermediate_value":0.5150537639856339}
{"op_code":7,"worker_id":"50300f0f-9afb-46d9-9253-d67e727e1b46-126362123685888","trial_id":25,"step":2700,"intermediate_value":0.5150537639856339}
{"op_code":7,"worker_id":"50300f0f-9afb-46d9-9253-d67e727e1b46-126362123685888","trial_id":25,"step":2710,"intermediate_value":0.5172043014317751}
{"op_code":7,"worker_id":"50300f0f-9afb-46d9-9253-d67e727e1b46-126362123685888","trial_id":25,"step":2720,"intermediate_value":0.5172043014317751}
{"op_code":7,"worker_id":"50300f0f-9afb-46d9-9253-d67e727e1b46-126362123685888","trial_id":25,"step":2730,"intermediate_value":0.5172043014317751}
{"op_code":7,"worker_id":"50300f0f-9afb-46d9-9253-d67e727e1b46-126362123685888","trial_id":25,"step":2740,"intermediate_value":0.5172043014317751}
{"op_code":7,"worker_id":"50300f0f-9afb-46d9-9253-d67e727e1b46-126362123685888","trial_id":25,"step":2750,"intermediate_value":0.5172043014317751}
{"op_code":7,"worker_id":"9414f324-1b26-43e6-9d38-0b02e642feab-136263235239936","trial_id":31,"step":140,"intermediate_value":0.3022105796262622}
{"op_code":7,"worker_id":"2a4ade4b-160e-48f2-9bf1-2b660e252c54-124741386858496","trial_id":30,"step":150,"intermediate_value":0.2461534198373556}
{"op_code":7,"worker_id":"50300f0f-9afb-46d9-9253-d67e727e1b46-126362123685888","trial_id":25,"step":2760,"intermediate_value":0.5150537639856339}
{"op_code":7,"worker_id":"50300f0f-9afb-46d9-9253-d67e727e1b46-126362123685888","trial_id":25,"step":2770,"intermediate_value":0.5150537639856339}
{"op_code":7,"worker_id":"50300f0f-9afb-46d9-9253-d67e727e1b46-126362123685888","trial_id":25,"step":2780,"intermediate_value":0.5150537639856339}
{"op_code":7,"worker_id":"e4730140-7544-43d5-aeb9-aa322874c58d-127472605728768","trial_id":29,"step":270,"intermediate_value":0.45540212094783783}
{"op_code":7,"worker_id":"50300f0f-9afb-46d9-9253-d67e727e1b46-126362123685888","trial_id":25,"step":2790,"intermediate_value":0.5150537639856339}
{"op_code":7,"worker_id":"50300f0f-9afb-46d9-9253-d67e727e1b46-126362123685888","trial_id":25,"step":2800,"intermediate_value":0.5150537639856339}
{"op_code":7,"worker_id":"50300f0f-9afb-46d9-9253-d67e727e1b46-126362123685888","trial_id":25,"step":2810,"intermediate_value":0.5150537639856339}
{"op_code":7,"worker_id":"50300f0f-9afb-46d9-9253-d67e727e1b46-126362123685888","trial_id":25,"step":2820,"intermediate_value":0.5150537639856339}
{"op_code":7,"worker_id":"50300f0f-9afb-46d9-9253-d67e727e1b46-126362123685888","trial_id":25,"step":2830,"intermediate_value":0.5150537639856339}
{"op_code":7,"worker_id":"50300f0f-9afb-46d9-9253-d67e727e1b46-126362123685888","trial_id":25,"step":2840,"intermediate_value":0.5150537639856339}
{"op_code":7,"worker_id":"50300f0f-9afb-46d9-9253-d67e727e1b46-126362123685888","trial_id":25,"step":2850,"intermediate_value":0.5150537639856339}
{"op_code":7,"worker_id":"50300f0f-9afb-46d9-9253-d67e727e1b46-126362123685888","trial_id":25,"step":2860,"intermediate_value":0.5150537639856339}
{"op_code":7,"worker_id":"50300f0f-9afb-46d9-9253-d67e727e1b46-126362123685888","trial_id":25,"step":2870,"intermediate_value":0.5150537639856339}
{"op_code":7,"worker_id":"2a4ade4b-160e-48f2-9bf1-2b660e252c54-124741386858496","trial_id":30,"step":160,"intermediate_value":0.23671614937484264}
{"op_code":7,"worker_id":"50300f0f-9afb-46d9-9253-d67e727e1b46-126362123685888","trial_id":25,"step":2880,"intermediate_value":0.5172043014317751}
{"op_code":7,"worker_id":"50300f0f-9afb-46d9-9253-d67e727e1b46-126362123685888","trial_id":25,"step":2890,"intermediate_value":0.5172043014317751}
{"op_code":7,"worker_id":"50300f0f-9afb-46d9-9253-d67e727e1b46-126362123685888","trial_id":25,"step":2900,"intermediate_value":0.5172043014317751}
{"op_code":7,"worker_id":"9414f324-1b26-43e6-9d38-0b02e642feab-136263235239936","trial_id":31,"step":150,"intermediate_value":0.31533391308039427}
{"op_code":7,"worker_id":"e4730140-7544-43d5-aeb9-aa322874c58d-127472605728768","trial_id":29,"step":280,"intermediate_value":0.44764123391360044}
{"op_code":7,"worker_id":"50300f0f-9afb-46d9-9253-d67e727e1b46-126362123685888","trial_id":25,"step":2910,"intermediate_value":0.5172043014317751}
{"op_code":7,"worker_id":"50300f0f-9afb-46d9-9253-d67e727e1b46-126362123685888","trial_id":25,"step":2920,"intermediate_value":0.5172043014317751}
{"op_code":7,"worker_id":"50300f0f-9afb-46d9-9253-d67e727e1b46-126362123685888","trial_id":25,"step":2930,"intermediate_value":0.5172043014317751}
{"op_code":7,"worker_id":"50300f0f-9afb-46d9-9253-d67e727e1b46-126362123685888","trial_id":25,"step":2940,"intermediate_value":0.5172043014317751}
{"op_code":7,"worker_id":"50300f0f-9afb-46d9-9253-d67e727e1b46-126362123685888","trial_id":25,"step":2950,"intermediate_value":0.5172043014317751}
{"op_code":7,"worker_id":"50300f0f-9afb-46d9-9253-d67e727e1b46-126362123685888","trial_id":25,"step":2960,"intermediate_value":0.01778234401717782}
{"op_code":7,"worker_id":"50300f0f-9afb-46d9-9253-d67e727e1b46-126362123685888","trial_id":25,"step":2970,"intermediate_value":0.23958559520542622}
{"op_code":7,"worker_id":"50300f0f-9afb-46d9-9253-d67e727e1b46-126362123685888","trial_id":25,"step":2980,"intermediate_value":0.4818966891616583}
{"op_code":7,"worker_id":"2a4ade4b-160e-48f2-9bf1-2b660e252c54-124741386858496","trial_id":30,"step":170,"intermediate_value":0.23850261699408293}
{"op_code":7,"worker_id":"50300f0f-9afb-46d9-9253-d67e727e1b46-126362123685888","trial_id":25,"step":2990,"intermediate_value":0.5255678258836269}
{"op_code":7,"worker_id":"50300f0f-9afb-46d9-9253-d67e727e1b46-126362123685888","trial_id":25,"step":3000,"intermediate_value":0.5258064530789852}
{"op_code":7,"worker_id":"9414f324-1b26-43e6-9d38-0b02e642feab-136263235239936","trial_id":31,"step":160,"intermediate_value":0.33907834999263287}
{"op_code":7,"worker_id":"50300f0f-9afb-46d9-9253-d67e727e1b46-126362123685888","trial_id":25,"step":3010,"intermediate_value":0.5279569905251265}
{"op_code":7,"worker_id":"50300f0f-9afb-46d9-9253-d67e727e1b46-126362123685888","trial_id":25,"step":3020,"intermediate_value":0.5258064530789852}
{"op_code":7,"worker_id":"e4730140-7544-43d5-aeb9-aa322874c58d-127472605728768","trial_id":29,"step":290,"intermediate_value":0.4643498510122299}
{"op_code":7,"worker_id":"50300f0f-9afb-46d9-9253-d67e727e1b46-126362123685888","trial_id":25,"step":3030,"intermediate_value":0.5301075279712677}
{"op_code":7,"worker_id":"50300f0f-9afb-46d9-9253-d67e727e1b46-126362123685888","trial_id":25,"step":3040,"intermediate_value":0.5301075279712677}
{"op_code":7,"worker_id":"50300f0f-9afb-46d9-9253-d67e727e1b46-126362123685888","trial_id":25,"step":3050,"intermediate_value":0.5301075279712677}
{"op_code":7,"worker_id":"50300f0f-9afb-46d9-9253-d67e727e1b46-126362123685888","trial_id":25,"step":3060,"intermediate_value":0.5301075279712677}
{"op_code":7,"worker_id":"2a4ade4b-160e-48f2-9bf1-2b660e252c54-124741386858496","trial_id":30,"step":180,"intermediate_value":0.19818119518458843}
{"op_code":7,"worker_id":"50300f0f-9afb-46d9-9253-d67e727e1b46-126362123685888","trial_id":25,"step":3070,"intermediate_value":0.5301075279712677}
{"op_code":7,"worker_id":"9414f324-1b26-43e6-9d38-0b02e642feab-136263235239936","trial_id":31,"step":170,"intermediate_value":0.34790370892733335}
{"op_code":7,"worker_id":"50300f0f-9afb-46d9-9253-d67e727e1b46-126362123685888","trial_id":25,"step":3080,"intermediate_value":0.5279569905251265}
{"op_code":7,"worker_id":"50300f0f-9afb-46d9-9253-d67e727e1b46-126362123685888","trial_id":25,"step":3090,"intermediate_value":0.5258064530789852}
{"op_code":7,"worker_id":"e4730140-7544-43d5-aeb9-aa322874c58d-127472605728768","trial_id":29,"step":300,"intermediate_value":0.463153762742877}
{"op_code":7,"worker_id":"50300f0f-9afb-46d9-9253-d67e727e1b46-126362123685888","trial_id":25,"step":3100,"intermediate_value":0.5258064530789852}
{"op_code":7,"worker_id":"50300f0f-9afb-46d9-9253-d67e727e1b46-126362123685888","trial_id":25,"step":3110,"intermediate_value":0.5258064530789852}
{"op_code":7,"worker_id":"50300f0f-9afb-46d9-9253-d67e727e1b46-126362123685888","trial_id":25,"step":3120,"intermediate_value":0.5279569905251265}
{"op_code":7,"worker_id":"50300f0f-9afb-46d9-9253-d67e727e1b46-126362123685888","trial_id":25,"step":3130,"intermediate_value":0.5301075279712677}
{"op_code":7,"worker_id":"50300f0f-9afb-46d9-9253-d67e727e1b46-126362123685888","trial_id":25,"step":3140,"intermediate_value":0.5301075279712677}
{"op_code":7,"worker_id":"50300f0f-9afb-46d9-9253-d67e727e1b46-126362123685888","trial_id":25,"step":3150,"intermediate_value":0.5301075279712677}
{"op_code":7,"worker_id":"50300f0f-9afb-46d9-9253-d67e727e1b46-126362123685888","trial_id":25,"step":3160,"intermediate_value":0.5301075279712677}
{"op_code":7,"worker_id":"2a4ade4b-160e-48f2-9bf1-2b660e252c54-124741386858496","trial_id":30,"step":190,"intermediate_value":0.21345200948417187}
{"op_code":7,"worker_id":"50300f0f-9afb-46d9-9253-d67e727e1b46-126362123685888","trial_id":25,"step":3170,"intermediate_value":0.5301075279712677}
{"op_code":7,"worker_id":"50300f0f-9afb-46d9-9253-d67e727e1b46-126362123685888","trial_id":25,"step":3180,"intermediate_value":0.5301075279712677}
{"op_code":7,"worker_id":"9414f324-1b26-43e6-9d38-0b02e642feab-136263235239936","trial_id":31,"step":180,"intermediate_value":0.35720936488360167}
{"op_code":7,"worker_id":"50300f0f-9afb-46d9-9253-d67e727e1b46-126362123685888","trial_id":25,"step":3190,"intermediate_value":0.5301075279712677}
{"op_code":7,"worker_id":"50300f0f-9afb-46d9-9253-d67e727e1b46-126362123685888","trial_id":25,"step":3200,"intermediate_value":0.5301075279712677}
{"op_code":7,"worker_id":"50300f0f-9afb-46d9-9253-d67e727e1b46-126362123685888","trial_id":25,"step":3210,"intermediate_value":0.5301075279712677}
{"op_code":7,"worker_id":"e4730140-7544-43d5-aeb9-aa322874c58d-127472605728768","trial_id":29,"step":310,"intermediate_value":0.4654235988855362}
{"op_code":7,"worker_id":"50300f0f-9afb-46d9-9253-d67e727e1b46-126362123685888","trial_id":25,"step":3220,"intermediate_value":0.5301075279712677}
{"op_code":7,"worker_id":"50300f0f-9afb-46d9-9253-d67e727e1b46-126362123685888","trial_id":25,"step":3230,"intermediate_value":0.5301075279712677}
{"op_code":7,"worker_id":"50300f0f-9afb-46d9-9253-d67e727e1b46-126362123685888","trial_id":25,"step":3240,"intermediate_value":0.5301075279712677}
{"op_code":7,"worker_id":"50300f0f-9afb-46d9-9253-d67e727e1b46-126362123685888","trial_id":25,"step":3250,"intermediate_value":0.5301075279712677}
{"op_code":7,"worker_id":"50300f0f-9afb-46d9-9253-d67e727e1b46-126362123685888","trial_id":25,"step":3260,"intermediate_value":0.5301075279712677}
{"op_code":7,"worker_id":"50300f0f-9afb-46d9-9253-d67e727e1b46-126362123685888","trial_id":25,"step":3270,"intermediate_value":0.5301075279712677}
{"op_code":7,"worker_id":"2a4ade4b-160e-48f2-9bf1-2b660e252c54-124741386858496","trial_id":30,"step":200,"intermediate_value":0.19984836410731077}
{"op_code":7,"worker_id":"50300f0f-9afb-46d9-9253-d67e727e1b46-126362123685888","trial_id":25,"step":3280,"intermediate_value":0.5325059071183205}
{"op_code":7,"worker_id":"50300f0f-9afb-46d9-9253-d67e727e1b46-126362123685888","trial_id":25,"step":3290,"intermediate_value":0.33706252835690975}
{"op_code":7,"worker_id":"50300f0f-9afb-46d9-9253-d67e727e1b46-126362123685888","trial_id":25,"step":3300,"intermediate_value":0.5248612463474274}
{"op_code":7,"worker_id":"9414f324-1b26-43e6-9d38-0b02e642feab-136263235239936","trial_id":31,"step":190,"intermediate_value":0.3734376858919859}
{"op_code":7,"worker_id":"50300f0f-9afb-46d9-9253-d67e727e1b46-126362123685888","trial_id":25,"step":3310,"intermediate_value":0.5364398136734962}
{"op_code":7,"worker_id":"50300f0f-9afb-46d9-9253-d67e727e1b46-126362123685888","trial_id":25,"step":3320,"intermediate_value":0.5322580635547638}
{"op_code":7,"worker_id":"50300f0f-9afb-46d9-9253-d67e727e1b46-126362123685888","trial_id":25,"step":3330,"intermediate_value":0.5322580635547638}
{"op_code":7,"worker_id":"e4730140-7544-43d5-aeb9-aa322874c58d-127472605728768","trial_id":29,"step":320,"intermediate_value":0.4654235988855362}
{"op_code":7,"worker_id":"50300f0f-9afb-46d9-9253-d67e727e1b46-126362123685888","trial_id":25,"step":3340,"intermediate_value":0.5344086028635502}
{"op_code":7,"worker_id":"50300f0f-9afb-46d9-9253-d67e727e1b46-126362123685888","trial_id":25,"step":3350,"intermediate_value":0.5344086028635502}
{"op_code":7,"worker_id":"50300f0f-9afb-46d9-9253-d67e727e1b46-126362123685888","trial_id":25,"step":3360,"intermediate_value":0.5322580635547638}
{"op_code":7,"worker_id":"2a4ade4b-160e-48f2-9bf1-2b660e252c54-124741386858496","trial_id":30,"step":210,"intermediate_value":0.14461095165461302}
{"op_code":7,"worker_id":"50300f0f-9afb-46d9-9253-d67e727e1b46-126362123685888","trial_id":25,"step":3370,"intermediate_value":0.5344086028635502}
{"op_code":7,"worker_id":"9414f324-1b26-43e6-9d38-0b02e642feab-136263235239936","trial_id":31,"step":200,"intermediate_value":0.3825108874589205}
{"op_code":7,"worker_id":"50300f0f-9afb-46d9-9253-d67e727e1b46-126362123685888","trial_id":25,"step":3380,"intermediate_value":0.5344086028635502}
{"op_code":7,"worker_id":"50300f0f-9afb-46d9-9253-d67e727e1b46-126362123685888","trial_id":25,"step":3390,"intermediate_value":0.5344086028635502}
{"op_code":7,"worker_id":"50300f0f-9afb-46d9-9253-d67e727e1b46-126362123685888","trial_id":25,"step":3400,"intermediate_value":0.5322580635547638}
{"op_code":7,"worker_id":"9414f324-1b26-43e6-9d38-0b02e642feab-136263235239936","trial_id":31,"step":210,"intermediate_value":0.3678304385393858}
{"op_code":7,"worker_id":"50300f0f-9afb-46d9-9253-d67e727e1b46-126362123685888","trial_id":25,"step":3410,"intermediate_value":0.5322580635547638}
{"op_code":7,"worker_id":"50300f0f-9afb-46d9-9253-d67e727e1b46-126362123685888","trial_id":25,"step":3420,"intermediate_value":0.5322580635547638}
{"op_code":7,"worker_id":"e4730140-7544-43d5-aeb9-aa322874c58d-127472605728768","trial_id":29,"step":330,"intermediate_value":0.4654235988855362}
{"op_code":7,"worker_id":"50300f0f-9afb-46d9-9253-d67e727e1b46-126362123685888","trial_id":25,"step":3430,"intermediate_value":0.5322580635547638}
{"op_code":7,"worker_id":"50300f0f-9afb-46d9-9253-d67e727e1b46-126362123685888","trial_id":25,"step":3440,"intermediate_value":0.5322580635547638}
{"op_code":7,"worker_id":"2a4ade4b-160e-48f2-9bf1-2b660e252c54-124741386858496","trial_id":30,"step":220,"intermediate_value":0.15655051358044147}
{"op_code":7,"worker_id":"50300f0f-9afb-46d9-9253-d67e727e1b46-126362123685888","trial_id":25,"step":3450,"intermediate_value":0.5322580635547638}
{"op_code":7,"worker_id":"50300f0f-9afb-46d9-9253-d67e727e1b46-126362123685888","trial_id":25,"step":3460,"intermediate_value":0.5322580635547638}
{"op_code":7,"worker_id":"50300f0f-9afb-46d9-9253-d67e727e1b46-126362123685888","trial_id":25,"step":3470,"intermediate_value":0.5322580635547638}
{"op_code":7,"worker_id":"50300f0f-9afb-46d9-9253-d67e727e1b46-126362123685888","trial_id":25,"step":3480,"intermediate_value":0.5322580635547638}
{"op_code":7,"worker_id":"50300f0f-9afb-46d9-9253-d67e727e1b46-126362123685888","trial_id":25,"step":3490,"intermediate_value":0.5322580635547638}
{"op_code":7,"worker_id":"50300f0f-9afb-46d9-9253-d67e727e1b46-126362123685888","trial_id":25,"step":3500,"intermediate_value":0.5344086028635502}
{"op_code":7,"worker_id":"9414f324-1b26-43e6-9d38-0b02e642feab-136263235239936","trial_id":31,"step":220,"intermediate_value":0.38596452586352825}
{"op_code":7,"worker_id":"50300f0f-9afb-46d9-9253-d67e727e1b46-126362123685888","trial_id":25,"step":3510,"intermediate_value":0.5344086028635502}
{"op_code":7,"worker_id":"50300f0f-9afb-46d9-9253-d67e727e1b46-126362123685888","trial_id":25,"step":3520,"intermediate_value":0.5365591421723366}
{"op_code":7,"worker_id":"e4730140-7544-43d5-aeb9-aa322874c58d-127472605728768","trial_id":29,"step":340,"intermediate_value":0.46494637429714203}
{"op_code":7,"worker_id":"50300f0f-9afb-46d9-9253-d67e727e1b46-126362123685888","trial_id":25,"step":3530,"intermediate_value":0.5365591421723366}
{"op_code":7,"worker_id":"50300f0f-9afb-46d9-9253-d67e727e1b46-126362123685888","trial_id":25,"step":3540,"intermediate_value":0.5365591421723366}
{"op_code":7,"worker_id":"2a4ade4b-160e-48f2-9bf1-2b660e252c54-124741386858496","trial_id":30,"step":230,"intermediate_value":0.13089723140001297}
{"op_code":7,"worker_id":"50300f0f-9afb-46d9-9253-d67e727e1b46-126362123685888","trial_id":25,"step":3550,"intermediate_value":0.5365591421723366}
{"op_code":7,"worker_id":"50300f0f-9afb-46d9-9253-d67e727e1b46-126362123685888","trial_id":25,"step":3560,"intermediate_value":0.5365591421723366}
{"op_code":7,"worker_id":"50300f0f-9afb-46d9-9253-d67e727e1b46-126362123685888","trial_id":25,"step":3570,"intermediate_value":0.5365591421723366}
{"op_code":7,"worker_id":"50300f0f-9afb-46d9-9253-d67e727e1b46-126362123685888","trial_id":25,"step":3580,"intermediate_value":0.5365591421723366}
{"op_code":7,"worker_id":"9414f324-1b26-43e6-9d38-0b02e642feab-136263235239936","trial_id":31,"step":230,"intermediate_value":0.3918104004114866}
{"op_code":7,"worker_id":"50300f0f-9afb-46d9-9253-d67e727e1b46-126362123685888","trial_id":25,"step":3590,"intermediate_value":0.5365591421723366}
{"op_code":7,"worker_id":"e4730140-7544-43d5-aeb9-aa322874c58d-127472605728768","trial_id":29,"step":350,"intermediate_value":0.30173949897289276}
{"op_code":7,"worker_id":"50300f0f-9afb-46d9-9253-d67e727e1b46-126362123685888","trial_id":25,"step":3600,"intermediate_value":0.5365591421723366}
{"op_code":7,"worker_id":"50300f0f-9afb-46d9-9253-d67e727e1b46-126362123685888","trial_id":25,"step":3610,"intermediate_value":0.5365591421723366}
{"op_code":7,"worker_id":"2a4ade4b-160e-48f2-9bf1-2b660e252c54-124741386858496","trial_id":30,"step":240,"intermediate_value":0.14462018199265003}
{"op_code":7,"worker_id":"50300f0f-9afb-46d9-9253-d67e727e1b46-126362123685888","trial_id":25,"step":3620,"intermediate_value":0.5365591421723366}
{"op_code":7,"worker_id":"50300f0f-9afb-46d9-9253-d67e727e1b46-126362123685888","trial_id":25,"step":3630,"intermediate_value":0.5365591421723366}
{"op_code":7,"worker_id":"50300f0f-9afb-46d9-9253-d67e727e1b46-126362123685888","trial_id":25,"step":3640,"intermediate_value":0.5365591421723366}
{"op_code":7,"worker_id":"50300f0f-9afb-46d9-9253-d67e727e1b46-126362123685888","trial_id":25,"step":3650,"intermediate_value":0.5365591421723366}
{"op_code":7,"worker_id":"50300f0f-9afb-46d9-9253-d67e727e1b46-126362123685888","trial_id":25,"step":3660,"intermediate_value":0.5344086028635502}
{"op_code":7,"worker_id":"50300f0f-9afb-46d9-9253-d67e727e1b46-126362123685888","trial_id":25,"step":3670,"intermediate_value":0.5344086028635502}
{"op_code":7,"worker_id":"9414f324-1b26-43e6-9d38-0b02e642feab-136263235239936","trial_id":31,"step":240,"intermediate_value":0.36758876871317625}
{"op_code":7,"worker_id":"50300f0f-9afb-46d9-9253-d67e727e1b46-126362123685888","trial_id":25,"step":3680,"intermediate_value":0.5322580635547638}
{"op_code":7,"worker_id":"50300f0f-9afb-46d9-9253-d67e727e1b46-126362123685888","trial_id":25,"step":3690,"intermediate_value":0.5322580635547638}
{"op_code":7,"worker_id":"50300f0f-9afb-46d9-9253-d67e727e1b46-126362123685888","trial_id":25,"step":3700,"intermediate_value":0.5344086028635502}
{"op_code":7,"worker_id":"e4730140-7544-43d5-aeb9-aa322874c58d-127472605728768","trial_id":29,"step":360,"intermediate_value":0.38166655134409666}
{"op_code":7,"worker_id":"50300f0f-9afb-46d9-9253-d67e727e1b46-126362123685888","trial_id":25,"step":3710,"intermediate_value":0.5408602170646191}
{"op_code":7,"worker_id":"50300f0f-9afb-46d9-9253-d67e727e1b46-126362123685888","trial_id":25,"step":3720,"intermediate_value":0.2843335494399071}
{"op_code":7,"worker_id":"2a4ade4b-160e-48f2-9bf1-2b660e252c54-124741386858496","trial_id":30,"step":250,"intermediate_value":0.10345440171658993}
{"op_code":7,"worker_id":"50300f0f-9afb-46d9-9253-d67e727e1b46-126362123685888","trial_id":25,"step":3730,"intermediate_value":0.5265376642346382}
{"op_code":7,"worker_id":"50300f0f-9afb-46d9-9253-d67e727e1b46-126362123685888","trial_id":25,"step":3740,"intermediate_value":0.5408602170646191}
{"op_code":7,"worker_id":"50300f0f-9afb-46d9-9253-d67e727e1b46-126362123685888","trial_id":25,"step":3750,"intermediate_value":0.5451612919569016}
{"op_code":7,"worker_id":"50300f0f-9afb-46d9-9253-d67e727e1b46-126362123685888","trial_id":25,"step":3760,"intermediate_value":0.5430107526481152}
{"op_code":7,"worker_id":"50300f0f-9afb-46d9-9253-d67e727e1b46-126362123685888","trial_id":25,"step":3770,"intermediate_value":0.5408602170646191}
{"op_code":7,"worker_id":"50300f0f-9afb-46d9-9253-d67e727e1b46-126362123685888","trial_id":25,"step":3780,"intermediate_value":0.5430107526481152}
{"op_code":7,"worker_id":"9414f324-1b26-43e6-9d38-0b02e642feab-136263235239936","trial_id":31,"step":250,"intermediate_value":0.38489387929439545}
{"op_code":7,"worker_id":"50300f0f-9afb-46d9-9253-d67e727e1b46-126362123685888","trial_id":25,"step":3790,"intermediate_value":0.5430107526481152}
{"op_code":7,"worker_id":"50300f0f-9afb-46d9-9253-d67e727e1b46-126362123685888","trial_id":25,"step":3800,"intermediate_value":0.5408602170646191}
{"op_code":7,"worker_id":"e4730140-7544-43d5-aeb9-aa322874c58d-127472605728768","trial_id":29,"step":370,"intermediate_value":0.4480022322386503}
{"op_code":7,"worker_id":"50300f0f-9afb-46d9-9253-d67e727e1b46-126362123685888","trial_id":25,"step":3810,"intermediate_value":0.5408602170646191}
{"op_code":7,"worker_id":"50300f0f-9afb-46d9-9253-d67e727e1b46-126362123685888","trial_id":25,"step":3820,"intermediate_value":0.5430107526481152}
{"op_code":7,"worker_id":"50300f0f-9afb-46d9-9253-d67e727e1b46-126362123685888","trial_id":25,"step":3830,"intermediate_value":0.5430107526481152}
{"op_code":7,"worker_id":"2a4ade4b-160e-48f2-9bf1-2b660e252c54-124741386858496","trial_id":30,"step":260,"intermediate_value":0.12410926073789597}
{"op_code":7,"worker_id":"50300f0f-9afb-46d9-9253-d67e727e1b46-126362123685888","trial_id":25,"step":3840,"intermediate_value":0.5430107526481152}
{"op_code":7,"worker_id":"50300f0f-9afb-46d9-9253-d67e727e1b46-126362123685888","trial_id":25,"step":3850,"intermediate_value":0.5430107526481152}
{"op_code":7,"worker_id":"50300f0f-9afb-46d9-9253-d67e727e1b46-126362123685888","trial_id":25,"step":3860,"intermediate_value":0.5430107526481152}
{"op_code":7,"worker_id":"50300f0f-9afb-46d9-9253-d67e727e1b46-126362123685888","trial_id":25,"step":3870,"intermediate_value":0.5430107526481152}
{"op_code":7,"worker_id":"50300f0f-9afb-46d9-9253-d67e727e1b46-126362123685888","trial_id":25,"step":3880,"intermediate_value":0.5430107526481152}
{"op_code":7,"worker_id":"50300f0f-9afb-46d9-9253-d67e727e1b46-126362123685888","trial_id":25,"step":3890,"intermediate_value":0.5430107526481152}
{"op_code":7,"worker_id":"50300f0f-9afb-46d9-9253-d67e727e1b46-126362123685888","trial_id":25,"step":3900,"intermediate_value":0.5430107526481152}
{"op_code":7,"worker_id":"9414f324-1b26-43e6-9d38-0b02e642feab-136263235239936","trial_id":31,"step":260,"intermediate_value":0.401831878349185}
{"op_code":7,"worker_id":"50300f0f-9afb-46d9-9253-d67e727e1b46-126362123685888","trial_id":25,"step":3910,"intermediate_value":0.5430107526481152}
{"op_code":7,"worker_id":"50300f0f-9afb-46d9-9253-d67e727e1b46-126362123685888","trial_id":25,"step":3920,"intermediate_value":0.5430107526481152}
{"op_code":7,"worker_id":"e4730140-7544-43d5-aeb9-aa322874c58d-127472605728768","trial_id":29,"step":380,"intermediate_value":0.4574241144582629}
{"op_code":7,"worker_id":"50300f0f-9afb-46d9-9253-d67e727e1b46-126362123685888","trial_id":25,"step":3930,"intermediate_value":0.5430107526481152}
{"op_code":7,"worker_id":"50300f0f-9afb-46d9-9253-d67e727e1b46-126362123685888","trial_id":25,"step":3940,"intermediate_value":0.5430107526481152}
{"op_code":7,"worker_id":"2a4ade4b-160e-48f2-9bf1-2b660e252c54-124741386858496","trial_id":30,"step":270,"intermediate_value":0.08438127487897873}
{"op_code":7,"worker_id":"50300f0f-9afb-46d9-9253-d67e727e1b46-126362123685888","trial_id":25,"step":3950,"intermediate_value":0.5408602170646191}
{"op_code":7,"worker_id":"50300f0f-9afb-46d9-9253-d67e727e1b46-126362123685888","trial_id":25,"step":3960,"intermediate_value":0.5451612919569016}
{"op_code":7,"worker_id":"50300f0f-9afb-46d9-9253-d67e727e1b46-126362123685888","trial_id":25,"step":3970,"intermediate_value":0.5473118275403976}
{"op_code":7,"worker_id":"50300f0f-9afb-46d9-9253-d67e727e1b46-126362123685888","trial_id":25,"step":3980,"intermediate_value":0.5473118275403976}
{"op_code":7,"worker_id":"50300f0f-9afb-46d9-9253-d67e727e1b46-126362123685888","trial_id":25,"step":3990,"intermediate_value":0.5473118275403976}
{"op_code":7,"worker_id":"50300f0f-9afb-46d9-9253-d67e727e1b46-126362123685888","trial_id":25,"step":4000,"intermediate_value":0.5473118275403976}
{"op_code":7,"worker_id":"9414f324-1b26-43e6-9d38-0b02e642feab-136263235239936","trial_id":31,"step":270,"intermediate_value":0.4025446278974414}
{"op_code":7,"worker_id":"e4730140-7544-43d5-aeb9-aa322874c58d-127472605728768","trial_id":29,"step":390,"intermediate_value":0.46184141747653484}
{"op_code":7,"worker_id":"50300f0f-9afb-46d9-9253-d67e727e1b46-126362123685888","trial_id":25,"step":4010,"intermediate_value":0.549462366849184}
{"op_code":7,"worker_id":"2a4ade4b-160e-48f2-9bf1-2b660e252c54-124741386858496","trial_id":30,"step":280,"intermediate_value":0.08869466930627823}
{"op_code":7,"worker_id":"50300f0f-9afb-46d9-9253-d67e727e1b46-126362123685888","trial_id":25,"step":4020,"intermediate_value":0.549462366849184}
{"op_code":7,"worker_id":"50300f0f-9afb-46d9-9253-d67e727e1b46-126362123685888","trial_id":25,"step":4030,"intermediate_value":0.5516129061579704}
{"op_code":7,"worker_id":"50300f0f-9afb-46d9-9253-d67e727e1b46-126362123685888","trial_id":25,"step":4040,"intermediate_value":0.5473118275403976}
{"op_code":7,"worker_id":"50300f0f-9afb-46d9-9253-d67e727e1b46-126362123685888","trial_id":25,"step":4050,"intermediate_value":0.549462366849184}
{"op_code":7,"worker_id":"50300f0f-9afb-46d9-9253-d67e727e1b46-126362123685888","trial_id":25,"step":4060,"intermediate_value":0.233381824567914}
{"op_code":7,"worker_id":"50300f0f-9afb-46d9-9253-d67e727e1b46-126362123685888","trial_id":25,"step":4070,"intermediate_value":0.5282232910394669}
{"op_code":7,"worker_id":"9414f324-1b26-43e6-9d38-0b02e642feab-136263235239936","trial_id":31,"step":280,"intermediate_value":0.3972983490675688}
{"op_code":7,"worker_id":"50300f0f-9afb-46d9-9253-d67e727e1b46-126362123685888","trial_id":25,"step":4080,"intermediate_value":0.5555560551583767}
{"op_code":7,"worker_id":"50300f0f-9afb-46d9-9253-d67e727e1b46-126362123685888","trial_id":25,"step":4090,"intermediate_value":0.5623655915260315}
{"op_code":7,"worker_id":"2a4ade4b-160e-48f2-9bf1-2b660e252c54-124741386858496","trial_id":30,"step":290,"intermediate_value":0.10160097479820251}
{"op_code":7,"worker_id":"50300f0f-9afb-46d9-9253-d67e727e1b46-126362123685888","trial_id":25,"step":4100,"intermediate_value":0.5666666701436043}
{"op_code":7,"worker_id":"e4730140-7544-43d5-aeb9-aa322874c58d-127472605728768","trial_id":29,"step":400,"intermediate_value":0.4612418217584491}
{"op_code":7,"worker_id":"50300f0f-9afb-46d9-9253-d67e727e1b46-126362123685888","trial_id":25,"step":4110,"intermediate_value":0.5688172057271004}
{"op_code":7,"worker_id":"50300f0f-9afb-46d9-9253-d67e727e1b46-126362123685888","trial_id":25,"step":4120,"intermediate_value":0.5645161271095276}
{"op_code":7,"worker_id":"50300f0f-9afb-46d9-9253-d67e727e1b46-126362123685888","trial_id":25,"step":4130,"intermediate_value":0.5623655915260315}
{"op_code":7,"worker_id":"50300f0f-9afb-46d9-9253-d67e727e1b46-126362123685888","trial_id":25,"step":4140,"intermediate_value":0.5602150559425354}
{"op_code":7,"worker_id":"50300f0f-9afb-46d9-9253-d67e727e1b46-126362123685888","trial_id":25,"step":4150,"intermediate_value":0.5602150559425354}
{"op_code":7,"worker_id":"50300f0f-9afb-46d9-9253-d67e727e1b46-126362123685888","trial_id":25,"step":4160,"intermediate_value":0.5645161271095276}
{"op_code":7,"worker_id":"9414f324-1b26-43e6-9d38-0b02e642feab-136263235239936","trial_id":31,"step":290,"intermediate_value":0.40719742607325315}
{"op_code":7,"worker_id":"50300f0f-9afb-46d9-9253-d67e727e1b46-126362123685888","trial_id":25,"step":4170,"intermediate_value":0.5645161271095276}
{"op_code":7,"worker_id":"50300f0f-9afb-46d9-9253-d67e727e1b46-126362123685888","trial_id":25,"step":4180,"intermediate_value":0.5623655915260315}
{"op_code":7,"worker_id":"50300f0f-9afb-46d9-9253-d67e727e1b46-126362123685888","trial_id":25,"step":4190,"intermediate_value":0.5623655915260315}
{"op_code":7,"worker_id":"50300f0f-9afb-46d9-9253-d67e727e1b46-126362123685888","trial_id":25,"step":4200,"intermediate_value":0.5623655915260315}
{"op_code":7,"worker_id":"2a4ade4b-160e-48f2-9bf1-2b660e252c54-124741386858496","trial_id":30,"step":300,"intermediate_value":0.07568753138184547}
{"op_code":7,"worker_id":"50300f0f-9afb-46d9-9253-d67e727e1b46-126362123685888","trial_id":25,"step":4210,"intermediate_value":0.5602150559425354}
{"op_code":7,"worker_id":"e4730140-7544-43d5-aeb9-aa322874c58d-127472605728768","trial_id":29,"step":410,"intermediate_value":0.461361120454967}
{"op_code":7,"worker_id":"50300f0f-9afb-46d9-9253-d67e727e1b46-126362123685888","trial_id":25,"step":4220,"intermediate_value":0.5602150559425354}
{"op_code":7,"worker_id":"50300f0f-9afb-46d9-9253-d67e727e1b46-126362123685888","trial_id":25,"step":4230,"intermediate_value":0.5602150559425354}
{"op_code":7,"worker_id":"50300f0f-9afb-46d9-9253-d67e727e1b46-126362123685888","trial_id":25,"step":4240,"intermediate_value":0.5623655915260315}
{"op_code":7,"worker_id":"50300f0f-9afb-46d9-9253-d67e727e1b46-126362123685888","trial_id":25,"step":4250,"intermediate_value":0.558064516633749}
{"op_code":7,"worker_id":"50300f0f-9afb-46d9-9253-d67e727e1b46-126362123685888","trial_id":25,"step":4260,"intermediate_value":0.558064516633749}
{"op_code":7,"worker_id":"50300f0f-9afb-46d9-9253-d67e727e1b46-126362123685888","trial_id":25,"step":4270,"intermediate_value":0.558064516633749}
{"op_code":7,"worker_id":"9414f324-1b26-43e6-9d38-0b02e642feab-136263235239936","trial_id":31,"step":300,"intermediate_value":0.3934806417673826}
{"op_code":7,"worker_id":"50300f0f-9afb-46d9-9253-d67e727e1b46-126362123685888","trial_id":25,"step":4280,"intermediate_value":0.558064516633749}
{"op_code":7,"worker_id":"50300f0f-9afb-46d9-9253-d67e727e1b46-126362123685888","trial_id":25,"step":4290,"intermediate_value":0.558064516633749}
{"op_code":7,"worker_id":"50300f0f-9afb-46d9-9253-d67e727e1b46-126362123685888","trial_id":25,"step":4300,"intermediate_value":0.5602150559425354}
{"op_code":7,"worker_id":"50300f0f-9afb-46d9-9253-d67e727e1b46-126362123685888","trial_id":25,"step":4310,"intermediate_value":0.5623655915260315}
{"op_code":7,"worker_id":"50300f0f-9afb-46d9-9253-d67e727e1b46-126362123685888","trial_id":25,"step":4320,"intermediate_value":0.5602150559425354}
{"op_code":7,"worker_id":"2a4ade4b-160e-48f2-9bf1-2b660e252c54-124741386858496","trial_id":30,"step":310,"intermediate_value":0.08500242605805397}
{"op_code":7,"worker_id":"50300f0f-9afb-46d9-9253-d67e727e1b46-126362123685888","trial_id":25,"step":4330,"intermediate_value":0.5602150559425354}
{"op_code":7,"worker_id":"e4730140-7544-43d5-aeb9-aa322874c58d-127472605728768","trial_id":29,"step":420,"intermediate_value":0.4633923601359129}
{"op_code":7,"worker_id":"50300f0f-9afb-46d9-9253-d67e727e1b46-126362123685888","trial_id":25,"step":4340,"intermediate_value":0.5602150559425354}
{"op_code":7,"worker_id":"50300f0f-9afb-46d9-9253-d67e727e1b46-126362123685888","trial_id":25,"step":4350,"intermediate_value":0.5623655915260315}
{"op_code":7,"worker_id":"50300f0f-9afb-46d9-9253-d67e727e1b46-126362123685888","trial_id":25,"step":4360,"intermediate_value":0.5645161271095276}
{"op_code":7,"worker_id":"50300f0f-9afb-46d9-9253-d67e727e1b46-126362123685888","trial_id":25,"step":4370,"intermediate_value":0.5623655915260315}
{"op_code":7,"worker_id":"50300f0f-9afb-46d9-9253-d67e727e1b46-126362123685888","trial_id":25,"step":4380,"intermediate_value":0.5623655915260315}
{"op_code":7,"worker_id":"50300f0f-9afb-46d9-9253-d67e727e1b46-126362123685888","trial_id":25,"step":4390,"intermediate_value":0.5623655915260315}
{"op_code":7,"worker_id":"9414f324-1b26-43e6-9d38-0b02e642feab-136263235239936","trial_id":31,"step":310,"intermediate_value":0.4054078860208392}
{"op_code":7,"worker_id":"50300f0f-9afb-46d9-9253-d67e727e1b46-126362123685888","trial_id":25,"step":4400,"intermediate_value":0.5645161271095276}
{"op_code":7,"worker_id":"50300f0f-9afb-46d9-9253-d67e727e1b46-126362123685888","trial_id":25,"step":4410,"intermediate_value":0.5666666701436043}
{"op_code":7,"worker_id":"50300f0f-9afb-46d9-9253-d67e727e1b46-126362123685888","trial_id":25,"step":4420,"intermediate_value":0.5666666701436043}
{"op_code":7,"worker_id":"50300f0f-9afb-46d9-9253-d67e727e1b46-126362123685888","trial_id":25,"step":4430,"intermediate_value":0.5666666701436043}
{"op_code":7,"worker_id":"50300f0f-9afb-46d9-9253-d67e727e1b46-126362123685888","trial_id":25,"step":4440,"intermediate_value":0.5688172057271004}
{"op_code":7,"worker_id":"e4730140-7544-43d5-aeb9-aa322874c58d-127472605728768","trial_id":29,"step":430,"intermediate_value":0.4612418217584491}
{"op_code":7,"worker_id":"2a4ade4b-160e-48f2-9bf1-2b660e252c54-124741386858496","trial_id":30,"step":320,"intermediate_value":0.14637663960456848}
{"op_code":7,"worker_id":"9414f324-1b26-43e6-9d38-0b02e642feab-136263235239936","trial_id":31,"step":320,"intermediate_value":0.4093572087585926}
{"op_code":7,"worker_id":"e4730140-7544-43d5-aeb9-aa322874c58d-127472605728768","trial_id":29,"step":440,"intermediate_value":0.3757075220346451}
{"op_code":7,"worker_id":"2a4ade4b-160e-48f2-9bf1-2b660e252c54-124741386858496","trial_id":30,"step":330,"intermediate_value":0.11891841515898705}
{"op_code":7,"worker_id":"50300f0f-9afb-46d9-9253-d67e727e1b46-126362123685888","trial_id":25,"step":4450,"intermediate_value":0.5688172057271004}
{"op_code":7,"worker_id":"50300f0f-9afb-46d9-9253-d67e727e1b46-126362123685888","trial_id":25,"step":4460,"intermediate_value":0.5688172057271004}
{"op_code":7,"worker_id":"50300f0f-9afb-46d9-9253-d67e727e1b46-126362123685888","trial_id":25,"step":4470,"intermediate_value":0.5709677413105965}
{"op_code":7,"worker_id":"50300f0f-9afb-46d9-9253-d67e727e1b46-126362123685888","trial_id":25,"step":4480,"intermediate_value":0.5731182843446732}
{"op_code":7,"worker_id":"50300f0f-9afb-46d9-9253-d67e727e1b46-126362123685888","trial_id":25,"step":4490,"intermediate_value":0.5731182843446732}
{"op_code":7,"worker_id":"50300f0f-9afb-46d9-9253-d67e727e1b46-126362123685888","trial_id":25,"step":4500,"intermediate_value":0.19224682822823524}
{"op_code":7,"worker_id":"50300f0f-9afb-46d9-9253-d67e727e1b46-126362123685888","trial_id":25,"step":4510,"intermediate_value":0.5486672669649124}
{"op_code":7,"worker_id":"50300f0f-9afb-46d9-9253-d67e727e1b46-126362123685888","trial_id":25,"step":4520,"intermediate_value":0.6052570194005966}
{"op_code":7,"worker_id":"50300f0f-9afb-46d9-9253-d67e727e1b46-126362123685888","trial_id":25,"step":4530,"intermediate_value":0.5946236550807953}
{"op_code":7,"worker_id":"50300f0f-9afb-46d9-9253-d67e727e1b46-126362123685888","trial_id":25,"step":4540,"intermediate_value":0.605376347899437}
{"op_code":7,"worker_id":"50300f0f-9afb-46d9-9253-d67e727e1b46-126362123685888","trial_id":25,"step":4550,"intermediate_value":0.6096774190664291}
{"op_code":7,"worker_id":"50300f0f-9afb-46d9-9253-d67e727e1b46-126362123685888","trial_id":25,"step":4560,"intermediate_value":0.6032258123159409}
{"op_code":7,"worker_id":"50300f0f-9afb-46d9-9253-d67e727e1b46-126362123685888","trial_id":25,"step":4570,"intermediate_value":0.6010752692818642}
{"op_code":7,"worker_id":"2a4ade4b-160e-48f2-9bf1-2b660e252c54-124741386858496","trial_id":30,"step":340,"intermediate_value":0.13442783802747726}
{"op_code":7,"worker_id":"50300f0f-9afb-46d9-9253-d67e727e1b46-126362123685888","trial_id":25,"step":4580,"intermediate_value":0.5989247336983681}
{"op_code":7,"worker_id":"50300f0f-9afb-46d9-9253-d67e727e1b46-126362123685888","trial_id":25,"step":4590,"intermediate_value":0.5989247336983681}
{"op_code":7,"worker_id":"e4730140-7544-43d5-aeb9-aa322874c58d-127472605728768","trial_id":29,"step":450,"intermediate_value":0.3542267782613635}
{"op_code":7,"worker_id":"50300f0f-9afb-46d9-9253-d67e727e1b46-126362123685888","trial_id":25,"step":4600,"intermediate_value":0.596774198114872}
{"op_code":7,"worker_id":"50300f0f-9afb-46d9-9253-d67e727e1b46-126362123685888","trial_id":25,"step":4610,"intermediate_value":0.5989247336983681}
{"op_code":7,"worker_id":"50300f0f-9afb-46d9-9253-d67e727e1b46-126362123685888","trial_id":25,"step":4620,"intermediate_value":0.6010752692818642}
{"op_code":7,"worker_id":"2a4ade4b-160e-48f2-9bf1-2b660e252c54-124741386858496","trial_id":30,"step":350,"intermediate_value":0.13562395423650742}
{"op_code":7,"worker_id":"50300f0f-9afb-46d9-9253-d67e727e1b46-126362123685888","trial_id":25,"step":4630,"intermediate_value":0.6032258123159409}
{"op_code":7,"worker_id":"50300f0f-9afb-46d9-9253-d67e727e1b46-126362123685888","trial_id":25,"step":4640,"intermediate_value":0.605376347899437}
{"op_code":7,"worker_id":"9414f324-1b26-43e6-9d38-0b02e642feab-136263235239936","trial_id":31,"step":330,"intermediate_value":0.4184180945158005}
{"op_code":7,"worker_id":"50300f0f-9afb-46d9-9253-d67e727e1b46-126362123685888","trial_id":25,"step":4650,"intermediate_value":0.6032258123159409}
{"op_code":7,"worker_id":"50300f0f-9afb-46d9-9253-d67e727e1b46-126362123685888","trial_id":25,"step":4660,"intermediate_value":0.605376347899437}
{"op_code":7,"worker_id":"50300f0f-9afb-46d9-9253-d67e727e1b46-126362123685888","trial_id":25,"step":4670,"intermediate_value":0.6096774190664291}
{"op_code":7,"worker_id":"50300f0f-9afb-46d9-9253-d67e727e1b46-126362123685888","trial_id":25,"step":4680,"intermediate_value":0.6096774190664291}
{"op_code":7,"worker_id":"50300f0f-9afb-46d9-9253-d67e727e1b46-126362123685888","trial_id":25,"step":4690,"intermediate_value":0.607526883482933}
{"op_code":7,"worker_id":"e4730140-7544-43d5-aeb9-aa322874c58d-127472605728768","trial_id":29,"step":460,"intermediate_value":0.43988962285220623}
{"op_code":7,"worker_id":"50300f0f-9afb-46d9-9253-d67e727e1b46-126362123685888","trial_id":25,"step":4700,"intermediate_value":0.6118279621005058}
{"op_code":7,"worker_id":"50300f0f-9afb-46d9-9253-d67e727e1b46-126362123685888","trial_id":25,"step":4710,"intermediate_value":0.6118279621005058}
{"op_code":7,"worker_id":"50300f0f-9afb-46d9-9253-d67e727e1b46-126362123685888","trial_id":25,"step":4720,"intermediate_value":0.6118279621005058}
{"op_code":7,"worker_id":"50300f0f-9afb-46d9-9253-d67e727e1b46-126362123685888","trial_id":25,"step":4730,"intermediate_value":0.6139784976840019}
{"op_code":7,"worker_id":"2a4ade4b-160e-48f2-9bf1-2b660e252c54-124741386858496","trial_id":30,"step":360,"intermediate_value":0.12774070352315903}
{"op_code":7,"worker_id":"50300f0f-9afb-46d9-9253-d67e727e1b46-126362123685888","trial_id":25,"step":4740,"intermediate_value":0.6096774190664291}
{"op_code":7,"worker_id":"9414f324-1b26-43e6-9d38-0b02e642feab-136263235239936","trial_id":31,"step":340,"intermediate_value":0.4165123272687197}
{"op_code":7,"worker_id":"50300f0f-9afb-46d9-9253-d67e727e1b46-126362123685888","trial_id":25,"step":4750,"intermediate_value":0.6139784976840019}
{"op_code":7,"worker_id":"50300f0f-9afb-46d9-9253-d67e727e1b46-126362123685888","trial_id":25,"step":4760,"intermediate_value":0.6139784976840019}
{"op_code":7,"worker_id":"50300f0f-9afb-46d9-9253-d67e727e1b46-126362123685888","trial_id":25,"step":4770,"intermediate_value":0.6118279621005058}
{"op_code":7,"worker_id":"50300f0f-9afb-46d9-9253-d67e727e1b46-126362123685888","trial_id":25,"step":4780,"intermediate_value":0.6096774190664291}
{"op_code":7,"worker_id":"50300f0f-9afb-46d9-9253-d67e727e1b46-126362123685888","trial_id":25,"step":4790,"intermediate_value":0.607526883482933}
{"op_code":7,"worker_id":"e4730140-7544-43d5-aeb9-aa322874c58d-127472605728768","trial_id":29,"step":470,"intermediate_value":0.45647276751697063}
{"op_code":7,"worker_id":"50300f0f-9afb-46d9-9253-d67e727e1b46-126362123685888","trial_id":25,"step":4800,"intermediate_value":0.6096774190664291}
{"op_code":7,"worker_id":"50300f0f-9afb-46d9-9253-d67e727e1b46-126362123685888","trial_id":25,"step":4810,"intermediate_value":0.616129033267498}
{"op_code":7,"worker_id":"50300f0f-9afb-46d9-9253-d67e727e1b46-126362123685888","trial_id":25,"step":4820,"intermediate_value":0.6204301118850708}
{"op_code":7,"worker_id":"9414f324-1b26-43e6-9d38-0b02e642feab-136263235239936","trial_id":31,"step":350,"intermediate_value":0.40327273681759834}
{"op_code":7,"worker_id":"50300f0f-9afb-46d9-9253-d67e727e1b46-126362123685888","trial_id":25,"step":4830,"intermediate_value":0.6204301118850708}
{"op_code":7,"worker_id":"50300f0f-9afb-46d9-9253-d67e727e1b46-126362123685888","trial_id":25,"step":4840,"intermediate_value":0.6225806474685669}
{"op_code":7,"worker_id":"50300f0f-9afb-46d9-9253-d67e727e1b46-126362123685888","trial_id":25,"step":4850,"intermediate_value":0.6225806474685669}
{"op_code":7,"worker_id":"e4730140-7544-43d5-aeb9-aa322874c58d-127472605728768","trial_id":29,"step":480,"intermediate_value":0.4625572394579649}
{"op_code":7,"worker_id":"50300f0f-9afb-46d9-9253-d67e727e1b46-126362123685888","trial_id":25,"step":4860,"intermediate_value":0.624731183052063}
{"op_code":7,"worker_id":"50300f0f-9afb-46d9-9253-d67e727e1b46-126362123685888","trial_id":25,"step":4870,"intermediate_value":0.6268817186355591}
{"op_code":7,"worker_id":"50300f0f-9afb-46d9-9253-d67e727e1b46-126362123685888","trial_id":25,"step":4880,"intermediate_value":0.624731183052063}
{"op_code":7,"worker_id":"9414f324-1b26-43e6-9d38-0b02e642feab-136263235239936","trial_id":31,"step":360,"intermediate_value":0.41615443117916584}
{"op_code":7,"worker_id":"e4730140-7544-43d5-aeb9-aa322874c58d-127472605728768","trial_id":29,"step":490,"intermediate_value":0.4612418217584491}
{"op_code":7,"worker_id":"2a4ade4b-160e-48f2-9bf1-2b660e252c54-124741386858496","trial_id":30,"step":370,"intermediate_value":0.13443399965763092}
{"op_code":7,"worker_id":"50300f0f-9afb-46d9-9253-d67e727e1b46-126362123685888","trial_id":25,"step":4890,"intermediate_value":0.6290322542190552}
{"op_code":7,"worker_id":"50300f0f-9afb-46d9-9253-d67e727e1b46-126362123685888","trial_id":25,"step":4900,"intermediate_value":0.6290322542190552}
{"op_code":7,"worker_id":"50300f0f-9afb-46d9-9253-d67e727e1b46-126362123685888","trial_id":25,"step":4910,"intermediate_value":0.6311828047037125}
{"op_code":7,"worker_id":"50300f0f-9afb-46d9-9253-d67e727e1b46-126362123685888","trial_id":25,"step":4920,"intermediate_value":0.6333333402872086}
{"op_code":7,"worker_id":"9414f324-1b26-43e6-9d38-0b02e642feab-136263235239936","trial_id":31,"step":370,"intermediate_value":0.3912138771265745}
{"op_code":7,"worker_id":"e4730140-7544-43d5-aeb9-aa322874c58d-127472605728768","trial_id":29,"step":500,"intermediate_value":0.4612418217584491}
{"op_code":7,"worker_id":"50300f0f-9afb-46d9-9253-d67e727e1b46-126362123685888","trial_id":25,"step":4930,"intermediate_value":0.6333333402872086}
{"op_code":7,"worker_id":"50300f0f-9afb-46d9-9253-d67e727e1b46-126362123685888","trial_id":25,"step":4940,"intermediate_value":0.6354838758707047}
{"op_code":7,"worker_id":"2a4ade4b-160e-48f2-9bf1-2b660e252c54-124741386858496","trial_id":30,"step":380,"intermediate_value":0.18900177627801895}
{"op_code":7,"worker_id":"50300f0f-9afb-46d9-9253-d67e727e1b46-126362123685888","trial_id":25,"step":4950,"intermediate_value":0.6419354826211929}
{"op_code":7,"worker_id":"50300f0f-9afb-46d9-9253-d67e727e1b46-126362123685888","trial_id":25,"step":4960,"intermediate_value":0.6462365686893463}
{"op_code":7,"worker_id":"50300f0f-9afb-46d9-9253-d67e727e1b46-126362123685888","trial_id":25,"step":4970,"intermediate_value":0.644086018204689}
{"op_code":7,"worker_id":"50300f0f-9afb-46d9-9253-d67e727e1b46-126362123685888","trial_id":25,"step":4980,"intermediate_value":0.17232625931501389}
{"op_code":6,"worker_id":"50300f0f-9afb-46d9-9253-d67e727e1b46-126362123685888","trial_id":25,"state":2,"values":[0.17232625931501389],"datetime_complete":"2026-06-09T22:14:49.325288"}
{"op_code":7,"worker_id":"9414f324-1b26-43e6-9d38-0b02e642feab-136263235239936","trial_id":31,"step":380,"intermediate_value":0.3887115865945816}
{"op_code":7,"worker_id":"e4730140-7544-43d5-aeb9-aa322874c58d-127472605728768","trial_id":29,"step":510,"intermediate_value":0.46554289758205414}
{"op_code":4,"worker_id":"241b5ad9-d696-4ec4-b763-b092df501157-126362123685888","study_id":1,"datetime_start":"2026-06-09T22:14:49.484246"}
{"op_code":5,"worker_id":"241b5ad9-d696-4ec4-b763-b092df501157-126362123685888","trial_id":32,"param_name":"lr","param_value_internal":0.0011576160601673156,"distribution":"{\"name\": \"FloatDistribution\", \"attributes\": {\"step\": null, \"low\": 0.0002, \"high\": 0.005, \"log\": true}}"}
{"op_code":5,"worker_id":"241b5ad9-d696-4ec4-b763-b092df501157-126362123685888","trial_id":32,"param_name":"neural_alpha","param_value_internal":3.185365635006737,"distribution":"{\"name\": \"FloatDistribution\", \"attributes\": {\"step\": null, \"low\": 2.0, \"high\": 30.0, \"log\": true}}"}
{"op_code":5,"worker_id":"241b5ad9-d696-4ec4-b763-b092df501157-126362123685888","trial_id":32,"param_name":"neural_beta","param_value_internal":8.676386285367716,"distribution":"{\"name\": \"FloatDistribution\", \"attributes\": {\"step\": null, \"low\": 1.0, \"high\": 10.0, \"log\": false}}"}
{"op_code":5,"worker_id":"241b5ad9-d696-4ec4-b763-b092df501157-126362123685888","trial_id":32,"param_name":"inner_steps","param_value_internal":1.0,"distribution":"{\"name\": \"IntDistribution\", \"attributes\": {\"log\": false, \"step\": 1, \"low\": 1, \"high\": 2}}"}
{"op_code":5,"worker_id":"241b5ad9-d696-4ec4-b763-b092df501157-126362123685888","trial_id":32,"param_name":"neural_grad_clip","param_value_internal":1.9717501253092347,"distribution":"{\"name\": \"FloatDistribution\", \"attributes\": {\"step\": null, \"low\": 0.5, \"high\": 3.0, \"log\": false}}"}
{"op_code":5,"worker_id":"241b5ad9-d696-4ec4-b763-b092df501157-126362123685888","trial_id":32,"param_name":"weight_decay","param_value_internal":0.28718500775937805,"distribution":"{\"name\": \"FloatDistribution\", \"attributes\": {\"step\": null, \"low\": 0.2, \"high\": 4.0, \"log\": true}}"}
{"op_code":7,"worker_id":"2a4ade4b-160e-48f2-9bf1-2b660e252c54-124741386858496","trial_id":30,"step":390,"intermediate_value":0.21347741782665253}
{"op_code":7,"worker_id":"241b5ad9-d696-4ec4-b763-b092df501157-126362123685888","trial_id":32,"step":1,"intermediate_value":0.023288767784833908}
{"op_code":7,"worker_id":"e4730140-7544-43d5-aeb9-aa322874c58d-127472605728768","trial_id":29,"step":520,"intermediate_value":0.46554289758205414}
{"op_code":7,"worker_id":"9414f324-1b26-43e6-9d38-0b02e642feab-136263235239936","trial_id":31,"step":390,"intermediate_value":0.38942740857601166}
{"op_code":7,"worker_id":"241b5ad9-d696-4ec4-b763-b092df501157-126362123685888","trial_id":32,"step":10,"intermediate_value":0.0317623782902956}
{"op_code":7,"worker_id":"2a4ade4b-160e-48f2-9bf1-2b660e252c54-124741386858496","trial_id":30,"step":400,"intermediate_value":0.12585340440273285}
{"op_code":7,"worker_id":"e4730140-7544-43d5-aeb9-aa322874c58d-127472605728768","trial_id":29,"step":530,"intermediate_value":0.46793203242123127}
{"op_code":7,"worker_id":"9414f324-1b26-43e6-9d38-0b02e642feab-136263235239936","trial_id":31,"step":400,"intermediate_value":0.39527328312397003}
{"op_code":7,"worker_id":"2a4ade4b-160e-48f2-9bf1-2b660e252c54-124741386858496","trial_id":30,"step":410,"intermediate_value":0.13791227340698242}
{"op_code":7,"worker_id":"241b5ad9-d696-4ec4-b763-b092df501157-126362123685888","trial_id":32,"step":20,"intermediate_value":0.03485502675175667}
{"op_code":7,"worker_id":"e4730140-7544-43d5-aeb9-aa322874c58d-127472605728768","trial_id":29,"step":540,"intermediate_value":0.3760592741891742}
{"op_code":7,"worker_id":"9414f324-1b26-43e6-9d38-0b02e642feab-136263235239936","trial_id":31,"step":410,"intermediate_value":0.39240692369639874}
{"op_code":7,"worker_id":"2a4ade4b-160e-48f2-9bf1-2b660e252c54-124741386858496","trial_id":30,"step":420,"intermediate_value":0.2213699072599411}
{"op_code":7,"worker_id":"241b5ad9-d696-4ec4-b763-b092df501157-126362123685888","trial_id":32,"step":30,"intermediate_value":0.0579967824742198}
{"op_code":7,"worker_id":"e4730140-7544-43d5-aeb9-aa322874c58d-127472605728768","trial_id":29,"step":550,"intermediate_value":0.4392930995672941}
{"op_code":7,"worker_id":"9414f324-1b26-43e6-9d38-0b02e642feab-136263235239936","trial_id":31,"step":420,"intermediate_value":0.3832174940034747}
{"op_code":7,"worker_id":"241b5ad9-d696-4ec4-b763-b092df501157-126362123685888","trial_id":32,"step":40,"intermediate_value":0.09498079400509596}
{"op_code":7,"worker_id":"2a4ade4b-160e-48f2-9bf1-2b660e252c54-124741386858496","trial_id":30,"step":430,"intermediate_value":0.24955935031175613}
{"op_code":7,"worker_id":"e4730140-7544-43d5-aeb9-aa322874c58d-127472605728768","trial_id":29,"step":560,"intermediate_value":0.46328537724912167}
{"op_code":7,"worker_id":"9414f324-1b26-43e6-9d38-0b02e642feab-136263235239936","trial_id":31,"step":430,"intermediate_value":0.3455268908292055}
{"op_code":7,"worker_id":"241b5ad9-d696-4ec4-b763-b092df501157-126362123685888","trial_id":32,"step":50,"intermediate_value":0.14890586864203215}
{"op_code":7,"worker_id":"e4730140-7544-43d5-aeb9-aa322874c58d-127472605728768","trial_id":29,"step":570,"intermediate_value":0.472713403403759}
{"op_code":7,"worker_id":"2a4ade4b-160e-48f2-9bf1-2b660e252c54-124741386858496","trial_id":30,"step":440,"intermediate_value":0.19641397893428802}
{"op_code":7,"worker_id":"9414f324-1b26-43e6-9d38-0b02e642feab-136263235239936","trial_id":31,"step":440,"intermediate_value":0.3572124373167753}
{"op_code":7,"worker_id":"e4730140-7544-43d5-aeb9-aa322874c58d-127472605728768","trial_id":29,"step":580,"intermediate_value":0.4721138086169958}
{"op_code":7,"worker_id":"241b5ad9-d696-4ec4-b763-b092df501157-126362123685888","trial_id":32,"step":60,"intermediate_value":0.21881758701056242}
{"op_code":7,"worker_id":"2a4ade4b-160e-48f2-9bf1-2b660e252c54-124741386858496","trial_id":30,"step":450,"intermediate_value":0.317036509513855}
{"op_code":7,"worker_id":"9414f324-1b26-43e6-9d38-0b02e642feab-136263235239936","trial_id":31,"step":450,"intermediate_value":0.3581761009991169}
{"op_code":7,"worker_id":"e4730140-7544-43d5-aeb9-aa322874c58d-127472605728768","trial_id":29,"step":590,"intermediate_value":0.47223310731351376}
{"op_code":7,"worker_id":"241b5ad9-d696-4ec4-b763-b092df501157-126362123685888","trial_id":32,"step":70,"intermediate_value":0.2783499164506793}
{"op_code":7,"worker_id":"2a4ade4b-160e-48f2-9bf1-2b660e252c54-124741386858496","trial_id":30,"step":460,"intermediate_value":0.14495424181222916}
{"op_code":7,"worker_id":"9414f324-1b26-43e6-9d38-0b02e642feab-136263235239936","trial_id":31,"step":460,"intermediate_value":0.37307978980243206}
{"op_code":7,"worker_id":"e4730140-7544-43d5-aeb9-aa322874c58d-127472605728768","trial_id":29,"step":600,"intermediate_value":0.4723524060100317}
{"op_code":7,"worker_id":"241b5ad9-d696-4ec4-b763-b092df501157-126362123685888","trial_id":32,"step":80,"intermediate_value":0.3523210119456053}
{"op_code":7,"worker_id":"2a4ade4b-160e-48f2-9bf1-2b660e252c54-124741386858496","trial_id":30,"step":470,"intermediate_value":0.27558593451976776}
{"op_code":7,"worker_id":"9414f324-1b26-43e6-9d38-0b02e642feab-136263235239936","trial_id":31,"step":470,"intermediate_value":0.36353860795497894}
{"op_code":7,"worker_id":"e4730140-7544-43d5-aeb9-aa322874c58d-127472605728768","trial_id":29,"step":610,"intermediate_value":0.4703211970627308}
{"op_code":7,"worker_id":"241b5ad9-d696-4ec4-b763-b092df501157-126362123685888","trial_id":32,"step":90,"intermediate_value":0.41447494458407164}
{"op_code":7,"worker_id":"2a4ade4b-160e-48f2-9bf1-2b660e252c54-124741386858496","trial_id":30,"step":480,"intermediate_value":0.3210989683866501}
{"op_code":7,"worker_id":"9414f324-1b26-43e6-9d38-0b02e642feab-136263235239936","trial_id":31,"step":480,"intermediate_value":0.3989685904234648}
{"op_code":7,"worker_id":"e4730140-7544-43d5-aeb9-aa322874c58d-127472605728768","trial_id":29,"step":620,"intermediate_value":0.4682899583131075}
{"op_code":7,"worker_id":"241b5ad9-d696-4ec4-b763-b092df501157-126362123685888","trial_id":32,"step":100,"intermediate_value":0.44990799855440855}
{"op_code":7,"worker_id":"2a4ade4b-160e-48f2-9bf1-2b660e252c54-124741386858496","trial_id":30,"step":490,"intermediate_value":0.17469462007284164}
{"op_code":7,"worker_id":"9414f324-1b26-43e6-9d38-0b02e642feab-136263235239936","trial_id":31,"step":490,"intermediate_value":0.3815626408904791}
{"op_code":7,"worker_id":"e4730140-7544-43d5-aeb9-aa322874c58d-127472605728768","trial_id":29,"step":630,"intermediate_value":0.4143771789968014}
{"op_code":7,"worker_id":"241b5ad9-d696-4ec4-b763-b092df501157-126362123685888","trial_id":32,"step":110,"intermediate_value":0.460525999777019}
{"op_code":7,"worker_id":"2a4ade4b-160e-48f2-9bf1-2b660e252c54-124741386858496","trial_id":30,"step":500,"intermediate_value":0.2800155431032181}
{"op_code":7,"worker_id":"9414f324-1b26-43e6-9d38-0b02e642feab-136263235239936","trial_id":31,"step":500,"intermediate_value":0.3679559100419283}
{"op_code":7,"worker_id":"e4730140-7544-43d5-aeb9-aa322874c58d-127472605728768","trial_id":29,"step":640,"intermediate_value":0.4727349653840065}
{"op_code":7,"worker_id":"241b5ad9-d696-4ec4-b763-b092df501157-126362123685888","trial_id":32,"step":120,"intermediate_value":0.4610032243654132}
{"op_code":7,"worker_id":"2a4ade4b-160e-48f2-9bf1-2b660e252c54-124741386858496","trial_id":30,"step":510,"intermediate_value":0.2705659568309784}
{"op_code":1,"worker_id":"db7d734b-5ea2-4e7a-bf1e-6a141a969646-126364976570368","study_id":1}
{"op_code":0,"worker_id":"e4858069-d434-4bab-984c-36c5dcd32f6c-139795574210560","study_name":"adamw__decoder","directions":[1]}
{"op_code":0,"worker_id":"ffeb1f17-d89f-4520-bb38-48d62352863a-139795574210560","study_name":"neuralgrok__decoder","directions":[1]}
{"op_code":0,"worker_id":"51eb1b76-5aa4-4d2d-a8c9-eaa82046494b-139795574210560","study_name":"grokadamw__decoder","directions":[1]}
{"op_code":0,"worker_id":"8b5eb21c-b9e1-4cb9-aafc-496040805d1c-139795574210560","study_name":"supergrok__decoder","directions":[1]}
{"op_code":0,"worker_id":"99967035-e55c-4921-a6a6-f2ea8d40c9c7-139795574210560","study_name":"supergrok15__decoder","directions":[1]}
{"op_code":0,"worker_id":"7af8e72b-dad6-4df8-af96-76158e88dd0b-139795574210560","study_name":"supergrok2__decoder","directions":[1]}
{"op_code":0,"worker_id":"5f4e42d8-2768-4031-bd7b-9e7032d93932-139795574210560","study_name":"grokfast__decoder","directions":[1]}
{"op_code":0,"worker_id":"2ef192ad-adbe-416c-b0b4-5f32cab29ead-139795574210560","study_name":"muon__decoder","directions":[1]}
{"op_code":0,"worker_id":"367d39bb-ca29-4264-8031-e3ecbdacf17e-139795574210560","study_name":"lion__decoder","directions":[1]}
{"op_code":0,"worker_id":"9012c8a1-dce2-4e7b-92e8-bfb12bf211ae-139795574210560","study_name":"looksam__decoder","directions":[1]}
{"op_code":0,"worker_id":"28c76637-ed67-4973-8eda-85ccf12d4059-139795574210560","study_name":"prodigy__decoder","directions":[1]}
{"op_code":4,"worker_id":"e4858069-d434-4bab-984c-36c5dcd32f6c-139795574210560","study_id":0,"datetime_start":"2026-06-09T22:15:32.823586"}
{"op_code":5,"worker_id":"e4858069-d434-4bab-984c-36c5dcd32f6c-139795574210560","trial_id":33,"param_name":"lr","param_value_internal":0.0009487678116649016,"distribution":"{\"name\": \"FloatDistribution\", \"attributes\": {\"step\": null, \"low\": 0.0002, \"high\": 0.005, \"log\": true}}"}
{"op_code":5,"worker_id":"e4858069-d434-4bab-984c-36c5dcd32f6c-139795574210560","trial_id":33,"param_name":"beta1","param_value_internal":0.9020170201896126,"distribution":"{\"name\": \"FloatDistribution\", \"attributes\": {\"step\": null, \"low\": 0.85, \"high\": 0.95, \"log\": false}}"}
{"op_code":5,"worker_id":"e4858069-d434-4bab-984c-36c5dcd32f6c-139795574210560","trial_id":33,"param_name":"beta2","param_value_internal":0.9911777355680961,"distribution":"{\"name\": \"FloatDistribution\", \"attributes\": {\"step\": null, \"low\": 0.95, \"high\": 0.9995, \"log\": false}}"}
{"op_code":5,"worker_id":"e4858069-d434-4bab-984c-36c5dcd32f6c-139795574210560","trial_id":33,"param_name":"weight_decay","param_value_internal":2.8324460157677365,"distribution":"{\"name\": \"FloatDistribution\", \"attributes\": {\"step\": null, \"low\": 0.2, \"high\": 4.0, \"log\": true}}"}
{"op_code":0,"worker_id":"631a3357-de86-4809-b074-aa856875067a-135198322143232","study_name":"adamw__decoder","directions":[1]}
{"op_code":0,"worker_id":"65da3ceb-070b-4777-8751-e613ed6e3525-135198322143232","study_name":"neuralgrok__decoder","directions":[1]}
{"op_code":0,"worker_id":"19e802cf-cfb6-4aa1-bbd7-62b3e95771a8-135198322143232","study_name":"grokadamw__decoder","directions":[1]}
{"op_code":0,"worker_id":"aa1cb769-4a37-4b70-8d6f-3a1f5907669f-135198322143232","study_name":"supergrok__decoder","directions":[1]}
{"op_code":0,"worker_id":"9ea06cba-ee13-45cb-9376-2f332c9ad791-135198322143232","study_name":"supergrok15__decoder","directions":[1]}
{"op_code":0,"worker_id":"831ce56a-f627-4e0b-b537-820384c5b370-135198322143232","study_name":"supergrok2__decoder","directions":[1]}
{"op_code":0,"worker_id":"1a94d2ad-41bd-4ad5-9a55-9f4149ebeeff-135198322143232","study_name":"grokfast__decoder","directions":[1]}
{"op_code":0,"worker_id":"93d37dc7-2117-4cb3-bd6c-5e469f04c01d-135198322143232","study_name":"muon__decoder","directions":[1]}
{"op_code":0,"worker_id":"f3792e6c-c1a7-4112-ba37-e7b6840ea62d-135198322143232","study_name":"lion__decoder","directions":[1]}
{"op_code":0,"worker_id":"2f3c19a7-d404-4311-96fe-15e340ad137e-135198322143232","study_name":"looksam__decoder","directions":[1]}
{"op_code":0,"worker_id":"c55e37f0-81a0-461b-affc-b92875609e62-135198322143232","study_name":"prodigy__decoder","directions":[1]}
{"op_code":4,"worker_id":"631a3357-de86-4809-b074-aa856875067a-135198322143232","study_id":0,"datetime_start":"2026-06-09T22:15:35.791537"}
{"op_code":5,"worker_id":"631a3357-de86-4809-b074-aa856875067a-135198322143232","trial_id":34,"param_name":"lr","param_value_internal":0.004464774390850808,"distribution":"{\"name\": \"FloatDistribution\", \"attributes\": {\"step\": null, \"low\": 0.0002, \"high\": 0.005, \"log\": true}}"}
{"op_code":5,"worker_id":"631a3357-de86-4809-b074-aa856875067a-135198322143232","trial_id":34,"param_name":"beta1","param_value_internal":0.9005804444485014,"distribution":"{\"name\": \"FloatDistribution\", \"attributes\": {\"step\": null, \"low\": 0.85, \"high\": 0.95, \"log\": false}}"}
{"op_code":5,"worker_id":"631a3357-de86-4809-b074-aa856875067a-135198322143232","trial_id":34,"param_name":"beta2","param_value_internal":0.9661427531472373,"distribution":"{\"name\": \"FloatDistribution\", \"attributes\": {\"step\": null, \"low\": 0.95, \"high\": 0.9995, \"log\": false}}"}
{"op_code":7,"worker_id":"e4858069-d434-4bab-984c-36c5dcd32f6c-139795574210560","trial_id":33,"step":1,"intermediate_value":0.009073205757886171}
{"op_code":5,"worker_id":"631a3357-de86-4809-b074-aa856875067a-135198322143232","trial_id":34,"param_name":"weight_decay","param_value_internal":0.8107761873193113,"distribution":"{\"name\": \"FloatDistribution\", \"attributes\": {\"step\": null, \"low\": 0.2, \"high\": 4.0, \"log\": true}}"}
{"op_code":7,"worker_id":"e4858069-d434-4bab-984c-36c5dcd32f6c-139795574210560","trial_id":33,"step":2,"intermediate_value":0.019825894385576248}
{"op_code":7,"worker_id":"e4858069-d434-4bab-984c-36c5dcd32f6c-139795574210560","trial_id":33,"step":3,"intermediate_value":0.024601103737950325}
{"op_code":7,"worker_id":"e4858069-d434-4bab-984c-36c5dcd32f6c-139795574210560","trial_id":33,"step":4,"intermediate_value":0.02030002884566784}
{"op_code":7,"worker_id":"e4858069-d434-4bab-984c-36c5dcd32f6c-139795574210560","trial_id":33,"step":5,"intermediate_value":0.022450566291809082}
{"op_code":7,"worker_id":"e4858069-d434-4bab-984c-36c5dcd32f6c-139795574210560","trial_id":33,"step":6,"intermediate_value":0.015402436722069979}
{"op_code":7,"worker_id":"e4858069-d434-4bab-984c-36c5dcd32f6c-139795574210560","trial_id":33,"step":7,"intermediate_value":0.011459271423518658}
{"op_code":7,"worker_id":"e4858069-d434-4bab-984c-36c5dcd32f6c-139795574210560","trial_id":33,"step":8,"intermediate_value":0.012771606910973787}
{"op_code":7,"worker_id":"e4858069-d434-4bab-984c-36c5dcd32f6c-139795574210560","trial_id":33,"step":9,"intermediate_value":0.014444932341575623}
{"op_code":7,"worker_id":"e4858069-d434-4bab-984c-36c5dcd32f6c-139795574210560","trial_id":33,"step":10,"intermediate_value":0.014683539047837257}
{"op_code":7,"worker_id":"e4858069-d434-4bab-984c-36c5dcd32f6c-139795574210560","trial_id":33,"step":11,"intermediate_value":0.016711694188416004}
{"op_code":7,"worker_id":"e4858069-d434-4bab-984c-36c5dcd32f6c-139795574210560","trial_id":33,"step":12,"intermediate_value":0.02817712351679802}
{"op_code":7,"worker_id":"e4858069-d434-4bab-984c-36c5dcd32f6c-139795574210560","trial_id":33,"step":13,"intermediate_value":0.031043480150401592}
{"op_code":7,"worker_id":"e4858069-d434-4bab-984c-36c5dcd32f6c-139795574210560","trial_id":33,"step":14,"intermediate_value":0.03128208685666323}
{"op_code":7,"worker_id":"e4858069-d434-4bab-984c-36c5dcd32f6c-139795574210560","trial_id":33,"step":15,"intermediate_value":0.03606037516146898}
{"op_code":7,"worker_id":"e4858069-d434-4bab-984c-36c5dcd32f6c-139795574210560","trial_id":33,"step":16,"intermediate_value":0.03462565690279007}
{"op_code":7,"worker_id":"e4858069-d434-4bab-984c-36c5dcd32f6c-139795574210560","trial_id":33,"step":17,"intermediate_value":0.031875524669885635}
{"op_code":7,"worker_id":"e4858069-d434-4bab-984c-36c5dcd32f6c-139795574210560","trial_id":33,"step":18,"intermediate_value":0.030801795423030853}
{"op_code":7,"worker_id":"e4858069-d434-4bab-984c-36c5dcd32f6c-139795574210560","trial_id":33,"step":19,"intermediate_value":0.03211413137614727}
{"op_code":7,"worker_id":"e4858069-d434-4bab-984c-36c5dcd32f6c-139795574210560","trial_id":33,"step":20,"intermediate_value":0.03223343379795551}
{"op_code":7,"worker_id":"e4858069-d434-4bab-984c-36c5dcd32f6c-139795574210560","trial_id":33,"step":21,"intermediate_value":0.030202200636267662}
{"op_code":7,"worker_id":"e4858069-d434-4bab-984c-36c5dcd32f6c-139795574210560","trial_id":33,"step":22,"intermediate_value":0.02781305555254221}
{"op_code":7,"worker_id":"e4858069-d434-4bab-984c-36c5dcd32f6c-139795574210560","trial_id":33,"step":23,"intermediate_value":0.028528875671327114}
{"op_code":7,"worker_id":"e4858069-d434-4bab-984c-36c5dcd32f6c-139795574210560","trial_id":33,"step":24,"intermediate_value":0.03163383901119232}
{"op_code":7,"worker_id":"e4858069-d434-4bab-984c-36c5dcd32f6c-139795574210560","trial_id":33,"step":25,"intermediate_value":0.03139523230493069}
{"op_code":7,"worker_id":"e4858069-d434-4bab-984c-36c5dcd32f6c-139795574210560","trial_id":33,"step":26,"intermediate_value":0.034261589869856834}
{"op_code":7,"worker_id":"e4858069-d434-4bab-984c-36c5dcd32f6c-139795574210560","trial_id":33,"step":27,"intermediate_value":0.03700556419789791}
{"op_code":7,"worker_id":"e4858069-d434-4bab-984c-36c5dcd32f6c-139795574210560","trial_id":33,"step":28,"intermediate_value":0.03795999102294445}
{"op_code":7,"worker_id":"e4858069-d434-4bab-984c-36c5dcd32f6c-139795574210560","trial_id":33,"step":29,"intermediate_value":0.03927232697606087}
{"op_code":7,"worker_id":"e4858069-d434-4bab-984c-36c5dcd32f6c-139795574210560","trial_id":33,"step":30,"intermediate_value":0.03736039623618126}
{"op_code":7,"worker_id":"e4858069-d434-4bab-984c-36c5dcd32f6c-139795574210560","trial_id":33,"step":31,"intermediate_value":0.04022367484867573}
{"op_code":7,"worker_id":"e4858069-d434-4bab-984c-36c5dcd32f6c-139795574210560","trial_id":33,"step":32,"intermediate_value":0.04678843170404434}
{"op_code":7,"worker_id":"e4858069-d434-4bab-984c-36c5dcd32f6c-139795574210560","trial_id":33,"step":33,"intermediate_value":0.05001269839704037}
{"op_code":7,"worker_id":"e4858069-d434-4bab-984c-36c5dcd32f6c-139795574210560","trial_id":33,"step":34,"intermediate_value":0.04857798293232918}
{"op_code":7,"worker_id":"e4858069-d434-4bab-984c-36c5dcd32f6c-139795574210560","trial_id":33,"step":35,"intermediate_value":0.05119957588613033}
{"op_code":7,"worker_id":"e4858069-d434-4bab-984c-36c5dcd32f6c-139795574210560","trial_id":33,"step":36,"intermediate_value":0.05346633680164814}
{"op_code":7,"worker_id":"e4858069-d434-4bab-984c-36c5dcd32f6c-139795574210560","trial_id":33,"step":37,"intermediate_value":0.05489797703921795}
{"op_code":7,"worker_id":"e4858069-d434-4bab-984c-36c5dcd32f6c-139795574210560","trial_id":33,"step":38,"intermediate_value":0.05454006604850292}
{"op_code":7,"worker_id":"e4858069-d434-4bab-984c-36c5dcd32f6c-139795574210560","trial_id":33,"step":39,"intermediate_value":0.05776125378906727}
{"op_code":7,"worker_id":"e4858069-d434-4bab-984c-36c5dcd32f6c-139795574210560","trial_id":33,"step":40,"intermediate_value":0.05835776962339878}
{"op_code":7,"worker_id":"e4858069-d434-4bab-984c-36c5dcd32f6c-139795574210560","trial_id":33,"step":41,"intermediate_value":0.06360711343586445}
{"op_code":7,"worker_id":"e4858069-d434-4bab-984c-36c5dcd32f6c-139795574210560","trial_id":33,"step":42,"intermediate_value":0.0651580560952425}
{"op_code":7,"worker_id":"e4858069-d434-4bab-984c-36c5dcd32f6c-139795574210560","trial_id":33,"step":43,"intermediate_value":0.06491945125162601}
{"op_code":7,"worker_id":"e4858069-d434-4bab-984c-36c5dcd32f6c-139795574210560","trial_id":33,"step":44,"intermediate_value":0.07040739990770817}
{"op_code":7,"worker_id":"e4858069-d434-4bab-984c-36c5dcd32f6c-139795574210560","trial_id":33,"step":45,"intermediate_value":0.0698078041896224}
{"op_code":7,"worker_id":"e4858069-d434-4bab-984c-36c5dcd32f6c-139795574210560","trial_id":33,"step":46,"intermediate_value":0.07673047296702862}
{"op_code":7,"worker_id":"e4858069-d434-4bab-984c-36c5dcd32f6c-139795574210560","trial_id":33,"step":47,"intermediate_value":0.07744321506470442}
{"op_code":7,"worker_id":"e4858069-d434-4bab-984c-36c5dcd32f6c-139795574210560","trial_id":33,"step":48,"intermediate_value":0.07840072177350521}
{"op_code":7,"worker_id":"e4858069-d434-4bab-984c-36c5dcd32f6c-139795574210560","trial_id":33,"step":49,"intermediate_value":0.0856782179325819}
{"op_code":7,"worker_id":"e4858069-d434-4bab-984c-36c5dcd32f6c-139795574210560","trial_id":33,"step":50,"intermediate_value":0.08889940939843655}
{"op_code":7,"worker_id":"e4858069-d434-4bab-984c-36c5dcd32f6c-139795574210560","trial_id":33,"step":51,"intermediate_value":0.09379084222018719}
{"op_code":7,"worker_id":"e4858069-d434-4bab-984c-36c5dcd32f6c-139795574210560","trial_id":33,"step":52,"intermediate_value":0.09558038972318172}
{"op_code":7,"worker_id":"e4858069-d434-4bab-984c-36c5dcd32f6c-139795574210560","trial_id":33,"step":53,"intermediate_value":0.09939809702336788}
{"op_code":7,"worker_id":"e4858069-d434-4bab-984c-36c5dcd32f6c-139795574210560","trial_id":33,"step":54,"intermediate_value":0.09975600056350231}
{"op_code":7,"worker_id":"e4858069-d434-4bab-984c-36c5dcd32f6c-139795574210560","trial_id":33,"step":55,"intermediate_value":0.10393469780683517}
{"op_code":7,"worker_id":"e4858069-d434-4bab-984c-36c5dcd32f6c-139795574210560","trial_id":33,"step":56,"intermediate_value":0.10584355145692825}
{"op_code":7,"worker_id":"e4858069-d434-4bab-984c-36c5dcd32f6c-139795574210560","trial_id":33,"step":57,"intermediate_value":0.11276005767285824}
{"op_code":7,"worker_id":"e4858069-d434-4bab-984c-36c5dcd32f6c-139795574210560","trial_id":33,"step":58,"intermediate_value":0.11777695454657078}
{"op_code":7,"worker_id":"e4858069-d434-4bab-984c-36c5dcd32f6c-139795574210560","trial_id":33,"step":59,"intermediate_value":0.11682252772152424}
{"op_code":7,"worker_id":"e4858069-d434-4bab-984c-36c5dcd32f6c-139795574210560","trial_id":33,"step":60,"intermediate_value":0.12099506705999374}
{"op_code":0,"worker_id":"3f2cef48-7f94-4667-b577-94f5b9109e7a-138536399740928","study_name":"adamw__decoder","directions":[1]}
{"op_code":7,"worker_id":"e4858069-d434-4bab-984c-36c5dcd32f6c-139795574210560","trial_id":33,"step":61,"intermediate_value":0.1262444108724594}
{"op_code":0,"worker_id":"953dfe12-1d01-4024-b935-b7e07217ae8e-138536399740928","study_name":"neuralgrok__decoder","directions":[1]}
{"op_code":0,"worker_id":"275b7dff-cf1d-4013-a08c-9e1e44b7f88f-138536399740928","study_name":"grokadamw__decoder","directions":[1]}
{"op_code":0,"worker_id":"d31f4a5c-6a6b-41ff-929a-a19838f39767-138536399740928","study_name":"supergrok__decoder","directions":[1]}
{"op_code":0,"worker_id":"f98b4840-355e-4ffa-831e-b6d17c423c50-138536399740928","study_name":"supergrok15__decoder","directions":[1]}
{"op_code":0,"worker_id":"a3ecc7b6-e310-48ab-ba47-f6fb2709edf8-138536399740928","study_name":"supergrok2__decoder","directions":[1]}
{"op_code":0,"worker_id":"250650a1-9e07-4bb5-b8a3-60152234d14b-138536399740928","study_name":"grokfast__decoder","directions":[1]}
{"op_code":0,"worker_id":"a78a4b6f-50ff-46ec-bb15-0fe877f043b5-138536399740928","study_name":"muon__decoder","directions":[1]}
{"op_code":0,"worker_id":"facb3944-4461-45fb-8fb4-fe03f447d42d-138536399740928","study_name":"lion__decoder","directions":[1]}
{"op_code":0,"worker_id":"7110136b-3902-4f85-9db5-5b1e5a08e212-138536399740928","study_name":"looksam__decoder","directions":[1]}
{"op_code":0,"worker_id":"4c599245-7fc4-44bc-96c5-96d63530245e-138536399740928","study_name":"prodigy__decoder","directions":[1]}
{"op_code":4,"worker_id":"3f2cef48-7f94-4667-b577-94f5b9109e7a-138536399740928","study_id":0,"datetime_start":"2026-06-09T22:15:40.406975"}
{"op_code":5,"worker_id":"3f2cef48-7f94-4667-b577-94f5b9109e7a-138536399740928","trial_id":35,"param_name":"lr","param_value_internal":0.0004603000672263659,"distribution":"{\"name\": \"FloatDistribution\", \"attributes\": {\"step\": null, \"low\": 0.0002, \"high\": 0.005, \"log\": true}}"}
{"op_code":5,"worker_id":"3f2cef48-7f94-4667-b577-94f5b9109e7a-138536399740928","trial_id":35,"param_name":"beta1","param_value_internal":0.9015105025094446,"distribution":"{\"name\": \"FloatDistribution\", \"attributes\": {\"step\": null, \"low\": 0.85, \"high\": 0.95, \"log\": false}}"}
{"op_code":5,"worker_id":"3f2cef48-7f94-4667-b577-94f5b9109e7a-138536399740928","trial_id":35,"param_name":"beta2","param_value_internal":0.9928456149413171,"distribution":"{\"name\": \"FloatDistribution\", \"attributes\": {\"step\": null, \"low\": 0.95, \"high\": 0.9995, \"log\": false}}"}
{"op_code":5,"worker_id":"3f2cef48-7f94-4667-b577-94f5b9109e7a-138536399740928","trial_id":35,"param_name":"weight_decay","param_value_internal":2.304910768587797,"distribution":"{\"name\": \"FloatDistribution\", \"attributes\": {\"step\": null, \"low\": 0.2, \"high\": 4.0, \"log\": true}}"}
{"op_code":7,"worker_id":"e4858069-d434-4bab-984c-36c5dcd32f6c-139795574210560","trial_id":33,"step":62,"intermediate_value":0.1293493676930666}
{"op_code":7,"worker_id":"e4858069-d434-4bab-984c-36c5dcd32f6c-139795574210560","trial_id":33,"step":63,"intermediate_value":0.13113584369421005}
{"op_code":7,"worker_id":"e4858069-d434-4bab-984c-36c5dcd32f6c-139795574210560","trial_id":33,"step":64,"intermediate_value":0.13507284969091415}
{"op_code":7,"worker_id":"e4858069-d434-4bab-984c-36c5dcd32f6c-139795574210560","trial_id":33,"step":65,"intermediate_value":0.1403252724558115}
{"op_code":7,"worker_id":"e4858069-d434-4bab-984c-36c5dcd32f6c-139795574210560","trial_id":33,"step":66,"intermediate_value":0.13459564000368118}
{"op_code":7,"worker_id":"e4858069-d434-4bab-984c-36c5dcd32f6c-139795574210560","trial_id":33,"step":67,"intermediate_value":0.14020596630871296}
{"op_code":7,"worker_id":"e4858069-d434-4bab-984c-36c5dcd32f6c-139795574210560","trial_id":33,"step":68,"intermediate_value":0.13423772901296616}
{"op_code":7,"worker_id":"e4858069-d434-4bab-984c-36c5dcd32f6c-139795574210560","trial_id":33,"step":69,"intermediate_value":0.1442622859030962}
{"op_code":7,"worker_id":"e4858069-d434-4bab-984c-36c5dcd32f6c-139795574210560","trial_id":33,"step":70,"intermediate_value":0.14164068922400475}
{"op_code":7,"worker_id":"e4858069-d434-4bab-984c-36c5dcd32f6c-139795574210560","trial_id":33,"step":71,"intermediate_value":0.148673415184021}
{"op_code":7,"worker_id":"631a3357-de86-4809-b074-aa856875067a-135198322143232","trial_id":34,"step":1,"intermediate_value":0.018152570351958275}
{"op_code":7,"worker_id":"631a3357-de86-4809-b074-aa856875067a-135198322143232","trial_id":34,"step":2,"intermediate_value":0.013493584468960762}
{"op_code":7,"worker_id":"631a3357-de86-4809-b074-aa856875067a-135198322143232","trial_id":34,"step":3,"intermediate_value":0.011939563322812319}
{"op_code":7,"worker_id":"631a3357-de86-4809-b074-aa856875067a-135198322143232","trial_id":34,"step":4,"intermediate_value":0.024356340058147907}
{"op_code":7,"worker_id":"631a3357-de86-4809-b074-aa856875067a-135198322143232","trial_id":34,"step":5,"intermediate_value":0.026026586070656776}
{"op_code":7,"worker_id":"631a3357-de86-4809-b074-aa856875067a-135198322143232","trial_id":34,"step":6,"intermediate_value":0.03199790604412556}
{"op_code":7,"worker_id":"631a3357-de86-4809-b074-aa856875067a-135198322143232","trial_id":34,"step":7,"intermediate_value":0.029012246057391167}
{"op_code":7,"worker_id":"631a3357-de86-4809-b074-aa856875067a-135198322143232","trial_id":34,"step":8,"intermediate_value":0.02459186688065529}
{"op_code":7,"worker_id":"631a3357-de86-4809-b074-aa856875067a-135198322143232","trial_id":34,"step":9,"intermediate_value":0.02996667195111513}
{"op_code":7,"worker_id":"631a3357-de86-4809-b074-aa856875067a-135198322143232","trial_id":34,"step":10,"intermediate_value":0.0292508527636528}
{"op_code":0,"worker_id":"5a133bcc-1b8c-4271-b177-325b38c8c12e-140159089463296","study_name":"adamw__decoder","directions":[1]}
{"op_code":0,"worker_id":"31bbaecc-dd9a-40ec-b9da-d890b7b04222-140159089463296","study_name":"neuralgrok__decoder","directions":[1]}
{"op_code":7,"worker_id":"631a3357-de86-4809-b074-aa856875067a-135198322143232","trial_id":34,"step":11,"intermediate_value":0.02912847138941288}
{"op_code":0,"worker_id":"e07f36f1-f1f8-437d-9517-d0d3ff60b9b9-140159089463296","study_name":"grokadamw__decoder","directions":[1]}
{"op_code":7,"worker_id":"e4858069-d434-4bab-984c-36c5dcd32f6c-139795574210560","trial_id":33,"step":72,"intermediate_value":0.1582176834344864}
{"op_code":0,"worker_id":"c1bd2775-56f3-4211-af3d-f012dff966a6-140159089463296","study_name":"supergrok__decoder","directions":[1]}
{"op_code":7,"worker_id":"e4858069-d434-4bab-984c-36c5dcd32f6c-139795574210560","trial_id":33,"step":73,"intermediate_value":0.15798215754330158}
{"op_code":0,"worker_id":"9242e59a-afe6-4a2d-bac0-36a6e96aea48-140159089463296","study_name":"supergrok15__decoder","directions":[1]}
{"op_code":7,"worker_id":"e4858069-d434-4bab-984c-36c5dcd32f6c-139795574210560","trial_id":33,"step":74,"intermediate_value":0.16406661458313465}
{"op_code":0,"worker_id":"a414c613-f776-42b8-bc24-a18ea180bff6-140159089463296","study_name":"supergrok2__decoder","directions":[1]}
{"op_code":7,"worker_id":"e4858069-d434-4bab-984c-36c5dcd32f6c-139795574210560","trial_id":33,"step":75,"intermediate_value":0.16669129021465778}
{"op_code":0,"worker_id":"ea2c9164-b74b-4dca-916c-c589445f2ffd-140159089463296","study_name":"grokfast__decoder","directions":[1]}
{"op_code":7,"worker_id":"e4858069-d434-4bab-984c-36c5dcd32f6c-139795574210560","trial_id":33,"step":76,"intermediate_value":0.17050899751484394}
{"op_code":7,"worker_id":"e4858069-d434-4bab-984c-36c5dcd32f6c-139795574210560","trial_id":33,"step":77,"intermediate_value":0.17444908991456032}
{"op_code":0,"worker_id":"bc1ee035-3289-4995-915e-2da8a5b61585-140159089463296","study_name":"muon__decoder","directions":[1]}
{"op_code":7,"worker_id":"e4858069-d434-4bab-984c-36c5dcd32f6c-139795574210560","trial_id":33,"step":78,"intermediate_value":0.17277267575263977}
{"op_code":0,"worker_id":"233cf071-86ad-4bb6-ad59-7ae51ee4c1b1-140159089463296","study_name":"lion__decoder","directions":[1]}
{"op_code":7,"worker_id":"e4858069-d434-4bab-984c-36c5dcd32f6c-139795574210560","trial_id":33,"step":79,"intermediate_value":0.17348849773406982}
{"op_code":7,"worker_id":"e4858069-d434-4bab-984c-36c5dcd32f6c-139795574210560","trial_id":33,"step":80,"intermediate_value":0.1865017917007208}
{"op_code":7,"worker_id":"e4858069-d434-4bab-984c-36c5dcd32f6c-139795574210560","trial_id":33,"step":81,"intermediate_value":0.18971990421414375}
{"op_code":7,"worker_id":"e4858069-d434-4bab-984c-36c5dcd32f6c-139795574210560","trial_id":33,"step":82,"intermediate_value":0.19019404239952564}
{"op_code":7,"worker_id":"e4858069-d434-4bab-984c-36c5dcd32f6c-139795574210560","trial_id":33,"step":83,"intermediate_value":0.19723293371498585}
{"op_code":7,"worker_id":"e4858069-d434-4bab-984c-36c5dcd32f6c-139795574210560","trial_id":33,"step":84,"intermediate_value":0.19759700261056423}
{"op_code":7,"worker_id":"e4858069-d434-4bab-984c-36c5dcd32f6c-139795574210560","trial_id":33,"step":85,"intermediate_value":0.19520478136837482}
{"op_code":7,"worker_id":"3f2cef48-7f94-4667-b577-94f5b9109e7a-138536399740928","trial_id":35,"step":1,"intermediate_value":0.014090100768953562}
{"op_code":7,"worker_id":"e4858069-d434-4bab-984c-36c5dcd32f6c-139795574210560","trial_id":33,"step":86,"intermediate_value":0.1968780942261219}
{"op_code":7,"worker_id":"3f2cef48-7f94-4667-b577-94f5b9109e7a-138536399740928","trial_id":35,"step":2,"intermediate_value":0.013851494528353214}
{"op_code":7,"worker_id":"e4858069-d434-4bab-984c-36c5dcd32f6c-139795574210560","trial_id":33,"step":87,"intermediate_value":0.19400866329669952}
{"op_code":7,"worker_id":"3f2cef48-7f94-4667-b577-94f5b9109e7a-138536399740928","trial_id":35,"step":3,"intermediate_value":0.011581653729081154}
{"op_code":7,"worker_id":"631a3357-de86-4809-b074-aa856875067a-135198322143232","trial_id":34,"step":12,"intermediate_value":0.029844289645552635}
{"op_code":7,"worker_id":"e4858069-d434-4bab-984c-36c5dcd32f6c-139795574210560","trial_id":33,"step":88,"intermediate_value":0.2011760976165533}
{"op_code":7,"worker_id":"3f2cef48-7f94-4667-b577-94f5b9109e7a-138536399740928","trial_id":35,"step":4,"intermediate_value":0.012178170029073954}
{"op_code":7,"worker_id":"631a3357-de86-4809-b074-aa856875067a-135198322143232","trial_id":34,"step":13,"intermediate_value":0.030437727458775043}
{"op_code":0,"worker_id":"f16f3f2f-1e65-4eba-b2e2-3dc63a3aee69-140159089463296","study_name":"looksam__decoder","directions":[1]}
{"op_code":7,"worker_id":"e4858069-d434-4bab-984c-36c5dcd32f6c-139795574210560","trial_id":33,"step":89,"intermediate_value":0.2024853564798832}
{"op_code":7,"worker_id":"3f2cef48-7f94-4667-b577-94f5b9109e7a-138536399740928","trial_id":35,"step":5,"intermediate_value":0.012655382975935936}
{"op_code":7,"worker_id":"631a3357-de86-4809-b074-aa856875067a-135198322143232","trial_id":34,"step":14,"intermediate_value":0.031511456705629826}
{"op_code":7,"worker_id":"e4858069-d434-4bab-984c-36c5dcd32f6c-139795574210560","trial_id":33,"step":90,"intermediate_value":0.21071112155914307}
{"op_code":0,"worker_id":"9fd1024a-36de-4a7e-ad64-708174d06f79-140159089463296","study_name":"prodigy__decoder","directions":[1]}
{"op_code":7,"worker_id":"631a3357-de86-4809-b074-aa856875067a-135198322143232","trial_id":34,"step":15,"intermediate_value":0.03210797253996134}
{"op_code":7,"worker_id":"3f2cef48-7f94-4667-b577-94f5b9109e7a-138536399740928","trial_id":35,"step":6,"intermediate_value":0.008712217444553971}
{"op_code":7,"worker_id":"e4858069-d434-4bab-984c-36c5dcd32f6c-139795574210560","trial_id":33,"step":91,"intermediate_value":0.21322264149785042}
{"op_code":7,"worker_id":"3f2cef48-7f94-4667-b577-94f5b9109e7a-138536399740928","trial_id":35,"step":7,"intermediate_value":0.019226299598813057}
{"op_code":7,"worker_id":"e4858069-d434-4bab-984c-36c5dcd32f6c-139795574210560","trial_id":33,"step":92,"intermediate_value":0.22038084641098976}
{"op_code":7,"worker_id":"3f2cef48-7f94-4667-b577-94f5b9109e7a-138536399740928","trial_id":35,"step":8,"intermediate_value":0.01289398968219757}
{"op_code":7,"worker_id":"3f2cef48-7f94-4667-b577-94f5b9109e7a-138536399740928","trial_id":35,"step":9,"intermediate_value":0.013013293035328388}
{"op_code":7,"worker_id":"3f2cef48-7f94-4667-b577-94f5b9109e7a-138536399740928","trial_id":35,"step":10,"intermediate_value":0.010862755123525858}
{"op_code":7,"worker_id":"3f2cef48-7f94-4667-b577-94f5b9109e7a-138536399740928","trial_id":35,"step":11,"intermediate_value":0.01193648437038064}
{"op_code":7,"worker_id":"3f2cef48-7f94-4667-b577-94f5b9109e7a-138536399740928","trial_id":35,"step":12,"intermediate_value":0.011220664717257023}
{"op_code":7,"worker_id":"3f2cef48-7f94-4667-b577-94f5b9109e7a-138536399740928","trial_id":35,"step":13,"intermediate_value":0.013132596388459206}
{"op_code":7,"worker_id":"3f2cef48-7f94-4667-b577-94f5b9109e7a-138536399740928","trial_id":35,"step":14,"intermediate_value":0.01707576122134924}
{"op_code":7,"worker_id":"3f2cef48-7f94-4667-b577-94f5b9109e7a-138536399740928","trial_id":35,"step":15,"intermediate_value":0.017910884227603674}
{"op_code":7,"worker_id":"3f2cef48-7f94-4667-b577-94f5b9109e7a-138536399740928","trial_id":35,"step":16,"intermediate_value":0.024717328138649464}
{"op_code":7,"worker_id":"3f2cef48-7f94-4667-b577-94f5b9109e7a-138536399740928","trial_id":35,"step":17,"intermediate_value":0.028180201537907124}
{"op_code":7,"worker_id":"3f2cef48-7f94-4667-b577-94f5b9109e7a-138536399740928","trial_id":35,"step":18,"intermediate_value":0.024833553470671177}
{"op_code":7,"worker_id":"3f2cef48-7f94-4667-b577-94f5b9109e7a-138536399740928","trial_id":35,"step":19,"intermediate_value":0.028057820163667202}
{"op_code":7,"worker_id":"631a3357-de86-4809-b074-aa856875067a-135198322143232","trial_id":34,"step":16,"intermediate_value":0.031988670118153095}
{"op_code":7,"worker_id":"3f2cef48-7f94-4667-b577-94f5b9109e7a-138536399740928","trial_id":35,"step":20,"intermediate_value":0.03008597530424595}
{"op_code":7,"worker_id":"631a3357-de86-4809-b074-aa856875067a-135198322143232","trial_id":34,"step":17,"intermediate_value":0.03545154444873333}
{"op_code":7,"worker_id":"3f2cef48-7f94-4667-b577-94f5b9109e7a-138536399740928","trial_id":35,"step":21,"intermediate_value":0.02817404456436634}
{"op_code":7,"worker_id":"631a3357-de86-4809-b074-aa856875067a-135198322143232","trial_id":34,"step":18,"intermediate_value":0.0366414962336421}
{"op_code":4,"worker_id":"5a133bcc-1b8c-4271-b177-325b38c8c12e-140159089463296","study_id":0,"datetime_start":"2026-06-09T22:16:05.862193"}
{"op_code":7,"worker_id":"3f2cef48-7f94-4667-b577-94f5b9109e7a-138536399740928","trial_id":35,"step":22,"intermediate_value":0.028054741211235523}
{"op_code":7,"worker_id":"e4858069-d434-4bab-984c-36c5dcd32f6c-139795574210560","trial_id":33,"step":93,"intermediate_value":0.2275390364229679}
{"op_code":7,"worker_id":"e4858069-d434-4bab-984c-36c5dcd32f6c-139795574210560","trial_id":33,"step":94,"intermediate_value":0.2244371511042118}
{"op_code":7,"worker_id":"e4858069-d434-4bab-984c-36c5dcd32f6c-139795574210560","trial_id":33,"step":95,"intermediate_value":0.22538542747497559}
{"op_code":7,"worker_id":"e4858069-d434-4bab-984c-36c5dcd32f6c-139795574210560","trial_id":33,"step":96,"intermediate_value":0.23266907408833504}
{"op_code":7,"worker_id":"e4858069-d434-4bab-984c-36c5dcd32f6c-139795574210560","trial_id":33,"step":97,"intermediate_value":0.2401882614940405}
{"op_code":7,"worker_id":"e4858069-d434-4bab-984c-36c5dcd32f6c-139795574210560","trial_id":33,"step":98,"intermediate_value":0.237557427957654}
{"op_code":7,"worker_id":"e4858069-d434-4bab-984c-36c5dcd32f6c-139795574210560","trial_id":33,"step":99,"intermediate_value":0.24054001457989216}
{"op_code":7,"worker_id":"e4858069-d434-4bab-984c-36c5dcd32f6c-139795574210560","trial_id":33,"step":100,"intermediate_value":0.2482977993786335}
{"op_code":7,"worker_id":"e4858069-d434-4bab-984c-36c5dcd32f6c-139795574210560","trial_id":33,"step":101,"intermediate_value":0.2449573166668415}
{"op_code":7,"worker_id":"e4858069-d434-4bab-984c-36c5dcd32f6c-139795574210560","trial_id":33,"step":102,"intermediate_value":0.2432870753109455}
{"op_code":7,"worker_id":"e4858069-d434-4bab-984c-36c5dcd32f6c-139795574210560","trial_id":33,"step":103,"intermediate_value":0.22729735262691975}
{"op_code":7,"worker_id":"e4858069-d434-4bab-984c-36c5dcd32f6c-139795574210560","trial_id":33,"step":104,"intermediate_value":0.22025537490844727}
{"op_code":7,"worker_id":"e4858069-d434-4bab-984c-36c5dcd32f6c-139795574210560","trial_id":33,"step":105,"intermediate_value":0.2536664493381977}
{"op_code":7,"worker_id":"e4858069-d434-4bab-984c-36c5dcd32f6c-139795574210560","trial_id":33,"step":106,"intermediate_value":0.24280677922070026}
{"op_code":7,"worker_id":"e4858069-d434-4bab-984c-36c5dcd32f6c-139795574210560","trial_id":33,"step":107,"intermediate_value":0.2525927163660526}
{"op_code":7,"worker_id":"e4858069-d434-4bab-984c-36c5dcd32f6c-139795574210560","trial_id":33,"step":108,"intermediate_value":0.2623786684125662}
{"op_code":7,"worker_id":"3f2cef48-7f94-4667-b577-94f5b9109e7a-138536399740928","trial_id":35,"step":23,"intermediate_value":0.0341484434902668}
{"op_code":7,"worker_id":"e4858069-d434-4bab-984c-36c5dcd32f6c-139795574210560","trial_id":33,"step":109,"intermediate_value":0.2544984985142946}
{"op_code":7,"worker_id":"3f2cef48-7f94-4667-b577-94f5b9109e7a-138536399740928","trial_id":35,"step":24,"intermediate_value":0.030804873444139957}
{"op_code":7,"worker_id":"3f2cef48-7f94-4667-b577-94f5b9109e7a-138536399740928","trial_id":35,"step":25,"intermediate_value":0.03199790604412556}
{"op_code":7,"worker_id":"e4858069-d434-4bab-984c-36c5dcd32f6c-139795574210560","trial_id":33,"step":110,"intermediate_value":0.2630883324891329}
{"op_code":7,"worker_id":"e4858069-d434-4bab-984c-36c5dcd32f6c-139795574210560","trial_id":33,"step":111,"intermediate_value":0.263807225972414}
{"op_code":7,"worker_id":"e4858069-d434-4bab-984c-36c5dcd32f6c-139795574210560","trial_id":33,"step":112,"intermediate_value":0.27108164317905903}
{"op_code":7,"worker_id":"e4858069-d434-4bab-984c-36c5dcd32f6c-139795574210560","trial_id":33,"step":113,"intermediate_value":0.2715588677674532}
{"op_code":7,"worker_id":"e4858069-d434-4bab-984c-36c5dcd32f6c-139795574210560","trial_id":33,"step":114,"intermediate_value":0.266548128798604}
{"op_code":7,"worker_id":"e4858069-d434-4bab-984c-36c5dcd32f6c-139795574210560","trial_id":33,"step":115,"intermediate_value":0.2709623444825411}
{"op_code":7,"worker_id":"e4858069-d434-4bab-984c-36c5dcd32f6c-139795574210560","trial_id":33,"step":116,"intermediate_value":0.2620145995169878}
{"op_code":7,"worker_id":"e4858069-d434-4bab-984c-36c5dcd32f6c-139795574210560","trial_id":33,"step":117,"intermediate_value":0.27848153188824654}
{"op_code":7,"worker_id":"3f2cef48-7f94-4667-b577-94f5b9109e7a-138536399740928","trial_id":35,"step":26,"intermediate_value":0.03462565690279007}
{"op_code":7,"worker_id":"e4858069-d434-4bab-984c-36c5dcd32f6c-139795574210560","trial_id":33,"step":118,"intermediate_value":0.2850401271134615}
{"op_code":7,"worker_id":"e4858069-d434-4bab-984c-36c5dcd32f6c-139795574210560","trial_id":33,"step":119,"intermediate_value":0.28492082841694355}
{"op_code":7,"worker_id":"e4858069-d434-4bab-984c-36c5dcd32f6c-139795574210560","trial_id":33,"step":120,"intermediate_value":0.29101144336164}
{"op_code":7,"worker_id":"e4858069-d434-4bab-984c-36c5dcd32f6c-139795574210560","trial_id":33,"step":121,"intermediate_value":0.29446508176624775}
{"op_code":7,"worker_id":"e4858069-d434-4bab-984c-36c5dcd32f6c-139795574210560","trial_id":33,"step":122,"intermediate_value":0.2962546516209841}
{"op_code":7,"worker_id":"e4858069-d434-4bab-984c-36c5dcd32f6c-139795574210560","trial_id":33,"step":123,"intermediate_value":0.2970897722989321}
{"op_code":5,"worker_id":"5a133bcc-1b8c-4271-b177-325b38c8c12e-140159089463296","trial_id":36,"param_name":"lr","param_value_internal":0.0010817042483577453,"distribution":"{\"name\": \"FloatDistribution\", \"attributes\": {\"step\": null, \"low\": 0.0002, \"high\": 0.005, \"log\": true}}"}
{"op_code":7,"worker_id":"3f2cef48-7f94-4667-b577-94f5b9109e7a-138536399740928","trial_id":35,"step":27,"intermediate_value":0.0341484434902668}
{"op_code":5,"worker_id":"5a133bcc-1b8c-4271-b177-325b38c8c12e-140159089463296","trial_id":36,"param_name":"beta1","param_value_internal":0.9350222669323668,"distribution":"{\"name\": \"FloatDistribution\", \"attributes\": {\"step\": null, \"low\": 0.85, \"high\": 0.95, \"log\": false}}"}
{"op_code":7,"worker_id":"e4858069-d434-4bab-984c-36c5dcd32f6c-139795574210560","trial_id":33,"step":124,"intermediate_value":0.3059182036668062}
{"op_code":5,"worker_id":"5a133bcc-1b8c-4271-b177-325b38c8c12e-140159089463296","trial_id":36,"param_name":"beta2","param_value_internal":0.9871999671683815,"distribution":"{\"name\": \"FloatDistribution\", \"attributes\": {\"step\": null, \"low\": 0.95, \"high\": 0.9995, \"log\": false}}"}
{"op_code":7,"worker_id":"3f2cef48-7f94-4667-b577-94f5b9109e7a-138536399740928","trial_id":35,"step":28,"intermediate_value":0.03319093957543373}
{"op_code":5,"worker_id":"5a133bcc-1b8c-4271-b177-325b38c8c12e-140159089463296","trial_id":36,"param_name":"weight_decay","param_value_internal":0.46446822013240197,"distribution":"{\"name\": \"FloatDistribution\", \"attributes\": {\"step\": null, \"low\": 0.2, \"high\": 4.0, \"log\": true}}"}
{"op_code":7,"worker_id":"3f2cef48-7f94-4667-b577-94f5b9109e7a-138536399740928","trial_id":35,"step":29,"intermediate_value":0.03271372616291046}
{"op_code":7,"worker_id":"e4858069-d434-4bab-984c-36c5dcd32f6c-139795574210560","trial_id":33,"step":125,"intermediate_value":0.3048475570976734}
{"op_code":7,"worker_id":"3f2cef48-7f94-4667-b577-94f5b9109e7a-138536399740928","trial_id":35,"step":30,"intermediate_value":0.03307163529098034}
{"op_code":7,"worker_id":"e4858069-d434-4bab-984c-36c5dcd32f6c-139795574210560","trial_id":33,"step":126,"intermediate_value":0.3046089597046375}
{"op_code":7,"worker_id":"e4858069-d434-4bab-984c-36c5dcd32f6c-139795574210560","trial_id":33,"step":127,"intermediate_value":0.3023421950638294}
{"op_code":7,"worker_id":"e4858069-d434-4bab-984c-36c5dcd32f6c-139795574210560","trial_id":33,"step":128,"intermediate_value":0.3050830829888582}
{"op_code":7,"worker_id":"e4858069-d434-4bab-984c-36c5dcd32f6c-139795574210560","trial_id":33,"step":129,"intermediate_value":0.30043639801442623}
{"op_code":7,"worker_id":"e4858069-d434-4bab-984c-36c5dcd32f6c-139795574210560","trial_id":33,"step":130,"intermediate_value":0.3156979829072952}
{"op_code":7,"worker_id":"e4858069-d434-4bab-984c-36c5dcd32f6c-139795574210560","trial_id":33,"step":131,"intermediate_value":0.3260804582387209}
{"op_code":7,"worker_id":"e4858069-d434-4bab-984c-36c5dcd32f6c-139795574210560","trial_id":33,"step":132,"intermediate_value":0.324535658583045}
{"op_code":7,"worker_id":"631a3357-de86-4809-b074-aa856875067a-135198322143232","trial_id":34,"step":19,"intermediate_value":0.041058797389268875}
{"op_code":7,"worker_id":"e4858069-d434-4bab-984c-36c5dcd32f6c-139795574210560","trial_id":33,"step":133,"intermediate_value":0.3229785729199648}
{"op_code":7,"worker_id":"3f2cef48-7f94-4667-b577-94f5b9109e7a-138536399740928","trial_id":35,"step":31,"intermediate_value":0.032952332869172096}
{"op_code":7,"worker_id":"e4858069-d434-4bab-984c-36c5dcd32f6c-139795574210560","trial_id":33,"step":134,"intermediate_value":0.33037536032497883}
{"op_code":7,"worker_id":"631a3357-de86-4809-b074-aa856875067a-135198322143232","trial_id":34,"step":20,"intermediate_value":0.039266168139874935}
{"op_code":7,"worker_id":"3f2cef48-7f94-4667-b577-94f5b9109e7a-138536399740928","trial_id":35,"step":32,"intermediate_value":0.033429546281695366}
{"op_code":7,"worker_id":"e4858069-d434-4bab-984c-36c5dcd32f6c-139795574210560","trial_id":33,"step":135,"intermediate_value":0.3289437461644411}
{"op_code":7,"worker_id":"3f2cef48-7f94-4667-b577-94f5b9109e7a-138536399740928","trial_id":35,"step":33,"intermediate_value":0.03319093957543373}
{"op_code":7,"worker_id":"e4858069-d434-4bab-984c-36c5dcd32f6c-139795574210560","trial_id":33,"step":136,"intermediate_value":0.33550541289150715}
{"op_code":7,"worker_id":"e4858069-d434-4bab-984c-36c5dcd32f6c-139795574210560","trial_id":33,"step":137,"intermediate_value":0.3413543589413166}
{"op_code":7,"worker_id":"e4858069-d434-4bab-984c-36c5dcd32f6c-139795574210560","trial_id":33,"step":138,"intermediate_value":0.3401582408696413}
{"op_code":7,"worker_id":"e4858069-d434-4bab-984c-36c5dcd32f6c-139795574210560","trial_id":33,"step":139,"intermediate_value":0.3389652241021395}
{"op_code":7,"worker_id":"e4858069-d434-4bab-984c-36c5dcd32f6c-139795574210560","trial_id":33,"step":140,"intermediate_value":0.3472002036869526}
{"op_code":7,"worker_id":"e4858069-d434-4bab-984c-36c5dcd32f6c-139795574210560","trial_id":33,"step":141,"intermediate_value":0.34314082749187946}
{"op_code":7,"worker_id":"3f2cef48-7f94-4667-b577-94f5b9109e7a-138536399740928","trial_id":35,"step":34,"intermediate_value":0.031875524669885635}
{"op_code":7,"worker_id":"e4858069-d434-4bab-984c-36c5dcd32f6c-139795574210560","trial_id":33,"step":142,"intermediate_value":0.33024684619158506}
{"op_code":7,"worker_id":"3f2cef48-7f94-4667-b577-94f5b9109e7a-138536399740928","trial_id":35,"step":35,"intermediate_value":0.034861184656620026}
{"op_code":7,"worker_id":"3f2cef48-7f94-4667-b577-94f5b9109e7a-138536399740928","trial_id":35,"step":36,"intermediate_value":0.03294925391674042}
{"op_code":7,"worker_id":"3f2cef48-7f94-4667-b577-94f5b9109e7a-138536399740928","trial_id":35,"step":37,"intermediate_value":0.032829951494932175}
{"op_code":7,"worker_id":"3f2cef48-7f94-4667-b577-94f5b9109e7a-138536399740928","trial_id":35,"step":38,"intermediate_value":0.03438089229166508}
{"op_code":7,"worker_id":"e4858069-d434-4bab-984c-36c5dcd32f6c-139795574210560","trial_id":33,"step":143,"intermediate_value":0.3115285225212574}
{"op_code":7,"worker_id":"3f2cef48-7f94-4667-b577-94f5b9109e7a-138536399740928","trial_id":35,"step":39,"intermediate_value":0.03450019657611847}
{"op_code":7,"worker_id":"5a133bcc-1b8c-4271-b177-325b38c8c12e-140159089463296","trial_id":36,"step":1,"intermediate_value":0.02269225148484111}
{"op_code":7,"worker_id":"3f2cef48-7f94-4667-b577-94f5b9109e7a-138536399740928","trial_id":35,"step":40,"intermediate_value":0.03509671241044998}
{"op_code":7,"worker_id":"5a133bcc-1b8c-4271-b177-325b38c8c12e-140159089463296","trial_id":36,"step":2,"intermediate_value":0.018629783298820257}
{"op_code":7,"worker_id":"5a133bcc-1b8c-4271-b177-325b38c8c12e-140159089463296","trial_id":36,"step":3,"intermediate_value":0.009070127038285136}
{"op_code":7,"worker_id":"5a133bcc-1b8c-4271-b177-325b38c8c12e-140159089463296","trial_id":36,"step":4,"intermediate_value":0.007038892712444067}
{"op_code":7,"worker_id":"631a3357-de86-4809-b074-aa856875067a-135198322143232","trial_id":34,"step":21,"intermediate_value":0.0390275614336133}
{"op_code":7,"worker_id":"5a133bcc-1b8c-4271-b177-325b38c8c12e-140159089463296","trial_id":36,"step":5,"intermediate_value":0.01133996807038784}
{"op_code":7,"worker_id":"5a133bcc-1b8c-4271-b177-325b38c8c12e-140159089463296","trial_id":36,"step":6,"intermediate_value":0.029373234137892723}
{"op_code":7,"worker_id":"631a3357-de86-4809-b074-aa856875067a-135198322143232","trial_id":34,"step":22,"intermediate_value":0.0414136266335845}
{"op_code":7,"worker_id":"5a133bcc-1b8c-4271-b177-325b38c8c12e-140159089463296","trial_id":36,"step":7,"intermediate_value":0.02352121751755476}
{"op_code":7,"worker_id":"631a3357-de86-4809-b074-aa856875067a-135198322143232","trial_id":34,"step":23,"intermediate_value":0.044157600961625576}
{"op_code":7,"worker_id":"5a133bcc-1b8c-4271-b177-325b38c8c12e-140159089463296","trial_id":36,"step":8,"intermediate_value":0.024594946764409542}
{"op_code":7,"worker_id":"5a133bcc-1b8c-4271-b177-325b38c8c12e-140159089463296","trial_id":36,"step":9,"intermediate_value":0.027580606751143932}
{"op_code":7,"worker_id":"5a133bcc-1b8c-4271-b177-325b38c8c12e-140159089463296","trial_id":36,"step":10,"intermediate_value":0.029373234137892723}
{"op_code":7,"worker_id":"5a133bcc-1b8c-4271-b177-325b38c8c12e-140159089463296","trial_id":36,"step":11,"intermediate_value":0.031285165809094906}
{"op_code":7,"worker_id":"5a133bcc-1b8c-4271-b177-325b38c8c12e-140159089463296","trial_id":36,"step":12,"intermediate_value":0.029850447550415993}
{"op_code":7,"worker_id":"5a133bcc-1b8c-4271-b177-325b38c8c12e-140159089463296","trial_id":36,"step":13,"intermediate_value":0.029012246057391167}
{"op_code":7,"worker_id":"5a133bcc-1b8c-4271-b177-325b38c8c12e-140159089463296","trial_id":36,"step":14,"intermediate_value":0.030921097844839096}
{"op_code":7,"worker_id":"5a133bcc-1b8c-4271-b177-325b38c8c12e-140159089463296","trial_id":36,"step":15,"intermediate_value":0.02566559612751007}
{"op_code":7,"worker_id":"5a133bcc-1b8c-4271-b177-325b38c8c12e-140159089463296","trial_id":36,"step":16,"intermediate_value":0.02912847138941288}
{"op_code":7,"worker_id":"5a133bcc-1b8c-4271-b177-325b38c8c12e-140159089463296","trial_id":36,"step":17,"intermediate_value":0.027693751268088818}
{"op_code":7,"worker_id":"5a133bcc-1b8c-4271-b177-325b38c8c12e-140159089463296","trial_id":36,"step":18,"intermediate_value":0.03008289635181427}
{"op_code":7,"worker_id":"5a133bcc-1b8c-4271-b177-325b38c8c12e-140159089463296","trial_id":36,"step":19,"intermediate_value":0.030202200636267662}
{"op_code":7,"worker_id":"5a133bcc-1b8c-4271-b177-325b38c8c12e-140159089463296","trial_id":36,"step":20,"intermediate_value":0.03151453658938408}
{"op_code":7,"worker_id":"5a133bcc-1b8c-4271-b177-325b38c8c12e-140159089463296","trial_id":36,"step":21,"intermediate_value":0.03306547924876213}
{"op_code":7,"worker_id":"5a133bcc-1b8c-4271-b177-325b38c8c12e-140159089463296","trial_id":36,"step":22,"intermediate_value":0.03390060178935528}
{"op_code":7,"worker_id":"5a133bcc-1b8c-4271-b177-325b38c8c12e-140159089463296","trial_id":36,"step":23,"intermediate_value":0.03461642004549503}
{"op_code":7,"worker_id":"3f2cef48-7f94-4667-b577-94f5b9109e7a-138536399740928","trial_id":35,"step":41,"intermediate_value":0.033781297504901886}
{"op_code":7,"worker_id":"5a133bcc-1b8c-4271-b177-325b38c8c12e-140159089463296","trial_id":36,"step":24,"intermediate_value":0.03377821762114763}
{"op_code":7,"worker_id":"5a133bcc-1b8c-4271-b177-325b38c8c12e-140159089463296","trial_id":36,"step":25,"intermediate_value":0.04034913517534733}
{"op_code":7,"worker_id":"5a133bcc-1b8c-4271-b177-325b38c8c12e-140159089463296","trial_id":36,"step":26,"intermediate_value":0.037599002942442894}
{"op_code":7,"worker_id":"5a133bcc-1b8c-4271-b177-325b38c8c12e-140159089463296","trial_id":36,"step":27,"intermediate_value":0.0383148230612278}
{"op_code":7,"worker_id":"5a133bcc-1b8c-4271-b177-325b38c8c12e-140159089463296","trial_id":36,"step":28,"intermediate_value":0.039149945601820946}
{"op_code":7,"worker_id":"5a133bcc-1b8c-4271-b177-325b38c8c12e-140159089463296","trial_id":36,"step":29,"intermediate_value":0.03855034988373518}
{"op_code":7,"worker_id":"5a133bcc-1b8c-4271-b177-325b38c8c12e-140159089463296","trial_id":36,"step":30,"intermediate_value":0.04010129068046808}
{"op_code":7,"worker_id":"5a133bcc-1b8c-4271-b177-325b38c8c12e-140159089463296","trial_id":36,"step":31,"intermediate_value":0.046308139339089394}
{"op_code":7,"worker_id":"631a3357-de86-4809-b074-aa856875067a-135198322143232","trial_id":34,"step":24,"intermediate_value":0.04666297044605017}
{"op_code":7,"worker_id":"3f2cef48-7f94-4667-b577-94f5b9109e7a-138536399740928","trial_id":35,"step":42,"intermediate_value":0.03497433103621006}
{"op_code":7,"worker_id":"631a3357-de86-4809-b074-aa856875067a-135198322143232","trial_id":34,"step":25,"intermediate_value":0.049406944774091244}
{"op_code":7,"worker_id":"3f2cef48-7f94-4667-b577-94f5b9109e7a-138536399740928","trial_id":35,"step":43,"intermediate_value":0.03760208189487457}
{"op_code":7,"worker_id":"631a3357-de86-4809-b074-aa856875067a-135198322143232","trial_id":34,"step":26,"intermediate_value":0.052389527671039104}
{"op_code":7,"worker_id":"3f2cef48-7f94-4667-b577-94f5b9109e7a-138536399740928","trial_id":35,"step":44,"intermediate_value":0.03795999102294445}
{"op_code":7,"worker_id":"631a3357-de86-4809-b074-aa856875067a-135198322143232","trial_id":34,"step":27,"intermediate_value":0.05382116790860891}
{"op_code":7,"worker_id":"3f2cef48-7f94-4667-b577-94f5b9109e7a-138536399740928","trial_id":35,"step":45,"intermediate_value":0.03784068860113621}
{"op_code":7,"worker_id":"631a3357-de86-4809-b074-aa856875067a-135198322143232","trial_id":34,"step":28,"intermediate_value":0.05740026663988829}
{"op_code":7,"worker_id":"3f2cef48-7f94-4667-b577-94f5b9109e7a-138536399740928","trial_id":35,"step":46,"intermediate_value":0.03831790015101433}
{"op_code":7,"worker_id":"631a3357-de86-4809-b074-aa856875067a-135198322143232","trial_id":34,"step":29,"intermediate_value":0.06575149204581976}
{"op_code":7,"worker_id":"3f2cef48-7f94-4667-b577-94f5b9109e7a-138536399740928","trial_id":35,"step":47,"intermediate_value":0.039153024554252625}
{"op_code":7,"worker_id":"631a3357-de86-4809-b074-aa856875067a-135198322143232","trial_id":34,"step":30,"intermediate_value":0.061695183627307415}
{"op_code":7,"worker_id":"3f2cef48-7f94-4667-b577-94f5b9109e7a-138536399740928","trial_id":35,"step":48,"intermediate_value":0.04046536050736904}
{"op_code":7,"worker_id":"631a3357-de86-4809-b074-aa856875067a-135198322143232","trial_id":34,"step":31,"intermediate_value":0.06563218962401152}
{"op_code":7,"worker_id":"3f2cef48-7f94-4667-b577-94f5b9109e7a-138536399740928","trial_id":35,"step":49,"intermediate_value":0.041658392176032066}
{"op_code":7,"worker_id":"631a3357-de86-4809-b074-aa856875067a-135198322143232","trial_id":34,"step":32,"intermediate_value":0.07482162304222584}
{"op_code":7,"worker_id":"3f2cef48-7f94-4667-b577-94f5b9109e7a-138536399740928","trial_id":35,"step":50,"intermediate_value":0.043567243963479996}
{"op_code":7,"worker_id":"3f2cef48-7f94-4667-b577-94f5b9109e7a-138536399740928","trial_id":35,"step":51,"intermediate_value":0.044521670788526535}
{"op_code":7,"worker_id":"3f2cef48-7f94-4667-b577-94f5b9109e7a-138536399740928","trial_id":35,"step":52,"intermediate_value":0.04440236650407314}
{"op_code":7,"worker_id":"3f2cef48-7f94-4667-b577-94f5b9109e7a-138536399740928","trial_id":35,"step":53,"intermediate_value":0.04380277171730995}
{"op_code":7,"worker_id":"3f2cef48-7f94-4667-b577-94f5b9109e7a-138536399740928","trial_id":35,"step":54,"intermediate_value":0.04475719667971134}
{"op_code":7,"worker_id":"3f2cef48-7f94-4667-b577-94f5b9109e7a-138536399740928","trial_id":35,"step":55,"intermediate_value":0.04702396132051945}
{"op_code":7,"worker_id":"3f2cef48-7f94-4667-b577-94f5b9109e7a-138536399740928","trial_id":35,"step":56,"intermediate_value":0.04570854362100363}
{"op_code":7,"worker_id":"3f2cef48-7f94-4667-b577-94f5b9109e7a-138536399740928","trial_id":35,"step":57,"intermediate_value":0.04678227286785841}
{"op_code":7,"worker_id":"3f2cef48-7f94-4667-b577-94f5b9109e7a-138536399740928","trial_id":35,"step":58,"intermediate_value":0.047617397271096706}
{"op_code":7,"worker_id":"3f2cef48-7f94-4667-b577-94f5b9109e7a-138536399740928","trial_id":35,"step":59,"intermediate_value":0.048571824096143246}
{"op_code":7,"worker_id":"3f2cef48-7f94-4667-b577-94f5b9109e7a-138536399740928","trial_id":35,"step":60,"intermediate_value":0.04988415818661451}
{"op_code":7,"worker_id":"3f2cef48-7f94-4667-b577-94f5b9109e7a-138536399740928","trial_id":35,"step":61,"intermediate_value":0.05274743866175413}
{"op_code":7,"worker_id":"3f2cef48-7f94-4667-b577-94f5b9109e7a-138536399740928","trial_id":35,"step":62,"intermediate_value":0.051435100845992565}
{"op_code":7,"worker_id":"3f2cef48-7f94-4667-b577-94f5b9109e7a-138536399740928","trial_id":35,"step":63,"intermediate_value":0.05358255933970213}
{"op_code":7,"worker_id":"3f2cef48-7f94-4667-b577-94f5b9109e7a-138536399740928","trial_id":35,"step":64,"intermediate_value":0.055730017833411694}
{"op_code":7,"worker_id":"3f2cef48-7f94-4667-b577-94f5b9109e7a-138536399740928","trial_id":35,"step":65,"intermediate_value":0.05596862640231848}
{"op_code":7,"worker_id":"3f2cef48-7f94-4667-b577-94f5b9109e7a-138536399740928","trial_id":35,"step":66,"intermediate_value":0.057280960492789745}
{"op_code":7,"worker_id":"3f2cef48-7f94-4667-b577-94f5b9109e7a-138536399740928","trial_id":35,"step":67,"intermediate_value":0.0610986677929759}
{"op_code":7,"worker_id":"3f2cef48-7f94-4667-b577-94f5b9109e7a-138536399740928","trial_id":35,"step":68,"intermediate_value":0.058712600730359554}
{"op_code":7,"worker_id":"3f2cef48-7f94-4667-b577-94f5b9109e7a-138536399740928","trial_id":35,"step":69,"intermediate_value":0.06157588120549917}
{"op_code":7,"worker_id":"3f2cef48-7f94-4667-b577-94f5b9109e7a-138536399740928","trial_id":35,"step":70,"intermediate_value":0.06503567378968}
{"op_code":7,"worker_id":"3f2cef48-7f94-4667-b577-94f5b9109e7a-138536399740928","trial_id":35,"step":71,"intermediate_value":0.06515497621148825}
{"op_code":7,"worker_id":"3f2cef48-7f94-4667-b577-94f5b9109e7a-138536399740928","trial_id":35,"step":72,"intermediate_value":0.06658661644905806}
{"op_code":7,"worker_id":"3f2cef48-7f94-4667-b577-94f5b9109e7a-138536399740928","trial_id":35,"step":73,"intermediate_value":0.07100083585828543}
{"op_code":7,"worker_id":"3f2cef48-7f94-4667-b577-94f5b9109e7a-138536399740928","trial_id":35,"step":74,"intermediate_value":0.07243247609585524}
{"op_code":7,"worker_id":"3f2cef48-7f94-4667-b577-94f5b9109e7a-138536399740928","trial_id":35,"step":75,"intermediate_value":0.07326759677380323}
{"op_code":7,"worker_id":"3f2cef48-7f94-4667-b577-94f5b9109e7a-138536399740928","trial_id":35,"step":76,"intermediate_value":0.07553436141461134}
{"op_code":7,"worker_id":"3f2cef48-7f94-4667-b577-94f5b9109e7a-138536399740928","trial_id":35,"step":77,"intermediate_value":0.07708530407398939}
{"op_code":7,"worker_id":"3f2cef48-7f94-4667-b577-94f5b9109e7a-138536399740928","trial_id":35,"step":78,"intermediate_value":0.07923276256769896}
{"op_code":7,"worker_id":"3f2cef48-7f94-4667-b577-94f5b9109e7a-138536399740928","trial_id":35,"step":79,"intermediate_value":0.0832890747115016}
{"op_code":7,"worker_id":"3f2cef48-7f94-4667-b577-94f5b9109e7a-138536399740928","trial_id":35,"step":80,"intermediate_value":0.08305046986788511}
{"op_code":7,"worker_id":"3f2cef48-7f94-4667-b577-94f5b9109e7a-138536399740928","trial_id":35,"step":81,"intermediate_value":0.08531722705811262}
{"op_code":7,"worker_id":"3f2cef48-7f94-4667-b577-94f5b9109e7a-138536399740928","trial_id":35,"step":82,"intermediate_value":0.0872260807082057}
{"op_code":7,"worker_id":"631a3357-de86-4809-b074-aa856875067a-135198322143232","trial_id":34,"step":33,"intermediate_value":0.07816210947930813}
{"op_code":7,"worker_id":"3f2cef48-7f94-4667-b577-94f5b9109e7a-138536399740928","trial_id":35,"step":83,"intermediate_value":0.08877702336758375}
{"op_code":7,"worker_id":"3f2cef48-7f94-4667-b577-94f5b9109e7a-138536399740928","trial_id":35,"step":84,"intermediate_value":0.09164030384272337}
{"op_code":7,"worker_id":"631a3357-de86-4809-b074-aa856875067a-135198322143232","trial_id":34,"step":34,"intermediate_value":0.09056657087057829}
{"op_code":7,"worker_id":"631a3357-de86-4809-b074-aa856875067a-135198322143232","trial_id":34,"step":35,"intermediate_value":0.0921205934137106}
{"op_code":7,"worker_id":"631a3357-de86-4809-b074-aa856875067a-135198322143232","trial_id":34,"step":36,"intermediate_value":0.10190346650779247}
{"op_code":7,"worker_id":"e4858069-d434-4bab-984c-36c5dcd32f6c-139795574210560","trial_id":33,"step":144,"intermediate_value":0.2915925784036517}
{"op_code":7,"worker_id":"631a3357-de86-4809-b074-aa856875067a-135198322143232","trial_id":34,"step":37,"intermediate_value":0.10798793099820614}
{"op_code":7,"worker_id":"631a3357-de86-4809-b074-aa856875067a-135198322143232","trial_id":34,"step":38,"intermediate_value":0.10727518796920776}
{"op_code":7,"worker_id":"e4858069-d434-4bab-984c-36c5dcd32f6c-139795574210560","trial_id":33,"step":145,"intermediate_value":0.33657913096249104}
{"op_code":7,"worker_id":"e4858069-d434-4bab-984c-36c5dcd32f6c-139795574210560","trial_id":33,"step":146,"intermediate_value":0.3359857089817524}
{"op_code":7,"worker_id":"e4858069-d434-4bab-984c-36c5dcd32f6c-139795574210560","trial_id":33,"step":147,"intermediate_value":0.3186774980276823}
{"op_code":7,"worker_id":"e4858069-d434-4bab-984c-36c5dcd32f6c-139795574210560","trial_id":33,"step":148,"intermediate_value":0.35208855755627155}
{"op_code":7,"worker_id":"e4858069-d434-4bab-984c-36c5dcd32f6c-139795574210560","trial_id":33,"step":149,"intermediate_value":0.3331193495541811}
{"op_code":7,"worker_id":"e4858069-d434-4bab-984c-36c5dcd32f6c-139795574210560","trial_id":33,"step":150,"intermediate_value":0.36449920013546944}
{"op_code":7,"worker_id":"e4858069-d434-4bab-984c-36c5dcd32f6c-139795574210560","trial_id":33,"step":151,"intermediate_value":0.3426605314016342}
{"op_code":7,"worker_id":"e4858069-d434-4bab-984c-36c5dcd32f6c-139795574210560","trial_id":33,"step":152,"intermediate_value":0.36616944149136543}
{"op_code":7,"worker_id":"e4858069-d434-4bab-984c-36c5dcd32f6c-139795574210560","trial_id":33,"step":153,"intermediate_value":0.3585370983928442}
{"op_code":7,"worker_id":"e4858069-d434-4bab-984c-36c5dcd32f6c-139795574210560","trial_id":33,"step":154,"intermediate_value":0.35936297476291656}
{"op_code":7,"worker_id":"e4858069-d434-4bab-984c-36c5dcd32f6c-139795574210560","trial_id":33,"step":155,"intermediate_value":0.3623517341911793}
{"op_code":7,"worker_id":"e4858069-d434-4bab-984c-36c5dcd32f6c-139795574210560","trial_id":33,"step":156,"intermediate_value":0.37523957155644894}
{"op_code":7,"worker_id":"3f2cef48-7f94-4667-b577-94f5b9109e7a-138536399740928","trial_id":35,"step":85,"intermediate_value":0.09354915749281645}
{"op_code":7,"worker_id":"e4858069-d434-4bab-984c-36c5dcd32f6c-139795574210560","trial_id":33,"step":157,"intermediate_value":0.38000859692692757}
{"op_code":7,"worker_id":"3f2cef48-7f94-4667-b577-94f5b9109e7a-138536399740928","trial_id":35,"step":86,"intermediate_value":0.0959352208301425}
{"op_code":7,"worker_id":"631a3357-de86-4809-b074-aa856875067a-135198322143232","trial_id":34,"step":39,"intermediate_value":0.09021173976361752}
{"op_code":7,"worker_id":"631a3357-de86-4809-b074-aa856875067a-135198322143232","trial_id":34,"step":40,"intermediate_value":0.11848661862313747}
{"op_code":7,"worker_id":"631a3357-de86-4809-b074-aa856875067a-135198322143232","trial_id":34,"step":41,"intermediate_value":0.10930334031581879}
{"op_code":7,"worker_id":"631a3357-de86-4809-b074-aa856875067a-135198322143232","trial_id":34,"step":42,"intermediate_value":0.12600271962583065}
{"op_code":7,"worker_id":"631a3357-de86-4809-b074-aa856875067a-135198322143232","trial_id":34,"step":43,"intermediate_value":0.14019673597067595}
{"op_code":7,"worker_id":"631a3357-de86-4809-b074-aa856875067a-135198322143232","trial_id":34,"step":44,"intermediate_value":0.13649832736700773}
{"op_code":7,"worker_id":"3f2cef48-7f94-4667-b577-94f5b9109e7a-138536399740928","trial_id":35,"step":87,"intermediate_value":0.09999153297394514}
{"op_code":7,"worker_id":"631a3357-de86-4809-b074-aa856875067a-135198322143232","trial_id":34,"step":45,"intermediate_value":0.15236566495150328}
{"op_code":7,"worker_id":"3f2cef48-7f94-4667-b577-94f5b9109e7a-138536399740928","trial_id":35,"step":88,"intermediate_value":0.09879850130528212}
{"op_code":7,"worker_id":"631a3357-de86-4809-b074-aa856875067a-135198322143232","trial_id":34,"step":46,"intermediate_value":0.16859091352671385}
{"op_code":7,"worker_id":"3f2cef48-7f94-4667-b577-94f5b9109e7a-138536399740928","trial_id":35,"step":89,"intermediate_value":0.10154247563332319}
{"op_code":7,"worker_id":"3f2cef48-7f94-4667-b577-94f5b9109e7a-138536399740928","trial_id":35,"step":90,"intermediate_value":0.10404784511774778}
{"op_code":7,"worker_id":"3f2cef48-7f94-4667-b577-94f5b9109e7a-138536399740928","trial_id":35,"step":91,"intermediate_value":0.10321271698921919}
{"op_code":7,"worker_id":"3f2cef48-7f94-4667-b577-94f5b9109e7a-138536399740928","trial_id":35,"step":92,"intermediate_value":0.10726902913302183}
{"op_code":7,"worker_id":"3f2cef48-7f94-4667-b577-94f5b9109e7a-138536399740928","trial_id":35,"step":93,"intermediate_value":0.11144464742392302}
{"op_code":7,"worker_id":"3f2cef48-7f94-4667-b577-94f5b9109e7a-138536399740928","trial_id":35,"step":94,"intermediate_value":0.10989370476454496}
{"op_code":7,"worker_id":"3f2cef48-7f94-4667-b577-94f5b9109e7a-138536399740928","trial_id":35,"step":95,"intermediate_value":0.11311488877981901}
{"op_code":7,"worker_id":"3f2cef48-7f94-4667-b577-94f5b9109e7a-138536399740928","trial_id":35,"step":96,"intermediate_value":0.11693259608000517}
{"op_code":7,"worker_id":"3f2cef48-7f94-4667-b577-94f5b9109e7a-138536399740928","trial_id":35,"step":97,"intermediate_value":0.11609747540205717}
{"op_code":7,"worker_id":"3f2cef48-7f94-4667-b577-94f5b9109e7a-138536399740928","trial_id":35,"step":98,"intermediate_value":0.11860283743590117}
{"op_code":7,"worker_id":"3f2cef48-7f94-4667-b577-94f5b9109e7a-138536399740928","trial_id":35,"step":99,"intermediate_value":0.12086960207670927}
{"op_code":7,"worker_id":"3f2cef48-7f94-4667-b577-94f5b9109e7a-138536399740928","trial_id":35,"step":100,"intermediate_value":0.12277845572680235}
{"op_code":7,"worker_id":"3f2cef48-7f94-4667-b577-94f5b9109e7a-138536399740928","trial_id":35,"step":101,"intermediate_value":0.12623825203627348}
{"op_code":7,"worker_id":"3f2cef48-7f94-4667-b577-94f5b9109e7a-138536399740928","trial_id":35,"step":102,"intermediate_value":0.12719267886132002}
{"op_code":7,"worker_id":"3f2cef48-7f94-4667-b577-94f5b9109e7a-138536399740928","trial_id":35,"step":103,"intermediate_value":0.13065246772021055}
{"op_code":7,"worker_id":"3f2cef48-7f94-4667-b577-94f5b9109e7a-138536399740928","trial_id":35,"step":104,"intermediate_value":0.1336350543424487}
{"op_code":7,"worker_id":"3f2cef48-7f94-4667-b577-94f5b9109e7a-138536399740928","trial_id":35,"step":105,"intermediate_value":0.1347087798640132}
{"op_code":7,"worker_id":"3f2cef48-7f94-4667-b577-94f5b9109e7a-138536399740928","trial_id":35,"step":106,"intermediate_value":0.13804927002638578}
{"op_code":7,"worker_id":"3f2cef48-7f94-4667-b577-94f5b9109e7a-138536399740928","trial_id":35,"step":107,"intermediate_value":0.141747678630054}
{"op_code":7,"worker_id":"3f2cef48-7f94-4667-b577-94f5b9109e7a-138536399740928","trial_id":35,"step":108,"intermediate_value":0.14246350061148405}
{"op_code":7,"worker_id":"3f2cef48-7f94-4667-b577-94f5b9109e7a-138536399740928","trial_id":35,"step":109,"intermediate_value":0.14341791998595}
{"op_code":7,"worker_id":"5a133bcc-1b8c-4271-b177-325b38c8c12e-140159089463296","trial_id":36,"step":32,"intermediate_value":0.04797838814556599}
{"op_code":7,"worker_id":"631a3357-de86-4809-b074-aa856875067a-135198322143232","trial_id":34,"step":47,"intermediate_value":0.17610701452940702}
{"op_code":7,"worker_id":"5a133bcc-1b8c-4271-b177-325b38c8c12e-140159089463296","trial_id":36,"step":33,"intermediate_value":0.04821699298918247}
{"op_code":7,"worker_id":"3f2cef48-7f94-4667-b577-94f5b9109e7a-138536399740928","trial_id":35,"step":110,"intermediate_value":0.14747422467917204}
{"op_code":7,"worker_id":"631a3357-de86-4809-b074-aa856875067a-135198322143232","trial_id":34,"step":48,"intermediate_value":0.19603681564331055}
{"op_code":7,"worker_id":"3f2cef48-7f94-4667-b577-94f5b9109e7a-138536399740928","trial_id":35,"step":111,"intermediate_value":0.15033751260489225}
{"op_code":7,"worker_id":"631a3357-de86-4809-b074-aa856875067a-135198322143232","trial_id":34,"step":49,"intermediate_value":0.20093132741749287}
{"op_code":7,"worker_id":"3f2cef48-7f94-4667-b577-94f5b9109e7a-138536399740928","trial_id":35,"step":112,"intermediate_value":0.15176914166659117}
{"op_code":7,"worker_id":"631a3357-de86-4809-b074-aa856875067a-135198322143232","trial_id":34,"step":50,"intermediate_value":0.19651095382869244}
{"op_code":7,"worker_id":"3f2cef48-7f94-4667-b577-94f5b9109e7a-138536399740928","trial_id":35,"step":113,"intermediate_value":0.15451313089579344}
{"op_code":7,"worker_id":"631a3357-de86-4809-b074-aa856875067a-135198322143232","trial_id":34,"step":51,"intermediate_value":0.207967147231102}
{"op_code":7,"worker_id":"3f2cef48-7f94-4667-b577-94f5b9109e7a-138536399740928","trial_id":35,"step":114,"intermediate_value":0.1543938172981143}
{"op_code":7,"worker_id":"631a3357-de86-4809-b074-aa856875067a-135198322143232","trial_id":34,"step":52,"intermediate_value":0.2176245553418994}
{"op_code":7,"worker_id":"3f2cef48-7f94-4667-b577-94f5b9109e7a-138536399740928","trial_id":35,"step":115,"intermediate_value":0.15773431491106749}
{"op_code":7,"worker_id":"5a133bcc-1b8c-4271-b177-325b38c8c12e-140159089463296","trial_id":36,"step":34,"intermediate_value":0.05072236247360706}
{"op_code":7,"worker_id":"3f2cef48-7f94-4667-b577-94f5b9109e7a-138536399740928","trial_id":35,"step":116,"intermediate_value":0.15558684896677732}
{"op_code":7,"worker_id":"3f2cef48-7f94-4667-b577-94f5b9109e7a-138536399740928","trial_id":35,"step":117,"intermediate_value":0.1631029648706317}
{"op_code":7,"worker_id":"3f2cef48-7f94-4667-b577-94f5b9109e7a-138536399740928","trial_id":35,"step":118,"intermediate_value":0.16501180361956358}
{"op_code":7,"worker_id":"3f2cef48-7f94-4667-b577-94f5b9109e7a-138536399740928","trial_id":35,"step":119,"intermediate_value":0.16907119564712048}
{"op_code":7,"worker_id":"3f2cef48-7f94-4667-b577-94f5b9109e7a-138536399740928","trial_id":35,"step":120,"intermediate_value":0.17073836456984282}
{"op_code":7,"worker_id":"3f2cef48-7f94-4667-b577-94f5b9109e7a-138536399740928","trial_id":35,"step":121,"intermediate_value":0.1756328772753477}
{"op_code":7,"worker_id":"3f2cef48-7f94-4667-b577-94f5b9109e7a-138536399740928","trial_id":35,"step":122,"intermediate_value":0.17778034321963787}
{"op_code":7,"worker_id":"3f2cef48-7f94-4667-b577-94f5b9109e7a-138536399740928","trial_id":35,"step":123,"intermediate_value":0.17539119254797697}
{"op_code":7,"worker_id":"3f2cef48-7f94-4667-b577-94f5b9109e7a-138536399740928","trial_id":35,"step":124,"intermediate_value":0.1819528741762042}
{"op_code":7,"worker_id":"3f2cef48-7f94-4667-b577-94f5b9109e7a-138536399740928","trial_id":35,"step":125,"intermediate_value":0.1868473868817091}
{"op_code":7,"worker_id":"3f2cef48-7f94-4667-b577-94f5b9109e7a-138536399740928","trial_id":35,"step":126,"intermediate_value":0.1869636131450534}
{"op_code":7,"worker_id":"3f2cef48-7f94-4667-b577-94f5b9109e7a-138536399740928","trial_id":35,"step":127,"intermediate_value":0.19126160256564617}
{"op_code":7,"worker_id":"3f2cef48-7f94-4667-b577-94f5b9109e7a-138536399740928","trial_id":35,"step":128,"intermediate_value":0.1892303777858615}
{"op_code":7,"worker_id":"3f2cef48-7f94-4667-b577-94f5b9109e7a-138536399740928","trial_id":35,"step":129,"intermediate_value":0.19555960595607758}
{"op_code":7,"worker_id":"3f2cef48-7f94-4667-b577-94f5b9109e7a-138536399740928","trial_id":35,"step":130,"intermediate_value":0.1889917654916644}
{"op_code":7,"worker_id":"3f2cef48-7f94-4667-b577-94f5b9109e7a-138536399740928","trial_id":35,"step":131,"intermediate_value":0.20247919857501984}
{"op_code":7,"worker_id":"3f2cef48-7f94-4667-b577-94f5b9109e7a-138536399740928","trial_id":35,"step":132,"intermediate_value":0.20641311816871166}
{"op_code":7,"worker_id":"3f2cef48-7f94-4667-b577-94f5b9109e7a-138536399740928","trial_id":35,"step":133,"intermediate_value":0.20617143344134092}
{"op_code":7,"worker_id":"3f2cef48-7f94-4667-b577-94f5b9109e7a-138536399740928","trial_id":35,"step":134,"intermediate_value":0.21238136291503906}
{"op_code":7,"worker_id":"3f2cef48-7f94-4667-b577-94f5b9109e7a-138536399740928","trial_id":35,"step":135,"intermediate_value":0.21285550110042095}
{"op_code":7,"worker_id":"3f2cef48-7f94-4667-b577-94f5b9109e7a-138536399740928","trial_id":35,"step":136,"intermediate_value":0.2175083290785551}
{"op_code":7,"worker_id":"3f2cef48-7f94-4667-b577-94f5b9109e7a-138536399740928","trial_id":35,"step":137,"intermediate_value":0.21965578012168407}
{"op_code":7,"worker_id":"3f2cef48-7f94-4667-b577-94f5b9109e7a-138536399740928","trial_id":35,"step":138,"intermediate_value":0.22263836674392223}
{"op_code":7,"worker_id":"3f2cef48-7f94-4667-b577-94f5b9109e7a-138536399740928","trial_id":35,"step":139,"intermediate_value":0.22956103086471558}
{"op_code":7,"worker_id":"3f2cef48-7f94-4667-b577-94f5b9109e7a-138536399740928","trial_id":35,"step":140,"intermediate_value":0.2318247240036726}
{"op_code":7,"worker_id":"3f2cef48-7f94-4667-b577-94f5b9109e7a-138536399740928","trial_id":35,"step":141,"intermediate_value":0.2340914886444807}
{"op_code":7,"worker_id":"3f2cef48-7f94-4667-b577-94f5b9109e7a-138536399740928","trial_id":35,"step":142,"intermediate_value":0.2355262041091919}
{"op_code":7,"worker_id":"3f2cef48-7f94-4667-b577-94f5b9109e7a-138536399740928","trial_id":35,"step":143,"intermediate_value":0.24161066114902496}
{"op_code":7,"worker_id":"3f2cef48-7f94-4667-b577-94f5b9109e7a-138536399740928","trial_id":35,"step":144,"intermediate_value":0.24459324777126312}
{"op_code":7,"worker_id":"3f2cef48-7f94-4667-b577-94f5b9109e7a-138536399740928","trial_id":35,"step":145,"intermediate_value":0.24626348912715912}
{"op_code":7,"worker_id":"3f2cef48-7f94-4667-b577-94f5b9109e7a-138536399740928","trial_id":35,"step":146,"intermediate_value":0.24304230511188507}
{"op_code":7,"worker_id":"3f2cef48-7f94-4667-b577-94f5b9109e7a-138536399740928","trial_id":35,"step":147,"intermediate_value":0.24220102559775114}
{"op_code":7,"worker_id":"3f2cef48-7f94-4667-b577-94f5b9109e7a-138536399740928","trial_id":35,"step":148,"intermediate_value":0.2504391074180603}
{"op_code":7,"worker_id":"3f2cef48-7f94-4667-b577-94f5b9109e7a-138536399740928","trial_id":35,"step":149,"intermediate_value":0.25986406207084656}
{"op_code":7,"worker_id":"3f2cef48-7f94-4667-b577-94f5b9109e7a-138536399740928","trial_id":35,"step":150,"intermediate_value":0.26153431832790375}
{"op_code":7,"worker_id":"3f2cef48-7f94-4667-b577-94f5b9109e7a-138536399740928","trial_id":35,"step":151,"intermediate_value":0.2554498463869095}
{"op_code":7,"worker_id":"3f2cef48-7f94-4667-b577-94f5b9109e7a-138536399740928","trial_id":35,"step":152,"intermediate_value":0.25759422592818737}
{"op_code":7,"worker_id":"3f2cef48-7f94-4667-b577-94f5b9109e7a-138536399740928","trial_id":35,"step":153,"intermediate_value":0.2623725105077028}
{"op_code":7,"worker_id":"3f2cef48-7f94-4667-b577-94f5b9109e7a-138536399740928","trial_id":35,"step":154,"intermediate_value":0.2641559075564146}
{"op_code":7,"worker_id":"e4858069-d434-4bab-984c-36c5dcd32f6c-139795574210560","trial_id":33,"step":158,"intermediate_value":0.37738086469471455}
{"op_code":7,"worker_id":"3f2cef48-7f94-4667-b577-94f5b9109e7a-138536399740928","trial_id":35,"step":155,"intermediate_value":0.27704374492168427}
{"op_code":7,"worker_id":"e4858069-d434-4bab-984c-36c5dcd32f6c-139795574210560","trial_id":33,"step":159,"intermediate_value":0.37630711682140827}
{"op_code":7,"worker_id":"3f2cef48-7f94-4667-b577-94f5b9109e7a-138536399740928","trial_id":35,"step":156,"intermediate_value":0.2774047125130892}
{"op_code":7,"worker_id":"3f2cef48-7f94-4667-b577-94f5b9109e7a-138536399740928","trial_id":35,"step":157,"intermediate_value":0.27918810956180096}
{"op_code":7,"worker_id":"3f2cef48-7f94-4667-b577-94f5b9109e7a-138536399740928","trial_id":35,"step":158,"intermediate_value":0.2802649289369583}
{"op_code":7,"worker_id":"3f2cef48-7f94-4667-b577-94f5b9109e7a-138536399740928","trial_id":35,"step":159,"intermediate_value":0.2852756530046463}
{"op_code":7,"worker_id":"3f2cef48-7f94-4667-b577-94f5b9109e7a-138536399740928","trial_id":35,"step":160,"intermediate_value":0.29243384301662445}
{"op_code":7,"worker_id":"5a133bcc-1b8c-4271-b177-325b38c8c12e-140159089463296","trial_id":36,"step":35,"intermediate_value":0.0525119099766016}
{"op_code":7,"worker_id":"3f2cef48-7f94-4667-b577-94f5b9109e7a-138536399740928","trial_id":35,"step":161,"intermediate_value":0.29016400687396526}
{"op_code":7,"worker_id":"5a133bcc-1b8c-4271-b177-325b38c8c12e-140159089463296","trial_id":36,"step":36,"intermediate_value":0.05597170628607273}
{"op_code":7,"worker_id":"3f2cef48-7f94-4667-b577-94f5b9109e7a-138536399740928","trial_id":35,"step":162,"intermediate_value":0.2967287749052048}
{"op_code":7,"worker_id":"5a133bcc-1b8c-4271-b177-325b38c8c12e-140159089463296","trial_id":36,"step":37,"intermediate_value":0.05943149887025356}
{"op_code":7,"worker_id":"3f2cef48-7f94-4667-b577-94f5b9109e7a-138536399740928","trial_id":35,"step":163,"intermediate_value":0.30197812616825104}
{"op_code":7,"worker_id":"3f2cef48-7f94-4667-b577-94f5b9109e7a-138536399740928","trial_id":35,"step":164,"intermediate_value":0.3007850795984268}
{"op_code":7,"worker_id":"3f2cef48-7f94-4667-b577-94f5b9109e7a-138536399740928","trial_id":35,"step":165,"intermediate_value":0.30734677612781525}
{"op_code":7,"worker_id":"3f2cef48-7f94-4667-b577-94f5b9109e7a-138536399740928","trial_id":35,"step":166,"intermediate_value":0.30901701748371124}
{"op_code":7,"worker_id":"3f2cef48-7f94-4667-b577-94f5b9109e7a-138536399740928","trial_id":35,"step":167,"intermediate_value":0.3159366101026535}
{"op_code":7,"worker_id":"3f2cef48-7f94-4667-b577-94f5b9109e7a-138536399740928","trial_id":35,"step":168,"intermediate_value":0.31712962687015533}
{"op_code":7,"worker_id":"3f2cef48-7f94-4667-b577-94f5b9109e7a-138536399740928","trial_id":35,"step":169,"intermediate_value":0.31975431740283966}
{"op_code":7,"worker_id":"3f2cef48-7f94-4667-b577-94f5b9109e7a-138536399740928","trial_id":35,"step":170,"intermediate_value":0.32679320871829987}
{"op_code":7,"worker_id":"3f2cef48-7f94-4667-b577-94f5b9109e7a-138536399740928","trial_id":35,"step":171,"intermediate_value":0.3263159841299057}
{"op_code":7,"worker_id":"3f2cef48-7f94-4667-b577-94f5b9109e7a-138536399740928","trial_id":35,"step":172,"intermediate_value":0.33013369143009186}
{"op_code":7,"worker_id":"3f2cef48-7f94-4667-b577-94f5b9109e7a-138536399740928","trial_id":35,"step":173,"intermediate_value":0.3329969793558121}
{"op_code":7,"worker_id":"3f2cef48-7f94-4667-b577-94f5b9109e7a-138536399740928","trial_id":35,"step":174,"intermediate_value":0.33120740950107574}
{"op_code":7,"worker_id":"3f2cef48-7f94-4667-b577-94f5b9109e7a-138536399740928","trial_id":35,"step":175,"intermediate_value":0.32762832939624786}
{"op_code":7,"worker_id":"3f2cef48-7f94-4667-b577-94f5b9109e7a-138536399740928","trial_id":35,"step":176,"intermediate_value":0.32500363886356354}
{"op_code":7,"worker_id":"3f2cef48-7f94-4667-b577-94f5b9109e7a-138536399740928","trial_id":35,"step":177,"intermediate_value":0.3370532840490341}
{"op_code":7,"worker_id":"631a3357-de86-4809-b074-aa856875067a-135198322143232","trial_id":34,"step":53,"intermediate_value":0.2145226700231433}
{"op_code":7,"worker_id":"3f2cef48-7f94-4667-b577-94f5b9109e7a-138536399740928","trial_id":35,"step":178,"intermediate_value":0.35148896276950836}
{"op_code":7,"worker_id":"631a3357-de86-4809-b074-aa856875067a-135198322143232","trial_id":34,"step":54,"intermediate_value":0.23731267265975475}
{"op_code":7,"worker_id":"3f2cef48-7f94-4667-b577-94f5b9109e7a-138536399740928","trial_id":35,"step":179,"intermediate_value":0.3470747619867325}
{"op_code":7,"worker_id":"e4858069-d434-4bab-984c-36c5dcd32f6c-139795574210560","trial_id":33,"step":160,"intermediate_value":0.37320526130497456}
{"op_code":7,"worker_id":"3f2cef48-7f94-4667-b577-94f5b9109e7a-138536399740928","trial_id":35,"step":180,"intermediate_value":0.34671683609485626}
{"op_code":7,"worker_id":"e4858069-d434-4bab-984c-36c5dcd32f6c-139795574210560","trial_id":33,"step":161,"intermediate_value":0.38012482412159443}
{"op_code":7,"worker_id":"3f2cef48-7f94-4667-b577-94f5b9109e7a-138536399740928","trial_id":35,"step":181,"intermediate_value":0.35733483731746674}
{"op_code":7,"worker_id":"631a3357-de86-4809-b074-aa856875067a-135198322143232","trial_id":34,"step":55,"intermediate_value":0.22657537274062634}
{"op_code":7,"worker_id":"e4858069-d434-4bab-984c-36c5dcd32f6c-139795574210560","trial_id":33,"step":162,"intermediate_value":0.37308286130428314}
{"op_code":7,"worker_id":"3f2cef48-7f94-4667-b577-94f5b9109e7a-138536399740928","trial_id":35,"step":182,"intermediate_value":0.3575734347105026}
{"op_code":7,"worker_id":"e4858069-d434-4bab-984c-36c5dcd32f6c-139795574210560","trial_id":33,"step":163,"intermediate_value":0.3790541775524616}
{"op_code":7,"worker_id":"3f2cef48-7f94-4667-b577-94f5b9109e7a-138536399740928","trial_id":35,"step":183,"intermediate_value":0.3615104407072067}
{"op_code":7,"worker_id":"3f2cef48-7f94-4667-b577-94f5b9109e7a-138536399740928","trial_id":35,"step":184,"intermediate_value":0.36807213723659515}
{"op_code":7,"worker_id":"3f2cef48-7f94-4667-b577-94f5b9109e7a-138536399740928","trial_id":35,"step":185,"intermediate_value":0.3681914359331131}
{"op_code":7,"worker_id":"3f2cef48-7f94-4667-b577-94f5b9109e7a-138536399740928","trial_id":35,"step":186,"intermediate_value":0.3737986832857132}
{"op_code":7,"worker_id":"3f2cef48-7f94-4667-b577-94f5b9109e7a-138536399740928","trial_id":35,"step":187,"intermediate_value":0.37701986730098724}
{"op_code":7,"worker_id":"3f2cef48-7f94-4667-b577-94f5b9109e7a-138536399740928","trial_id":35,"step":188,"intermediate_value":0.37785498797893524}
{"op_code":7,"worker_id":"3f2cef48-7f94-4667-b577-94f5b9109e7a-138536399740928","trial_id":35,"step":189,"intermediate_value":0.3819112926721573}
{"op_code":7,"worker_id":"3f2cef48-7f94-4667-b577-94f5b9109e7a-138536399740928","trial_id":35,"step":190,"intermediate_value":0.3859676271677017}
{"op_code":7,"worker_id":"3f2cef48-7f94-4667-b577-94f5b9109e7a-138536399740928","trial_id":35,"step":191,"intermediate_value":0.38608692586421967}
{"op_code":7,"worker_id":"3f2cef48-7f94-4667-b577-94f5b9109e7a-138536399740928","trial_id":35,"step":192,"intermediate_value":0.3881150633096695}
{"op_code":7,"worker_id":"3f2cef48-7f94-4667-b577-94f5b9109e7a-138536399740928","trial_id":35,"step":193,"intermediate_value":0.3864448219537735}
{"op_code":7,"worker_id":"3f2cef48-7f94-4667-b577-94f5b9109e7a-138536399740928","trial_id":35,"step":194,"intermediate_value":0.3943188339471817}
{"op_code":7,"worker_id":"3f2cef48-7f94-4667-b577-94f5b9109e7a-138536399740928","trial_id":35,"step":195,"intermediate_value":0.39396093785762787}
{"op_code":7,"worker_id":"3f2cef48-7f94-4667-b577-94f5b9109e7a-138536399740928","trial_id":35,"step":196,"intermediate_value":0.4009998291730881}
{"op_code":7,"worker_id":"3f2cef48-7f94-4667-b577-94f5b9109e7a-138536399740928","trial_id":35,"step":197,"intermediate_value":0.4049368351697922}
{"op_code":7,"worker_id":"3f2cef48-7f94-4667-b577-94f5b9109e7a-138536399740928","trial_id":35,"step":198,"intermediate_value":0.4063684791326523}
{"op_code":7,"worker_id":"3f2cef48-7f94-4667-b577-94f5b9109e7a-138536399740928","trial_id":35,"step":199,"intermediate_value":0.4067263752222061}
{"op_code":7,"worker_id":"3f2cef48-7f94-4667-b577-94f5b9109e7a-138536399740928","trial_id":35,"step":200,"intermediate_value":0.40314729511737823}
{"op_code":7,"worker_id":"3f2cef48-7f94-4667-b577-94f5b9109e7a-138536399740928","trial_id":35,"step":201,"intermediate_value":0.39980678260326385}
{"op_code":7,"worker_id":"3f2cef48-7f94-4667-b577-94f5b9109e7a-138536399740928","trial_id":35,"step":202,"intermediate_value":0.39383856765925884}
{"op_code":7,"worker_id":"3f2cef48-7f94-4667-b577-94f5b9109e7a-138536399740928","trial_id":35,"step":203,"intermediate_value":0.4087576139718294}
{"op_code":7,"worker_id":"3f2cef48-7f94-4667-b577-94f5b9109e7a-138536399740928","trial_id":35,"step":204,"intermediate_value":0.4196111410856247}
{"op_code":7,"worker_id":"3f2cef48-7f94-4667-b577-94f5b9109e7a-138536399740928","trial_id":35,"step":205,"intermediate_value":0.4124498497694731}
{"op_code":7,"worker_id":"e4858069-d434-4bab-984c-36c5dcd32f6c-139795574210560","trial_id":33,"step":164,"intermediate_value":0.3811985719949007}
{"op_code":7,"worker_id":"3f2cef48-7f94-4667-b577-94f5b9109e7a-138536399740928","trial_id":35,"step":206,"intermediate_value":0.41602895967662334}
{"op_code":7,"worker_id":"3f2cef48-7f94-4667-b577-94f5b9109e7a-138536399740928","trial_id":35,"step":207,"intermediate_value":0.42593421041965485}
{"op_code":7,"worker_id":"3f2cef48-7f94-4667-b577-94f5b9109e7a-138536399740928","trial_id":35,"step":208,"intermediate_value":0.42402537167072296}
{"op_code":7,"worker_id":"3f2cef48-7f94-4667-b577-94f5b9109e7a-138536399740928","trial_id":35,"step":209,"intermediate_value":0.4262890350073576}
{"op_code":7,"worker_id":"3f2cef48-7f94-4667-b577-94f5b9109e7a-138536399740928","trial_id":35,"step":210,"intermediate_value":0.43356962502002716}
{"op_code":7,"worker_id":"3f2cef48-7f94-4667-b577-94f5b9109e7a-138536399740928","trial_id":35,"step":211,"intermediate_value":0.433927521109581}
{"op_code":7,"worker_id":"3f2cef48-7f94-4667-b577-94f5b9109e7a-138536399740928","trial_id":35,"step":212,"intermediate_value":0.43320862762629986}
{"op_code":7,"worker_id":"3f2cef48-7f94-4667-b577-94f5b9109e7a-138536399740928","trial_id":35,"step":213,"intermediate_value":0.44168223440647125}
{"op_code":7,"worker_id":"3f2cef48-7f94-4667-b577-94f5b9109e7a-138536399740928","trial_id":35,"step":214,"intermediate_value":0.44025059044361115}
{"op_code":7,"worker_id":"3f2cef48-7f94-4667-b577-94f5b9109e7a-138536399740928","trial_id":35,"step":215,"intermediate_value":0.43953169696033}
{"op_code":7,"worker_id":"3f2cef48-7f94-4667-b577-94f5b9109e7a-138536399740928","trial_id":35,"step":216,"intermediate_value":0.44645436108112335}
{"op_code":7,"worker_id":"3f2cef48-7f94-4667-b577-94f5b9109e7a-138536399740928","trial_id":35,"step":217,"intermediate_value":0.4463319908827543}
{"op_code":7,"worker_id":"3f2cef48-7f94-4667-b577-94f5b9109e7a-138536399740928","trial_id":35,"step":218,"intermediate_value":0.4468092154711485}
{"op_code":7,"worker_id":"3f2cef48-7f94-4667-b577-94f5b9109e7a-138536399740928","trial_id":35,"step":219,"intermediate_value":0.45325465500354767}
{"op_code":7,"worker_id":"3f2cef48-7f94-4667-b577-94f5b9109e7a-138536399740928","trial_id":35,"step":220,"intermediate_value":0.4509848188608885}
{"op_code":7,"worker_id":"3f2cef48-7f94-4667-b577-94f5b9109e7a-138536399740928","trial_id":35,"step":221,"intermediate_value":0.45229716412723064}
{"op_code":7,"worker_id":"e4858069-d434-4bab-984c-36c5dcd32f6c-139795574210560","trial_id":33,"step":165,"intermediate_value":0.37761946208775043}
{"op_code":7,"worker_id":"3f2cef48-7f94-4667-b577-94f5b9109e7a-138536399740928","trial_id":35,"step":222,"intermediate_value":0.4515813421458006}
{"op_code":7,"worker_id":"e4858069-d434-4bab-984c-36c5dcd32f6c-139795574210560","trial_id":33,"step":166,"intermediate_value":0.3783322125673294}
{"op_code":7,"worker_id":"3f2cef48-7f94-4667-b577-94f5b9109e7a-138536399740928","trial_id":35,"step":223,"intermediate_value":0.4480022322386503}
{"op_code":7,"worker_id":"e4858069-d434-4bab-984c-36c5dcd32f6c-139795574210560","trial_id":33,"step":167,"intermediate_value":0.3816757667809725}
{"op_code":7,"worker_id":"3f2cef48-7f94-4667-b577-94f5b9109e7a-138536399740928","trial_id":35,"step":224,"intermediate_value":0.44895665161311626}
{"op_code":7,"worker_id":"e4858069-d434-4bab-984c-36c5dcd32f6c-139795574210560","trial_id":33,"step":168,"intermediate_value":0.3895467072725296}
{"op_code":7,"worker_id":"3f2cef48-7f94-4667-b577-94f5b9109e7a-138536399740928","trial_id":35,"step":225,"intermediate_value":0.458384707570076}
{"op_code":7,"worker_id":"e4858069-d434-4bab-984c-36c5dcd32f6c-139795574210560","trial_id":33,"step":169,"intermediate_value":0.3841749858111143}
{"op_code":7,"worker_id":"5a133bcc-1b8c-4271-b177-325b38c8c12e-140159089463296","trial_id":36,"step":38,"intermediate_value":0.060505228117108345}
{"op_code":7,"worker_id":"3f2cef48-7f94-4667-b577-94f5b9109e7a-138536399740928","trial_id":35,"step":226,"intermediate_value":0.46291513554751873}
{"op_code":7,"worker_id":"e4858069-d434-4bab-984c-36c5dcd32f6c-139795574210560","trial_id":33,"step":170,"intermediate_value":0.3826302159577608}
{"op_code":7,"worker_id":"5a133bcc-1b8c-4271-b177-325b38c8c12e-140159089463296","trial_id":36,"step":39,"intermediate_value":0.06444223783910275}
{"op_code":7,"worker_id":"e4858069-d434-4bab-984c-36c5dcd32f6c-139795574210560","trial_id":33,"step":171,"intermediate_value":0.3899046331644058}
{"op_code":7,"worker_id":"5a133bcc-1b8c-4271-b177-325b38c8c12e-140159089463296","trial_id":36,"step":40,"intermediate_value":0.06527428235858679}
{"op_code":7,"worker_id":"e4858069-d434-4bab-984c-36c5dcd32f6c-139795574210560","trial_id":33,"step":172,"intermediate_value":0.402789369225502}
{"op_code":7,"worker_id":"5a133bcc-1b8c-4271-b177-325b38c8c12e-140159089463296","trial_id":36,"step":41,"intermediate_value":0.06766034569591284}
{"op_code":7,"worker_id":"5a133bcc-1b8c-4271-b177-325b38c8c12e-140159089463296","trial_id":36,"step":42,"intermediate_value":0.07112014200538397}
{"op_code":7,"worker_id":"3f2cef48-7f94-4667-b577-94f5b9109e7a-138536399740928","trial_id":35,"step":227,"intermediate_value":0.46291513554751873}
{"op_code":7,"worker_id":"5a133bcc-1b8c-4271-b177-325b38c8c12e-140159089463296","trial_id":36,"step":43,"intermediate_value":0.07708838395774364}
{"op_code":7,"worker_id":"3f2cef48-7f94-4667-b577-94f5b9109e7a-138536399740928","trial_id":35,"step":228,"intermediate_value":0.46017117612063885}
{"op_code":7,"worker_id":"5a133bcc-1b8c-4271-b177-325b38c8c12e-140159089463296","trial_id":36,"step":44,"intermediate_value":0.07995166443288326}
{"op_code":7,"worker_id":"3f2cef48-7f94-4667-b577-94f5b9109e7a-138536399740928","trial_id":35,"step":229,"intermediate_value":0.46577842347323895}
{"op_code":7,"worker_id":"5a133bcc-1b8c-4271-b177-325b38c8c12e-140159089463296","trial_id":36,"step":45,"intermediate_value":0.08317284844815731}
{"op_code":7,"worker_id":"3f2cef48-7f94-4667-b577-94f5b9109e7a-138536399740928","trial_id":35,"step":230,"intermediate_value":0.46947683207690716}
{"op_code":7,"worker_id":"5a133bcc-1b8c-4271-b177-325b38c8c12e-140159089463296","trial_id":36,"step":46,"intermediate_value":0.08627473376691341}
{"op_code":7,"worker_id":"3f2cef48-7f94-4667-b577-94f5b9109e7a-138536399740928","trial_id":35,"step":231,"intermediate_value":0.46971542946994305}
{"op_code":7,"worker_id":"3f2cef48-7f94-4667-b577-94f5b9109e7a-138536399740928","trial_id":35,"step":232,"intermediate_value":0.4704312514513731}
{"op_code":7,"worker_id":"3f2cef48-7f94-4667-b577-94f5b9109e7a-138536399740928","trial_id":35,"step":233,"intermediate_value":0.4749647807329893}
{"op_code":7,"worker_id":"3f2cef48-7f94-4667-b577-94f5b9109e7a-138536399740928","trial_id":35,"step":234,"intermediate_value":0.4747261833399534}
{"op_code":7,"worker_id":"3f2cef48-7f94-4667-b577-94f5b9109e7a-138536399740928","trial_id":35,"step":235,"intermediate_value":0.47615779750049114}
{"op_code":7,"worker_id":"3f2cef48-7f94-4667-b577-94f5b9109e7a-138536399740928","trial_id":35,"step":236,"intermediate_value":0.4793789815157652}
{"op_code":7,"worker_id":"3f2cef48-7f94-4667-b577-94f5b9109e7a-138536399740928","trial_id":35,"step":237,"intermediate_value":0.48069132678210735}
{"op_code":7,"worker_id":"3f2cef48-7f94-4667-b577-94f5b9109e7a-138536399740928","trial_id":35,"step":238,"intermediate_value":0.48045272938907146}
{"op_code":7,"worker_id":"3f2cef48-7f94-4667-b577-94f5b9109e7a-138536399740928","trial_id":35,"step":239,"intermediate_value":0.4842704366892576}
{"op_code":7,"worker_id":"3f2cef48-7f94-4667-b577-94f5b9109e7a-138536399740928","trial_id":35,"step":240,"intermediate_value":0.4833160173147917}
{"op_code":7,"worker_id":"3f2cef48-7f94-4667-b577-94f5b9109e7a-138536399740928","trial_id":35,"step":241,"intermediate_value":0.4849862586706877}
{"op_code":7,"worker_id":"3f2cef48-7f94-4667-b577-94f5b9109e7a-138536399740928","trial_id":35,"step":242,"intermediate_value":0.48689509741961956}
{"op_code":7,"worker_id":"5a133bcc-1b8c-4271-b177-325b38c8c12e-140159089463296","trial_id":36,"step":47,"intermediate_value":0.09057272970676422}
{"op_code":7,"worker_id":"3f2cef48-7f94-4667-b577-94f5b9109e7a-138536399740928","trial_id":35,"step":243,"intermediate_value":0.4865372013300657}
{"op_code":7,"worker_id":"5a133bcc-1b8c-4271-b177-325b38c8c12e-140159089463296","trial_id":36,"step":48,"intermediate_value":0.09402944706380367}
{"op_code":7,"worker_id":"3f2cef48-7f94-4667-b577-94f5b9109e7a-138536399740928","trial_id":35,"step":244,"intermediate_value":0.4855827521532774}
{"op_code":7,"worker_id":"5a133bcc-1b8c-4271-b177-325b38c8c12e-140159089463296","trial_id":36,"step":49,"intermediate_value":0.09868227504193783}
{"op_code":7,"worker_id":"3f2cef48-7f94-4667-b577-94f5b9109e7a-138536399740928","trial_id":35,"step":245,"intermediate_value":0.4851055573672056}
{"op_code":7,"worker_id":"5a133bcc-1b8c-4271-b177-325b38c8c12e-140159089463296","trial_id":36,"step":50,"intermediate_value":0.10166793316602707}
{"op_code":7,"worker_id":"3f2cef48-7f94-4667-b577-94f5b9109e7a-138536399740928","trial_id":35,"step":246,"intermediate_value":0.48152644746005535}
{"op_code":7,"worker_id":"5a133bcc-1b8c-4271-b177-325b38c8c12e-140159089463296","trial_id":36,"step":51,"intermediate_value":0.1090647354722023}
{"op_code":7,"worker_id":"3f2cef48-7f94-4667-b577-94f5b9109e7a-138536399740928","trial_id":35,"step":247,"intermediate_value":0.4824808668345213}
{"op_code":7,"worker_id":"5a133bcc-1b8c-4271-b177-325b38c8c12e-140159089463296","trial_id":36,"step":52,"intermediate_value":0.11287936381995678}
{"op_code":7,"worker_id":"3f2cef48-7f94-4667-b577-94f5b9109e7a-138536399740928","trial_id":35,"step":248,"intermediate_value":0.49083210341632366}
{"op_code":7,"worker_id":"5a133bcc-1b8c-4271-b177-325b38c8c12e-140159089463296","trial_id":36,"step":53,"intermediate_value":0.11455268412828445}
{"op_code":7,"worker_id":"5a133bcc-1b8c-4271-b177-325b38c8c12e-140159089463296","trial_id":36,"step":54,"intermediate_value":0.11932481825351715}
{"op_code":7,"worker_id":"3f2cef48-7f94-4667-b577-94f5b9109e7a-138536399740928","trial_id":35,"step":249,"intermediate_value":0.4928602706640959}
{"op_code":7,"worker_id":"5a133bcc-1b8c-4271-b177-325b38c8c12e-140159089463296","trial_id":36,"step":55,"intermediate_value":0.12433247826993465}
{"op_code":7,"worker_id":"3f2cef48-7f94-4667-b577-94f5b9109e7a-138536399740928","trial_id":35,"step":250,"intermediate_value":0.4898776840418577}
{"op_code":7,"worker_id":"5a133bcc-1b8c-4271-b177-325b38c8c12e-140159089463296","trial_id":36,"step":56,"intermediate_value":0.1301814168691635}
{"op_code":7,"worker_id":"631a3357-de86-4809-b074-aa856875067a-135198322143232","trial_id":34,"step":56,"intermediate_value":0.2637949092313647}
{"op_code":7,"worker_id":"3f2cef48-7f94-4667-b577-94f5b9109e7a-138536399740928","trial_id":35,"step":251,"intermediate_value":0.493456793949008}
{"op_code":7,"worker_id":"3f2cef48-7f94-4667-b577-94f5b9109e7a-138536399740928","trial_id":35,"step":252,"intermediate_value":0.4960814546793699}
{"op_code":7,"worker_id":"631a3357-de86-4809-b074-aa856875067a-135198322143232","trial_id":34,"step":57,"intermediate_value":0.2696407837793231}
{"op_code":7,"worker_id":"3f2cef48-7f94-4667-b577-94f5b9109e7a-138536399740928","trial_id":35,"step":253,"intermediate_value":0.49309886805713177}
{"op_code":0,"worker_id":"7acb5e9a-c456-4111-a7a5-c039c925dfb9-128494254489600","study_name":"adamw__decoder","directions":[1]}
{"op_code":0,"worker_id":"15f0dbe4-a88a-4776-bbe4-26bb6776118e-128494254489600","study_name":"neuralgrok__decoder","directions":[1]}
{"op_code":0,"worker_id":"760cade6-603b-4ae3-b4a3-7bbab4de7275-128494254489600","study_name":"grokadamw__decoder","directions":[1]}
{"op_code":0,"worker_id":"f1ceb03a-92fe-48cd-a893-35bc483056eb-128494254489600","study_name":"supergrok__decoder","directions":[1]}
{"op_code":0,"worker_id":"3a83797c-3db1-4328-aafe-25c29ce9191f-128494254489600","study_name":"supergrok15__decoder","directions":[1]}
{"op_code":0,"worker_id":"7903a917-8384-42be-b881-479c8df4fcf7-128494254489600","study_name":"supergrok2__decoder","directions":[1]}
{"op_code":0,"worker_id":"d5c5c00b-f0b4-4cd9-9ff7-ff1e3c665883-128494254489600","study_name":"grokfast__decoder","directions":[1]}
{"op_code":0,"worker_id":"dce3d0d4-9082-4b47-8ca3-5a7a366d698e-128494254489600","study_name":"muon__decoder","directions":[1]}
{"op_code":0,"worker_id":"999362c9-f44e-4eb9-a742-3c363433b792-128494254489600","study_name":"lion__decoder","directions":[1]}
{"op_code":0,"worker_id":"4130d3d0-31c9-42f6-83d1-3b28b3c207fa-128494254489600","study_name":"looksam__decoder","directions":[1]}
{"op_code":0,"worker_id":"d98642a7-02ec-4c2f-af52-8bae431e8d2d-128494254489600","study_name":"prodigy__decoder","directions":[1]}
{"op_code":4,"worker_id":"7acb5e9a-c456-4111-a7a5-c039c925dfb9-128494254489600","study_id":0,"datetime_start":"2026-06-09T22:25:15.425765"}
{"op_code":5,"worker_id":"7acb5e9a-c456-4111-a7a5-c039c925dfb9-128494254489600","trial_id":37,"param_name":"lr","param_value_internal":0.0009487678116649016,"distribution":"{\"name\": \"FloatDistribution\", \"attributes\": {\"step\": null, \"low\": 0.0002, \"high\": 0.005, \"log\": true}}"}
{"op_code":5,"worker_id":"7acb5e9a-c456-4111-a7a5-c039c925dfb9-128494254489600","trial_id":37,"param_name":"beta1","param_value_internal":0.9020170201896126,"distribution":"{\"name\": \"FloatDistribution\", \"attributes\": {\"step\": null, \"low\": 0.85, \"high\": 0.95, \"log\": false}}"}
{"op_code":5,"worker_id":"7acb5e9a-c456-4111-a7a5-c039c925dfb9-128494254489600","trial_id":37,"param_name":"beta2","param_value_internal":0.9911777355680961,"distribution":"{\"name\": \"FloatDistribution\", \"attributes\": {\"step\": null, \"low\": 0.95, \"high\": 0.9995, \"log\": false}}"}
{"op_code":5,"worker_id":"7acb5e9a-c456-4111-a7a5-c039c925dfb9-128494254489600","trial_id":37,"param_name":"weight_decay","param_value_internal":2.8324460157677365,"distribution":"{\"name\": \"FloatDistribution\", \"attributes\": {\"step\": null, \"low\": 0.2, \"high\": 4.0, \"log\": true}}"}
{"op_code":0,"worker_id":"9184e410-55a7-4905-8b0f-4fa9837f9ff2-123263605886976","study_name":"adamw__decoder","directions":[1]}
{"op_code":0,"worker_id":"61a1be47-8de9-4c45-9217-011644d435c1-123263605886976","study_name":"neuralgrok__decoder","directions":[1]}
{"op_code":0,"worker_id":"64f04672-e736-4d21-9782-4ed101674b3f-123263605886976","study_name":"grokadamw__decoder","directions":[1]}
{"op_code":0,"worker_id":"03628353-54aa-484d-9046-f510523cc6b5-123263605886976","study_name":"supergrok__decoder","directions":[1]}
{"op_code":0,"worker_id":"0fc68a55-5405-4c08-8db0-2ff5916a18fa-123263605886976","study_name":"supergrok15__decoder","directions":[1]}
{"op_code":0,"worker_id":"70037cd1-0d2e-4186-8457-670b3ce5d0c8-123263605886976","study_name":"supergrok2__decoder","directions":[1]}
{"op_code":0,"worker_id":"6015c307-1fa7-4575-9b09-403d4fa65c8f-123263605886976","study_name":"grokfast__decoder","directions":[1]}
{"op_code":0,"worker_id":"0e85649f-2fbd-4bd8-9864-9fb36f5ac302-123263605886976","study_name":"muon__decoder","directions":[1]}
{"op_code":0,"worker_id":"3dc91414-c63a-448e-b73a-ce69dd99ae12-123263605886976","study_name":"lion__decoder","directions":[1]}
{"op_code":0,"worker_id":"46b05862-30c8-4b5b-a46b-ea1a58a3f0b7-123263605886976","study_name":"looksam__decoder","directions":[1]}
{"op_code":0,"worker_id":"db817543-873c-47b9-b723-bb3a3da2e4a1-123263605886976","study_name":"prodigy__decoder","directions":[1]}
{"op_code":4,"worker_id":"9184e410-55a7-4905-8b0f-4fa9837f9ff2-123263605886976","study_id":0,"datetime_start":"2026-06-09T22:25:16.328253"}
{"op_code":5,"worker_id":"9184e410-55a7-4905-8b0f-4fa9837f9ff2-123263605886976","trial_id":38,"param_name":"lr","param_value_internal":0.0010817042483577453,"distribution":"{\"name\": \"FloatDistribution\", \"attributes\": {\"step\": null, \"low\": 0.0002, \"high\": 0.005, \"log\": true}}"}
{"op_code":5,"worker_id":"9184e410-55a7-4905-8b0f-4fa9837f9ff2-123263605886976","trial_id":38,"param_name":"beta1","param_value_internal":0.9350222669323668,"distribution":"{\"name\": \"FloatDistribution\", \"attributes\": {\"step\": null, \"low\": 0.85, \"high\": 0.95, \"log\": false}}"}
{"op_code":5,"worker_id":"9184e410-55a7-4905-8b0f-4fa9837f9ff2-123263605886976","trial_id":38,"param_name":"beta2","param_value_internal":0.9871999671683815,"distribution":"{\"name\": \"FloatDistribution\", \"attributes\": {\"step\": null, \"low\": 0.95, \"high\": 0.9995, \"log\": false}}"}
{"op_code":5,"worker_id":"9184e410-55a7-4905-8b0f-4fa9837f9ff2-123263605886976","trial_id":38,"param_name":"weight_decay","param_value_internal":0.46446822013240197,"distribution":"{\"name\": \"FloatDistribution\", \"attributes\": {\"step\": null, \"low\": 0.2, \"high\": 4.0, \"log\": true}}"}
{"op_code":0,"worker_id":"d3ce1ed0-bbed-4449-9704-585f4f6efff2-132355029426176","study_name":"adamw__decoder","directions":[1]}
{"op_code":0,"worker_id":"f4898d45-e061-4e40-b195-caf87fce2704-132355029426176","study_name":"neuralgrok__decoder","directions":[1]}
{"op_code":0,"worker_id":"bb69df8a-34ac-412b-a682-d7ed321dadb3-132355029426176","study_name":"grokadamw__decoder","directions":[1]}
{"op_code":0,"worker_id":"c72e5d2c-cea6-48e8-a8fc-a66b2b8caf46-132355029426176","study_name":"supergrok__decoder","directions":[1]}
{"op_code":0,"worker_id":"cc743f81-7232-4d01-a04a-6119e6f7ad22-132355029426176","study_name":"supergrok15__decoder","directions":[1]}
{"op_code":0,"worker_id":"51ccde45-6418-4a5a-94e8-2a5988bb6ea4-132355029426176","study_name":"supergrok2__decoder","directions":[1]}
{"op_code":0,"worker_id":"3408f4d8-f3f4-4f06-9e66-2af08f9082aa-132355029426176","study_name":"grokfast__decoder","directions":[1]}
{"op_code":0,"worker_id":"af3be885-06d8-4b3e-a288-98cda0c8b67b-132355029426176","study_name":"muon__decoder","directions":[1]}
{"op_code":0,"worker_id":"835a58aa-4cd9-43cb-9915-f57b9fd100d9-132355029426176","study_name":"lion__decoder","directions":[1]}
{"op_code":0,"worker_id":"04222356-b54e-4751-9219-364df5f8fde7-132355029426176","study_name":"looksam__decoder","directions":[1]}
{"op_code":0,"worker_id":"bd23a47d-95d3-4ee1-a6ba-c28766b6f1d5-132355029426176","study_name":"prodigy__decoder","directions":[1]}
{"op_code":4,"worker_id":"d3ce1ed0-bbed-4449-9704-585f4f6efff2-132355029426176","study_id":0,"datetime_start":"2026-06-09T22:25:17.156380"}
{"op_code":5,"worker_id":"d3ce1ed0-bbed-4449-9704-585f4f6efff2-132355029426176","trial_id":39,"param_name":"lr","param_value_internal":0.004464774390850808,"distribution":"{\"name\": \"FloatDistribution\", \"attributes\": {\"step\": null, \"low\": 0.0002, \"high\": 0.005, \"log\": true}}"}
{"op_code":5,"worker_id":"d3ce1ed0-bbed-4449-9704-585f4f6efff2-132355029426176","trial_id":39,"param_name":"beta1","param_value_internal":0.9005804444485014,"distribution":"{\"name\": \"FloatDistribution\", \"attributes\": {\"step\": null, \"low\": 0.85, \"high\": 0.95, \"log\": false}}"}
{"op_code":5,"worker_id":"d3ce1ed0-bbed-4449-9704-585f4f6efff2-132355029426176","trial_id":39,"param_name":"beta2","param_value_internal":0.9661427531472373,"distribution":"{\"name\": \"FloatDistribution\", \"attributes\": {\"step\": null, \"low\": 0.95, \"high\": 0.9995, \"log\": false}}"}
{"op_code":5,"worker_id":"d3ce1ed0-bbed-4449-9704-585f4f6efff2-132355029426176","trial_id":39,"param_name":"weight_decay","param_value_internal":0.8107761873193113,"distribution":"{\"name\": \"FloatDistribution\", \"attributes\": {\"step\": null, \"low\": 0.2, \"high\": 4.0, \"log\": true}}"}
{"op_code":0,"worker_id":"e5ff521d-19b6-491d-864a-d6ee7b31d281-124620413124608","study_name":"adamw__decoder","directions":[1]}
{"op_code":0,"worker_id":"a3b69678-0de5-48e3-af73-be6add74d55a-124620413124608","study_name":"neuralgrok__decoder","directions":[1]}
{"op_code":0,"worker_id":"e12164b5-0424-4f91-8f4b-f60b4a421bc0-124620413124608","study_name":"grokadamw__decoder","directions":[1]}
{"op_code":0,"worker_id":"62896e97-f67d-4215-bf41-d09639cd18ce-124620413124608","study_name":"supergrok__decoder","directions":[1]}
{"op_code":0,"worker_id":"dd896762-4d37-4b9e-a5b3-60ec29340955-124620413124608","study_name":"supergrok15__decoder","directions":[1]}
{"op_code":0,"worker_id":"c406d391-61d3-44f8-a629-f94e79b22046-124620413124608","study_name":"supergrok2__decoder","directions":[1]}
{"op_code":0,"worker_id":"f6cdcbe9-4de4-4106-b324-42a350ad9ca3-124620413124608","study_name":"grokfast__decoder","directions":[1]}
{"op_code":0,"worker_id":"e8b3743d-58a3-41db-8fab-8e40d5f2212f-124620413124608","study_name":"muon__decoder","directions":[1]}
{"op_code":0,"worker_id":"12113ace-7d0e-4c92-ae40-5b071e049888-124620413124608","study_name":"lion__decoder","directions":[1]}
{"op_code":0,"worker_id":"d85ae618-e28c-4a61-880e-3786f2f6fea4-124620413124608","study_name":"looksam__decoder","directions":[1]}
{"op_code":7,"worker_id":"7acb5e9a-c456-4111-a7a5-c039c925dfb9-128494254489600","trial_id":37,"step":1,"intermediate_value":0.022572948597371578}
{"op_code":0,"worker_id":"e9100449-a558-4b96-817f-6366f192971a-124620413124608","study_name":"prodigy__decoder","directions":[1]}
{"op_code":7,"worker_id":"9184e410-55a7-4905-8b0f-4fa9837f9ff2-123263605886976","trial_id":38,"step":1,"intermediate_value":0.009908328764140606}
{"op_code":7,"worker_id":"7acb5e9a-c456-4111-a7a5-c039c925dfb9-128494254489600","trial_id":37,"step":2,"intermediate_value":0.0207803207449615}
{"op_code":7,"worker_id":"9184e410-55a7-4905-8b0f-4fa9837f9ff2-123263605886976","trial_id":38,"step":2,"intermediate_value":0.018629783298820257}
{"op_code":7,"worker_id":"7acb5e9a-c456-4111-a7a5-c039c925dfb9-128494254489600","trial_id":37,"step":3,"intermediate_value":0.014567314181476831}
{"op_code":7,"worker_id":"7acb5e9a-c456-4111-a7a5-c039c925dfb9-128494254489600","trial_id":37,"step":4,"intermediate_value":0.013251899275928736}
{"op_code":7,"worker_id":"7acb5e9a-c456-4111-a7a5-c039c925dfb9-128494254489600","trial_id":37,"step":5,"intermediate_value":0.009789025411009789}
{"op_code":7,"worker_id":"7acb5e9a-c456-4111-a7a5-c039c925dfb9-128494254489600","trial_id":37,"step":6,"intermediate_value":0.01635686308145523}
{"op_code":7,"worker_id":"d3ce1ed0-bbed-4449-9704-585f4f6efff2-132355029426176","trial_id":39,"step":1,"intermediate_value":0.011343047022819519}
{"op_code":7,"worker_id":"7acb5e9a-c456-4111-a7a5-c039c925dfb9-128494254489600","trial_id":37,"step":7,"intermediate_value":0.02232818491756916}
{"op_code":7,"worker_id":"7acb5e9a-c456-4111-a7a5-c039c925dfb9-128494254489600","trial_id":37,"step":8,"intermediate_value":0.028060898184776306}
{"op_code":7,"worker_id":"7acb5e9a-c456-4111-a7a5-c039c925dfb9-128494254489600","trial_id":37,"step":9,"intermediate_value":0.02949253749102354}
{"op_code":7,"worker_id":"7acb5e9a-c456-4111-a7a5-c039c925dfb9-128494254489600","trial_id":37,"step":10,"intermediate_value":0.0317623782902956}
{"op_code":7,"worker_id":"7acb5e9a-c456-4111-a7a5-c039c925dfb9-128494254489600","trial_id":37,"step":11,"intermediate_value":0.029015325009822845}
{"op_code":7,"worker_id":"7acb5e9a-c456-4111-a7a5-c039c925dfb9-128494254489600","trial_id":37,"step":12,"intermediate_value":0.029731144197285175}
{"op_code":7,"worker_id":"7acb5e9a-c456-4111-a7a5-c039c925dfb9-128494254489600","trial_id":37,"step":13,"intermediate_value":0.027219618670642376}
{"op_code":7,"worker_id":"7acb5e9a-c456-4111-a7a5-c039c925dfb9-128494254489600","trial_id":37,"step":14,"intermediate_value":0.028770560398697853}
{"op_code":4,"worker_id":"e5ff521d-19b6-491d-864a-d6ee7b31d281-124620413124608","study_id":0,"datetime_start":"2026-06-09T22:25:19.899772"}
{"op_code":7,"worker_id":"7acb5e9a-c456-4111-a7a5-c039c925dfb9-128494254489600","trial_id":37,"step":15,"intermediate_value":0.02817404456436634}
{"op_code":5,"worker_id":"e5ff521d-19b6-491d-864a-d6ee7b31d281-124620413124608","trial_id":40,"param_name":"lr","param_value_internal":0.0004603000672263659,"distribution":"{\"name\": \"FloatDistribution\", \"attributes\": {\"step\": null, \"low\": 0.0002, \"high\": 0.005, \"log\": true}}"}
{"op_code":7,"worker_id":"d3ce1ed0-bbed-4449-9704-585f4f6efff2-132355029426176","trial_id":39,"step":2,"intermediate_value":0.012058866675943136}
{"op_code":7,"worker_id":"9184e410-55a7-4905-8b0f-4fa9837f9ff2-123263605886976","trial_id":38,"step":3,"intermediate_value":0.016956457868218422}
{"op_code":7,"worker_id":"d3ce1ed0-bbed-4449-9704-585f4f6efff2-132355029426176","trial_id":39,"step":3,"intermediate_value":0.0207803207449615}
{"op_code":7,"worker_id":"9184e410-55a7-4905-8b0f-4fa9837f9ff2-123263605886976","trial_id":38,"step":4,"intermediate_value":0.023765981197357178}
{"op_code":7,"worker_id":"d3ce1ed0-bbed-4449-9704-585f4f6efff2-132355029426176","trial_id":39,"step":4,"intermediate_value":0.011101361364126205}
{"op_code":7,"worker_id":"9184e410-55a7-4905-8b0f-4fa9837f9ff2-123263605886976","trial_id":38,"step":5,"intermediate_value":0.01289398968219757}
{"op_code":7,"worker_id":"d3ce1ed0-bbed-4449-9704-585f4f6efff2-132355029426176","trial_id":39,"step":5,"intermediate_value":0.016598548274487257}
{"op_code":7,"worker_id":"9184e410-55a7-4905-8b0f-4fa9837f9ff2-123263605886976","trial_id":38,"step":6,"intermediate_value":0.00990525004453957}
{"op_code":7,"worker_id":"d3ce1ed0-bbed-4449-9704-585f4f6efff2-132355029426176","trial_id":39,"step":6,"intermediate_value":0.016598548274487257}
{"op_code":7,"worker_id":"9184e410-55a7-4905-8b0f-4fa9837f9ff2-123263605886976","trial_id":38,"step":7,"intermediate_value":0.011459271423518658}
{"op_code":7,"worker_id":"d3ce1ed0-bbed-4449-9704-585f4f6efff2-132355029426176","trial_id":39,"step":7,"intermediate_value":0.028060898184776306}
{"op_code":7,"worker_id":"9184e410-55a7-4905-8b0f-4fa9837f9ff2-123263605886976","trial_id":38,"step":8,"intermediate_value":0.011578574776649475}
{"op_code":7,"worker_id":"d3ce1ed0-bbed-4449-9704-585f4f6efff2-132355029426176","trial_id":39,"step":8,"intermediate_value":0.027461303398013115}
{"op_code":7,"worker_id":"d3ce1ed0-bbed-4449-9704-585f4f6efff2-132355029426176","trial_id":39,"step":9,"intermediate_value":0.025433148257434368}
{"op_code":7,"worker_id":"d3ce1ed0-bbed-4449-9704-585f4f6efff2-132355029426176","trial_id":39,"step":10,"intermediate_value":0.029734223149716854}
{"op_code":7,"worker_id":"d3ce1ed0-bbed-4449-9704-585f4f6efff2-132355029426176","trial_id":39,"step":11,"intermediate_value":0.02770298905670643}
{"op_code":7,"worker_id":"d3ce1ed0-bbed-4449-9704-585f4f6efff2-132355029426176","trial_id":39,"step":12,"intermediate_value":0.038336374796926975}
{"op_code":7,"worker_id":"d3ce1ed0-bbed-4449-9704-585f4f6efff2-132355029426176","trial_id":39,"step":13,"intermediate_value":0.03582792729139328}
{"op_code":7,"worker_id":"d3ce1ed0-bbed-4449-9704-585f4f6efff2-132355029426176","trial_id":39,"step":14,"intermediate_value":0.03403529804199934}
{"op_code":7,"worker_id":"d3ce1ed0-bbed-4449-9704-585f4f6efff2-132355029426176","trial_id":39,"step":15,"intermediate_value":0.02817712351679802}
{"op_code":7,"worker_id":"d3ce1ed0-bbed-4449-9704-585f4f6efff2-132355029426176","trial_id":39,"step":16,"intermediate_value":0.028054741211235523}
{"op_code":7,"worker_id":"d3ce1ed0-bbed-4449-9704-585f4f6efff2-132355029426176","trial_id":39,"step":17,"intermediate_value":0.027935437858104706}
{"op_code":7,"worker_id":"d3ce1ed0-bbed-4449-9704-585f4f6efff2-132355029426176","trial_id":39,"step":18,"intermediate_value":0.026739326305687428}
{"op_code":7,"worker_id":"d3ce1ed0-bbed-4449-9704-585f4f6efff2-132355029426176","trial_id":39,"step":19,"intermediate_value":0.02937015611678362}
{"op_code":7,"worker_id":"d3ce1ed0-bbed-4449-9704-585f4f6efff2-132355029426176","trial_id":39,"step":20,"intermediate_value":0.03115970455110073}
{"op_code":7,"worker_id":"d3ce1ed0-bbed-4449-9704-585f4f6efff2-132355029426176","trial_id":39,"step":21,"intermediate_value":0.032117209397256374}
{"op_code":7,"worker_id":"d3ce1ed0-bbed-4449-9704-585f4f6efff2-132355029426176","trial_id":39,"step":22,"intermediate_value":0.031275929883122444}
{"op_code":7,"worker_id":"9184e410-55a7-4905-8b0f-4fa9837f9ff2-123263605886976","trial_id":38,"step":9,"intermediate_value":0.01803018758073449}
{"op_code":7,"worker_id":"d3ce1ed0-bbed-4449-9704-585f4f6efff2-132355029426176","trial_id":39,"step":23,"intermediate_value":0.03031842317432165}
{"op_code":7,"worker_id":"9184e410-55a7-4905-8b0f-4fa9837f9ff2-123263605886976","trial_id":38,"step":10,"intermediate_value":0.023885284550487995}
{"op_code":7,"worker_id":"d3ce1ed0-bbed-4449-9704-585f4f6efff2-132355029426176","trial_id":39,"step":24,"intermediate_value":0.03413920849561691}
{"op_code":7,"worker_id":"9184e410-55a7-4905-8b0f-4fa9837f9ff2-123263605886976","trial_id":38,"step":11,"intermediate_value":0.023885284550487995}
{"op_code":7,"worker_id":"d3ce1ed0-bbed-4449-9704-585f4f6efff2-132355029426176","trial_id":39,"step":25,"intermediate_value":0.032943095080554485}
{"op_code":7,"worker_id":"9184e410-55a7-4905-8b0f-4fa9837f9ff2-123263605886976","trial_id":38,"step":12,"intermediate_value":0.018388097174465656}
{"op_code":7,"worker_id":"d3ce1ed0-bbed-4449-9704-585f4f6efff2-132355029426176","trial_id":39,"step":26,"intermediate_value":0.03509055357426405}
{"op_code":7,"worker_id":"d3ce1ed0-bbed-4449-9704-585f4f6efff2-132355029426176","trial_id":39,"step":27,"intermediate_value":0.035925677977502346}
{"op_code":7,"worker_id":"d3ce1ed0-bbed-4449-9704-585f4f6efff2-132355029426176","trial_id":39,"step":28,"intermediate_value":0.03676080051809549}
{"op_code":7,"worker_id":"d3ce1ed0-bbed-4449-9704-585f4f6efff2-132355029426176","trial_id":39,"step":29,"intermediate_value":0.037357316352427006}
{"op_code":7,"worker_id":"d3ce1ed0-bbed-4449-9704-585f4f6efff2-132355029426176","trial_id":39,"step":30,"intermediate_value":0.0398626858368516}
{"op_code":7,"worker_id":"d3ce1ed0-bbed-4449-9704-585f4f6efff2-132355029426176","trial_id":39,"step":31,"intermediate_value":0.04403829853981733}
{"op_code":7,"worker_id":"d3ce1ed0-bbed-4449-9704-585f4f6efff2-132355029426176","trial_id":39,"step":32,"intermediate_value":0.04475412052124739}
{"op_code":7,"worker_id":"d3ce1ed0-bbed-4449-9704-585f4f6efff2-132355029426176","trial_id":39,"step":33,"intermediate_value":0.047020881436765194}
{"op_code":7,"worker_id":"d3ce1ed0-bbed-4449-9704-585f4f6efff2-132355029426176","trial_id":39,"step":34,"intermediate_value":0.05036137159913778}
{"op_code":7,"worker_id":"d3ce1ed0-bbed-4449-9704-585f4f6efff2-132355029426176","trial_id":39,"step":35,"intermediate_value":0.05298604350537062}
{"op_code":7,"worker_id":"d3ce1ed0-bbed-4449-9704-585f4f6efff2-132355029426176","trial_id":39,"step":36,"intermediate_value":0.05453698616474867}
{"op_code":7,"worker_id":"d3ce1ed0-bbed-4449-9704-585f4f6efff2-132355029426176","trial_id":39,"step":37,"intermediate_value":0.05942841898649931}
{"op_code":7,"worker_id":"d3ce1ed0-bbed-4449-9704-585f4f6efff2-132355029426176","trial_id":39,"step":38,"intermediate_value":0.06253030430525541}
{"op_code":7,"worker_id":"d3ce1ed0-bbed-4449-9704-585f4f6efff2-132355029426176","trial_id":39,"step":39,"intermediate_value":0.06324612628668547}
{"op_code":7,"worker_id":"d3ce1ed0-bbed-4449-9704-585f4f6efff2-132355029426176","trial_id":39,"step":40,"intermediate_value":0.06777964811772108}
{"op_code":7,"worker_id":"d3ce1ed0-bbed-4449-9704-585f4f6efff2-132355029426176","trial_id":39,"step":41,"intermediate_value":0.07302899193018675}
{"op_code":7,"worker_id":"d3ce1ed0-bbed-4449-9704-585f4f6efff2-132355029426176","trial_id":39,"step":42,"intermediate_value":0.07756251376122236}
{"op_code":7,"worker_id":"d3ce1ed0-bbed-4449-9704-585f4f6efff2-132355029426176","trial_id":39,"step":43,"intermediate_value":0.07887485157698393}
{"op_code":7,"worker_id":"d3ce1ed0-bbed-4449-9704-585f4f6efff2-132355029426176","trial_id":39,"step":44,"intermediate_value":0.08591374289244413}
{"op_code":7,"worker_id":"d3ce1ed0-bbed-4449-9704-585f4f6efff2-132355029426176","trial_id":39,"step":45,"intermediate_value":0.0841241953894496}
{"op_code":7,"worker_id":"d3ce1ed0-bbed-4449-9704-585f4f6efff2-132355029426176","trial_id":39,"step":46,"intermediate_value":0.10034944396466017}
{"op_code":7,"worker_id":"9184e410-55a7-4905-8b0f-4fa9837f9ff2-123263605886976","trial_id":38,"step":13,"intermediate_value":0.0216062068939209}
{"op_code":7,"worker_id":"d3ce1ed0-bbed-4449-9704-585f4f6efff2-132355029426176","trial_id":39,"step":47,"intermediate_value":0.09701202623546124}
{"op_code":7,"worker_id":"d3ce1ed0-bbed-4449-9704-585f4f6efff2-132355029426176","trial_id":39,"step":48,"intermediate_value":0.10297719202935696}
{"op_code":7,"worker_id":"9184e410-55a7-4905-8b0f-4fa9837f9ff2-123263605886976","trial_id":38,"step":14,"intermediate_value":0.02459186688065529}
{"op_code":7,"worker_id":"d3ce1ed0-bbed-4449-9704-585f4f6efff2-132355029426176","trial_id":39,"step":49,"intermediate_value":0.11347587965428829}
{"op_code":7,"worker_id":"9184e410-55a7-4905-8b0f-4fa9837f9ff2-123263605886976","trial_id":38,"step":15,"intermediate_value":0.02996667195111513}
{"op_code":7,"worker_id":"d3ce1ed0-bbed-4449-9704-585f4f6efff2-132355029426176","trial_id":39,"step":50,"intermediate_value":0.127669888548553}
{"op_code":7,"worker_id":"9184e410-55a7-4905-8b0f-4fa9837f9ff2-123263605886976","trial_id":38,"step":16,"intermediate_value":0.032594422809779644}
{"op_code":7,"worker_id":"d3ce1ed0-bbed-4449-9704-585f4f6efff2-132355029426176","trial_id":39,"step":51,"intermediate_value":0.1292239110916853}
{"op_code":7,"worker_id":"9184e410-55a7-4905-8b0f-4fa9837f9ff2-123263605886976","trial_id":38,"step":17,"intermediate_value":0.032594422809779644}
{"op_code":7,"worker_id":"d3ce1ed0-bbed-4449-9704-585f4f6efff2-132355029426176","trial_id":39,"step":52,"intermediate_value":0.13005595188587904}
{"op_code":7,"worker_id":"d3ce1ed0-bbed-4449-9704-585f4f6efff2-132355029426176","trial_id":39,"step":53,"intermediate_value":0.14330478012561798}
{"op_code":7,"worker_id":"d3ce1ed0-bbed-4449-9704-585f4f6efff2-132355029426176","trial_id":39,"step":54,"intermediate_value":0.1541552199050784}
{"op_code":5,"worker_id":"e5ff521d-19b6-491d-864a-d6ee7b31d281-124620413124608","trial_id":40,"param_name":"beta1","param_value_internal":0.9015105025094446,"distribution":"{\"name\": \"FloatDistribution\", \"attributes\": {\"step\": null, \"low\": 0.85, \"high\": 0.95, \"log\": false}}"}
{"op_code":5,"worker_id":"e5ff521d-19b6-491d-864a-d6ee7b31d281-124620413124608","trial_id":40,"param_name":"beta2","param_value_internal":0.9928456149413171,"distribution":"{\"name\": \"FloatDistribution\", \"attributes\": {\"step\": null, \"low\": 0.95, \"high\": 0.9995, \"log\": false}}"}
{"op_code":7,"worker_id":"d3ce1ed0-bbed-4449-9704-585f4f6efff2-132355029426176","trial_id":39,"step":55,"intermediate_value":0.16131340991705656}
{"op_code":5,"worker_id":"e5ff521d-19b6-491d-864a-d6ee7b31d281-124620413124608","trial_id":40,"param_name":"weight_decay","param_value_internal":2.304910768587797,"distribution":"{\"name\": \"FloatDistribution\", \"attributes\": {\"step\": null, \"low\": 0.2, \"high\": 4.0, \"log\": true}}"}
{"op_code":7,"worker_id":"d3ce1ed0-bbed-4449-9704-585f4f6efff2-132355029426176","trial_id":39,"step":56,"intermediate_value":0.15427759103477}
{"op_code":7,"worker_id":"d3ce1ed0-bbed-4449-9704-585f4f6efff2-132355029426176","trial_id":39,"step":57,"intermediate_value":0.16203230433166027}
{"op_code":7,"worker_id":"d3ce1ed0-bbed-4449-9704-585f4f6efff2-132355029426176","trial_id":39,"step":58,"intermediate_value":0.1843420248478651}
{"op_code":7,"worker_id":"d3ce1ed0-bbed-4449-9704-585f4f6efff2-132355029426176","trial_id":39,"step":59,"intermediate_value":0.18720529787242413}
{"op_code":7,"worker_id":"d3ce1ed0-bbed-4449-9704-585f4f6efff2-132355029426176","trial_id":39,"step":60,"intermediate_value":0.1968657774850726}
{"op_code":7,"worker_id":"d3ce1ed0-bbed-4449-9704-585f4f6efff2-132355029426176","trial_id":39,"step":61,"intermediate_value":0.21297172736376524}
{"op_code":7,"worker_id":"d3ce1ed0-bbed-4449-9704-585f4f6efff2-132355029426176","trial_id":39,"step":62,"intermediate_value":0.21548017673194408}
{"op_code":7,"worker_id":"7acb5e9a-c456-4111-a7a5-c039c925dfb9-128494254489600","trial_id":37,"step":16,"intermediate_value":0.028293347917497158}
{"op_code":7,"worker_id":"d3ce1ed0-bbed-4449-9704-585f4f6efff2-132355029426176","trial_id":39,"step":63,"intermediate_value":0.21237520407885313}
{"op_code":7,"worker_id":"7acb5e9a-c456-4111-a7a5-c039c925dfb9-128494254489600","trial_id":37,"step":17,"intermediate_value":0.026620022021234035}
{"op_code":7,"worker_id":"d3ce1ed0-bbed-4449-9704-585f4f6efff2-132355029426176","trial_id":39,"step":64,"intermediate_value":0.2225190680474043}
{"op_code":7,"worker_id":"d3ce1ed0-bbed-4449-9704-585f4f6efff2-132355029426176","trial_id":39,"step":65,"intermediate_value":0.2535348339006305}
{"op_code":7,"worker_id":"d3ce1ed0-bbed-4449-9704-585f4f6efff2-132355029426176","trial_id":39,"step":66,"intermediate_value":0.25234180223196745}
{"op_code":7,"worker_id":"d3ce1ed0-bbed-4449-9704-585f4f6efff2-132355029426176","trial_id":39,"step":67,"intermediate_value":0.2844374608248472}
{"op_code":7,"worker_id":"d3ce1ed0-bbed-4449-9704-585f4f6efff2-132355029426176","trial_id":39,"step":68,"intermediate_value":0.28765864484012127}
{"op_code":7,"worker_id":"d3ce1ed0-bbed-4449-9704-585f4f6efff2-132355029426176","trial_id":39,"step":69,"intermediate_value":0.31402467004954815}
{"op_code":7,"worker_id":"7acb5e9a-c456-4111-a7a5-c039c925dfb9-128494254489600","trial_id":37,"step":18,"intermediate_value":0.027097235433757305}
{"op_code":7,"worker_id":"d3ce1ed0-bbed-4449-9704-585f4f6efff2-132355029426176","trial_id":39,"step":70,"intermediate_value":0.3205863367766142}
{"op_code":7,"worker_id":"7acb5e9a-c456-4111-a7a5-c039c925dfb9-128494254489600","trial_id":37,"step":19,"intermediate_value":0.0287674805149436}
{"op_code":7,"worker_id":"9184e410-55a7-4905-8b0f-4fa9837f9ff2-123263605886976","trial_id":38,"step":18,"intermediate_value":0.03319093957543373}
{"op_code":7,"worker_id":"7acb5e9a-c456-4111-a7a5-c039c925dfb9-128494254489600","trial_id":37,"step":20,"intermediate_value":0.028648178093135357}
{"op_code":7,"worker_id":"9184e410-55a7-4905-8b0f-4fa9837f9ff2-123263605886976","trial_id":38,"step":19,"intermediate_value":0.03127900883555412}
{"op_code":7,"worker_id":"7acb5e9a-c456-4111-a7a5-c039c925dfb9-128494254489600","trial_id":37,"step":21,"intermediate_value":0.02888678479939699}
{"op_code":7,"worker_id":"7acb5e9a-c456-4111-a7a5-c039c925dfb9-128494254489600","trial_id":37,"step":22,"intermediate_value":0.03211105242371559}
{"op_code":7,"worker_id":"e5ff521d-19b6-491d-864a-d6ee7b31d281-124620413124608","trial_id":40,"step":1,"intermediate_value":0.017078840639442205}
{"op_code":7,"worker_id":"7acb5e9a-c456-4111-a7a5-c039c925dfb9-128494254489600","trial_id":37,"step":23,"intermediate_value":0.030914940871298313}
{"op_code":7,"worker_id":"e5ff521d-19b6-491d-864a-d6ee7b31d281-124620413124608","trial_id":40,"step":2,"intermediate_value":0.016121335327625275}
{"op_code":7,"worker_id":"7acb5e9a-c456-4111-a7a5-c039c925dfb9-128494254489600","trial_id":37,"step":24,"intermediate_value":0.03175006341189146}
{"op_code":7,"worker_id":"e5ff521d-19b6-491d-864a-d6ee7b31d281-124620413124608","trial_id":40,"step":3,"intermediate_value":0.018749086651951075}
{"op_code":7,"worker_id":"7acb5e9a-c456-4111-a7a5-c039c925dfb9-128494254489600","trial_id":37,"step":25,"intermediate_value":0.03163075912743807}
{"op_code":7,"worker_id":"e5ff521d-19b6-491d-864a-d6ee7b31d281-124620413124608","trial_id":40,"step":4,"intermediate_value":0.017195064574480057}
{"op_code":7,"worker_id":"9184e410-55a7-4905-8b0f-4fa9837f9ff2-123263605886976","trial_id":38,"step":20,"intermediate_value":0.030801795423030853}
{"op_code":7,"worker_id":"e5ff521d-19b6-491d-864a-d6ee7b31d281-124620413124608","trial_id":40,"step":5,"intermediate_value":0.010385541711002588}
{"op_code":7,"worker_id":"e5ff521d-19b6-491d-864a-d6ee7b31d281-124620413124608","trial_id":40,"step":6,"intermediate_value":0.007996397791430354}
{"op_code":7,"worker_id":"e5ff521d-19b6-491d-864a-d6ee7b31d281-124620413124608","trial_id":40,"step":7,"intermediate_value":0.008712217444553971}
{"op_code":7,"worker_id":"e5ff521d-19b6-491d-864a-d6ee7b31d281-124620413124608","trial_id":40,"step":8,"intermediate_value":0.018388097174465656}
{"op_code":7,"worker_id":"e5ff521d-19b6-491d-864a-d6ee7b31d281-124620413124608","trial_id":40,"step":9,"intermediate_value":0.016118256375193596}
{"op_code":7,"worker_id":"e5ff521d-19b6-491d-864a-d6ee7b31d281-124620413124608","trial_id":40,"step":10,"intermediate_value":0.022211960051208735}
{"op_code":7,"worker_id":"e5ff521d-19b6-491d-864a-d6ee7b31d281-124620413124608","trial_id":40,"step":11,"intermediate_value":0.022211960051208735}
{"op_code":7,"worker_id":"e5ff521d-19b6-491d-864a-d6ee7b31d281-124620413124608","trial_id":40,"step":12,"intermediate_value":0.02030002884566784}
{"op_code":7,"worker_id":"e5ff521d-19b6-491d-864a-d6ee7b31d281-124620413124608","trial_id":40,"step":13,"intermediate_value":0.0237629022449255}
{"op_code":7,"worker_id":"e5ff521d-19b6-491d-864a-d6ee7b31d281-124620413124608","trial_id":40,"step":14,"intermediate_value":0.024717328138649464}
{"op_code":7,"worker_id":"e5ff521d-19b6-491d-864a-d6ee7b31d281-124620413124608","trial_id":40,"step":15,"intermediate_value":0.026626180857419968}
{"op_code":7,"worker_id":"e5ff521d-19b6-491d-864a-d6ee7b31d281-124620413124608","trial_id":40,"step":16,"intermediate_value":0.026745484210550785}
{"op_code":7,"worker_id":"d3ce1ed0-bbed-4449-9704-585f4f6efff2-132355029426176","trial_id":39,"step":71,"intermediate_value":0.32977269403636456}
{"op_code":7,"worker_id":"9184e410-55a7-4905-8b0f-4fa9837f9ff2-123263605886976","trial_id":38,"step":21,"intermediate_value":0.03259134478867054}
{"op_code":7,"worker_id":"9184e410-55a7-4905-8b0f-4fa9837f9ff2-123263605886976","trial_id":38,"step":22,"intermediate_value":0.03103732317686081}
{"op_code":7,"worker_id":"e5ff521d-19b6-491d-864a-d6ee7b31d281-124620413124608","trial_id":40,"step":17,"intermediate_value":0.02543006930500269}
{"op_code":7,"worker_id":"9184e410-55a7-4905-8b0f-4fa9837f9ff2-123263605886976","trial_id":38,"step":23,"intermediate_value":0.031275929883122444}
{"op_code":7,"worker_id":"9184e410-55a7-4905-8b0f-4fa9837f9ff2-123263605886976","trial_id":38,"step":24,"intermediate_value":0.03211105242371559}
{"op_code":7,"worker_id":"9184e410-55a7-4905-8b0f-4fa9837f9ff2-123263605886976","trial_id":38,"step":25,"intermediate_value":0.03163383901119232}
{"op_code":7,"worker_id":"9184e410-55a7-4905-8b0f-4fa9837f9ff2-123263605886976","trial_id":38,"step":26,"intermediate_value":0.029125391505658627}
{"op_code":7,"worker_id":"e5ff521d-19b6-491d-864a-d6ee7b31d281-124620413124608","trial_id":40,"step":18,"intermediate_value":0.028535032644867897}
{"op_code":7,"worker_id":"9184e410-55a7-4905-8b0f-4fa9837f9ff2-123263605886976","trial_id":38,"step":27,"intermediate_value":0.031392152421176434}
{"op_code":7,"worker_id":"9184e410-55a7-4905-8b0f-4fa9837f9ff2-123263605886976","trial_id":38,"step":28,"intermediate_value":0.03258518595248461}
{"op_code":7,"worker_id":"9184e410-55a7-4905-8b0f-4fa9837f9ff2-123263605886976","trial_id":38,"step":29,"intermediate_value":0.03282379265874624}
{"op_code":7,"worker_id":"9184e410-55a7-4905-8b0f-4fa9837f9ff2-123263605886976","trial_id":38,"step":30,"intermediate_value":0.034851948730647564}
{"op_code":7,"worker_id":"9184e410-55a7-4905-8b0f-4fa9837f9ff2-123263605886976","trial_id":38,"step":31,"intermediate_value":0.035448464564979076}
{"op_code":7,"worker_id":"9184e410-55a7-4905-8b0f-4fa9837f9ff2-123263605886976","trial_id":38,"step":32,"intermediate_value":0.03795383218675852}
{"op_code":7,"worker_id":"9184e410-55a7-4905-8b0f-4fa9837f9ff2-123263605886976","trial_id":38,"step":33,"intermediate_value":0.03866965230554342}
{"op_code":7,"worker_id":"e5ff521d-19b6-491d-864a-d6ee7b31d281-124620413124608","trial_id":40,"step":19,"intermediate_value":0.02769991010427475}
{"op_code":7,"worker_id":"9184e410-55a7-4905-8b0f-4fa9837f9ff2-123263605886976","trial_id":38,"step":34,"intermediate_value":0.040697808377444744}
{"op_code":7,"worker_id":"e5ff521d-19b6-491d-864a-d6ee7b31d281-124620413124608","trial_id":40,"step":20,"intermediate_value":0.028296426869928837}
{"op_code":7,"worker_id":"9184e410-55a7-4905-8b0f-4fa9837f9ff2-123263605886976","trial_id":38,"step":35,"intermediate_value":0.042606658302247524}
{"op_code":7,"worker_id":"e5ff521d-19b6-491d-864a-d6ee7b31d281-124620413124608","trial_id":40,"step":21,"intermediate_value":0.028654335997998714}
{"op_code":7,"worker_id":"9184e410-55a7-4905-8b0f-4fa9837f9ff2-123263605886976","trial_id":38,"step":36,"intermediate_value":0.045112027786672115}
{"op_code":7,"worker_id":"e5ff521d-19b6-491d-864a-d6ee7b31d281-124620413124608","trial_id":40,"step":22,"intermediate_value":0.029012246057391167}
{"op_code":7,"worker_id":"7acb5e9a-c456-4111-a7a5-c039c925dfb9-128494254489600","trial_id":37,"step":26,"intermediate_value":0.03377821762114763}
{"op_code":7,"worker_id":"9184e410-55a7-4905-8b0f-4fa9837f9ff2-123263605886976","trial_id":38,"step":37,"intermediate_value":0.04737879242748022}
{"op_code":7,"worker_id":"7acb5e9a-c456-4111-a7a5-c039c925dfb9-128494254489600","trial_id":37,"step":27,"intermediate_value":0.03377821762114763}
{"op_code":7,"worker_id":"9184e410-55a7-4905-8b0f-4fa9837f9ff2-123263605886976","trial_id":38,"step":38,"intermediate_value":0.0501227667555213}
{"op_code":7,"worker_id":"7acb5e9a-c456-4111-a7a5-c039c925dfb9-128494254489600","trial_id":37,"step":28,"intermediate_value":0.03568707127124071}
{"op_code":7,"worker_id":"9184e410-55a7-4905-8b0f-4fa9837f9ff2-123263605886976","trial_id":38,"step":39,"intermediate_value":0.05215092282742262}
{"op_code":7,"worker_id":"7acb5e9a-c456-4111-a7a5-c039c925dfb9-128494254489600","trial_id":37,"step":29,"intermediate_value":0.03699940722435713}
{"op_code":7,"worker_id":"9184e410-55a7-4905-8b0f-4fa9837f9ff2-123263605886976","trial_id":38,"step":40,"intermediate_value":0.05262813623994589}
{"op_code":7,"worker_id":"7acb5e9a-c456-4111-a7a5-c039c925dfb9-128494254489600","trial_id":37,"step":30,"intermediate_value":0.036880102939903736}
{"op_code":7,"worker_id":"9184e410-55a7-4905-8b0f-4fa9837f9ff2-123263605886976","trial_id":38,"step":41,"intermediate_value":0.05274743866175413}
{"op_code":7,"worker_id":"d3ce1ed0-bbed-4449-9704-585f4f6efff2-132355029426176","trial_id":39,"step":72,"intermediate_value":0.3582861851900816}
{"op_code":7,"worker_id":"7acb5e9a-c456-4111-a7a5-c039c925dfb9-128494254489600","trial_id":37,"step":31,"intermediate_value":0.0374766206368804}
{"op_code":7,"worker_id":"e5ff521d-19b6-491d-864a-d6ee7b31d281-124620413124608","trial_id":40,"step":23,"intermediate_value":0.02710031531751156}
{"op_code":7,"worker_id":"7acb5e9a-c456-4111-a7a5-c039c925dfb9-128494254489600","trial_id":37,"step":32,"intermediate_value":0.0390275614336133}
{"op_code":7,"worker_id":"7acb5e9a-c456-4111-a7a5-c039c925dfb9-128494254489600","trial_id":37,"step":33,"intermediate_value":0.03914686571806669}
{"op_code":7,"worker_id":"7acb5e9a-c456-4111-a7a5-c039c925dfb9-128494254489600","trial_id":37,"step":34,"intermediate_value":0.040697808377444744}
{"op_code":7,"worker_id":"7acb5e9a-c456-4111-a7a5-c039c925dfb9-128494254489600","trial_id":37,"step":35,"intermediate_value":0.04344178270548582}
{"op_code":7,"worker_id":"7acb5e9a-c456-4111-a7a5-c039c925dfb9-128494254489600","trial_id":37,"step":36,"intermediate_value":0.04582784976810217}
{"op_code":7,"worker_id":"7acb5e9a-c456-4111-a7a5-c039c925dfb9-128494254489600","trial_id":37,"step":37,"intermediate_value":0.047020881436765194}
{"op_code":7,"worker_id":"7acb5e9a-c456-4111-a7a5-c039c925dfb9-128494254489600","trial_id":37,"step":38,"intermediate_value":0.04725948628038168}
{"op_code":7,"worker_id":"7acb5e9a-c456-4111-a7a5-c039c925dfb9-128494254489600","trial_id":37,"step":39,"intermediate_value":0.05036137159913778}
{"op_code":7,"worker_id":"7acb5e9a-c456-4111-a7a5-c039c925dfb9-128494254489600","trial_id":37,"step":40,"intermediate_value":0.05119649600237608}
{"op_code":7,"worker_id":"7acb5e9a-c456-4111-a7a5-c039c925dfb9-128494254489600","trial_id":37,"step":41,"intermediate_value":0.052866741083562374}
{"op_code":7,"worker_id":"7acb5e9a-c456-4111-a7a5-c039c925dfb9-128494254489600","trial_id":37,"step":42,"intermediate_value":0.05501419957727194}
{"op_code":7,"worker_id":"7acb5e9a-c456-4111-a7a5-c039c925dfb9-128494254489600","trial_id":37,"step":43,"intermediate_value":0.05656514223664999}
{"op_code":7,"worker_id":"7acb5e9a-c456-4111-a7a5-c039c925dfb9-128494254489600","trial_id":37,"step":44,"intermediate_value":0.05740026663988829}
{"op_code":7,"worker_id":"7acb5e9a-c456-4111-a7a5-c039c925dfb9-128494254489600","trial_id":37,"step":45,"intermediate_value":0.06205309089273214}
{"op_code":7,"worker_id":"7acb5e9a-c456-4111-a7a5-c039c925dfb9-128494254489600","trial_id":37,"step":46,"intermediate_value":0.06050214823335409}
{"op_code":7,"worker_id":"d3ce1ed0-bbed-4449-9704-585f4f6efff2-132355029426176","trial_id":39,"step":73,"intermediate_value":0.367353243753314}
{"op_code":7,"worker_id":"7acb5e9a-c456-4111-a7a5-c039c925dfb9-128494254489600","trial_id":37,"step":47,"intermediate_value":0.06539358478039503}
{"op_code":7,"worker_id":"d3ce1ed0-bbed-4449-9704-585f4f6efff2-132355029426176","trial_id":39,"step":74,"intermediate_value":0.3822630448266864}
{"op_code":7,"worker_id":"7acb5e9a-c456-4111-a7a5-c039c925dfb9-128494254489600","trial_id":37,"step":48,"intermediate_value":0.06873407494276762}
{"op_code":7,"worker_id":"d3ce1ed0-bbed-4449-9704-585f4f6efff2-132355029426176","trial_id":39,"step":75,"intermediate_value":0.398491395637393}
{"op_code":7,"worker_id":"7acb5e9a-c456-4111-a7a5-c039c925dfb9-128494254489600","trial_id":37,"step":49,"intermediate_value":0.06825686153024435}
{"op_code":7,"worker_id":"d3ce1ed0-bbed-4449-9704-585f4f6efff2-132355029426176","trial_id":39,"step":76,"intermediate_value":0.4148359429091215}
{"op_code":7,"worker_id":"7acb5e9a-c456-4111-a7a5-c039c925dfb9-128494254489600","trial_id":37,"step":50,"intermediate_value":0.07183596026152372}
{"op_code":7,"worker_id":"d3ce1ed0-bbed-4449-9704-585f4f6efff2-132355029426176","trial_id":39,"step":77,"intermediate_value":0.42282925359904766}
{"op_code":7,"worker_id":"7acb5e9a-c456-4111-a7a5-c039c925dfb9-128494254489600","trial_id":37,"step":51,"intermediate_value":0.07255177851766348}
{"op_code":7,"worker_id":"d3ce1ed0-bbed-4449-9704-585f4f6efff2-132355029426176","trial_id":39,"step":78,"intermediate_value":0.4262890350073576}
{"op_code":7,"worker_id":"7acb5e9a-c456-4111-a7a5-c039c925dfb9-128494254489600","trial_id":37,"step":52,"intermediate_value":0.07422202359884977}
{"op_code":7,"worker_id":"d3ce1ed0-bbed-4449-9704-585f4f6efff2-132355029426176","trial_id":39,"step":79,"intermediate_value":0.43046466819942}
{"op_code":7,"worker_id":"7acb5e9a-c456-4111-a7a5-c039c925dfb9-128494254489600","trial_id":37,"step":53,"intermediate_value":0.07720461022108793}
{"op_code":7,"worker_id":"d3ce1ed0-bbed-4449-9704-585f4f6efff2-132355029426176","trial_id":39,"step":80,"intermediate_value":0.43798075430095196}
{"op_code":7,"worker_id":"7acb5e9a-c456-4111-a7a5-c039c925dfb9-128494254489600","trial_id":37,"step":54,"intermediate_value":0.08340837340801954}
{"op_code":7,"worker_id":"d3ce1ed0-bbed-4449-9704-585f4f6efff2-132355029426176","trial_id":39,"step":81,"intermediate_value":0.43988962285220623}
{"op_code":7,"worker_id":"7acb5e9a-c456-4111-a7a5-c039c925dfb9-128494254489600","trial_id":37,"step":55,"intermediate_value":0.07744321506470442}
{"op_code":7,"worker_id":"d3ce1ed0-bbed-4449-9704-585f4f6efff2-132355029426176","trial_id":39,"step":82,"intermediate_value":0.4389352034777403}
{"op_code":7,"worker_id":"d3ce1ed0-bbed-4449-9704-585f4f6efff2-132355029426176","trial_id":39,"step":83,"intermediate_value":0.4565920662134886}
{"op_code":7,"worker_id":"d3ce1ed0-bbed-4449-9704-585f4f6efff2-132355029426176","trial_id":39,"step":84,"intermediate_value":0.4567113649100065}
{"op_code":7,"worker_id":"9184e410-55a7-4905-8b0f-4fa9837f9ff2-123263605886976","trial_id":38,"step":42,"intermediate_value":0.05644583981484175}
{"op_code":7,"worker_id":"d3ce1ed0-bbed-4449-9704-585f4f6efff2-132355029426176","trial_id":39,"step":85,"intermediate_value":0.4748423798009753}
{"op_code":7,"worker_id":"9184e410-55a7-4905-8b0f-4fa9837f9ff2-123263605886976","trial_id":38,"step":43,"intermediate_value":0.05847399588674307}
{"op_code":7,"worker_id":"d3ce1ed0-bbed-4449-9704-585f4f6efff2-132355029426176","trial_id":39,"step":86,"intermediate_value":0.47794736735522747}
{"op_code":7,"worker_id":"d3ce1ed0-bbed-4449-9704-585f4f6efff2-132355029426176","trial_id":39,"step":87,"intermediate_value":0.4938146900385618}
{"op_code":7,"worker_id":"d3ce1ed0-bbed-4449-9704-585f4f6efff2-132355029426176","trial_id":39,"step":88,"intermediate_value":0.49118692707270384}
{"op_code":7,"worker_id":"d3ce1ed0-bbed-4449-9704-585f4f6efff2-132355029426176","trial_id":39,"step":89,"intermediate_value":0.5001346869394183}
{"op_code":7,"worker_id":"d3ce1ed0-bbed-4449-9704-585f4f6efff2-132355029426176","trial_id":39,"step":90,"intermediate_value":0.5009698076173663}
{"op_code":7,"worker_id":"d3ce1ed0-bbed-4449-9704-585f4f6efff2-132355029426176","trial_id":39,"step":91,"intermediate_value":0.5057419342920184}
{"op_code":7,"worker_id":"d3ce1ed0-bbed-4449-9704-585f4f6efff2-132355029426176","trial_id":39,"step":92,"intermediate_value":0.5099237114191055}
{"op_code":7,"worker_id":"d3ce1ed0-bbed-4449-9704-585f4f6efff2-132355029426176","trial_id":39,"step":93,"intermediate_value":0.5086082946509123}
{"op_code":7,"worker_id":"d3ce1ed0-bbed-4449-9704-585f4f6efff2-132355029426176","trial_id":39,"step":94,"intermediate_value":0.5103978347033262}
{"op_code":7,"worker_id":"d3ce1ed0-bbed-4449-9704-585f4f6efff2-132355029426176","trial_id":39,"step":95,"intermediate_value":0.5102785360068083}
{"op_code":7,"worker_id":"d3ce1ed0-bbed-4449-9704-585f4f6efff2-132355029426176","trial_id":39,"step":96,"intermediate_value":0.5103978347033262}
{"op_code":7,"worker_id":"d3ce1ed0-bbed-4449-9704-585f4f6efff2-132355029426176","trial_id":39,"step":97,"intermediate_value":0.5115908812731504}
{"op_code":7,"worker_id":"e5ff521d-19b6-491d-864a-d6ee7b31d281-124620413124608","trial_id":40,"step":24,"intermediate_value":0.025426989421248436}
{"op_code":7,"worker_id":"d3ce1ed0-bbed-4449-9704-585f4f6efff2-132355029426176","trial_id":39,"step":98,"intermediate_value":0.5114715825766325}
{"op_code":7,"worker_id":"d3ce1ed0-bbed-4449-9704-585f4f6efff2-132355029426176","trial_id":39,"step":99,"intermediate_value":0.5119487773627043}
{"op_code":7,"worker_id":"d3ce1ed0-bbed-4449-9704-585f4f6efff2-132355029426176","trial_id":39,"step":100,"intermediate_value":0.5124260019510984}
{"op_code":7,"worker_id":"d3ce1ed0-bbed-4449-9704-585f4f6efff2-132355029426176","trial_id":39,"step":101,"intermediate_value":0.5123067032545805}
{"op_code":7,"worker_id":"d3ce1ed0-bbed-4449-9704-585f4f6efff2-132355029426176","trial_id":39,"step":102,"intermediate_value":0.5125453006476164}
{"op_code":7,"worker_id":"d3ce1ed0-bbed-4449-9704-585f4f6efff2-132355029426176","trial_id":39,"step":103,"intermediate_value":0.5124260019510984}
{"op_code":7,"worker_id":"d3ce1ed0-bbed-4449-9704-585f4f6efff2-132355029426176","trial_id":39,"step":104,"intermediate_value":0.5125453006476164}
{"op_code":7,"worker_id":"d3ce1ed0-bbed-4449-9704-585f4f6efff2-132355029426176","trial_id":39,"step":105,"intermediate_value":0.5126645993441343}
{"op_code":7,"worker_id":"d3ce1ed0-bbed-4449-9704-585f4f6efff2-132355029426176","trial_id":39,"step":106,"intermediate_value":0.5125453006476164}
{"op_code":7,"worker_id":"d3ce1ed0-bbed-4449-9704-585f4f6efff2-132355029426176","trial_id":39,"step":107,"intermediate_value":0.5126645993441343}
{"op_code":7,"worker_id":"d3ce1ed0-bbed-4449-9704-585f4f6efff2-132355029426176","trial_id":39,"step":108,"intermediate_value":0.5126645993441343}
{"op_code":7,"worker_id":"d3ce1ed0-bbed-4449-9704-585f4f6efff2-132355029426176","trial_id":39,"step":109,"intermediate_value":0.5127838980406523}
{"op_code":7,"worker_id":"d3ce1ed0-bbed-4449-9704-585f4f6efff2-132355029426176","trial_id":39,"step":110,"intermediate_value":0.5149344354867935}
{"op_code":7,"worker_id":"d3ce1ed0-bbed-4449-9704-585f4f6efff2-132355029426176","trial_id":39,"step":111,"intermediate_value":0.5127838980406523}
{"op_code":7,"worker_id":"d3ce1ed0-bbed-4449-9704-585f4f6efff2-132355029426176","trial_id":39,"step":112,"intermediate_value":0.5127838980406523}
{"op_code":7,"worker_id":"d3ce1ed0-bbed-4449-9704-585f4f6efff2-132355029426176","trial_id":39,"step":113,"intermediate_value":0.5126645993441343}
{"op_code":7,"worker_id":"d3ce1ed0-bbed-4449-9704-585f4f6efff2-132355029426176","trial_id":39,"step":114,"intermediate_value":0.5126645993441343}
{"op_code":7,"worker_id":"d3ce1ed0-bbed-4449-9704-585f4f6efff2-132355029426176","trial_id":39,"step":115,"intermediate_value":0.5127838980406523}
{"op_code":7,"worker_id":"d3ce1ed0-bbed-4449-9704-585f4f6efff2-132355029426176","trial_id":39,"step":116,"intermediate_value":0.5127838980406523}
{"op_code":7,"worker_id":"d3ce1ed0-bbed-4449-9704-585f4f6efff2-132355029426176","trial_id":39,"step":117,"intermediate_value":0.5127838980406523}
{"op_code":7,"worker_id":"d3ce1ed0-bbed-4449-9704-585f4f6efff2-132355029426176","trial_id":39,"step":118,"intermediate_value":0.5127838980406523}
{"op_code":7,"worker_id":"d3ce1ed0-bbed-4449-9704-585f4f6efff2-132355029426176","trial_id":39,"step":119,"intermediate_value":0.5129032265394926}
{"op_code":7,"worker_id":"d3ce1ed0-bbed-4449-9704-585f4f6efff2-132355029426176","trial_id":39,"step":120,"intermediate_value":0.5129032265394926}
{"op_code":7,"worker_id":"d3ce1ed0-bbed-4449-9704-585f4f6efff2-132355029426176","trial_id":39,"step":121,"intermediate_value":0.5129032265394926}
{"op_code":7,"worker_id":"d3ce1ed0-bbed-4449-9704-585f4f6efff2-132355029426176","trial_id":39,"step":122,"intermediate_value":0.5129032265394926}
{"op_code":7,"worker_id":"e5ff521d-19b6-491d-864a-d6ee7b31d281-124620413124608","trial_id":40,"step":25,"intermediate_value":0.025307686999440193}
{"op_code":7,"worker_id":"d3ce1ed0-bbed-4449-9704-585f4f6efff2-132355029426176","trial_id":39,"step":123,"intermediate_value":0.5129032265394926}
{"op_code":7,"worker_id":"e5ff521d-19b6-491d-864a-d6ee7b31d281-124620413124608","trial_id":40,"step":26,"intermediate_value":0.025904202833771706}
{"op_code":7,"worker_id":"9184e410-55a7-4905-8b0f-4fa9837f9ff2-123263605886976","trial_id":38,"step":44,"intermediate_value":0.05930911656469107}
{"op_code":7,"worker_id":"d3ce1ed0-bbed-4449-9704-585f4f6efff2-132355029426176","trial_id":39,"step":124,"intermediate_value":0.5129032265394926}
{"op_code":7,"worker_id":"e5ff521d-19b6-491d-864a-d6ee7b31d281-124620413124608","trial_id":40,"step":27,"intermediate_value":0.02614280954003334}
{"op_code":7,"worker_id":"d3ce1ed0-bbed-4449-9704-585f4f6efff2-132355029426176","trial_id":39,"step":125,"intermediate_value":0.5129032265394926}
{"op_code":7,"worker_id":"9184e410-55a7-4905-8b0f-4fa9837f9ff2-123263605886976","trial_id":38,"step":45,"intermediate_value":0.06300751771777868}
{"op_code":7,"worker_id":"d3ce1ed0-bbed-4449-9704-585f4f6efff2-132355029426176","trial_id":39,"step":126,"intermediate_value":0.5129032265394926}
{"op_code":7,"worker_id":"9184e410-55a7-4905-8b0f-4fa9837f9ff2-123263605886976","trial_id":38,"step":46,"intermediate_value":0.064200553111732}
{"op_code":7,"worker_id":"d3ce1ed0-bbed-4449-9704-585f4f6efff2-132355029426176","trial_id":39,"step":127,"intermediate_value":0.5129032265394926}
{"op_code":7,"worker_id":"9184e410-55a7-4905-8b0f-4fa9837f9ff2-123263605886976","trial_id":38,"step":47,"intermediate_value":0.06694452743977308}
{"op_code":7,"worker_id":"d3ce1ed0-bbed-4449-9704-585f4f6efff2-132355029426176","trial_id":39,"step":128,"intermediate_value":0.5129032265394926}
{"op_code":7,"worker_id":"9184e410-55a7-4905-8b0f-4fa9837f9ff2-123263605886976","trial_id":38,"step":48,"intermediate_value":0.07183596026152372}
{"op_code":7,"worker_id":"d3ce1ed0-bbed-4449-9704-585f4f6efff2-132355029426176","trial_id":39,"step":129,"intermediate_value":0.5129032265394926}
{"op_code":7,"worker_id":"9184e410-55a7-4905-8b0f-4fa9837f9ff2-123263605886976","trial_id":38,"step":49,"intermediate_value":0.0754150552675128}
{"op_code":7,"worker_id":"9184e410-55a7-4905-8b0f-4fa9837f9ff2-123263605886976","trial_id":38,"step":50,"intermediate_value":0.07780112605541945}
{"op_code":7,"worker_id":"9184e410-55a7-4905-8b0f-4fa9837f9ff2-123263605886976","trial_id":38,"step":51,"intermediate_value":0.08209912292659283}
{"op_code":7,"worker_id":"9184e410-55a7-4905-8b0f-4fa9837f9ff2-123263605886976","trial_id":38,"step":52,"intermediate_value":0.08663264475762844}
{"op_code":7,"worker_id":"9184e410-55a7-4905-8b0f-4fa9837f9ff2-123263605886976","trial_id":38,"step":53,"intermediate_value":0.08829981368035078}
{"op_code":7,"worker_id":"9184e410-55a7-4905-8b0f-4fa9837f9ff2-123263605886976","trial_id":38,"step":54,"intermediate_value":0.09295572154223919}
{"op_code":7,"worker_id":"9184e410-55a7-4905-8b0f-4fa9837f9ff2-123263605886976","trial_id":38,"step":55,"intermediate_value":0.0966541226953268}
{"op_code":7,"worker_id":"7acb5e9a-c456-4111-a7a5-c039c925dfb9-128494254489600","trial_id":37,"step":56,"intermediate_value":0.0762501833960414}
{"op_code":7,"worker_id":"9184e410-55a7-4905-8b0f-4fa9837f9ff2-123263605886976","trial_id":38,"step":56,"intermediate_value":0.10357370786368847}
{"op_code":7,"worker_id":"7acb5e9a-c456-4111-a7a5-c039c925dfb9-128494254489600","trial_id":37,"step":57,"intermediate_value":0.08388559054583311}
{"op_code":7,"worker_id":"7acb5e9a-c456-4111-a7a5-c039c925dfb9-128494254489600","trial_id":37,"step":58,"intermediate_value":0.08507862221449614}
{"op_code":7,"worker_id":"7acb5e9a-c456-4111-a7a5-c039c925dfb9-128494254489600","trial_id":37,"step":59,"intermediate_value":0.08746468555182219}
{"op_code":7,"worker_id":"7acb5e9a-c456-4111-a7a5-c039c925dfb9-128494254489600","trial_id":37,"step":60,"intermediate_value":0.09187890868633986}
{"op_code":7,"worker_id":"7acb5e9a-c456-4111-a7a5-c039c925dfb9-128494254489600","trial_id":37,"step":61,"intermediate_value":0.09259473066776991}
{"op_code":7,"worker_id":"7acb5e9a-c456-4111-a7a5-c039c925dfb9-128494254489600","trial_id":37,"step":62,"intermediate_value":0.09999153297394514}
{"op_code":7,"worker_id":"7acb5e9a-c456-4111-a7a5-c039c925dfb9-128494254489600","trial_id":37,"step":63,"intermediate_value":0.09796337317675352}
{"op_code":7,"worker_id":"7acb5e9a-c456-4111-a7a5-c039c925dfb9-128494254489600","trial_id":37,"step":64,"intermediate_value":0.10440574865788221}
{"op_code":7,"worker_id":"7acb5e9a-c456-4111-a7a5-c039c925dfb9-128494254489600","trial_id":37,"step":65,"intermediate_value":0.1046443609520793}
{"op_code":7,"worker_id":"7acb5e9a-c456-4111-a7a5-c039c925dfb9-128494254489600","trial_id":37,"step":66,"intermediate_value":0.10917788278311491}
{"op_code":7,"worker_id":"7acb5e9a-c456-4111-a7a5-c039c925dfb9-128494254489600","trial_id":37,"step":67,"intermediate_value":0.10989370476454496}
{"op_code":7,"worker_id":"7acb5e9a-c456-4111-a7a5-c039c925dfb9-128494254489600","trial_id":37,"step":68,"intermediate_value":0.11299559008330107}
{"op_code":7,"worker_id":"7acb5e9a-c456-4111-a7a5-c039c925dfb9-128494254489600","trial_id":37,"step":69,"intermediate_value":0.10870067309588194}
{"op_code":7,"worker_id":"7acb5e9a-c456-4111-a7a5-c039c925dfb9-128494254489600","trial_id":37,"step":70,"intermediate_value":0.1133534936234355}
{"op_code":7,"worker_id":"7acb5e9a-c456-4111-a7a5-c039c925dfb9-128494254489600","trial_id":37,"step":71,"intermediate_value":0.12528382521122694}
{"op_code":7,"worker_id":"7acb5e9a-c456-4111-a7a5-c039c925dfb9-128494254489600","trial_id":37,"step":72,"intermediate_value":0.12170472275465727}
{"op_code":7,"worker_id":"7acb5e9a-c456-4111-a7a5-c039c925dfb9-128494254489600","trial_id":37,"step":73,"intermediate_value":0.12719267886132002}
{"op_code":7,"worker_id":"7acb5e9a-c456-4111-a7a5-c039c925dfb9-128494254489600","trial_id":37,"step":74,"intermediate_value":0.12755058240145445}
{"op_code":7,"worker_id":"e5ff521d-19b6-491d-864a-d6ee7b31d281-124620413124608","trial_id":40,"step":28,"intermediate_value":0.026739326305687428}
{"op_code":7,"worker_id":"7acb5e9a-c456-4111-a7a5-c039c925dfb9-128494254489600","trial_id":37,"step":75,"intermediate_value":0.13029456418007612}
{"op_code":7,"worker_id":"e5ff521d-19b6-491d-864a-d6ee7b31d281-124620413124608","trial_id":40,"step":29,"intermediate_value":0.026620022021234035}
{"op_code":7,"worker_id":"9184e410-55a7-4905-8b0f-4fa9837f9ff2-123263605886976","trial_id":38,"step":57,"intermediate_value":0.1061983834952116}
{"op_code":7,"worker_id":"e5ff521d-19b6-491d-864a-d6ee7b31d281-124620413124608","trial_id":40,"step":30,"intermediate_value":0.02781305555254221}
{"op_code":7,"worker_id":"9184e410-55a7-4905-8b0f-4fa9837f9ff2-123263605886976","trial_id":38,"step":58,"intermediate_value":0.10953887365758419}
{"op_code":7,"worker_id":"e5ff521d-19b6-491d-864a-d6ee7b31d281-124620413124608","trial_id":40,"step":31,"intermediate_value":0.030798716470599174}
{"op_code":7,"worker_id":"9184e410-55a7-4905-8b0f-4fa9837f9ff2-123263605886976","trial_id":38,"step":59,"intermediate_value":0.11789010278880596}
{"op_code":7,"worker_id":"7acb5e9a-c456-4111-a7a5-c039c925dfb9-128494254489600","trial_id":37,"step":76,"intermediate_value":0.13423157017678022}
{"op_code":7,"worker_id":"7acb5e9a-c456-4111-a7a5-c039c925dfb9-128494254489600","trial_id":37,"step":77,"intermediate_value":0.13912300299853086}
{"op_code":7,"worker_id":"9184e410-55a7-4905-8b0f-4fa9837f9ff2-123263605886976","trial_id":38,"step":60,"intermediate_value":0.11717428080737591}
{"op_code":7,"worker_id":"7acb5e9a-c456-4111-a7a5-c039c925dfb9-128494254489600","trial_id":37,"step":78,"intermediate_value":0.13256440125405788}
{"op_code":7,"worker_id":"9184e410-55a7-4905-8b0f-4fa9837f9ff2-123263605886976","trial_id":38,"step":61,"intermediate_value":0.12313944660127163}
{"op_code":7,"worker_id":"9184e410-55a7-4905-8b0f-4fa9837f9ff2-123263605886976","trial_id":38,"step":62,"intermediate_value":0.12779227457940578}
{"op_code":7,"worker_id":"9184e410-55a7-4905-8b0f-4fa9837f9ff2-123263605886976","trial_id":38,"step":63,"intermediate_value":0.13220649026334286}
{"op_code":7,"worker_id":"9184e410-55a7-4905-8b0f-4fa9837f9ff2-123263605886976","trial_id":38,"step":64,"intermediate_value":0.1407963316887617}
{"op_code":7,"worker_id":"9184e410-55a7-4905-8b0f-4fa9837f9ff2-123263605886976","trial_id":38,"step":65,"intermediate_value":0.14306309632956982}
{"op_code":7,"worker_id":"9184e410-55a7-4905-8b0f-4fa9837f9ff2-123263605886976","trial_id":38,"step":66,"intermediate_value":0.149744076654315}
{"op_code":7,"worker_id":"9184e410-55a7-4905-8b0f-4fa9837f9ff2-123263605886976","trial_id":38,"step":67,"intermediate_value":0.15165293030440807}
{"op_code":7,"worker_id":"9184e410-55a7-4905-8b0f-4fa9837f9ff2-123263605886976","trial_id":38,"step":68,"intermediate_value":0.15630575828254223}
{"op_code":7,"worker_id":"9184e410-55a7-4905-8b0f-4fa9837f9ff2-123263605886976","trial_id":38,"step":69,"intermediate_value":0.1638218592852354}
{"op_code":7,"worker_id":"9184e410-55a7-4905-8b0f-4fa9837f9ff2-123263605886976","trial_id":38,"step":70,"intermediate_value":0.16513418965041637}
{"op_code":7,"worker_id":"9184e410-55a7-4905-8b0f-4fa9837f9ff2-123263605886976","trial_id":38,"step":71,"intermediate_value":0.17300821654498577}
{"op_code":7,"worker_id":"9184e410-55a7-4905-8b0f-4fa9837f9ff2-123263605886976","trial_id":38,"step":72,"intermediate_value":0.17634869925677776}
{"op_code":7,"worker_id":"9184e410-55a7-4905-8b0f-4fa9837f9ff2-123263605886976","trial_id":38,"step":73,"intermediate_value":0.18302967958152294}
{"op_code":7,"worker_id":"9184e410-55a7-4905-8b0f-4fa9837f9ff2-123263605886976","trial_id":38,"step":74,"intermediate_value":0.19126160256564617}
{"op_code":7,"worker_id":"9184e410-55a7-4905-8b0f-4fa9837f9ff2-123263605886976","trial_id":38,"step":75,"intermediate_value":0.19699124991893768}
{"op_code":7,"worker_id":"d3ce1ed0-bbed-4449-9704-585f4f6efff2-132355029426176","trial_id":39,"step":130,"intermediate_value":0.5129032265394926}
{"op_code":7,"worker_id":"9184e410-55a7-4905-8b0f-4fa9837f9ff2-123263605886976","trial_id":38,"step":76,"intermediate_value":0.2000900488346815}
{"op_code":7,"worker_id":"9184e410-55a7-4905-8b0f-4fa9837f9ff2-123263605886976","trial_id":38,"step":77,"intermediate_value":0.207967147231102}
{"op_code":7,"worker_id":"9184e410-55a7-4905-8b0f-4fa9837f9ff2-123263605886976","trial_id":38,"step":78,"intermediate_value":0.21989747881889343}
{"op_code":7,"worker_id":"9184e410-55a7-4905-8b0f-4fa9837f9ff2-123263605886976","trial_id":38,"step":79,"intermediate_value":0.22526611387729645}
{"op_code":7,"worker_id":"9184e410-55a7-4905-8b0f-4fa9837f9ff2-123263605886976","trial_id":38,"step":80,"intermediate_value":0.23003825545310974}
{"op_code":7,"worker_id":"9184e410-55a7-4905-8b0f-4fa9837f9ff2-123263605886976","trial_id":38,"step":81,"intermediate_value":0.23755435645580292}
{"op_code":7,"worker_id":"9184e410-55a7-4905-8b0f-4fa9837f9ff2-123263605886976","trial_id":38,"step":82,"intermediate_value":0.24530906975269318}
{"op_code":7,"worker_id":"7acb5e9a-c456-4111-a7a5-c039c925dfb9-128494254489600","trial_id":37,"step":79,"intermediate_value":0.13602111767977476}
{"op_code":7,"worker_id":"9184e410-55a7-4905-8b0f-4fa9837f9ff2-123263605886976","trial_id":38,"step":83,"intermediate_value":0.24805304408073425}
{"op_code":7,"worker_id":"9184e410-55a7-4905-8b0f-4fa9837f9ff2-123263605886976","trial_id":38,"step":84,"intermediate_value":0.2496039867401123}
{"op_code":7,"worker_id":"d3ce1ed0-bbed-4449-9704-585f4f6efff2-132355029426176","trial_id":39,"step":131,"intermediate_value":0.5129032265394926}
{"op_code":7,"worker_id":"9184e410-55a7-4905-8b0f-4fa9837f9ff2-123263605886976","trial_id":38,"step":85,"intermediate_value":0.2597447633743286}
{"op_code":7,"worker_id":"d3ce1ed0-bbed-4449-9704-585f4f6efff2-132355029426176","trial_id":39,"step":132,"intermediate_value":0.5129032265394926}
{"op_code":7,"worker_id":"9184e410-55a7-4905-8b0f-4fa9837f9ff2-123263605886976","trial_id":38,"step":86,"intermediate_value":0.26988552510738373}
{"op_code":7,"worker_id":"d3ce1ed0-bbed-4449-9704-585f4f6efff2-132355029426176","trial_id":39,"step":133,"intermediate_value":0.5129032265394926}
{"op_code":7,"worker_id":"9184e410-55a7-4905-8b0f-4fa9837f9ff2-123263605886976","trial_id":38,"step":87,"intermediate_value":0.2720329910516739}
{"op_code":7,"worker_id":"d3ce1ed0-bbed-4449-9704-585f4f6efff2-132355029426176","trial_id":39,"step":134,"intermediate_value":0.5129032265394926}
{"op_code":7,"worker_id":"d3ce1ed0-bbed-4449-9704-585f4f6efff2-132355029426176","trial_id":39,"step":135,"intermediate_value":0.5129032265394926}
{"op_code":7,"worker_id":"9184e410-55a7-4905-8b0f-4fa9837f9ff2-123263605886976","trial_id":38,"step":88,"intermediate_value":0.2838440090417862}
{"op_code":7,"worker_id":"9184e410-55a7-4905-8b0f-4fa9837f9ff2-123263605886976","trial_id":38,"step":89,"intermediate_value":0.2931496649980545}
{"op_code":7,"worker_id":"9184e410-55a7-4905-8b0f-4fa9837f9ff2-123263605886976","trial_id":38,"step":90,"intermediate_value":0.29780249297618866}
{"op_code":7,"worker_id":"9184e410-55a7-4905-8b0f-4fa9837f9ff2-123263605886976","trial_id":38,"step":91,"intermediate_value":0.3091363161802292}
{"op_code":7,"worker_id":"9184e410-55a7-4905-8b0f-4fa9837f9ff2-123263605886976","trial_id":38,"step":92,"intermediate_value":0.31712962687015533}
{"op_code":7,"worker_id":"9184e410-55a7-4905-8b0f-4fa9837f9ff2-123263605886976","trial_id":38,"step":93,"intermediate_value":0.32142455875873566}
{"op_code":7,"worker_id":"9184e410-55a7-4905-8b0f-4fa9837f9ff2-123263605886976","trial_id":38,"step":94,"intermediate_value":0.331446036696434}
{"op_code":7,"worker_id":"e5ff521d-19b6-491d-864a-d6ee7b31d281-124620413124608","trial_id":40,"step":32,"intermediate_value":0.031275929883122444}
{"op_code":7,"worker_id":"9184e410-55a7-4905-8b0f-4fa9837f9ff2-123263605886976","trial_id":38,"step":95,"intermediate_value":0.3451658934354782}
{"op_code":7,"worker_id":"e5ff521d-19b6-491d-864a-d6ee7b31d281-124620413124608","trial_id":40,"step":33,"intermediate_value":0.03163383901119232}
{"op_code":7,"worker_id":"9184e410-55a7-4905-8b0f-4fa9837f9ff2-123263605886976","trial_id":38,"step":96,"intermediate_value":0.3456400465220213}
{"op_code":7,"worker_id":"9184e410-55a7-4905-8b0f-4fa9837f9ff2-123263605886976","trial_id":38,"step":97,"intermediate_value":0.3549487739801407}
{"op_code":7,"worker_id":"9184e410-55a7-4905-8b0f-4fa9837f9ff2-123263605886976","trial_id":38,"step":98,"intermediate_value":0.3642513584345579}
{"op_code":7,"worker_id":"e5ff521d-19b6-491d-864a-d6ee7b31d281-124620413124608","trial_id":40,"step":34,"intermediate_value":0.02936399821192026}
{"op_code":7,"worker_id":"9184e410-55a7-4905-8b0f-4fa9837f9ff2-123263605886976","trial_id":38,"step":99,"intermediate_value":0.3737956117838621}
{"op_code":7,"worker_id":"e5ff521d-19b6-491d-864a-d6ee7b31d281-124620413124608","trial_id":40,"step":35,"intermediate_value":0.029483300633728504}
{"op_code":7,"worker_id":"9184e410-55a7-4905-8b0f-4fa9837f9ff2-123263605886976","trial_id":38,"step":100,"intermediate_value":0.3804765772074461}
{"op_code":7,"worker_id":"e5ff521d-19b6-491d-864a-d6ee7b31d281-124620413124608","trial_id":40,"step":36,"intermediate_value":0.029960514046251774}
{"op_code":7,"worker_id":"9184e410-55a7-4905-8b0f-4fa9837f9ff2-123263605886976","trial_id":38,"step":101,"intermediate_value":0.38846991769969463}
{"op_code":7,"worker_id":"d3ce1ed0-bbed-4449-9704-585f4f6efff2-132355029426176","trial_id":39,"step":136,"intermediate_value":0.5150537639856339}
{"op_code":7,"worker_id":"e5ff521d-19b6-491d-864a-d6ee7b31d281-124620413124608","trial_id":40,"step":37,"intermediate_value":0.031034243293106556}
{"op_code":7,"worker_id":"9184e410-55a7-4905-8b0f-4fa9837f9ff2-123263605886976","trial_id":38,"step":102,"intermediate_value":0.39753694646060467}
{"op_code":7,"worker_id":"e5ff521d-19b6-491d-864a-d6ee7b31d281-124620413124608","trial_id":40,"step":38,"intermediate_value":0.03127284999936819}
{"op_code":7,"worker_id":"9184e410-55a7-4905-8b0f-4fa9837f9ff2-123263605886976","trial_id":38,"step":103,"intermediate_value":0.40362141840159893}
{"op_code":7,"worker_id":"e5ff521d-19b6-491d-864a-d6ee7b31d281-124620413124608","trial_id":40,"step":39,"intermediate_value":0.031511456705629826}
{"op_code":7,"worker_id":"9184e410-55a7-4905-8b0f-4fa9837f9ff2-123263605886976","trial_id":38,"step":104,"intermediate_value":0.40708122961223125}
{"op_code":7,"worker_id":"e5ff521d-19b6-491d-864a-d6ee7b31d281-124620413124608","trial_id":40,"step":40,"intermediate_value":0.03222727682441473}
{"op_code":7,"worker_id":"9184e410-55a7-4905-8b0f-4fa9837f9ff2-123263605886976","trial_id":38,"step":105,"intermediate_value":0.4165092557668686}
{"op_code":7,"worker_id":"e5ff521d-19b6-491d-864a-d6ee7b31d281-124620413124608","trial_id":40,"step":41,"intermediate_value":0.032943095080554485}
{"op_code":7,"worker_id":"9184e410-55a7-4905-8b0f-4fa9837f9ff2-123263605886976","trial_id":38,"step":106,"intermediate_value":0.42080108635127544}
{"op_code":7,"worker_id":"e5ff521d-19b6-491d-864a-d6ee7b31d281-124620413124608","trial_id":40,"step":42,"intermediate_value":0.033897521905601025}
{"op_code":7,"worker_id":"d3ce1ed0-bbed-4449-9704-585f4f6efff2-132355029426176","trial_id":39,"step":137,"intermediate_value":0.5150537639856339}
{"op_code":7,"worker_id":"e5ff521d-19b6-491d-864a-d6ee7b31d281-124620413124608","trial_id":40,"step":43,"intermediate_value":0.03509055357426405}
{"op_code":7,"worker_id":"9184e410-55a7-4905-8b0f-4fa9837f9ff2-123263605886976","trial_id":38,"step":107,"intermediate_value":0.43046466819942}
{"op_code":7,"worker_id":"e5ff521d-19b6-491d-864a-d6ee7b31d281-124620413124608","trial_id":40,"step":44,"intermediate_value":0.036283587105572224}
{"op_code":7,"worker_id":"9184e410-55a7-4905-8b0f-4fa9837f9ff2-123263605886976","trial_id":38,"step":108,"intermediate_value":0.4360719155520201}
{"op_code":7,"worker_id":"e5ff521d-19b6-491d-864a-d6ee7b31d281-124620413124608","trial_id":40,"step":45,"intermediate_value":0.037357316352427006}
{"op_code":7,"worker_id":"e5ff521d-19b6-491d-864a-d6ee7b31d281-124620413124608","trial_id":40,"step":46,"intermediate_value":0.03866965230554342}
{"op_code":7,"worker_id":"e5ff521d-19b6-491d-864a-d6ee7b31d281-124620413124608","trial_id":40,"step":47,"intermediate_value":0.0390275614336133}
{"op_code":7,"worker_id":"e5ff521d-19b6-491d-864a-d6ee7b31d281-124620413124608","trial_id":40,"step":48,"intermediate_value":0.04081711079925299}
{"op_code":7,"worker_id":"e5ff521d-19b6-491d-864a-d6ee7b31d281-124620413124608","trial_id":40,"step":49,"intermediate_value":0.042725964449346066}
{"op_code":7,"worker_id":"e5ff521d-19b6-491d-864a-d6ee7b31d281-124620413124608","trial_id":40,"step":50,"intermediate_value":0.04344178270548582}
{"op_code":7,"worker_id":"e5ff521d-19b6-491d-864a-d6ee7b31d281-124620413124608","trial_id":40,"step":51,"intermediate_value":0.04475412052124739}
{"op_code":7,"worker_id":"e5ff521d-19b6-491d-864a-d6ee7b31d281-124620413124608","trial_id":40,"step":52,"intermediate_value":0.04714018385857344}
{"op_code":7,"worker_id":"e5ff521d-19b6-491d-864a-d6ee7b31d281-124620413124608","trial_id":40,"step":53,"intermediate_value":0.04869112651795149}
{"op_code":7,"worker_id":"e5ff521d-19b6-491d-864a-d6ee7b31d281-124620413124608","trial_id":40,"step":54,"intermediate_value":0.04964555334299803}
{"op_code":7,"worker_id":"e5ff521d-19b6-491d-864a-d6ee7b31d281-124620413124608","trial_id":40,"step":55,"intermediate_value":0.051435100845992565}
{"op_code":7,"worker_id":"e5ff521d-19b6-491d-864a-d6ee7b31d281-124620413124608","trial_id":40,"step":56,"intermediate_value":0.05346325691789389}
{"op_code":7,"worker_id":"e5ff521d-19b6-491d-864a-d6ee7b31d281-124620413124608","trial_id":40,"step":57,"intermediate_value":0.05596862640231848}
{"op_code":7,"worker_id":"e5ff521d-19b6-491d-864a-d6ee7b31d281-124620413124608","trial_id":40,"step":58,"intermediate_value":0.05787747632712126}
{"op_code":7,"worker_id":"e5ff521d-19b6-491d-864a-d6ee7b31d281-124620413124608","trial_id":40,"step":59,"intermediate_value":0.05930911656469107}
{"op_code":7,"worker_id":"e5ff521d-19b6-491d-864a-d6ee7b31d281-124620413124608","trial_id":40,"step":60,"intermediate_value":0.06038284581154585}
{"op_code":7,"worker_id":"e5ff521d-19b6-491d-864a-d6ee7b31d281-124620413124608","trial_id":40,"step":61,"intermediate_value":0.06241100188344717}
{"op_code":7,"worker_id":"e5ff521d-19b6-491d-864a-d6ee7b31d281-124620413124608","trial_id":40,"step":62,"intermediate_value":0.06491637136787176}
{"op_code":7,"worker_id":"e5ff521d-19b6-491d-864a-d6ee7b31d281-124620413124608","trial_id":40,"step":63,"intermediate_value":0.0675410432741046}
{"op_code":7,"worker_id":"e5ff521d-19b6-491d-864a-d6ee7b31d281-124620413124608","trial_id":40,"step":64,"intermediate_value":0.07016571518033743}
{"op_code":7,"worker_id":"7acb5e9a-c456-4111-a7a5-c039c925dfb9-128494254489600","trial_id":37,"step":80,"intermediate_value":0.15141124557703733}
{"op_code":7,"worker_id":"e5ff521d-19b6-491d-864a-d6ee7b31d281-124620413124608","trial_id":40,"step":65,"intermediate_value":0.07302899193018675}
{"op_code":7,"worker_id":"e5ff521d-19b6-491d-864a-d6ee7b31d281-124620413124608","trial_id":40,"step":66,"intermediate_value":0.07422202359884977}
{"op_code":7,"worker_id":"9184e410-55a7-4905-8b0f-4fa9837f9ff2-123263605886976","trial_id":38,"step":109,"intermediate_value":0.4431108068674803}
{"op_code":7,"worker_id":"7acb5e9a-c456-4111-a7a5-c039c925dfb9-128494254489600","trial_id":37,"step":81,"intermediate_value":0.15093710832297802}
{"op_code":7,"worker_id":"7acb5e9a-c456-4111-a7a5-c039c925dfb9-128494254489600","trial_id":37,"step":82,"intermediate_value":0.14675841759890318}
{"op_code":7,"worker_id":"7acb5e9a-c456-4111-a7a5-c039c925dfb9-128494254489600","trial_id":37,"step":83,"intermediate_value":0.15594475995749235}
{"op_code":7,"worker_id":"7acb5e9a-c456-4111-a7a5-c039c925dfb9-128494254489600","trial_id":37,"step":84,"intermediate_value":0.1529621882364154}
{"op_code":7,"worker_id":"7acb5e9a-c456-4111-a7a5-c039c925dfb9-128494254489600","trial_id":37,"step":85,"intermediate_value":0.1574957026168704}
{"op_code":7,"worker_id":"7acb5e9a-c456-4111-a7a5-c039c925dfb9-128494254489600","trial_id":37,"step":86,"intermediate_value":0.16179061960428953}
{"op_code":7,"worker_id":"7acb5e9a-c456-4111-a7a5-c039c925dfb9-128494254489600","trial_id":37,"step":87,"intermediate_value":0.16120027005672455}
{"op_code":7,"worker_id":"7acb5e9a-c456-4111-a7a5-c039c925dfb9-128494254489600","trial_id":37,"step":88,"intermediate_value":0.15236566495150328}
{"op_code":7,"worker_id":"d3ce1ed0-bbed-4449-9704-585f4f6efff2-132355029426176","trial_id":39,"step":138,"intermediate_value":0.5150537639856339}
{"op_code":7,"worker_id":"7acb5e9a-c456-4111-a7a5-c039c925dfb9-128494254489600","trial_id":37,"step":89,"intermediate_value":0.15654128324240446}
{"op_code":7,"worker_id":"9184e410-55a7-4905-8b0f-4fa9837f9ff2-123263605886976","trial_id":38,"step":110,"intermediate_value":0.4511071890592575}
{"op_code":7,"worker_id":"7acb5e9a-c456-4111-a7a5-c039c925dfb9-128494254489600","trial_id":37,"step":90,"intermediate_value":0.17288890294730663}
{"op_code":7,"worker_id":"7acb5e9a-c456-4111-a7a5-c039c925dfb9-128494254489600","trial_id":37,"step":91,"intermediate_value":0.1668013585731387}
{"op_code":7,"worker_id":"9184e410-55a7-4905-8b0f-4fa9837f9ff2-123263605886976","trial_id":38,"step":111,"intermediate_value":0.4563534688204527}
{"op_code":7,"worker_id":"d3ce1ed0-bbed-4449-9704-585f4f6efff2-132355029426176","trial_id":39,"step":139,"intermediate_value":0.5150537639856339}
{"op_code":7,"worker_id":"9184e410-55a7-4905-8b0f-4fa9837f9ff2-123263605886976","trial_id":38,"step":112,"intermediate_value":0.4613641928881407}
{"op_code":7,"worker_id":"7acb5e9a-c456-4111-a7a5-c039c925dfb9-128494254489600","trial_id":37,"step":92,"intermediate_value":0.17634869925677776}
{"op_code":7,"worker_id":"d3ce1ed0-bbed-4449-9704-585f4f6efff2-132355029426176","trial_id":39,"step":140,"intermediate_value":0.5150537639856339}
{"op_code":7,"worker_id":"9184e410-55a7-4905-8b0f-4fa9837f9ff2-123263605886976","trial_id":38,"step":113,"intermediate_value":0.468164486810565}
{"op_code":7,"worker_id":"7acb5e9a-c456-4111-a7a5-c039c925dfb9-128494254489600","trial_id":37,"step":93,"intermediate_value":0.17873169016093016}
{"op_code":7,"worker_id":"9184e410-55a7-4905-8b0f-4fa9837f9ff2-123263605886976","trial_id":38,"step":114,"intermediate_value":0.47222079150378704}
{"op_code":7,"worker_id":"7acb5e9a-c456-4111-a7a5-c039c925dfb9-128494254489600","trial_id":37,"step":94,"intermediate_value":0.18147566448897123}
{"op_code":7,"worker_id":"7acb5e9a-c456-4111-a7a5-c039c925dfb9-128494254489600","trial_id":37,"step":95,"intermediate_value":0.1874439101666212}
{"op_code":7,"worker_id":"7acb5e9a-c456-4111-a7a5-c039c925dfb9-128494254489600","trial_id":37,"step":96,"intermediate_value":0.18624779116362333}
{"op_code":7,"worker_id":"7acb5e9a-c456-4111-a7a5-c039c925dfb9-128494254489600","trial_id":37,"step":97,"intermediate_value":0.18958828877657652}
{"op_code":7,"worker_id":"d3ce1ed0-bbed-4449-9704-585f4f6efff2-132355029426176","trial_id":39,"step":141,"intermediate_value":0.5129032265394926}
{"op_code":7,"worker_id":"7acb5e9a-c456-4111-a7a5-c039c925dfb9-128494254489600","trial_id":37,"step":98,"intermediate_value":0.1968657774850726}
{"op_code":7,"worker_id":"d3ce1ed0-bbed-4449-9704-585f4f6efff2-132355029426176","trial_id":39,"step":142,"intermediate_value":0.5129032265394926}
{"op_code":7,"worker_id":"7acb5e9a-c456-4111-a7a5-c039c925dfb9-128494254489600","trial_id":37,"step":99,"intermediate_value":0.20068657211959362}
{"op_code":7,"worker_id":"d3ce1ed0-bbed-4449-9704-585f4f6efff2-132355029426176","trial_id":39,"step":143,"intermediate_value":0.5129032265394926}
{"op_code":7,"worker_id":"9184e410-55a7-4905-8b0f-4fa9837f9ff2-123263605886976","trial_id":38,"step":115,"intermediate_value":0.47568060271441936}
{"op_code":7,"worker_id":"9184e410-55a7-4905-8b0f-4fa9837f9ff2-123263605886976","trial_id":38,"step":116,"intermediate_value":0.48188437335193157}
{"op_code":7,"worker_id":"9184e410-55a7-4905-8b0f-4fa9837f9ff2-123263605886976","trial_id":38,"step":117,"intermediate_value":0.4855827521532774}
{"op_code":7,"worker_id":"9184e410-55a7-4905-8b0f-4fa9837f9ff2-123263605886976","trial_id":38,"step":118,"intermediate_value":0.4892811607569456}
{"op_code":7,"worker_id":"9184e410-55a7-4905-8b0f-4fa9837f9ff2-123263605886976","trial_id":38,"step":119,"intermediate_value":0.49226374737918377}
{"op_code":7,"worker_id":"9184e410-55a7-4905-8b0f-4fa9837f9ff2-123263605886976","trial_id":38,"step":120,"intermediate_value":0.49620075337588787}
{"op_code":7,"worker_id":"9184e410-55a7-4905-8b0f-4fa9837f9ff2-123263605886976","trial_id":38,"step":121,"intermediate_value":0.49703587405383587}
{"op_code":7,"worker_id":"9184e410-55a7-4905-8b0f-4fa9837f9ff2-123263605886976","trial_id":38,"step":122,"intermediate_value":0.5007342826575041}
{"op_code":7,"worker_id":"9184e410-55a7-4905-8b0f-4fa9837f9ff2-123263605886976","trial_id":38,"step":123,"intermediate_value":0.5043133925646544}
{"op_code":7,"worker_id":"9184e410-55a7-4905-8b0f-4fa9837f9ff2-123263605886976","trial_id":38,"step":124,"intermediate_value":0.505029184743762}
{"op_code":7,"worker_id":"9184e410-55a7-4905-8b0f-4fa9837f9ff2-123263605886976","trial_id":38,"step":125,"intermediate_value":0.5066994559019804}
{"op_code":7,"worker_id":"9184e410-55a7-4905-8b0f-4fa9837f9ff2-123263605886976","trial_id":38,"step":126,"intermediate_value":0.5076538752764463}
{"op_code":7,"worker_id":"9184e410-55a7-4905-8b0f-4fa9837f9ff2-123263605886976","trial_id":38,"step":127,"intermediate_value":0.5089662205427885}
{"op_code":7,"worker_id":"d3ce1ed0-bbed-4449-9704-585f4f6efff2-132355029426176","trial_id":39,"step":144,"intermediate_value":0.5150537639856339}
{"op_code":7,"worker_id":"9184e410-55a7-4905-8b0f-4fa9837f9ff2-123263605886976","trial_id":38,"step":128,"intermediate_value":0.5102785360068083}
{"op_code":7,"worker_id":"9184e410-55a7-4905-8b0f-4fa9837f9ff2-123263605886976","trial_id":38,"step":129,"intermediate_value":0.5108750592917204}
{"op_code":7,"worker_id":"9184e410-55a7-4905-8b0f-4fa9837f9ff2-123263605886976","trial_id":38,"step":130,"intermediate_value":0.5111136566847563}
{"op_code":7,"worker_id":"9184e410-55a7-4905-8b0f-4fa9837f9ff2-123263605886976","trial_id":38,"step":131,"intermediate_value":0.5115908812731504}
{"op_code":7,"worker_id":"9184e410-55a7-4905-8b0f-4fa9837f9ff2-123263605886976","trial_id":38,"step":132,"intermediate_value":0.5140993148088455}
{"op_code":7,"worker_id":"9184e410-55a7-4905-8b0f-4fa9837f9ff2-123263605886976","trial_id":38,"step":133,"intermediate_value":0.5144572407007217}
{"op_code":7,"worker_id":"9184e410-55a7-4905-8b0f-4fa9837f9ff2-123263605886976","trial_id":38,"step":134,"intermediate_value":0.5146958380937576}
{"op_code":7,"worker_id":"9184e410-55a7-4905-8b0f-4fa9837f9ff2-123263605886976","trial_id":38,"step":135,"intermediate_value":0.5148151367902756}
{"op_code":7,"worker_id":"e5ff521d-19b6-491d-864a-d6ee7b31d281-124620413124608","trial_id":40,"step":67,"intermediate_value":0.07780112605541945}
{"op_code":7,"worker_id":"9184e410-55a7-4905-8b0f-4fa9837f9ff2-123263605886976","trial_id":38,"step":136,"intermediate_value":0.5150537639856339}
{"op_code":7,"worker_id":"9184e410-55a7-4905-8b0f-4fa9837f9ff2-123263605886976","trial_id":38,"step":137,"intermediate_value":0.5150537639856339}
{"op_code":7,"worker_id":"9184e410-55a7-4905-8b0f-4fa9837f9ff2-123263605886976","trial_id":38,"step":138,"intermediate_value":0.5150537639856339}
{"op_code":7,"worker_id":"9184e410-55a7-4905-8b0f-4fa9837f9ff2-123263605886976","trial_id":38,"step":139,"intermediate_value":0.5150537639856339}
{"op_code":7,"worker_id":"9184e410-55a7-4905-8b0f-4fa9837f9ff2-123263605886976","trial_id":38,"step":140,"intermediate_value":0.5150537639856339}
{"op_code":7,"worker_id":"9184e410-55a7-4905-8b0f-4fa9837f9ff2-123263605886976","trial_id":38,"step":141,"intermediate_value":0.5150537639856339}
{"op_code":7,"worker_id":"9184e410-55a7-4905-8b0f-4fa9837f9ff2-123263605886976","trial_id":38,"step":142,"intermediate_value":0.5150537639856339}
{"op_code":7,"worker_id":"9184e410-55a7-4905-8b0f-4fa9837f9ff2-123263605886976","trial_id":38,"step":143,"intermediate_value":0.5150537639856339}
{"op_code":7,"worker_id":"9184e410-55a7-4905-8b0f-4fa9837f9ff2-123263605886976","trial_id":38,"step":144,"intermediate_value":0.5150537639856339}
{"op_code":7,"worker_id":"9184e410-55a7-4905-8b0f-4fa9837f9ff2-123263605886976","trial_id":38,"step":145,"intermediate_value":0.5150537639856339}
{"op_code":7,"worker_id":"7acb5e9a-c456-4111-a7a5-c039c925dfb9-128494254489600","trial_id":37,"step":100,"intermediate_value":0.20032557379454374}
{"op_code":7,"worker_id":"9184e410-55a7-4905-8b0f-4fa9837f9ff2-123263605886976","trial_id":38,"step":146,"intermediate_value":0.5150537639856339}
{"op_code":7,"worker_id":"7acb5e9a-c456-4111-a7a5-c039c925dfb9-128494254489600","trial_id":37,"step":101,"intermediate_value":0.207245166413486}
{"op_code":7,"worker_id":"9184e410-55a7-4905-8b0f-4fa9837f9ff2-123263605886976","trial_id":38,"step":147,"intermediate_value":0.5150537639856339}
{"op_code":7,"worker_id":"e5ff521d-19b6-491d-864a-d6ee7b31d281-124620413124608","trial_id":40,"step":68,"intermediate_value":0.08042579423636198}
{"op_code":7,"worker_id":"9184e410-55a7-4905-8b0f-4fa9837f9ff2-123263605886976","trial_id":38,"step":148,"intermediate_value":0.5150537639856339}
{"op_code":7,"worker_id":"e5ff521d-19b6-491d-864a-d6ee7b31d281-124620413124608","trial_id":40,"step":69,"intermediate_value":0.08185743819922209}
{"op_code":7,"worker_id":"9184e410-55a7-4905-8b0f-4fa9837f9ff2-123263605886976","trial_id":38,"step":149,"intermediate_value":0.5150537639856339}
{"op_code":7,"worker_id":"9184e410-55a7-4905-8b0f-4fa9837f9ff2-123263605886976","trial_id":38,"step":150,"intermediate_value":0.5150537639856339}
{"op_code":7,"worker_id":"9184e410-55a7-4905-8b0f-4fa9837f9ff2-123263605886976","trial_id":38,"step":151,"intermediate_value":0.5150537639856339}
{"op_code":7,"worker_id":"9184e410-55a7-4905-8b0f-4fa9837f9ff2-123263605886976","trial_id":38,"step":152,"intermediate_value":0.5150537639856339}
{"op_code":7,"worker_id":"9184e410-55a7-4905-8b0f-4fa9837f9ff2-123263605886976","trial_id":38,"step":153,"intermediate_value":0.5150537639856339}
{"op_code":7,"worker_id":"9184e410-55a7-4905-8b0f-4fa9837f9ff2-123263605886976","trial_id":38,"step":154,"intermediate_value":0.5150537639856339}
{"op_code":7,"worker_id":"9184e410-55a7-4905-8b0f-4fa9837f9ff2-123263605886976","trial_id":38,"step":155,"intermediate_value":0.5150537639856339}
{"op_code":7,"worker_id":"9184e410-55a7-4905-8b0f-4fa9837f9ff2-123263605886976","trial_id":38,"step":156,"intermediate_value":0.5150537639856339}
{"op_code":7,"worker_id":"9184e410-55a7-4905-8b0f-4fa9837f9ff2-123263605886976","trial_id":38,"step":157,"intermediate_value":0.5150537639856339}
{"op_code":7,"worker_id":"9184e410-55a7-4905-8b0f-4fa9837f9ff2-123263605886976","trial_id":38,"step":158,"intermediate_value":0.5150537639856339}
{"op_code":7,"worker_id":"9184e410-55a7-4905-8b0f-4fa9837f9ff2-123263605886976","trial_id":38,"step":159,"intermediate_value":0.5150537639856339}
{"op_code":7,"worker_id":"e5ff521d-19b6-491d-864a-d6ee7b31d281-124620413124608","trial_id":40,"step":70,"intermediate_value":0.08472071122378111}
{"op_code":7,"worker_id":"9184e410-55a7-4905-8b0f-4fa9837f9ff2-123263605886976","trial_id":38,"step":160,"intermediate_value":0.5150537639856339}
{"op_code":7,"worker_id":"e5ff521d-19b6-491d-864a-d6ee7b31d281-124620413124608","trial_id":40,"step":71,"intermediate_value":0.08615235518664122}
{"op_code":7,"worker_id":"9184e410-55a7-4905-8b0f-4fa9837f9ff2-123263605886976","trial_id":38,"step":161,"intermediate_value":0.5150537639856339}
{"op_code":7,"worker_id":"e5ff521d-19b6-491d-864a-d6ee7b31d281-124620413124608","trial_id":40,"step":72,"intermediate_value":0.09175960253924131}
{"op_code":7,"worker_id":"7acb5e9a-c456-4111-a7a5-c039c925dfb9-128494254489600","trial_id":37,"step":102,"intermediate_value":0.20844128541648388}
{"op_code":7,"worker_id":"9184e410-55a7-4905-8b0f-4fa9837f9ff2-123263605886976","trial_id":38,"step":162,"intermediate_value":0.5150537639856339}
{"op_code":7,"worker_id":"d3ce1ed0-bbed-4449-9704-585f4f6efff2-132355029426176","trial_id":39,"step":145,"intermediate_value":0.5150537639856339}
{"op_code":7,"worker_id":"9184e410-55a7-4905-8b0f-4fa9837f9ff2-123263605886976","trial_id":38,"step":163,"intermediate_value":0.5150537639856339}
{"op_code":7,"worker_id":"d3ce1ed0-bbed-4449-9704-585f4f6efff2-132355029426176","trial_id":39,"step":146,"intermediate_value":0.5129032265394926}
{"op_code":7,"worker_id":"9184e410-55a7-4905-8b0f-4fa9837f9ff2-123263605886976","trial_id":38,"step":164,"intermediate_value":0.5150537639856339}
{"op_code":7,"worker_id":"d3ce1ed0-bbed-4449-9704-585f4f6efff2-132355029426176","trial_id":39,"step":147,"intermediate_value":0.5150537639856339}
{"op_code":7,"worker_id":"9184e410-55a7-4905-8b0f-4fa9837f9ff2-123263605886976","trial_id":38,"step":165,"intermediate_value":0.5150537639856339}
{"op_code":7,"worker_id":"d3ce1ed0-bbed-4449-9704-585f4f6efff2-132355029426176","trial_id":39,"step":148,"intermediate_value":0.5150537639856339}
{"op_code":7,"worker_id":"7acb5e9a-c456-4111-a7a5-c039c925dfb9-128494254489600","trial_id":37,"step":103,"intermediate_value":0.20760307740420103}
{"op_code":7,"worker_id":"9184e410-55a7-4905-8b0f-4fa9837f9ff2-123263605886976","trial_id":38,"step":166,"intermediate_value":0.5150537639856339}
